﻿<?xml version="1.0" encoding="UTF-8" standalone="no"?>
<process accountid="20063076" allowrepairprocess="0" builtin="0" builtinversion="0" carriesapplicationversion="0" creationdatetime="2022-10-25 17:02:43" deleted="0" eskerapplication="DD" global="0" id="EMN352000SG7" keepcustomization="0" keepfieldsonly="0" keepfieldsproperties="0" keepnewcontroloptions="0" migrationversion="4" name="DD Email Grouping" needvalidation="0" ootofilter="" ootoversion="0" originalProcessID="PHQG86550489" ownerid="cn=admin_p2p@paragon-cc.fr,ou=DEV,ou=TrainingP2P,ou=DEMO_JULIEN,ou=05284299,ou=ESK,s=eoo" ownerpb="OnDemand AddressBook" public="1" pushnotification="0" reuseengine="0" sprintversion="5.261.0" transportname="CustomData" upgradable="1" userid="0" version="1" visibility="1">
  <properties>
    <gdr>
      <FinalizationScriptAllowRetry>true</FinalizationScriptAllowRetry>
      <finalizationscriptIncludedScripts>Lib_V12.0.461.0</finalizationscriptIncludedScripts>
      <finalizationscriptIncludedScripts>Lib_DD_V12.0.461.0</finalizationscriptIncludedScripts>
      <finalizationscriptIncludedScripts>Lib_DD_Customization_Deliveries</finalizationscriptIncludedScripts>
      <finalizationscriptIncludedScripts>Lib_DD_Emails</finalizationscriptIncludedScripts>
      <finalizationscriptIncludedScripts>Lib_DD_Records</finalizationscriptIncludedScripts>
      <finalizationscriptIncludedScripts>Sys/Sys_Helpers</finalizationscriptIncludedScripts>
      <finalizationscriptIncludedScripts>Sys/Sys_Helpers_Attach</finalizationscriptIncludedScripts>
      <finalizationscriptIncludedScripts>Sys/Sys_Helpers_BounceBack</finalizationscriptIncludedScripts>
      <finalizationscriptIncludedScripts>Sys/Sys_Helpers_CSVReader</finalizationscriptIncludedScripts>
      <finalizationscriptIncludedScripts>Sys/Sys_Helpers_Date</finalizationscriptIncludedScripts>
      <finalizationscriptIncludedScripts>Sys/Sys_Helpers_TimeoutHelper</finalizationscriptIncludedScripts>
      <finalizationscriptIncludedScripts>Sys/Sys_DD</finalizationscriptIncludedScripts>
      <FinalizationScript>///#GLOBALS Lib Sys
var DD;
(function (DD) {
    var EmailGrouping;
    (function (EmailGrouping) {
        var Finalization;
        (function (Finalization) {
            // Two cache global variables
            var _doesSMNeedToLoadRecipientLinks = null;
            var _doesPORTALNeedToLoadRecipientLinks = null;
            function Main() {
                var result;
                var allUpdateInSuccess = true;
                var index = 0;
                var emailSentCount = 0;
                var timeoutHelper = new Sys.Helpers.TimeoutHelper(400, 20 /* case RD00005764 was used to compute this value */);
                // To read the input file line by line, we use the CSVReader because it's fully
                // scalable. We consider that it's a single column CSV line without header.
                var csvHelper = Sys.Helpers.CSVReader.CreateInstance(0);
                csvHelper.SplitSeparator = "\x00";
                csvHelper.ReturnSeparator = "\n";
                csvHelper.RemoveDoubleQuotes = false;
                var lineContent = null;
                var documentStack = null;
                do {
                    lineContent = csvHelper.GetNextLine();
                    if (lineContent !== null) {
                        try {
                            documentStack = JSON.parse(lineContent);
                        }
                        catch (e) {
                            documentStack = null;
                        }
                        if (documentStack !== null) {
                            result = SendGroupedEmailAndUpdateDocuments(index, documentStack);
                            allUpdateInSuccess = allUpdateInSuccess &amp;&amp; result;
                            if (allUpdateInSuccess) {
                                emailSentCount++;
                            }
                        }
                    }
                    index++;
                    timeoutHelper.NotifyIteration();
                } while (lineContent !== null &amp;&amp; lineContent !== "" &amp;&amp; documentStack !== null);
                Log.Info(emailSentCount + " email(s) were sent to recipient(s)");
                Data.SetValue("CounterSentEmail__", emailSentCount);
                if (!allUpdateInSuccess) {
                    Log.Error("Some documents couldn't be updated, this process has to be in error");
                    Data.SetValue("State", "200");
                }
            }
            Finalization.Main = Main;
            function SendGroupedEmailAndUpdateDocuments(index, documentStack) {
                var recipientID = documentStack[0].recipientID;
                var transactionKey = "".concat(index, "-").concat(recipientID);
                var transactionValue = Transaction.Read(transactionKey);
                // In case of retry, we need to have the previously sent email's MSNEX so
                // that we can update documents. The emails transports are real childs so we
                // want to enter in the transport.process() again but the transaction is
                // here so that we can remember the correct MSNEX.
                // sentEmailMsnEx is empty when the email has been sent in a previous retry
                var sentEmailMsnEx = "";
                if (transactionValue === "") {
                    sentEmailMsnEx = SendGroupedEmail(documentStack);
                    Transaction.Write(transactionKey, sentEmailMsnEx);
                }
                else {
                    //If the updates has already been done, or that if we already have stored the EmailMsnEx, we create fake emails in order to bypass the first one in case of retry.
                    CreateFakeEmail();
                    if (transactionValue === "UPDATES_DONE") {
                        return true;
                    }
                    sentEmailMsnEx = transactionValue;
                    Log.Warn("A transaction for recipient with key \"".concat(transactionKey, "\" was read with MSNEX=").concat(sentEmailMsnEx, ", we may be currently in a retry"));
                }
                // Should not happen except if redis do not give us back the msnex during a retry
                if (!sentEmailMsnEx) {
                    Log.Warn("We do not have the msnex of the grouped email with transaction key \"".concat(transactionKey, "\""));
                    return false;
                }
                // If the email was sent, we update the documents with the sent email MSNEX and grouping data
                if (UpdateDocuments(sentEmailMsnEx, documentStack)) {
                    Transaction.Write(transactionKey, "UPDATES_DONE");
                    return true;
                }
                return false;
            }
            function AttachDocumentsFilesToTransport(documents, transport) {
                for (var _i = 0, documents_1 = documents; _i &lt; documents_1.length; _i++) {
                    var document = documents_1[_i];
                    for (var f = 0; f &lt; document.files.length; f++) {
                        var file = document.files[f];
                        var outputName = file.outputName;
                        Sys.Helpers.Attach.AttachFileRef(transport, file.fileName, file.outputFormat, outputName);
                    }
                }
            }
            function AddDocumentUpdateNotifs(documents, email) {
                var senderFormRUIDEXList = [];
                for (var _i = 0, documents_2 = documents; _i &lt; documents_2.length; _i++) {
                    var document = documents_2[_i];
                    senderFormRUIDEXList.push(document.senderFormRUIDEX);
                }
                var groupingEmailFailedNotifForCUSI = {
                    transport: email,
                    ruidExToUpdate: senderFormRUIDEXList,
                    notifyFilter: "(state&gt;100)",
                    notifySubject: "Email Grouping notification",
                    notifyEachTime: true,
                    varsToUpdate: {
                        "State": { type: "long", value: 200 },
                        "CompletionDateTime": { type: "string", value: "NOW()" },
                        "RecomputeParentsState": { type: "string", value: "1" }
                    }
                };
                Lib.DD.Records.AddUpdateNotification(groupingEmailFailedNotifForCUSI);
                var groupingEmailSuccessNotifForCUSI = {
                    transport: email,
                    ruidExToUpdate: senderFormRUIDEXList,
                    notifyFilter: "(state=100)",
                    notifySubject: "Email Grouping notification",
                    notifyEachTime: true,
                    varsToUpdate: {
                        "State": { type: "long", value: 100 },
                        "CompletionDateTime": { type: "string", value: "NOW()" },
                        "RecomputeParentsState": { type: "string", value: "1" }
                    }
                };
                Lib.DD.Records.AddUpdateNotification(groupingEmailSuccessNotifForCUSI);
            }
            function CreateFakeEmail() {
                var email = Process.CreateTransport("mail", true);
                email.Process();
            }
            function SendGroupedEmail(documentStack) {
                var senderObj = GetCachedSenderObject();
                var sender = {
                    company: senderObj.GetValue("Company"),
                    logoPath: senderObj.GetLogoPath(),
                    accountID: senderObj.GetValue("AccountID"),
                    ownerID: documentStack[0].senderOwnerID
                };
                var recipientLogin = "".concat(sender.accountID, "$").concat(documentStack[0].recipientID);
                var recipientObj = GetCachedRecipientObject(recipientLogin);
                if (!recipientObj) {
                    // We can enter here if the recipient has been deleted between submission and grouping
                    Log.Error("Unable to find recipient with login \"".concat(recipientLogin, "\""));
                    return null;
                }
                var recipient = {
                    identifier: documentStack[0].recipientID,
                    emailAddress: Sys.DD.ComputeRedirectEmailAddress("Redirect_recipient_notifications", documentStack[0].recipientEmailAddress),
                    culture: recipientObj.GetValue("Culture"),
                    language: recipientObj.GetValue("Language"),
                    portalUrl: recipientObj.GetPortalURL(true),
                    internalUser: recipientObj,
                    company: recipientObj.GetValue("Company")
                };
                var allRecipientsLinks = null;
                if (ShouldLoadEveryDocumentLinks(documentStack[0].recipientDeliveryMethod)) {
                    allRecipientsLinks = LoadEveryDocumentLinks(sender, recipient, documentStack);
                }
                var settings = documentStack[0].settings;
                var subjectKey = "_New document".concat((documentStack.length &gt; 1 ? "s" : ""), " from sender {0}");
                var subjectTranslated = Language.TranslateInto(subjectKey, recipient.language, true, sender.company);
                var senderLogo = "&lt;img src=\"".concat(sender.logoPath, "\" &gt;");
                var documentLinesHTML = GetDocumentLinesHtml(recipient, allRecipientsLinks, documentStack);
                Log.Info("Creating email groupment of ".concat(documentStack.length, " document(s) for recipient ").concat(recipient.identifier, " to address: ").concat(recipient.emailAddress));
                var email = Process.CreateTransport("mail", true);
                var emailVars = email.GetUninheritedVars();
                emailVars.AddValue_String("OwnerID", sender.ownerID, true);
                emailVars.AddValue_String("EmailAddress", recipient.emailAddress, true);
                emailVars.AddValue_String("Subject", subjectTranslated, true);
                emailVars.AddValue_String("ToName", recipient.identifier, true);
                if (settings.forceEmailValidation) {
                    emailVars.AddValue_String("NeedValidation", "1", true);
                }
                var archiveDuration = documentStack[0].senderFormArchiveDuration;
                if (archiveDuration !== "0") {
                    emailVars.AddValue_String("ArchiveDuration", archiveDuration, true);
                    emailVars.AddValue_String("ArchiveBehavior", "0", true); //Do not archive attach for end messages
                    if (settings.archiveCondition) {
                        emailVars.AddValue_String("ArchiveCondition", settings.archiveCondition, true);
                    }
                }
                if (settings.bounceBackEnabled) {
                    Sys.Helpers.BounceBack.SetBounceBack(email, "ALWAYS", true, false);
                }
                var recipientDeliveryMethod = documentStack[0].recipientDeliveryMethod;
                var introSentenceKey = recipientDeliveryMethod === "SM" ? "_Grouped email intro with attach" : "_Grouped email intro portal";
                var introSentence = Language.TranslateInto(introSentenceKey, recipient.language, false);
                var template = recipient.internalUser.GetTemplateContent({
                    templateName: "DD_Grouped_Notification.htm",
                    replaceTags: true,
                    customTags: {
                        logo: senderLogo,
                        portalUrl: recipient.portalUrl,
                        welcomeInformations: ShouldOneDocumentSendWelcomeEMail(documentStack) ? GetWelcomeEmailLoginInfo(recipient) : "",
                        introSentence: introSentence,
                        documentLines: documentLinesHTML,
                        recipientName: recipient.company
                    }
                });
                Sys.Helpers.Attach.AttachHTML(email, "NewDocuments.htm", template.content);
                if (recipientDeliveryMethod === "SM") {
                    AttachDocumentsFilesToTransport(documentStack, email);
                    AddDocumentUpdateNotifs(documentStack, email);
                }
                var emailsProperties = Lib.DD.Emails.GetEmailsProperties("EmailGrouping");
                var toUser1 = {
                    "AR-transportType": "SM-GROUPED",
                    "AR-transportIsOriginal": recipientDeliveryMethod === "SM"
                };
                emailVars.AddValue_String("ToUser1", JSON.stringify(toUser1), true);
                Lib.DD.Emails.SetSender(email, emailsProperties);
                if (recipientDeliveryMethod === "SM") {
                    Sys.Helpers.TryCallFunction("Lib.DD.Customization.Deliveries.FinalizeGroupedEmailsTransport", email, GetUserExitContextParam(recipientObj), documentStack);
                }
                else {
                    Sys.Helpers.TryCallFunction("Lib.DD.Customization.Deliveries.FinalizeGroupedNotificationsTransport", email, GetUserExitContextParam(recipientObj), documentStack);
                }
                email.Process();
                // Let's return the MSNEX of created process so that we can make the checkpoint
                return email.GetUninheritedVars().GetValue_String("MSNEX", 0);
            }
            function ShouldOneDocumentSendWelcomeEMail(documentStack) {
                for (var _i = 0, documentStack_1 = documentStack; _i &lt; documentStack_1.length; _i++) {
                    var document = documentStack_1[_i];
                    if (document.sendWelcomeEMail === "CONCAT" &amp;&amp; document.passwordUrl) {
                        return true;
                    }
                }
                return false;
            }
            function GetDocumentLinesHtml(recipient, allRecipients, documentStack) {
                var res = "";
                var viewLinkStr = Language.TranslateInto("_View", recipient.language);
                for (var i = 0; i &lt; documentStack.length; i++) {
                    var document = documentStack[i];
                    var documentURL = "";
                    if (allRecipients !== null) {
                        // We already loaded every links of the table
                        documentURL = allRecipients[document.senderFormRUIDEX];
                    }
                    if (!allRecipients) {
                        documentURL = recipient.internalUser.GetProcessURL(document.senderFormRUIDEX);
                    }
                    res += "&lt;tr class=\"".concat((i % 2 === 0 ? "odd" : "even"), "\"&gt;\r\n");
                    res += "\t&lt;td&gt;".concat(document.type, "&lt;/td&gt;\r\n");
                    res += "\t&lt;td&gt;".concat(document.number, "&lt;/td&gt;\r\n");
                    res += "\t&lt;td&gt;&lt;a href=\"".concat(documentURL, "\"&gt;").concat(viewLinkStr, "&lt;/a&gt;&lt;/td&gt;\r\n");
                    res += "&lt;/tr&gt;\r\n";
                }
                return res;
            }
            function GetWelcomeEmailLoginInfo(recipient) {
                var parametersObject = {
                    templateName: "DD_Welcome_PasswordUrl.txt",
                    replaceTags: true,
                    customTags: {
                        recipientID: recipient.identifier,
                        passwordUrl: recipient.internalUser.GeneratePasswordURL()
                    }
                };
                return recipient.internalUser.GetTemplateContent(parametersObject).content;
            }
            function UpdateDocuments(emailMsnEx, documentStack) {
                for (var _i = 0, documentStack_2 = documentStack; _i &lt; documentStack_2.length; _i++) {
                    var document = documentStack_2[_i];
                    var updateProcess = Process.GetUpdatableTransport(document.senderFormRUIDEX);
                    var eddRecordVars = updateProcess.GetUninheritedVars();
                    eddRecordVars.AddValue_String("Email_grouping_state__", "GROUPABLE_GROUPED", true);
                    eddRecordVars.AddValue_Date("Email_grouping_datetime__", new Date(), true);
                    eddRecordVars.AddValue_String("Email_groupment_identifier__", emailMsnEx, true);
                    updateProcess.Process();
                }
                return true;
            }
            // Cache to query sender only once
            var _senderObj = null;
            function GetCachedSenderObject() {
                if (!_senderObj) {
                    _senderObj = Users.GetUserAsProcessAdmin(Data.GetValue("OwnerID"));
                }
                return _senderObj;
            }
            // Cache to query recipient only once
            var _recipientHash = {};
            function GetCachedRecipientObject(recipientLogin) {
                if (!(recipientLogin in _recipientHash)) {
                    _recipientHash[recipientLogin] = Users.GetUserAsProcessAdmin(recipientLogin);
                }
                return _recipientHash[recipientLogin];
            }
            // Object made to be given to the user exit to customize generated email
            function GetUserExitContextParam(recipient) {
                return {
                    GetSenderUser: function () {
                        return GetCachedSenderObject();
                    },
                    GetRecipientUser: function () {
                        return recipient;
                    }
                };
            }
            function ShouldLoadEveryDocumentLinks(deliveryMethod) {
                // Read values from cache if already computed
                if (deliveryMethod === "SM" &amp;&amp; _doesSMNeedToLoadRecipientLinks !== null) {
                    return _doesSMNeedToLoadRecipientLinks;
                }
                else if (deliveryMethod === "PORTAL" &amp;&amp; _doesPORTALNeedToLoadRecipientLinks !== null) {
                    return _doesPORTALNeedToLoadRecipientLinks;
                }
                var groupingKey = null;
                var groupingKeyStr = Variable.GetValueAsString("GroupingKey_".concat(deliveryMethod));
                try {
                    groupingKey = JSON.parse(groupingKeyStr);
                }
                catch (e) {
                    Log.Error("Unable to parse grouping key \"".concat(groupingKeyStr, "\", exception was: ").concat(e));
                    return false;
                }
                if (!groupingKey || !Sys.Helpers.IsArray(groupingKey)) {
                    Log.Error("The parsed grouping key \"".concat(groupingKeyStr, "\" isn't a valid array"));
                    return false;
                }
                // We need to load every recipients only if the Recipient_ID__ isn't in the grouping list
                var recipientIDFieldFound = false;
                for (var i = 0; i &lt; groupingKey.length &amp;&amp; !recipientIDFieldFound; i++) {
                    if (groupingKey[i].toLowerCase() === "recipient_id__") {
                        recipientIDFieldFound = true;
                    }
                }
                // Put result in cache
                if (deliveryMethod === "SM") {
                    _doesSMNeedToLoadRecipientLinks = !recipientIDFieldFound;
                }
                else {
                    _doesPORTALNeedToLoadRecipientLinks = !recipientIDFieldFound;
                }
                if (!recipientIDFieldFound) {
                    Log.Info("The grouping key for ".concat(deliveryMethod, " doesn't contain the \"Recipient_ID__\" field, so we need to load every recipients in DB"));
                    Log.Info("As an information, the grouping key is: ".concat(groupingKeyStr));
                }
                return !recipientIDFieldFound;
            }
            function LoadEveryDocumentLinks(sender, recipient, documentStack) {
                var allRecipientObjects = {};
                var allDocumentLinks = {};
                // We passed the first recipient as a parameter because it's already fully loaded
                allRecipientObjects[recipient.identifier] = recipient.internalUser;
                allDocumentLinks[documentStack[0].senderFormRUIDEX] = recipient.internalUser.GetProcessURL(documentStack[0].senderFormRUIDEX);
                for (var i = 1; i &lt; documentStack.length; i++) {
                    var recipientID = documentStack[i].recipientID;
                    var senderFormRUIDEX = documentStack[i].senderFormRUIDEX;
                    var recipientObj = null;
                    if (!allRecipientObjects[recipientID]) {
                        // The user isn't in cache yet: let's query it
                        var recipientLogin = "".concat(sender.accountID, "$").concat(documentStack[i].recipientID);
                        recipientObj = GetCachedRecipientObject(recipientLogin);
                        if (!recipientObj) {
                            // We can enter here if the recipient has been deleted between submission and grouping
                            Log.Error("Unable to find recipient with login \"".concat(recipientLogin, "\""));
                            // We pass the first link as we can't do better, but it shouldn't happen as it's
                            // a limit case because recipient deletion is rare
                            allDocumentLinks[senderFormRUIDEX] = allDocumentLinks[documentStack[0].senderFormRUIDEX];
                            continue;
                        }
                        // Put the queried recipient in cache an continue
                        allRecipientObjects[recipientID] = recipientObj;
                    }
                    else {
                        // Get the recipient from the cache
                        recipientObj = allRecipientObjects[recipientID];
                    }
                    // We have the recipient object, we can finally get the link
                    allDocumentLinks[senderFormRUIDEX] = recipientObj.GetProcessURL(senderFormRUIDEX);
                }
                return allDocumentLinks;
            }
            Main();
        })(Finalization = EmailGrouping.Finalization || (EmailGrouping.Finalization = {}));
    })(EmailGrouping = DD.EmailGrouping || (DD.EmailGrouping = {}));
})(DD || (DD = {}));
</FinalizationScript>
      <ValidationScriptAllowRetry>
      </ValidationScriptAllowRetry>
      <validationscriptIncludedScripts>Sys/Sys_Helpers_CSVReader</validationscriptIncludedScripts>
      <ValidationScript>
      </ValidationScript>
      <AllowTagCoverPages>true</AllowTagCoverPages>
      <AllowTagNewDocuments>true</AllowTagNewDocuments>
      <AllowTagAttachments>true</AllowTagAttachments>
      <ExtractionScriptAllowRetry>true</ExtractionScriptAllowRetry>
      <extractionscriptIncludedScripts>Lib_DD_Customization_Deliveries</extractionscriptIncludedScripts>
      <extractionscriptIncludedScripts>Sys/Sys_Helpers</extractionscriptIncludedScripts>
      <extractionscriptIncludedScripts>Sys/Sys_Helpers_TimeoutHelper</extractionscriptIncludedScripts>
      <extractionscriptIncludedScripts>Sys/Sys_DD</extractionscriptIncludedScripts>
      <ExtractionScript>///#GLOBALS Sys
var DD;
(function (DD) {
    var EmailGrouping;
    (function (EmailGrouping) {
        var Extraction;
        (function (Extraction) {
            function Main() {
                // This file will contain an document stack per line, each stored in a JSON.
                // It will NOT be a big array of JSON.
                var tempFile = TemporaryFile.CreateFile("txt");
                var timeoutHelper = new Sys.Helpers.TimeoutHelper(400, 100);
                AppendRecordsToBeGrouped(tempFile, timeoutHelper, "PORTAL");
                AppendRecordsToBeGrouped(tempFile, timeoutHelper, "SM");
                Attach.AttachTemporaryFile(tempFile, "DocumentStacks");
            }
            Extraction.Main = Main;
            function AppendRecordsToBeGrouped(tempFile, timeoutHelper, deliveryMethod) {
                var groupingKey = GetGroupingKey(deliveryMethod);
                Variable.SetValueAsString("GroupingKey_".concat(deliveryMethod), JSON.stringify(groupingKey));
                var query = GetGroupableRecords(deliveryMethod, groupingKey);
                var documentRecord = null;
                var lastReadDocument = null;
                var documentStack = [];
                var attachSize = 0;
                do {
                    documentRecord = query.MoveNext();
                    if (documentRecord) {
                        var documentVars = documentRecord.GetUninheritedVars();
                        var documentExtVars = documentRecord.GetExternalVars();
                        var files = documentExtVars.GetValue_String("AttachmentFiles__", 0);
                        // The following line load the current CUSI record configuration, it allow
                        // us to use Sys.Outbound.GetParameter properly for this loop
                        Sys.DD.InitConfigurationFromRecordCache(documentRecord, true);
                        var settings = {
                            archiveCondition: Sys.DD.GetParameter("ArchiveCondition__"),
                            forceEmailValidation: Sys.DD.GetParameter("ForceMessageValidation_NOTIF_EMAIL"),
                            bounceBackEnabled: Sys.DD.GetParameter("BounceBacks_Enable")
                        };
                        var groupedFields = [];
                        for (var _i = 0, groupingKey_1 = groupingKey; _i &lt; groupingKey_1.length; _i++) {
                            var groupingField = groupingKey_1[_i];
                            groupedFields.push(documentVars.GetValue_String(groupingField, 0));
                        }
                        var currentDocument = {
                            senderFormRUIDEX: documentVars.GetValue_String("RUIDEx", 0),
                            senderFormArchiveDuration: Sys.DD.ComputeArchiveDuration("", Data.GetValue("Delivery_method__")),
                            recipientID: documentVars.GetValue_String("Recipient_ID__", 0),
                            type: documentVars.GetValue_String("Document_Type__", 0),
                            number: documentVars.GetValue_String("Document_ID__", 0),
                            recipientDeliveryMethod: documentVars.GetValue_String("Delivery_method__", 0),
                            sendWelcomeEMail: documentExtVars.GetValue_String("SendWelcomeEmail__", 0),
                            passwordUrl: documentExtVars.GetValue_String("Password_url__", 0),
                            recipientEmailAddress: documentVars.GetValue_String("Recipient_email__", 0),
                            senderEmailAddress: documentVars.GetValue_String("Sender_email__", 0),
                            senderOwnerID: documentExtVars.GetValue_String("Sender_ownerID__", 0),
                            groupedFields: groupedFields,
                            files: files ? JSON.parse(files) : [],
                            settings: settings
                        };
                        var currentDocumentAttachmentsSize = parseInt(documentExtVars.GetValue_String("AttachmentsSize__", 0), 10);
                        attachSize += isNaN(currentDocumentAttachmentsSize) ? 0 : currentDocumentAttachmentsSize;
                        if (lastReadDocument === null) {
                            lastReadDocument = currentDocument;
                        }
                        else if (ShouldSendNewEmail(currentDocument, lastReadDocument, attachSize, deliveryMethod)) {
                            lastReadDocument = currentDocument;
                            TemporaryFile.Append(tempFile, JSON.stringify(documentStack) + "\n");
                            documentStack = [];
                            attachSize = currentDocumentAttachmentsSize;
                        }
                        documentStack.push(currentDocument);
                    }
                    timeoutHelper.NotifyIteration();
                } while (documentRecord);
                // The last stack has to be sent too
                if (documentStack.length &gt; 0) {
                    TemporaryFile.Append(tempFile, JSON.stringify(documentStack) + "\n");
                }
            }
            function GetGroupingKey(deliveryMethod) {
                var groupKeyFromUserExit = Sys.Helpers.TryCallFunction("Lib.DD.Customization.Deliveries.CustomizeEmailGroupingKey", deliveryMethod);
                if (groupKeyFromUserExit === null) {
                    Log.Info("Using default ".concat(deliveryMethod, " grouping key because the user exit Lib.DD.Customization.Deliveries.CustomizeEmailGroupingKey returned null or isn't defined"));
                }
                if (!Sys.Helpers.IsArray(groupKeyFromUserExit)) {
                    Log.Error("Using default ".concat(deliveryMethod, " grouping key because object returned wasn't an array in Lib.DD.Customization.Deliveries.CustomizeEmailGroupingKey"));
                }
                else if (groupKeyFromUserExit.length === 0) {
                    Log.Error("Using default ".concat(deliveryMethod, " grouping key because was returned an empty array in Lib.DD.Customization.Deliveries.CustomizeEmailGroupingKey"));
                }
                else {
                    Log.Info("Custom ".concat(deliveryMethod, " grouping key: ").concat(JSON.stringify(groupKeyFromUserExit)));
                    return groupKeyFromUserExit;
                }
                return ["Recipient_ID__", "Recipient_email__"];
            }
            function ShouldSendNewEmail(currentDocument, lastReadDocument, attachSize, deliveryMethod) {
                // WARNING: here we're supposing than the query order determinates a correct
                // set of documents with THE SAME configuration. Multi-configurations sending
                // to a same customer IS NOT SUPPORTED.
                var maxAttachSize = parseInt(Sys.DD.GetParameter("GroupEmailMaxAttachSize"), 10); // Max attachment size in a single email
                if (isNaN(maxAttachSize)) {
                    Log.Error("Error: wizard parameter 'GroupEmailMaxAttachSize' is not a number, value is: " + maxAttachSize);
                    Log.Warn("Setting default value to: 6");
                    maxAttachSize = 6;
                }
                var sameGroupingKey = lastReadDocument.groupedFields.every(function (v, i) { return v === currentDocument.groupedFields[i]; });
                if (deliveryMethod === "SM") {
                    var attachMaxSizeReached = (attachSize &gt;= maxAttachSize * 1024 * 1024);
                    return (!sameGroupingKey || attachMaxSizeReached);
                }
                else {
                    return !sameGroupingKey;
                }
            }
            function GetGroupableRecords(deliveryMethod, groupingKey) {
                // It's important not to create "AsProcessAdmin" because subaccounts don't have to group for brothers subaccounts
                var processQuery = Process.CreateQuery();
                var processID = "CD#" + Process.GetProcessID("DD - SenderForm");
                var filterForDMPortal = "(&amp;(Delivery_method__=PORTAL)(State=100))";
                var filterForDMEmail = "(&amp;(Delivery_method__=SM)(State=90))";
                var filterToUse = (deliveryMethod === "SM") ? filterForDMEmail : filterForDMPortal;
                var filter = "(&amp;(Email_grouping_state__=GROUPABLE_WAITING)(Deleted=0)".concat(filterToUse, ")");
                var order = "";
                for (var _i = 0, groupingKey_2 = groupingKey; _i &lt; groupingKey_2.length; _i++) {
                    var groupField = groupingKey_2[_i];
                    order += "".concat(groupField, " ASC, ");
                }
                Log.Info("Query for delivery method ".concat(deliveryMethod, " is:"));
                Log.Info("   &gt; filter: ".concat(filter));
                Log.Info("   &gt; order:  ".concat(order));
                processQuery.SetSpecificTable(processID);
                processQuery.SetFilter(filter);
                processQuery.SetSearchInArchive(false);
                processQuery.SetAttributesList("*");
                processQuery.SetSortOrder(order);
                processQuery.SetOptionEx("Limit=-1");
                processQuery.SetOptionEx("DONOTGETLOCALDBFILES=1");
                var eddRecords = processQuery.MoveFirst();
                if (!eddRecords) {
                    throw new Error("Unable to query groupables records, error: " + processQuery.GetLastErrorMessage());
                }
                return processQuery;
            }
            Main();
        })(Extraction = EmailGrouping.Extraction || (EmailGrouping.Extraction = {}));
    })(EmailGrouping = DD.EmailGrouping || (DD.EmailGrouping = {}));
})(DD || (DD = {}));
</ExtractionScript>
      <AllowRemovePages>true</AllowRemovePages>
      <AllowSwapPages>true</AllowSwapPages>
      <PostProcessingScriptAllowRetry>
      </PostProcessingScriptAllowRetry>
      <PostProcessingScript>
      </PostProcessingScript>
    </gdr>
    <lg>
      <process_de>{
	"_Button pane": "Schaltfläche",
	"_Click here to retrieve your password": "Kennwort abrufen",
	"_Completion date time": "Endzeit",
	"_Counter changed": "Anzahl der Statusaktualisierungen",
	"_Counter error": "Fehleranzahl",
	"_Counter not changed": "Anzahl unveränderter Status",
	"_Document {0}": "Dokument {0}",
	"_Email grouping process": "E-Mail-Gruppierung",
	"_Error log pane": "Fehlerprotokoll",
	"_Error pane": "Fehlermeldung",
	"_error_attachment_is_not_a_csv": "Die Datei muss im CSV-Format vorliegen.",
	"_error_bad_csv_headers": "Die Kopfzeile der CSV-Datei ist ungültig.",
	"_error_no_csv_attached": "Bitte wählen Sie eine CSV-Importdatei aus.",
	"_error_too_many_attachments": "Sie können nur eine CSV-Datei auswählen.",
	"_Filename": "Importdateiname",
	"_Grouped email intro portal": "Ihre Rechnungen sind jetzt verfügbar.",
	"_Grouped email intro with attach": "Ihre Rechnung ist jetzt verfügbar. Um die Rechnung im PDF-Format anzuzeigen, öffnen Sie einfach den Anhang.",
	"_Identifier": "ID:",
	"_Import in progress": "Import wird durchgeführt...",
	"_Import pane": "CSV-Importdatei",
	"_Line count": "Gesamtanzahl der Zeilen",
	"_LoginSentence": "Ihre Anmeldeinformationen lauten wie folgt:",
	"_New document from sender {0}": "{0} - Neues Dokument",
	"_New documents from sender {0}": "{0} - Neue Dokumente",
	"_Password": "Kennwort:",
	"_Perform import": "Importvorgang ausführen",
	"_Process description pane": "Prozessbeschreibung",
	"_Sent email": "Gesendete E-Mails",
	"_Spacer pane": "Abstandshalter",
	"_Submit date time": "Startzeit",
	"_Summary pane": "Zusammenfassung",
	"_This process is usually automatically called from the grouping email scheduled report.": "Dieser Prozess wird üblicherweise automatisch vom geplanten Bericht zur E-Mail-Gruppierung aufgerufen. Hier können Sie die Einreichung manuell testen.",
	"_View": "Anzeigen",
	"DD Email Grouping": "E-Mail-Gruppierung"
}</process_de>
      <process_JA>{
	"_Button pane": "ボタン",
	"_Click here to retrieve your password": "パスワードを回復",
	"_Completion date time": "終了時刻",
	"_Counter changed": "ステータス更新数",
	"_Counter error": "エラー数",
	"_Counter not changed": "変更のないステータス数",
	"_Document {0}": "ドキュメント {0}",
	"_Email grouping process": "Emailのグループ化",
	"_Error log pane": "エラーログ",
	"_Error pane": "エラーメッセージ",
	"_error_attachment_is_not_a_csv": "ファイルは必ずCSV形式にしてください。",
	"_error_bad_csv_headers": "CSVファイルヘッダーが無効です。",
	"_error_no_csv_attached": "CSVインポートファイルを選択してください。",
	"_error_too_many_attachments": "選択できるCSVファイルは1つです。",
	"_Filename": "インポートするファイル名",
	"_Grouped email intro portal": "ドキュメントを利用できます。",
	"_Grouped email intro with attach": "ドキュメントを利用できます。Emailの添付ファイルを開いてドキュメントをPDFでご覧ください。",
	"_Identifier": "ID：",
	"_Import in progress": "インポート中...",
	"_Import pane": "CSVインポートファイル",
	"_Line count": "行の総数",
	"_LoginSentence": "お客様のログイン情報は以下の通りです。",
	"_New document from sender {0}": "{0} - 新しいドキュメント",
	"_New documents from sender {0}": "{0} - 新しいドキュメント",
	"_Password": "パスワード：",
	"_Perform import": "インポートを実行",
	"_Process description pane": "処理説明",
	"_Sent email": "送信済みメール",
	"_Spacer pane": "スペーサー",
	"_Submit date time": "開始時刻",
	"_Summary pane": "概要",
	"_This process is usually automatically called from the grouping email scheduled report.": "この処理は通常は、電子メールのグループ化のスケジュール済みのレポートから自動で呼び出されます。こちらで送信を手動でテストできます。",
	"_View": "表示",
	"DD Email Grouping": "Emailのグループ化"
}</process_JA>
      <process_en>{
	"_Button pane": "Button",
	"_Click here to retrieve your password": "Retrieve your password",
	"_Completion date time": "End time",
	"_Counter changed": "Number of status updates",
	"_Counter error": "Error count",
	"_Counter not changed": "Number of unchanged statuses",
	"_Document {0}": "Document {0}",
	"_Email grouping process": "Email grouping",
	"_Error log pane": "Error Log",
	"_Error pane": "Error Message",
	"_error_attachment_is_not_a_csv": "The file must be in CSV format.",
	"_error_bad_csv_headers": "The CSV file header is not valid.",
	"_error_no_csv_attached": "Please select a CSV import file.",
	"_error_too_many_attachments": "You can only select one CSV file.",
	"_Filename": "Import file name",
	"_Grouped email intro portal": "Your documents are now available.",
	"_Grouped email intro with attach": "Your document is now available. Open the email attachment to view your document in PDF.",
	"_Identifier": "Identifier:",
	"_Import in progress": "Import in progress...",
	"_Import pane": "CSV import file",
	"_Line count": "Total line count",
	"_LoginSentence": "Your login information reads as follows:",
	"_New document from sender {0}": "{0} - New document",
	"_New documents from sender {0}": "{0} - New documents",
	"_Password": "Password:",
	"_Perform import": "Perform import",
	"_Process description pane": "Process description",
	"_Sent email": "Sent Emails",
	"_Spacer pane": "Spacer",
	"_Submit date time": "Start time",
	"_Summary pane": "Summary",
	"_This process is usually automatically called from the grouping email scheduled report.": "This process is usually automatically called from the scheduled report on email grouping. Here, you can test the submission manually.",
	"_View": "View",
	"DD Email Grouping": "Email grouping"
}</process_en>
      <process_es>{
	"_Button pane": "Botón",
	"_Click here to retrieve your password": "Recuperar su contraseña",
	"_Completion date time": "Hora de finalización",
	"_Counter changed": "Número de actualizaciones de estado",
	"_Counter error": "Número de errores",
	"_Counter not changed": "Número de estados sin cambios",
	"_Document {0}": "Documento {0}",
	"_Email grouping process": "Agrupación de e-mails",
	"_Error log pane": "Registro de errores",
	"_Error pane": "Mensaje de error",
	"_error_attachment_is_not_a_csv": "El archivo debe tener el formato CSV.",
	"_error_bad_csv_headers": "El encabezado del archivo CSV no es válido.",
	"_error_no_csv_attached": "Seleccione un archivo de importación CSV.",
	"_error_too_many_attachments": "Solo puede seleccionar un archivo CSV.",
	"_Filename": "Nombre del archivo de importación",
	"_Grouped email intro portal": "Sus documentos ya están disponibles.",
	"_Grouped email intro with attach": "Su documento está disponible. Para ver el documento en formato PDF, solo tiene que abrir el documento adjunto.",
	"_Identifier": "Identificador:",
	"_Import in progress": "Importación en curso...",
	"_Import pane": "Archivo de importación CSV",
	"_Line count": "Número total de líneas",
	"_LoginSentence": "Sus datos de inicio de sesión son los siguientes:",
	"_New document from sender {0}": "{0} - Nuevo documento",
	"_New documents from sender {0}": "{0} - Nuevos documentos",
	"_Password": "Contraseña:",
	"_Perform import": "Realizar la importación",
	"_Process description pane": "Descripción del proceso",
	"_Sent email": "E-mails enviados",
	"_Spacer pane": "Espaciador",
	"_Submit date time": "Hora de inicio",
	"_Summary pane": "Resumen",
	"_This process is usually automatically called from the grouping email scheduled report.": "Normalmente, este proceso se llama automáticamente desde el informe programado sobre la agrupación de e-mails. Aquí puede realizar pruebas manuales de envío.",
	"_View": "Ver",
	"DD Email Grouping": "Agrupación de e-mails"
}</process_es>
      <process_fr>{
	"_Button pane": "Bouton",
	"_Click here to retrieve your password": "Récupérer votre mot de passe",
	"_Completion date time": "Heure de fin",
	"_Counter changed": "Nombre de mises à jour d'état",
	"_Counter error": "Nombre d'erreurs",
	"_Counter not changed": "Nombre d'états inchangés",
	"_Document {0}": "Document {0}",
	"_Email grouping process": "Regroupement d'e-mails",
	"_Error log pane": "Journal des erreurs",
	"_Error pane": "Message d'erreur",
	"_error_attachment_is_not_a_csv": "Le fichier doit être au format CSV.",
	"_error_bad_csv_headers": "L'en-tête du fichier CSV n'est pas valide.",
	"_error_no_csv_attached": "Veuillez sélectionner un fichier d'import CSV.",
	"_error_too_many_attachments": "Vous ne pouvez sélectionner qu'un seul fichier CSV.",
	"_Filename": "Nom du fichier importé",
	"_Grouped email intro portal": "Vos documents sont à présent disponibles.",
	"_Grouped email intro with attach": "Votre document est à présent disponible. Pour le consulter au format PDF, veuillez ouvrir la pièce jointe.",
	"_Identifier": "Identifiant :",
	"_Import in progress": "Import en cours...",
	"_Import pane": "Fichier d'import CSV",
	"_Line count": "Nombre total de lignes",
	"_LoginSentence": "Vos options de connexion sont les suivantes :",
	"_New document from sender {0}": "{0} - Nouveau document",
	"_New documents from sender {0}": "{0} - Nouveaux documents",
	"_Password": "Mot de passe :",
	"_Perform import": "Exécuter l'importation",
	"_Process description pane": "Description du processus",
	"_Sent email": "E-Mails envoyés",
	"_Spacer pane": "Espacement",
	"_Submit date time": "Heure de début",
	"_Summary pane": "Résumé",
	"_This process is usually automatically called from the grouping email scheduled report.": "Habituellement, ce processus est appelé automatiquement depuis le rapport planifié sur le regroupement des e-mails. Ici, vous pouvez tester la soumission manuellement.",
	"_View": "Afficher",
	"DD Email Grouping": "Regroupement d'e-mails"
}</process_fr>
      <process_nl-NL>{
	"_Button pane": "Knop",
	"_Click here to retrieve your password": "Uw wachtwoord ophalen",
	"_Completion date time": "Eindtijd",
	"_Counter changed": "Aantal statusupdates",
	"_Counter error": "Aantal fouten",
	"_Counter not changed": "Aantal ongewijzigde statussen",
	"_Document {0}": "Document {0}",
	"_Email grouping process": "E-mail groepering",
	"_Error log pane": "Foutenlog",
	"_Error pane": "Foutbericht",
	"_error_attachment_is_not_a_csv": "Het bestand moet in CSV-formaat zijn.",
	"_error_bad_csv_headers": "De koptekst van het CSV-bestand is niet geldig.",
	"_error_no_csv_attached": "Selecteer een CSV-importbestand.",
	"_error_too_many_attachments": "U kunt slechts één CSV-bestand selecteren.",
	"_Filename": "Naam importbestand",
	"_Grouped email intro portal": "Uw documenten zijn nu beschikbaar.",
	"_Grouped email intro with attach": "Uw document is nu beschikbaar. Open de bijlage bij de e-mail om uw document in PDF te bekijken.",
	"_Identifier": "ID:",
	"_Import in progress": "Importeren in uitvoering...",
	"_Import pane": "CSV-importbestand",
	"_Line count": "Totaal aantal regels",
	"_LoginSentence": "Uw login informatie is als volgt:",
	"_New document from sender {0}": "{0} - Nieuw document",
	"_New documents from sender {0}": "{0} - Nieuwe documenten",
	"_Password": "Wachtwoord:",
	"_Perform import": "Importeren uitvoeren",
	"_Process description pane": "Procesbeschrijving",
	"_Sent email": "Verzonden e-mail",
	"_Spacer pane": "Spatie",
	"_Submit date time": "Starttijd",
	"_Summary pane": "Samenvatting",
	"_This process is usually automatically called from the grouping email scheduled report.": "Dit proces wordt doorgaans automatisch opgeroepen via het geplande rapport voor groepering van e-mails. Hier kunt u het indienen handmatig testen.",
	"_View": "Weergeven",
	"DD Email Grouping": "Groepering e-mail"
}</process_nl-NL>
      <process_it>{
	"_Button pane": "Pulsante",
	"_Click here to retrieve your password": "Recupera la tua password",
	"_Completion date time": "Ora di fine",
	"_Counter changed": "Numero di aggiornamenti stato",
	"_Counter error": "Numero di errori",
	"_Counter not changed": "Numero di stati non modificati",
	"_Document {0}": "Documento {0}",
	"_Email grouping process": "Raggruppamento e-mail",
	"_Error log pane": "Registro errori",
	"_Error pane": "Messaggio di errore",
	"_error_attachment_is_not_a_csv": "Il file deve essere in formato CSV.",
	"_error_bad_csv_headers": "Intestazione del file CSV non valida.",
	"_error_no_csv_attached": "Selezionare un file di importazione CSV.",
	"_error_too_many_attachments": "È possibile selezionare un solo file CSV.",
	"_Filename": "Nome file di importazione",
	"_Grouped email intro portal": "Le tue fatture sono disponibili.",
	"_Grouped email intro with attach": "La tua fattura è disponibile. Per visualizzarla in formato PDF, è sufficiente aprire l'allegato.",
	"_Identifier": "Identificatore:",
	"_Import in progress": "Importazione in corso...",
	"_Import pane": "File di importazione CSV",
	"_Line count": "Numero totale di righe",
	"_LoginSentence": "I tuoi dati di accesso sono i seguenti:",
	"_New document from sender {0}": "{0} - Nuovo documento",
	"_New documents from sender {0}": "{0} - Nuovi documenti",
	"_Password": "Password:",
	"_Perform import": "Esegui importazione",
	"_Process description pane": "Descrizione trattamento",
	"_Sent email": "E-mail inviate",
	"_Spacer pane": "Spaziatore",
	"_Submit date time": "Ora inizio",
	"_Summary pane": "Riepilogo",
	"_This process is usually automatically called from the grouping email scheduled report.": "Solitamente, questo trattamento viene chiamato automaticamente dal report pianificato sul raggruppamento delle e-mail. Da qui è possibile eseguire test manuali di inoltro.",
	"_View": "Visualizza",
	"DD Email Grouping": "Raggruppamento e-mail"
}</process_it>
      <process_ZH-CN>{
	"_Button pane": "按钮",
	"_Click here to retrieve your password": "点此找回密码",
	"_Completion date time": "结束时间",
	"_Counter changed": "状态更新次数",
	"_Counter error": "错误计数",
	"_Counter not changed": "未更改状态的数量",
	"_Document {0}": "文档 {0}",
	"_Email grouping process": "电子邮件分组",
	"_Error log pane": "错误日志",
	"_Error pane": "错误消息",
	"_error_attachment_is_not_a_csv": "文件必须为 CSV 格式。",
	"_error_bad_csv_headers": "CSV 文件头无效。",
	"_error_no_csv_attached": "请选择 CSV 导入文件。",
	"_error_too_many_attachments": "只能选择一个 CSV 文件。",
	"_Filename": "导入文件名",
	"_Grouped email intro portal": "您的文档现在可用。",
	"_Grouped email intro with attach": "您的文档现在可用。请打开电子邮件附件以查看 PDF 格式的文档。",
	"_Identifier": "ID：",
	"_Import in progress": "正在导入...",
	"_Import pane": "CSV 导入文件",
	"_Line count": "总行数",
	"_LoginSentence": "您的登录信息如下：",
	"_New document from sender {0}": "{0} - 新文档",
	"_New documents from sender {0}": "{0} - 新文档",
	"_Password": "密码：",
	"_Perform import": "执行导入",
	"_Process description pane": "进程说明",
	"_Sent email": "已发送电子邮件",
	"_Spacer pane": "间隔",
	"_Submit date time": "开始时间",
	"_Summary pane": "摘要",
	"_This process is usually automatically called from the grouping email scheduled report.": "此进程通常会自动从计划的电子邮件分组报告中调用。您可以在此手动测试提交。",
	"_View": "查看",
	"DD Email Grouping": "电子邮件分组"
}</process_ZH-CN>
      <process_PT-BR>{
	"_Button pane": "Botão",
	"_Click here to retrieve your password": "Recuperar sua senha",
	"_Completion date time": "Finalização",
	"_Counter changed": "Número de atualizações de status",
	"_Counter error": "Contagem de erros",
	"_Counter not changed": "Número de status inalterados",
	"_Document {0}": "Documento {0}",
	"_Email grouping process": "Agrupamento de e-mail",
	"_Error log pane": "Registro de erros",
	"_Error pane": "Mensagem de erro",
	"_error_attachment_is_not_a_csv": "O documento deve ter formato CSV.",
	"_error_bad_csv_headers": "O cabeçalho do arquivo CSV não é válido.",
	"_error_no_csv_attached": "Por favor, selecione um arquivo de importação CSV.",
	"_error_too_many_attachments": "Você só pode selecionar um arquivo CSV.",
	"_Filename": "Importar nome do arquivo",
	"_Grouped email intro portal": "Seus documentos já estão disponíveis.",
	"_Grouped email intro with attach": "Seu documento já está disponível. Abra o anexo de e-mail para visualizar seu documento em PDF.",
	"_Identifier": "Identificador:",
	"_Import in progress": "Importação em andamento...",
	"_Import pane": "Arquivo de importação CSV",
	"_Line count": "Contagem total de linhas",
	"_LoginSentence": "Suas informações de login são as seguintes:",
	"_New document from sender {0}": "{0} - Novo documento",
	"_New documents from sender {0}": "{0} - Novos documentos",
	"_Password": "Senha:",
	"_Perform import": "Executar importação",
	"_Process description pane": "Descrição do processo",
	"_Sent email": "E-mails enviados",
	"_Spacer pane": "Espaçador",
	"_Submit date time": "Hora de início",
	"_Summary pane": "Resumo",
	"_This process is usually automatically called from the grouping email scheduled report.": "Esse processo geralmente é chamado automaticamente a partir do relatório programado sobre agrupamento de e-mails. Aqui, você pode testar o envio manualmente.",
	"_View": "Visualizar",
	"DD Email Grouping": "Agrupamento de e-mail"
}</process_PT-BR>
      <process_pt>{
	"_Button pane": "Tecla",
	"_Click here to retrieve your password": "Recuperar a sua palavra-passe",
	"_Completion date time": "Hora de término",
	"_Counter changed": "Número de atualizações de estado",
	"_Counter error": "Contagem de erros",
	"_Counter not changed": "Número de estados inalterados",
	"_Document {0}": "Documento {0}",
	"_Email grouping process": "Agrupamento de e-mail",
	"_Error log pane": "Registo de erro",
	"_Error pane": "Mensagem de erro",
	"_error_attachment_is_not_a_csv": "O documento deve ter formato CSV.",
	"_error_bad_csv_headers": "O cabeçalho do ficheiro CSV não é válido.",
	"_error_no_csv_attached": "Selecione um ficheiro de importação CSV.",
	"_error_too_many_attachments": "Apenas pode selecionar um ficheiro CSV.",
	"_Filename": "Importar nome do ficheiro",
	"_Grouped email intro portal": "A sua fatura está agora disponível.",
	"_Grouped email intro with attach": "A sua fatura está agora disponível. Para visualizar a sua fatura em PDF, simplesmente abra o anexo.",
	"_Identifier": "Identificador:",
	"_Import in progress": "Importação em andamento...",
	"_Import pane": "Ficheiro de importação CSV",
	"_Line count": "Contagem total de linhas",
	"_LoginSentence": "A sua informação de entrada é a seguinte:",
	"_New document from sender {0}": "{0} - Novo documento",
	"_New documents from sender {0}": "{0} - Novos documentos",
	"_Password": "Palavra-chave:",
	"_Perform import": "Executar importação",
	"_Process description pane": "Descrição do processo",
	"_Sent email": "E-mails enviados",
	"_Spacer pane": "Espaçador",
	"_Submit date time": "Hora de início",
	"_Summary pane": "Resumo",
	"_This process is usually automatically called from the grouping email scheduled report.": "Este processo geralmente é chamado automaticamente a partir do relatório agendado no agrupamento de e-mails. Aqui, pode testar o envio manualmente.",
	"_View": "Ver",
	"DD Email Grouping": "Agrupamento de e-mail"
}</process_pt>
    </lg>
    <ocr>
      <trade-off>accurate</trade-off>
      <image-binarization>no</image-binarization>
      <image-draft-fax>no</image-draft-fax>
      <image-despeckle>no</image-despeckle>
      <allowed-language>0</allowed-language>
      <image-resolution-enhancement>auto</image-resolution-enhancement>
      <ocrpagestoprocess>
      </ocrpagestoprocess>
      <extractionAdditionalOptions>
      </extractionAdditionalOptions>
    </ocr>
    <process>
      <flowtype>processing</flowtype>
      <ocrpreset>scan</ocrpreset>
      <homepagelabel>Email Grouping</homepagelabel>
      <enableflexibleauditing>
      </enableflexibleauditing>
      <enableflexibleediting>
      </enableflexibleediting>
      <enableflexibleteaching>
      </enableflexibleteaching>
      <upgradable>yes</upgradable>
      <disableocr>
      </disableocr>
      <instanciable>1</instanciable>
      <disableautolearning>true</disableautolearning>
      <backgroundprocessingthreshold>
      </backgroundprocessingthreshold>
      <EnablePreviewPrecomputation>
      </EnablePreviewPrecomputation>
      <pdfNormalizeFilter>
      </pdfNormalizeFilter>
      <archiveDuration>0</archiveDuration>
      <OverrideAllowedDocumentExtensions>CSV</OverrideAllowedDocumentExtensions>
      <ocrpagestoprocess>
      </ocrpagestoprocess>
      <ScriptEngineType>2</ScriptEngineType>
      <displayWidth>1024</displayWidth>
      <AllowUploadAttachment>0</AllowUploadAttachment>
      <AllowUploadReferenceDocument>0</AllowUploadReferenceDocument>
      <UseCultureFormat>true</UseCultureFormat>
      <AllowRetryExtractCD>true</AllowRetryExtractCD>
      <TransportName>CustomData</TransportName>
      <LayoutVersion>1.0</LayoutVersion>
      <printToProcess>
      </printToProcess>
    </process>
    <ui>
      <CustomScriptDebug>false</CustomScriptDebug>
      <CustomScriptReadonly>true</CustomScriptReadonly>
      <CustomScript>function Main()
{
	InitFormControls();

	ManageErrorDisplaying();
	ManageSummaryPane();

	if (ProcessInstance.isDesignActive)
	{
		DisplayAllControlsAndPane(true);
	}
}

function InitFormControls()
{
	Controls.Error_pane.Hide(true);
	Controls.Summary_pane.Hide(true);

	DisplayCounters(true);
}

function ManageErrorDisplaying()
{
	var errorKeyOnValidation = Variable.GetValueAsString("ErrorKeyOnValidation__");
	if (errorKeyOnValidation)
	{
		var errorTranslated = Language.Translate(errorKeyOnValidation);
		Controls.Error_field__.SetLabel(errorTranslated);
		Controls.Error_pane.Hide(false);
	}
	else
	{
		Controls.Error_pane.Hide(true);
	}
}

function ManageSummaryPane()
{
	var isProcessProcessing = ProcessInstance.state === 50 || ProcessInstance.state === 90;
	var isProcessFinished = ProcessInstance.state &gt;= 100;

	var showSummaryPane = isProcessProcessing || isProcessFinished;
	Controls.Summary_pane.Hide(!showSummaryPane);

	if (showSummaryPane)
	{
		// Fill datetimes components
		var submitDateTime = Data.GetValue("SubmitDateTime");
		var completionDateTime = Data.GetValue("CompletionDateTime");
		Controls.SubmitDateTime__.SetText(submitDateTime);
		Controls.CompletedDateTime__.SetText(completionDateTime);

		// Fill translated state
		var translatedState = Data.GetValue("StateTranslated");
		if (translatedState !== null &amp;&amp; translatedState !== "")
		{
			// Dirty CSS computing to have a nice HTML content working on every skins
			// TODO: To be remove one day when the HTML content will be ok in every skins
			var cssColorName = ProcessInstance.state === 200 ? "color2" : "default";
			var computedCSSClass = "input text-size-S text-color-" + cssColorName + " readonly";

			Controls.State__.SetHTML("&lt;span class=\"" + computedCSSClass + "\"&gt;" + translatedState + "&lt;/span&gt;");
		}
		else
		{
			Controls.State__.SetHTML("");
		}

		// Hide counters if processing because they are wrong
		DisplayCounters(!isProcessProcessing);
	}
}

function DisplayCounters(display)
{
	Controls.CounterSentEmail__.Hide(!display);
}

function DisplayAllControlsAndPane(display)
{
	Controls.Error_pane.Hide(!display);
	Controls.Summary_pane.Hide(!display);

	DisplayCounters(display);
}

Main();
</CustomScript>
      <layout>{
	"*": {
		"GDRData": {
			"type": "GDRData",
			"options": {
				"version": 0
			},
			"stamp": 1,
			"data": []
		},
		"OCRParams": {
			"type": "OCRParams",
			"options": {
				"version": 0
			},
			"stamp": 2,
			"data": []
		},
		"Screen": {
			"type": "FlexibleFormLayout",
			"options": {
				"splitterType": "complex",
				"version": 0,
				"maxwidth": 1024
			},
			"*": {
				"form-header": {
					"type": "FlexibleFormHeader",
					"options": {
						"version": 0,
						"maxwidth": 1024
					},
					"stamp": 3,
					"data": []
				},
				"form-center": {
					"type": "FlexibleFormCenter",
					"options": {
						"version": 0,
						"maxwidth": 1024
					},
					"*": {
						"form-content": {
							"type": "FlexibleFormContent",
							"options": {
								"version": 0
							},
							"*": {
								"form-content-top": {
									"type": "FlexibleFormSplitter",
									"options": {
										"autosize": true,
										"version": 1,
										"box": {
											"top": "0%",
											"left": "0%",
											"width": null,
											"height": "16%"
										},
										"hidden": true
									},
									"*": {},
									"stamp": 4,
									"data": []
								},
								"form-content-bottom": {
									"type": "FlexibleFormSplitter",
									"options": {
										"version": 1,
										"box": {
											"top": 0,
											"left": 0,
											"width": 100,
											"height": 100
										},
										"hidden": false,
										"hideSeparator": true
									},
									"*": {
										"form-content-left": {
											"type": "FlexibleFormSplitter",
											"options": {
												"version": 1,
												"box": {
													"top": "0%",
													"left": "0%",
													"width": "100%",
													"height": null
												},
												"hidden": false
											},
											"*": {
												"form-content-left-7": {
													"type": "FlexibleFormLine",
													"data": [],
													"options": {
														"version": 0
													},
													"stamp": 5,
													"*": {
														"Error_pane": {
															"type": "PanelData",
															"data": [],
															"options": {
																"border": {},
																"labelLength": 0,
																"iconURL": "",
																"TitleFontSize": "S",
																"hideActionButtons": true,
																"hideTitleBar": true,
																"backgroundcolor": "color7",
																"labelsAlignment": "left",
																"label": "_Error pane",
																"leftImageURL": "public\\error.png",
																"version": 0,
																"hidden": true,
																"hideTitle": false
															},
															"stamp": 6,
															"*": {
																"FieldsManager": {
																	"type": "FieldsManager",
																	"data": [],
																	"options": {
																		"controlsAssociation": {},
																		"version": 0
																	},
																	"stamp": 7,
																	"*": {
																		"Grid": {
																			"type": "GridLayout",
																			"data": [
																				"fields"
																			],
																			"options": {
																				"ctrlsPos": {
																					"Error_field__": {
																						"line": 2,
																						"column": 1
																					},
																					"Spacer_line2__": {
																						"line": 1,
																						"column": 1
																					}
																				},
																				"lines": 2,
																				"columns": 2,
																				"colspans": [
																					[
																						{
																							"index": 0,
																							"length": 2
																						}
																					],
																					[
																						{
																							"index": 0,
																							"length": 2
																						}
																					]
																				],
																				"version": 0
																			},
																			"stamp": 8,
																			"*": {
																				"Spacer_line2__": {
																					"type": "Spacer",
																					"data": false,
																					"options": {
																						"height": "20",
																						"width": "",
																						"color": "default",
																						"label": "Spacer line2",
																						"version": 0
																					},
																					"stamp": 9
																				},
																				"Error_field__": {
																					"type": "Text",
																					"data": false,
																					"options": {
																						"marge": 0,
																						"textSize": "M",
																						"textAlignment": "center",
																						"textStyle": "bold",
																						"textColor": "color2",
																						"backgroundcolor": "default",
																						"label": "Error field",
																						"version": 0,
																						"image_url": ""
																					},
																					"stamp": 10
																				}
																			}
																		}
																	}
																}
															}
														}
													}
												},
												"form-content-left-5": {
													"type": "FlexibleFormLine",
													"data": [],
													"options": {
														"version": 0
													},
													"stamp": 11,
													"*": {
														"Process_description_pane": {
															"type": "PanelData",
															"options": {
																"border": {},
																"version": 0,
																"labelLength": 0,
																"iconURL": "",
																"TitleFontSize": "S",
																"hideActionButtons": true,
																"hideTitleBar": true,
																"backgroundcolor": "default",
																"labelsAlignment": "right",
																"label": "_Process description pane",
																"leftImageURL": "",
																"hideTitle": false
															},
															"*": {
																"FieldsManager": {
																	"type": "FieldsManager",
																	"options": {
																		"controlsAssociation": {},
																		"version": 0
																	},
																	"*": {
																		"Grid": {
																			"type": "GridLayout",
																			"options": {
																				"lines": 2,
																				"columns": 2,
																				"version": 0,
																				"ctrlsPos": {
																					"Notification_from_CSV__": {
																						"line": 1,
																						"column": 1
																					},
																					"Spacer_line5__": {
																						"line": 2,
																						"column": 1
																					}
																				},
																				"colspans": [
																					[
																						{
																							"index": 0,
																							"length": 2
																						}
																					],
																					[
																						{
																							"index": 0,
																							"length": 2
																						}
																					]
																				]
																			},
																			"data": [
																				"fields"
																			],
																			"*": {
																				"Notification_from_CSV__": {
																					"type": "Title",
																					"data": false,
																					"options": {
																						"marge": 0,
																						"textSize": "XXL",
																						"textAlignment": "left",
																						"textStyle": "default",
																						"textColor": "default",
																						"backgroundcolor": "default",
																						"label": "_Email grouping process",
																						"version": 0,
																						"image_url": ""
																					},
																					"stamp": 12
																				},
																				"Spacer_line5__": {
																					"type": "Spacer",
																					"data": false,
																					"options": {
																						"height": "",
																						"width": "",
																						"color": "default",
																						"label": "Spacer line5",
																						"version": 0
																					},
																					"stamp": 65
																				}
																			},
																			"stamp": 13
																		}
																	},
																	"stamp": 14,
																	"data": []
																}
															},
															"stamp": 15,
															"data": []
														}
													}
												},
												"form-content-left-4": {
													"type": "FlexibleFormLine",
													"data": [],
													"options": {
														"version": 0
													},
													"stamp": 16,
													"*": {
														"Import_pane__": {
															"type": "PanelDocument",
															"options": {
																"version": 0,
																"border": {},
																"labelLength": 0,
																"iconURL": "",
																"TitleFontSize": "S",
																"hideActionButtons": true,
																"hideTitleBar": true,
																"label": "_Import pane",
																"hideTitle": false,
																"hidden": true
															},
															"*": {
																"Document": {
																	"data": [
																		"documentscontroldata"
																	],
																	"type": "Documents",
																	"options": {
																		"version": 0
																	},
																	"stamp": 17
																}
															},
															"stamp": 18,
															"data": []
														}
													}
												},
												"form-content-left-2": {
													"type": "FlexibleFormLine",
													"options": {
														"version": 0
													},
													"*": {
														"SystemData": {
															"type": "PanelSystemData",
															"options": {
																"multicolumn": false,
																"version": 0,
																"border": {},
																"labelLength": 0,
																"iconURL": "",
																"TitleFontSize": "S",
																"hideActionButtons": false,
																"hideTitleBar": false,
																"label": "_System data",
																"hidden": true,
																"hideTitle": false
															},
															"stamp": 19,
															"data": []
														}
													},
													"stamp": 20,
													"data": []
												},
												"form-content-left-3": {
													"type": "FlexibleFormLine",
													"options": {
														"version": 0
													},
													"*": {
														"NextProcess": {
															"type": "PanelNextProcess",
															"options": {
																"hidden": true,
																"version": 0,
																"border": {},
																"labelLength": 0,
																"iconURL": "",
																"TitleFontSize": "S",
																"hideActionButtons": false,
																"hideTitleBar": false,
																"label": "_Next Process",
																"hideTitle": false
															},
															"stamp": 21,
															"data": []
														}
													},
													"stamp": 22,
													"data": []
												},
												"form-content-left-11": {
													"type": "FlexibleFormLine",
													"data": [],
													"options": {
														"version": 0
													},
													"stamp": 23,
													"*": {
														"Spacer_pane": {
															"type": "PanelData",
															"data": [],
															"options": {
																"border": {},
																"labelLength": 0,
																"iconURL": "",
																"TitleFontSize": "S",
																"hideActionButtons": true,
																"hideTitleBar": true,
																"backgroundcolor": "default",
																"labelsAlignment": "right",
																"label": "_Spacer pane",
																"leftImageURL": "",
																"version": 0,
																"hideTitle": false,
																"hidden": true
															},
															"stamp": 24,
															"*": {
																"FieldsManager": {
																	"type": "FieldsManager",
																	"data": [],
																	"options": {
																		"controlsAssociation": {},
																		"version": 0
																	},
																	"stamp": 25,
																	"*": {
																		"Grid": {
																			"type": "GridLayout",
																			"data": [
																				"fields"
																			],
																			"options": {
																				"ctrlsPos": {
																					"Spacer_line3__": {
																						"line": 1,
																						"column": 1
																					}
																				},
																				"lines": 1,
																				"columns": 2,
																				"colspans": [
																					[
																						{
																							"index": 0,
																							"length": 2
																						}
																					]
																				],
																				"version": 0
																			},
																			"stamp": 26,
																			"*": {
																				"Spacer_line3__": {
																					"type": "Spacer",
																					"data": false,
																					"options": {
																						"height": "10",
																						"width": "",
																						"color": "default",
																						"label": "Spacer line3",
																						"version": 0
																					},
																					"stamp": 27
																				}
																			}
																		}
																	}
																}
															}
														}
													}
												},
												"form-content-left-10": {
													"type": "FlexibleFormLine",
													"data": [],
													"options": {
														"version": 0
													},
													"stamp": 28,
													"*": {
														"Summary_pane": {
															"type": "PanelData",
															"data": [],
															"options": {
																"border": {},
																"labelLength": "300",
																"iconURL": "",
																"TitleFontSize": "S",
																"hideActionButtons": true,
																"hideTitleBar": false,
																"backgroundcolor": "default",
																"labelsAlignment": "right",
																"label": "_Summary pane",
																"leftImageURL": "",
																"version": 0,
																"hidden": true,
																"hideTitle": false
															},
															"stamp": 29,
															"*": {
																"FieldsManager": {
																	"type": "FieldsManager",
																	"data": [],
																	"options": {
																		"controlsAssociation": {
																			"SubmitDateTime__": "LabelSubmitDateTime__",
																			"LabelSubmitDateTime__": "SubmitDateTime__",
																			"CompletedDateTime__": "LabelCompletedDateTime__",
																			"LabelCompletedDateTime__": "CompletedDateTime__",
																			"State__": "LabelState__",
																			"LabelState__": "State__",
																			"CounterSentEmail__": "LabelCounterSentEmail__",
																			"LabelCounterSentEmail__": "CounterSentEmail__"
																		},
																		"version": 0
																	},
																	"stamp": 30,
																	"*": {
																		"Grid": {
																			"type": "GridLayout",
																			"data": [
																				"fields"
																			],
																			"options": {
																				"ctrlsPos": {
																					"Spacer_line4__": {
																						"line": 1,
																						"column": 1
																					},
																					"SubmitDateTime__": {
																						"line": 3,
																						"column": 2
																					},
																					"LabelSubmitDateTime__": {
																						"line": 3,
																						"column": 1
																					},
																					"CompletedDateTime__": {
																						"line": 4,
																						"column": 2
																					},
																					"LabelCompletedDateTime__": {
																						"line": 4,
																						"column": 1
																					},
																					"State__": {
																						"line": 2,
																						"column": 2
																					},
																					"LabelState__": {
																						"line": 2,
																						"column": 1
																					},
																					"CounterSentEmail__": {
																						"line": 5,
																						"column": 2
																					},
																					"LabelCounterSentEmail__": {
																						"line": 5,
																						"column": 1
																					}
																				},
																				"lines": 5,
																				"columns": 2,
																				"colspans": [
																					[
																						{
																							"index": 0,
																							"length": 2
																						}
																					],
																					[],
																					[],
																					[],
																					[]
																				],
																				"version": 0
																			},
																			"stamp": 31,
																			"*": {
																				"Spacer_line4__": {
																					"type": "Spacer",
																					"data": false,
																					"options": {
																						"height": "10",
																						"width": "",
																						"color": "default",
																						"label": "Spacer line4",
																						"version": 0
																					},
																					"stamp": 32
																				},
																				"LabelState__": {
																					"type": "Label",
																					"data": false,
																					"options": {
																						"label": "_State",
																						"version": 0
																					},
																					"stamp": 33
																				},
																				"State__": {
																					"type": "HTML",
																					"data": false,
																					"options": {
																						"label": "_State",
																						"version": 0
																					},
																					"stamp": 34
																				},
																				"LabelSubmitDateTime__": {
																					"type": "Label",
																					"data": false,
																					"options": {
																						"label": "_Submit date time",
																						"version": 0
																					},
																					"stamp": 35
																				},
																				"SubmitDateTime__": {
																					"type": "Link",
																					"data": false,
																					"options": {
																						"version": 1,
																						"link": "",
																						"label": "_Submit date time",
																						"width": "300"
																					},
																					"stamp": 36
																				},
																				"LabelCompletedDateTime__": {
																					"type": "Label",
																					"data": false,
																					"options": {
																						"label": "_Completion date time",
																						"version": 0
																					},
																					"stamp": 37
																				},
																				"CompletedDateTime__": {
																					"type": "Link",
																					"data": false,
																					"options": {
																						"version": 1,
																						"link": "",
																						"label": "_Completion date time",
																						"width": "300"
																					},
																					"stamp": 38
																				},
																				"LabelCounterSentEmail__": {
																					"type": "Label",
																					"data": [
																						"CounterSentEmail__"
																					],
																					"options": {
																						"label": "_Sent email",
																						"version": 0
																					},
																					"stamp": 39
																				},
																				"CounterSentEmail__": {
																					"type": "Integer",
																					"data": [
																						"CounterSentEmail__"
																					],
																					"options": {
																						"version": 1,
																						"textSize": "S",
																						"textAlignment": "left",
																						"textStyle": "default",
																						"textColor": "default",
																						"integer": true,
																						"label": "_Sent email",
																						"precision_internal": 0,
																						"activable": true,
																						"width": "80",
																						"browsable": false,
																						"autocompletable": false,
																						"readonly": true,
																						"precision_current": 0
																					},
																					"stamp": 40
																				}
																			}
																		}
																	}
																}
															}
														}
													}
												},
												"form-content-left-6": {
													"type": "FlexibleFormLine",
													"data": [],
													"options": {
														"version": 0
													},
													"stamp": 48,
													"*": {
														"Error_log_pane": {
															"type": "PanelData",
															"data": [],
															"options": {
																"border": {},
																"labelLength": 0,
																"iconURL": "",
																"TitleFontSize": "S",
																"hideActionButtons": true,
																"hideTitleBar": false,
																"backgroundcolor": "default",
																"labelsAlignment": "right",
																"label": "_Error log pane",
																"leftImageURL": "",
																"version": 0,
																"hideTitle": false,
																"hidden": true
															},
															"stamp": 49,
															"*": {
																"FieldsManager": {
																	"type": "FieldsManager",
																	"data": [],
																	"options": {
																		"controlsAssociation": {},
																		"version": 0
																	},
																	"stamp": 50,
																	"*": {
																		"Grid": {
																			"type": "GridLayout",
																			"data": [
																				"fields"
																			],
																			"options": {
																				"ctrlsPos": {
																					"Error_log__": {
																						"line": 1,
																						"column": 1
																					}
																				},
																				"lines": 1,
																				"columns": 2,
																				"colspans": [
																					[
																						{
																							"index": 0,
																							"length": 2
																						}
																					]
																				],
																				"version": 0
																			},
																			"stamp": 51,
																			"*": {
																				"Error_log__": {
																					"type": "LongText",
																					"data": [
																						"Error_log__"
																					],
																					"options": {
																						"textSize": "S",
																						"textAlignment": "left",
																						"textStyle": "default",
																						"textColor": "default",
																						"label": "Error log",
																						"activable": true,
																						"width": "100%",
																						"browsable": false,
																						"numberOfLines": 10,
																						"version": 0,
																						"minNbLines": 10
																					},
																					"stamp": 52
																				}
																			}
																		}
																	}
																}
															}
														}
													}
												}
											},
											"stamp": 53,
											"data": []
										},
										"form-content-right": {
											"type": "FlexibleFormSplitter",
											"options": {
												"version": 1,
												"box": {
													"top": 0,
													"left": 45,
													"width": 55,
													"height": 100
												},
												"hidden": true,
												"hideSeparator": true
											},
											"*": {
												"form-content-right-1": {
													"type": "FlexibleFormLine",
													"options": {
														"version": 0
													},
													"*": {
														"PreviewPanel": {
															"type": "PanelPreview",
															"options": {
																"border": {},
																"version": 0,
																"labelLength": 0,
																"iconURL": "",
																"TitleFontSize": "S",
																"hideActionButtons": false,
																"hideTitleBar": false,
																"label": "_Document Preview",
																"hideTitle": false
															},
															"*": {
																"Preview": {
																	"data": [
																		"previewdata"
																	],
																	"type": "Preview",
																	"options": {
																		"version": 0
																	},
																	"stamp": 54
																}
															},
															"stamp": 55,
															"data": []
														}
													},
													"stamp": 56,
													"data": []
												}
											},
											"stamp": 57,
											"data": []
										}
									},
									"stamp": 58,
									"data": []
								}
							},
							"stamp": 59,
							"data": []
						}
					},
					"stamp": 60,
					"data": []
				},
				"form-footer": {
					"type": "FlexibleFormFooter",
					"options": {
						"splitterType": "simple-h",
						"version": 0,
						"maxwidth": 1024
					},
					"*": {
						"Close": {
							"type": "SubmitButton",
							"options": {
								"label": "_Close",
								"action": "cancel",
								"submit": true,
								"version": 0
							},
							"stamp": 62,
							"data": []
						}
					},
					"stamp": 63,
					"data": []
				}
			},
			"stamp": 64,
			"data": []
		}
	},
	"stamps": 65,
	"data": []
}</layout>
    </ui>
  </properties>
  <field deleted="0" format="" guid="VWSR86550531" id="FMN352000SG7" label="_Sent email" length="0" name="CounterSentEmail__" originalProcessID="PHQG86550489" precision="0" processid="EMN352000SG7" submitable="1" type="INT">
    <properties>
      <db>
        <alias>AFMN352000SG7</alias>
        <noxml>1</noxml>
        <fullname>/job/processfields/CounterSentEmail__</fullname>
        <defaultvalue>
        </defaultvalue>
        <RecordLastWrite>2014-11-04 18:08:18</RecordLastWrite>
      </db>
      <extrainfo>
        <Label>_Sent email</Label>
        <Alias>AFMN352000SG7</Alias>
        <ProcessFieldVersion vartype="INT">1</ProcessFieldVersion>
      </extrainfo>
      <gdr>
        <VarType>Area</VarType>
      </gdr>
      <ui>
        <_type>Number</_type>
        <automatic>true</automatic>
      </ui>
    </properties>
  </field>
  <field deleted="0" format="" guid="AYLN2952" id="GMN352000SG7" label="Error log" length="65535" name="Error_log__" originalProcessID="PHQG86550489" precision="0" processid="EMN352000SG7" submitable="1" type="STR">
    <properties>
      <db>
        <fullname>/job/processfields/GMN352000SG7</fullname>
        <defaultvalue>
        </defaultvalue>
        <RecordLastWrite>2015-05-07 14:14:31</RecordLastWrite>
      </db>
      <extrainfo>
        <ProcessFieldVersion vartype="INT">1</ProcessFieldVersion>
      </extrainfo>
      <field>
        <isLongText>true</isLongText>
      </field>
      <ui>
        <_type>String</_type>
        <automatic>true</automatic>
      </ui>
    </properties>
  </field>
  <type id="RJRH13130EF" name="CD">
  </type>
</process>