﻿<?xml version="1.0" encoding="UTF-8" standalone="no"?>
<process accountid="20063076" allowrepairprocess="0" builtin="0" builtinversion="0" carriesapplicationversion="0" creationdatetime="2022-10-25 17:08:49" deleted="0" eskerapplication="" global="0" id="V62652000SG7" keepcustomization="0" keepfieldsonly="0" keepfieldsproperties="0" keepnewcontroloptions="0" migrationversion="4" name="Remittance Advice" needvalidation="0" ootofilter="" ootoversion="2" originalProcessID="CTU2FP000IYP" ownerid="cn=admin_p2p@paragon-cc.fr,ou=DEV,ou=TrainingP2P,ou=DEMO_JULIEN,ou=05284299,ou=ESK,s=eoo" ownerpb="OnDemand AddressBook" public="1" pushnotification="0" reuseengine="0" sprintversion="5.261.0" transportname="CustomData" upgradable="1" userid="0" version="1" visibility="1">
  <properties>
    <gdr>
      <validationscriptIncludedScripts>Lib_CommonDialog_V12.0.461.0</validationscriptIncludedScripts>
      <validationscriptIncludedScripts>Lib_P2P_V12.0.461.0</validationscriptIncludedScripts>
      <ValidationScript>///#GLOBALS Lib
var currentName = Data.GetActionName();
var currentAction = Data.GetActionType();
Log.Info("-- Validation Script -- Name: '" + (currentName ? currentName : "&lt;empty&gt;") + "', Action: '" + (currentAction ? currentAction : "&lt;empty&gt;") + "'");
if (!currentName &amp;&amp; !currentAction) {
    var vendorLogin = Variable.GetValueAsString("vendorLogin");
    if (vendorLogin) {
        Process.ChangeOwner(vendorLogin);
    }
    var message = void 0;
    if (!vendorLogin) {
        message = Language.Translate("_No vendor login");
    }
    if (!Data.GetValue("PayerAddress__")) {
        message = Language.Translate("_No Payer address");
    }
    if (message) {
        Lib.CommonDialog.NextAlert.Define("_Error", message);
        Data.SetValue("State", 200);
        Data.SetValue("StatusCode", 1);
        Data.SetValue("ShortStatusTranslated", message);
        Data.SetValue("ShortStatus", message);
        Data.SetValue("LongStatus", message);
        Data.SetValue("CompletionDateTime", new Date());
    }
}
</ValidationScript>
      <AllowTagCoverPages>true</AllowTagCoverPages>
      <AllowTagNewDocuments>true</AllowTagNewDocuments>
      <AllowTagAttachments>true</AllowTagAttachments>
      <extractionscriptIncludedScripts>Lib_Purchasing_RA_V12.0.461.0</extractionscriptIncludedScripts>
      <extractionscriptIncludedScripts>LIB_AP_VendorPortal_V12.0.461.0</extractionscriptIncludedScripts>
      <extractionscriptIncludedScripts>Lib_Purchasing_RA_Server_V12.0.461.0</extractionscriptIncludedScripts>
      <ExtractionScript>///#GLOBALS Lib
var PaymentData = JSON.parse(Variable.GetValueAsString("ExtractedData"));
function AttachRA() {
    Log.Time("AttachRA");
    if (!Lib.Purchasing.RA.Server.AttachRA()) {
        if (!Lib.CommonDialog.NextAlert.GetNextAlert()) {
            Lib.CommonDialog.NextAlert.Define("_Remittance advice attaching error", "_Error attaching remittance advice", { isError: true });
        }
        Log.TimeEnd("AttachRA");
        return false;
    }
    Log.TimeEnd("AttachRA");
    return true;
}
function SendEmailNotification(subject, template) {
    var customTags = {
        PaymentReference__: PaymentData.ExtractedData.PaymentId,
        Currency__: PaymentData.ExtractedData.Currency,
        VendorNumber__: PaymentData.ExtractedData.VendorId,
        CompanyCode__: PaymentData.ExtractedData.VendorCompanyCode
    };
    var vendorUser = Lib.AP.VendorPortal.GetVendorUser(customTags);
    if (vendorUser) {
        Lib.AP.VendorPortal.AddFormattedValues(customTags, vendorUser);
        customTags.CompanyName__ = Data.GetValue("PayerCompany__ ");
        customTags.PortalUrl = Data.GetValue("ValidationUrl");
        customTags.TotalNetAmount__ = vendorUser.GetFormattedNumber(PaymentData.ExtractedData.TotalNetAmount);
        customTags.PaymentDate__ = Sys.Helpers.Date.ToLocaleDateEx(new Date(PaymentData.ExtractedData.PaymentDate), vendorUser.GetValue("culture"));
        var vendorEmail = Lib.P2P.computeVendorEmailRedirection(vendorUser.GetValue("EmailAddress"));
        if (vendorEmail) {
            var emailOptions = {
                "subject": Language.Translate(subject),
                "template": template,
                "customTags": customTags
            };
            var doSendNotif = Sys.Helpers.TryCallFunction("Lib.AP.Customization.VendorPortal.OnSendVendorNotification", emailOptions);
            if (doSendNotif !== false) {
                var email = Sys.EmailNotification.CreateEmailWithUser(vendorUser, vendorEmail, emailOptions.subject, emailOptions.template, emailOptions.customTags, true);
                if (email) {
                    Sys.EmailNotification.SendEmail(email);
                }
            }
        }
    }
}
Data.SetValue("PaymentDate__", PaymentData.ExtractedData.PaymentDate);
Lib.Purchasing.RA.ComputeInvoicesTable();
AttachRA();
SendEmailNotification("_RemittanceAdviceAvailable", "AP-Vendor_RemittanceAdvicePublished.htm");
</ExtractionScript>
      <AllowRemovePages>true</AllowRemovePages>
      <AllowSwapPages>true</AllowSwapPages>
    </gdr>
    <lg>
      <process_DE>{
	"_Currency": "Währung",
	"_DocumentNumber": "Lieferanten-Rechnungsnr.",
	"_Error attaching remittance advice": "Beim Erstellen des Zahlungsavis im PDF-Format ist ein Fehler aufgetreten. Bitte wiederholen Sie den Vorgang.\n\nWenn das Problem weiterhin auftritt, wenden Sie sich an Ihren Administrator.",
	"_Information": "Angaben zur Zahlung",
	"_InvoiceDate": "Rechnungsdatum",
	"_InvoiceNumber": "Kunden-Rechnungsnr.",
	"_Invoices": "Rechnungen",
	"_Line items": "Rechnungen",
	"_NetAmount": "Nettobetrag",
	"_No Payer address": "Das Dokument konnte nicht auf dem Portal veröffentlicht werden, da keine Adresse mit dem in der Zahlungsavis-Importdatei angegebenen Buchungskreis übereinstimmt. Bitte aktualisieren Sie Ihre Zahlerinformationen und reichen Sie den Zahlungsavis erneut ein.",
	"_No vendor login": "Das Dokument konnte nicht auf dem Portal veröffentlicht werden, da für diesen Lieferanten keine Kontakte vorhanden sind. Bitte erstellen Sie einen Lieferantenkontakt und reichen Sie den Zahlungsavis erneut ein.",
	"_Payee": "Angaben zum Zahlungsempfänger",
	"_Payer": "Angaben zum Zahler",
	"_PayerAddress": "Zahleradresse",
	"_PayerCompany": "Firma",
	"_PayerCompanyCode": "Buchungskreis",
	"_PaymentDate": "Zahlungsdatum",
	"_PaymentMethodCode": "Zahlungsmethodencode",
	"_PaymentMethodDescription": "Zahlungsmethode",
	"_PaymentReference": "Zahlungsreferenz",
	"_Remittance advice attaching error": "PDF-Fehler",
	"_RemittanceAdviceAvailable": "Neuer Zahlungsavis verfügbar",
	"_TotalNetAmount": "Netto-Gesamtbetrag",
	"_VendorAddress": "Lieferantenadresse",
	"_VendorName": "Name des Lieferanten",
	"_VendorNumber": "Lieferantennummer",
	"DownloadCrystalReportsDataFile": "Crystal Reports Datendatei herunterladen",
	"Remittance Advice": "Zahlungsavis"
}</process_DE>
      <process_JA>{
	"_Currency": "通貨",
	"_DocumentNumber": "仕入先請求書番号",
	"_Error attaching remittance advice": "送金通知のPDFの生成中にエラーが発生しました。もう一度行ってください。問題が解決しない場合は、管理者に連絡してください。",
	"_Information": "支払情報",
	"_InvoiceDate": "請求日付",
	"_InvoiceNumber": "顧客請求書番号",
	"_Invoices": "請求書",
	"_Line items": "請求書",
	"_NetAmount": "税抜き合計金額",
	"_No Payer address": "送金通知のインポートファイルに指定された会社コードに一致する住所がないため、送金通知をポータルに公開できませんでした。支払人の情報を更新して、送金通知を再送信してください。",
	"_No vendor login": "この仕入先に使用する連絡先がないため、送金アドバイスをポータルに公開できませんでした。新しい仕入先の連絡先を作成して、送金通知を再送信してください。",
	"_Payee": "受取人の情報",
	"_Payer": "支払人の情報",
	"_PayerAddress": "支払人の住所",
	"_PayerCompany": "会社",
	"_PayerCompanyCode": "会社コード",
	"_PaymentDate": "支払日",
	"_PaymentMethodCode": "支払方法コード",
	"_PaymentMethodDescription": "支払方法",
	"_PaymentReference": "支払参照番号",
	"_Remittance advice attaching error": "PDFエラー",
	"_RemittanceAdviceAvailable": "新しい送金通知を利用可能",
	"_TotalNetAmount": "合計正味金額",
	"_VendorAddress": "仕入先住所",
	"_VendorName": "仕入先名",
	"_VendorNumber": "仕入先番号",
	"DownloadCrystalReportsDataFile": "Crystal Reportsデータファイルをダウンロード",
	"Remittance Advice": "送金通知"
}</process_JA>
      <process_en>{
	"_Currency": "Currency",
	"_DocumentNumber": "Vendor invoice #",
	"_Error attaching remittance advice": "An error occurred while generating the remittance advice PDF. Please try again. \n\nIf the problem persists, please contact your administrator.",
	"_Information": "Payment Information",
	"_InvoiceDate": "Invoice date",
	"_InvoiceNumber": "Customer invoice #",
	"_Invoices": "Invoices",
	"_Line items": "Invoices",
	"_NetAmount": "Net amount",
	"_No Payer address": "The remittance advice could not be published on the portal because no address matches the company code specified in your remittance advice import file. Please update your payer information and resubmit the remittance advice.",
	"_No vendor login": "The remittance advice could not be published on the portal because there are no contacts available for this vendor. Please create a new vendor contact and resubmit the remittance advice.",
	"_Payee": "Payee Information",
	"_Payer": "Payer Information",
	"_PayerAddress": "Payer address",
	"_PayerCompany": "Company",
	"_PayerCompanyCode": "Company code",
	"_PaymentDate": "Payment date",
	"_PaymentMethodCode": "Payment method code",
	"_PaymentMethodDescription": "Payment method",
	"_PaymentReference": "Payment reference",
	"_Remittance advice attaching error": "PDF error",
	"_RemittanceAdviceAvailable": "New remittance advice available",
	"_TotalNetAmount": "Total net amount",
	"_VendorAddress": "Vendor address",
	"_VendorName": "Vendor name",
	"_VendorNumber": "Vendor number",
	"DownloadCrystalReportsDataFile": "Download Crystal Reports data file",
	"Remittance Advice": "Remittance Advice"
}</process_en>
      <process_ES>{
	"_Currency": "Divisa",
	"_DocumentNumber": "Número de factura proveedor",
	"_Error attaching remittance advice": "Se ha producido un error al generar el aviso de pago en formato PDF. Por favor, inténtelo de nuevo. \n\nSi el problema persiste, póngase en contacto con el administrador.",
	"_Information": "Información de pago",
	"_InvoiceDate": "Fecha de factura",
	"_InvoiceNumber": "Número de factura cliente",
	"_Invoices": "Facturas",
	"_Line items": "Facturas",
	"_NetAmount": "Importe neto",
	"_No Payer address": "No se pudo publicar el aviso de pago en el portal porque ninguna dirección coincide con el código de empresa especificado en el archivo de importación de los avisos de pago. Actualice su información de pagador y vuelva a enviar el aviso de pago.",
	"_No vendor login": "No se pudo publicar el aviso de pago en el portal porque no hay contactos disponibles para este proveedor. Cree un contacto de proveedor y vuelva a enviar el aviso de pago.",
	"_Payee": "Información del beneficiario",
	"_Payer": "Información del pagador",
	"_PayerAddress": "Dirección del pagador",
	"_PayerCompany": "Empresa",
	"_PayerCompanyCode": "Código de empresa",
	"_PaymentDate": "Fecha de pago",
	"_PaymentMethodCode": "Código de forma de pago",
	"_PaymentMethodDescription": "Forma de pago",
	"_PaymentReference": "Referencia de pago",
	"_Remittance advice attaching error": "Error de PDF",
	"_RemittanceAdviceAvailable": "Nuevo aviso de pago disponible",
	"_TotalNetAmount": "Importe neto total",
	"_VendorAddress": "Dirección del proveedor",
	"_VendorName": "Nombre proveedor",
	"_VendorNumber": "Número de proveedor",
	"DownloadCrystalReportsDataFile": "Descargar el archivo de datos Crystal Reports",
	"Remittance Advice": "Aviso de pago"
}</process_ES>
      <process_FR>{
	"_Currency": "Devise",
	"_DocumentNumber": "N° de facture fournisseur",
	"_Error attaching remittance advice": "Une erreur s'est produite lors de la génération de l'avis de paiement au format PDF. Veuillez réessayer. \n\nSi le problème persiste, contactez votre administrateur.",
	"_Information": "Informations de paiement",
	"_InvoiceDate": "Date de facture",
	"_InvoiceNumber": "N° de facture client",
	"_Invoices": "Factures",
	"_Line items": "Factures",
	"_NetAmount": "Montant HT",
	"_No Payer address": "L'avis de paiement n'a pas pu être publié sur le portail car aucune adresse ne correspond au code société spécifié dans votre fichier d'import des avis de paiement. Veuillez mettre à jour vos informations de payeur et resoumettre l'avis de paiement.",
	"_No vendor login": "L'avis de paiement n'a pas pu être publié sur le portail car il n'y a pas de contacts disponibles pour ce fournisseur. Veuillez créer un contact fournisseur et resoumettre l'avis de paiement.",
	"_Payee": "Informations sur le bénéficiaire",
	"_Payer": "Informations sur le payeur",
	"_PayerAddress": "Adresse du payeur",
	"_PayerCompany": "Société",
	"_PayerCompanyCode": "Code société",
	"_PaymentDate": "Date de paiement",
	"_PaymentMethodCode": "Code du moyen de paiement",
	"_PaymentMethodDescription": "Moyen de paiement",
	"_PaymentReference": "Référence de paiement",
	"_Remittance advice attaching error": "Erreur PDF",
	"_RemittanceAdviceAvailable": "Nouvel avis de paiement disponible",
	"_TotalNetAmount": "Montant total HT",
	"_VendorAddress": "Adresse du fournisseur",
	"_VendorName": "Nom du fournisseur",
	"_VendorNumber": "Numéro fournisseur",
	"DownloadCrystalReportsDataFile": "Télécharger le fichier de données Crystal Reports",
	"Remittance Advice": "Avis de paiement"
}</process_FR>
      <process_nl-NL>{
	"_Currency": "Valuta",
	"_DocumentNumber": "Leveranciersfactuur nr.",
	"_Error attaching remittance advice": "Er is een fout opgetreden bij het genereren van de PDF met betaalbevestiging. Probeer het opnieuw. Neem contact op met uw beheerder als het probleem aanhoudt.",
	"_Information": "Betaalgegevens",
	"_InvoiceDate": "Factuurdatum",
	"_InvoiceNumber": "Klantfactuur nr.",
	"_Invoices": "Facturen",
	"_Line items": "Facturen",
	"_NetAmount": "Nettobedrag",
	"_No Payer address": "De betaalbevestiging kon niet op de portal worden gepubliceerd omdat er geen adres is dat overeenkomt met de bedrijfscode die is opgegeven in uw importbestand met betaalbevestiging. Werk uw informatie betaler bij en verzend de betaalbevestiging opnieuw.",
	"_No vendor login": "De betaalbevestiging kon niet op de portal worden gepubliceerd omdat er geen contactpersonen beschikbaar zijn voor deze leverancier. Maak een nieuwe contactpersoon leverancier aan en verzend de betaalbevestiging opnieuw.",
	"_Payee": "Informatie betaalde",
	"_Payer": "Informatie betaler",
	"_PayerAddress": "Adres betaler",
	"_PayerCompany": "Bedrijf",
	"_PayerCompanyCode": "Bedrijfscode",
	"_PaymentDate": "Betaaldatum",
	"_PaymentMethodCode": "Code betaalwijze",
	"_PaymentMethodDescription": "Betaalwijze",
	"_PaymentReference": "Betaalreferentie",
	"_Remittance advice attaching error": "Fout PDF",
	"_RemittanceAdviceAvailable": "Nieuwe betaalbevestiging beschikbaar",
	"_TotalNetAmount": "Totaal nettobedrag",
	"_VendorAddress": "Adres leverancier",
	"_VendorName": "Naam leverancier",
	"_VendorNumber": "Nummer leverancier",
	"DownloadCrystalReportsDataFile": "Gegevensbestand Crystal Reports downloaden",
	"Remittance Advice": "Betaalbevestiging"
}</process_nl-NL>
      <process_IT>{
	"_Currency": "Valuta",
	"_DocumentNumber": "Numero fattura fornitore",
	"_Error attaching remittance advice": "Errore durante la generazione dell'avviso di pagamento in formato PDF. Riprovare in seguito.\n\nSe il problema persiste, contattare l'amministratore.",
	"_Information": "Informazioni pagamento",
	"_InvoiceDate": "Data fattura",
	"_InvoiceNumber": "Numero fattura cliente",
	"_Invoices": "Fatture",
	"_Line items": "Fatture",
	"_NetAmount": "Importo netto",
	"_No Payer address": "Non è stato possibile pubblicare l'avviso di pagamento sul portale perché nessun indirizzo corrisponde al codice società specificato nel file di importazione degli avvisi di pagamento. Aggiornare le informazioni di pagatore e inviare nuovamente l'avviso di pagamento.",
	"_No vendor login": "Non è stato possibile pubblicare l'avviso di pagamento sul portale perché non è disponibile nessun contatto per questo fornitore. Creare un contatto fornitore e inviare nuovamente l'avviso di pagamento.",
	"_Payee": "Informazioni beneficiario",
	"_Payer": "Informazioni pagatore",
	"_PayerAddress": "Indirizzo pagatore",
	"_PayerCompany": "Società",
	"_PayerCompanyCode": "Codice società",
	"_PaymentDate": "Data pagamento",
	"_PaymentMethodCode": "Codice metodo di pagamento",
	"_PaymentMethodDescription": "Metodo di pagamento",
	"_PaymentReference": "Riferimento pagamento",
	"_Remittance advice attaching error": "Errore PDF",
	"_RemittanceAdviceAvailable": "Nuovo avviso di pagamento disponibile",
	"_TotalNetAmount": "Importo totale netto",
	"_VendorAddress": "Indirizzo fornitore",
	"_VendorName": "Nome fornitore",
	"_VendorNumber": "Numero fornitore",
	"DownloadCrystalReportsDataFile": "Scarica il file dati Crystal Reports",
	"Remittance Advice": "Avviso di pagamento"
}</process_IT>
      <process_ZH-CN>{
	"_Currency": "货币",
	"_DocumentNumber": "供应商账单发票 #",
	"_Error attaching remittance advice": "生成汇款通知 PDF 时发生错误，请重试。\n\n如果持续出错，请联系管理员。",
	"_Information": "付款信息",
	"_InvoiceDate": "账单发票日期",
	"_InvoiceNumber": "客户账单发票 #",
	"_Invoices": "账单发票",
	"_Line items": "账单发票",
	"_NetAmount": "净额",
	"_No Payer address": "没有与汇款通知导入文件中指定的公司代码相匹配的地址，无法在门户上发布汇款通知。请更新付款人信息并重新提交汇款通知。",
	"_No vendor login": "该供应商没有可用的联系人，无法在门户上发布汇款通知。请新建供应商联系人并重新提交汇款通知。",
	"_Payee": "收款人信息",
	"_Payer": "付款人信息",
	"_PayerAddress": "付款人地址",
	"_PayerCompany": "公司",
	"_PayerCompanyCode": "公司代码",
	"_PaymentDate": "付款日期",
	"_PaymentMethodCode": "付款方式代码",
	"_PaymentMethodDescription": "付款方式",
	"_PaymentReference": "付款参考",
	"_Remittance advice attaching error": "PDF 错误",
	"_RemittanceAdviceAvailable": "新汇款通知就绪",
	"_TotalNetAmount": "不含税总额",
	"_VendorAddress": "供应商地址",
	"_VendorName": "供应商名称",
	"_VendorNumber": "供应商编号",
	"DownloadCrystalReportsDataFile": "下载 Crystal Reports 数据文件",
	"Remittance Advice": "汇款通知"
}</process_ZH-CN>
      <process_PT-BR>{
	"_Currency": "Moeda",
	"_DocumentNumber": "N.º de fatura de fornecedor",
	"_Error attaching remittance advice": "Ocorreu um erro ao gerar o PDF do aviso de remessa. Por favor, tente novamente. Se o problema persistir, entre em contato com seu administrador.",
	"_Information": "Informação de pagamento",
	"_InvoiceDate": "Data da fatura",
	"_InvoiceNumber": "N.º de fatura do cliente",
	"_Invoices": "Faturas",
	"_Line items": "Faturas",
	"_NetAmount": "Valor líquido",
	"_No Payer address": "Não foi possível publicar o aviso de remessa no portal porque nenhum endereço corresponde à empresa especificada no arquivo de importação do aviso de remessa. Atualize as informações do pagador e reenvie o aviso de remessa.",
	"_No vendor login": "O aviso de remessa não pôde ser publicado no portal porque não há contatos disponíveis para este fornecedor. Crie um novo contato de fornecedor e reenvie o aviso de remessa.",
	"_Payee": "Informações do beneficiário",
	"_Payer": "Informações do pagador",
	"_PayerAddress": "Endereço do pagador",
	"_PayerCompany": "Empresa",
	"_PayerCompanyCode": "Código da empresa",
	"_PaymentDate": "Data de pagamento",
	"_PaymentMethodCode": "Codificação do método de pagamento",
	"_PaymentMethodDescription": "Método de pagamento",
	"_PaymentReference": "Referência de pagamento",
	"_Remittance advice attaching error": "Erro no PDF",
	"_RemittanceAdviceAvailable": "Novos avisos de remessa disponíveis",
	"_TotalNetAmount": "Valor líquido total",
	"_VendorAddress": "Endereço do fornecedor",
	"_VendorName": "Nome do fornecedor",
	"_VendorNumber": "Número do fornecedor",
	"DownloadCrystalReportsDataFile": "Baixar o arquivo de dados do Crystal Reports",
	"Remittance Advice": "Aviso de pagamento"
}</process_PT-BR>
    </lg>
    <ocr>
      <trade-off>accurate</trade-off>
      <image-binarization>no</image-binarization>
      <image-draft-fax>no</image-draft-fax>
      <image-despeckle>no</image-despeckle>
      <allowed-language>0</allowed-language>
      <image-resolution-enhancement>auto</image-resolution-enhancement>
      <pdf-processing>no-ocr</pdf-processing>
      <ocr_engine>Nuance190</ocr_engine>
      <ocrpagestoprocess>0</ocrpagestoprocess>
      <extractionAdditionalOptions>
      </extractionAdditionalOptions>
    </ocr>
    <process>
      <flowtype>processing</flowtype>
      <ocrpreset>scan</ocrpreset>
      <homepagelabel>Remittance Advice</homepagelabel>
      <enableflexibleauditing>
      </enableflexibleauditing>
      <enableflexibleediting>
      </enableflexibleediting>
      <enableflexibleteaching>
      </enableflexibleteaching>
      <disableocr>
      </disableocr>
      <instanciable>1</instanciable>
      <disableautolearning>true</disableautolearning>
      <backgroundprocessingthreshold>
      </backgroundprocessingthreshold>
      <EnablePreviewPrecomputation>true</EnablePreviewPrecomputation>
      <enablerounddecimal>true</enablerounddecimal>
      <pdfNormalizeFilter>
      </pdfNormalizeFilter>
      <archiveDuration>0</archiveDuration>
      <ownhomepage>
      </ownhomepage>
      <ocrpagestoprocess>0</ocrpagestoprocess>
      <ScriptEngineType>2</ScriptEngineType>
      <UseActionNameWithScriptApproval>true</UseActionNameWithScriptApproval>
      <displayWidth>
      </displayWidth>
      <AllowUploadAttachment>1</AllowUploadAttachment>
      <AllowUploadReferenceDocument>1</AllowUploadReferenceDocument>
      <UseCultureFormat>true</UseCultureFormat>
      <AllowRetryExtractCD>true</AllowRetryExtractCD>
      <TransportName>CustomData</TransportName>
      <LayoutVersion>1.0</LayoutVersion>
      <printToProcess>
      </printToProcess>
    </process>
    <ui>
      <CustomScriptDebug>false</CustomScriptDebug>
      <customscriptIncludedScripts>Lib_V12.0.461.0</customscriptIncludedScripts>
      <customscriptIncludedScripts>Lib_Purchasing_V12.0.461.0</customscriptIncludedScripts>
      <customscriptIncludedScripts>Lib_Purchasing_RA_Export_V12.0.461.0</customscriptIncludedScripts>
      <customscriptIncludedScripts>Lib_CommonDialog_V12.0.461.0</customscriptIncludedScripts>
      <CustomScriptReadonly>true</CustomScriptReadonly>
      <CustomScript>///#GLOBALS Lib
Lib.CommonDialog.NextAlert.Show({});
Controls.Line_items.Hide(true);
Controls.form_content_top.Hide(true);
Controls.DownloadCrystalReportsDataFile.OnClick = function () {
    var templateInfos = Lib.Purchasing.RA.Export.GetTemplateInfos();
    if (templateInfos.fileFormat === "RPT") {
        Process.OpenPreview({
            "conversionType": "crystal",
            "templateName": templateInfos.template,
            "language": templateInfos.escapedCompanyCode,
            "outputFormat": "mdb",
            "data": function (fnDataBuildDone) {
                Lib.Purchasing.RA.Export.CreateJsonString(templateInfos, function (jsonString) {
                    fnDataBuildDone(jsonString);
                });
            }
        });
    }
    return false;
};
Controls.PayerCompany__.OnSelectItem = function (item) {
    Controls.PayerCompanyCode__.SetValue(item.GetValue("CompanyCode__"));
    // @TODO recompute the payer address
};
Controls.VendorName__.OnSelectItem = function (item) {
    Controls.VendorNumber__.SetValue(item.GetValue("Number__"));
    // @TODO recompute the vendor address
};
</CustomScript>
      <layout>{
	"*": {
		"GDRData": {
			"type": "GDRData",
			"options": {
				"version": 0
			},
			"stamp": 1,
			"data": []
		},
		"OCRParams": {
			"type": "OCRParams",
			"options": {
				"version": 0
			},
			"stamp": 2,
			"data": []
		},
		"Screen": {
			"type": "FlexibleFormLayout",
			"options": {
				"splitterType": "complex",
				"version": 0,
				"maxwidth": "",
				"backColor": "text-backgroundcolor-color7",
				"style": "FlexibleFormLight"
			},
			"*": {
				"form-header": {
					"type": "FlexibleFormHeader",
					"options": {
						"hidePanelsMenu": true,
						"hideDesignButton": true,
						"version": 0,
						"maxwidth": ""
					},
					"stamp": 3,
					"data": []
				},
				"form-center": {
					"type": "FlexibleFormCenter",
					"options": {
						"version": 0,
						"maxwidth": ""
					},
					"*": {
						"form-content": {
							"type": "FlexibleFormContent",
							"options": {
								"version": 0
							},
							"*": {
								"form-content-top": {
									"type": "FlexibleFormSplitter",
									"options": {
										"autosize": true,
										"version": 1,
										"box": {
											"top": "0%",
											"left": "0%",
											"width": null,
											"height": "22%"
										},
										"hidden": false
									},
									"*": {
										"form-content-top-1": {
											"type": "FlexibleFormLine",
											"options": {
												"version": 0
											},
											"*": {
												"DocumentsPanel": {
													"type": "PanelDocument",
													"options": {
														"version": 0,
														"border": {},
														"labelLength": 0,
														"iconURL": "",
														"TitleFontSize": "S",
														"hideActionButtons": false,
														"hideTitleBar": false,
														"hideTitle": false,
														"label": "_Documents"
													},
													"*": {
														"Document": {
															"data": [
																"documentscontroldata"
															],
															"type": "Documents",
															"options": {
																"version": 0
															},
															"stamp": 4
														}
													},
													"stamp": 5,
													"data": []
												}
											},
											"stamp": 6,
											"data": []
										}
									},
									"stamp": 7,
									"data": []
								},
								"form-content-bottom": {
									"type": "FlexibleFormSplitter",
									"options": {
										"version": 1,
										"box": {
											"top": 0,
											"left": 0,
											"width": 100,
											"height": 100
										},
										"hidden": false,
										"hideSeparator": true
									},
									"*": {
										"form-content-left": {
											"type": "FlexibleFormSplitter",
											"options": {
												"version": 1,
												"box": {
													"top": "0%",
													"left": "0%",
													"width": "45%",
													"height": null
												},
												"hidden": false
											},
											"*": {
												"form-content-left-1": {
													"type": "FlexibleFormLine",
													"data": [],
													"options": {
														"version": 0
													},
													"stamp": 8,
													"*": {
														"PreviewPanel": {
															"type": "PanelPreview",
															"options": {
																"border": {},
																"version": 0,
																"labelLength": 0,
																"iconURL": "",
																"TitleFontSize": "S",
																"hideActionButtons": false,
																"hideTitleBar": false,
																"hideTitle": false,
																"label": "_Document Preview",
																"hidden": false
															},
															"*": {
																"Preview": {
																	"data": [
																		"previewdata"
																	],
																	"type": "Preview",
																	"options": {
																		"version": 0
																	},
																	"stamp": 9
																}
															},
															"stamp": 10,
															"data": []
														}
													}
												}
											},
											"stamp": 11,
											"data": []
										},
										"form-content-right": {
											"type": "FlexibleFormSplitter",
											"options": {
												"version": 1,
												"box": {
													"top": 0,
													"left": 45,
													"width": 55,
													"height": 100
												},
												"hidden": false
											},
											"*": {
												"form-content-right-1": {
													"type": "FlexibleFormLine",
													"options": {
														"version": 0
													},
													"*": {
														"Payer": {
															"type": "PanelData",
															"options": {
																"border": {
																	"collapsed": false
																},
																"version": 0,
																"iconURL": "",
																"TitleFontSize": "S",
																"hideActionButtons": true,
																"hideTitleBar": false,
																"hideTitle": false,
																"backgroundcolor": "default",
																"labelsAlignment": "right",
																"label": "_Payer",
																"leftImageURL": "",
																"removeMargins": false,
																"elementsAlignment": "left",
																"hidden": false,
																"labelLength": "30%"
															},
															"*": {
																"FieldsManager": {
																	"type": "FieldsManager",
																	"options": {
																		"controlsAssociation": {
																			"PayerCompany__": "LabelPayerCompany__",
																			"LabelPayerCompany__": "PayerCompany__",
																			"PayerCompanyCode__": "LabelPayerCompanyCode__",
																			"LabelPayerCompanyCode__": "PayerCompanyCode__",
																			"PayerContact__": "LabelPayerContact__",
																			"LabelPayerContact__": "PayerContact__",
																			"PayerAddress__": "LabelPayerAddress__",
																			"LabelPayerAddress__": "PayerAddress__",
																			"restored_PaymentDate__": "restored_PaymentDate___label__",
																			"restored_PaymentDate___label__": "restored_PaymentDate__",
																			"restored_VendorAddress__": "restored_VendorAddress___label__",
																			"restored_VendorAddress___label__": "restored_VendorAddress__",
																			"restored_VendorName__": "restored_VendorName___label__",
																			"restored_VendorName___label__": "restored_VendorName__",
																			"restored_VendorNumber__": "restored_VendorNumber___label__",
																			"restored_VendorNumber___label__": "restored_VendorNumber__"
																		},
																		"version": 0
																	},
																	"*": {
																		"Grid": {
																			"type": "GridLayout",
																			"options": {
																				"lines": 3,
																				"columns": 2,
																				"version": 0,
																				"ctrlsPos": {
																					"PayerCompany__": {
																						"line": 2,
																						"column": 2
																					},
																					"LabelPayerCompany__": {
																						"line": 2,
																						"column": 1
																					},
																					"PayerCompanyCode__": {
																						"line": 1,
																						"column": 2
																					},
																					"LabelPayerCompanyCode__": {
																						"line": 1,
																						"column": 1
																					},
																					"PayerAddress__": {
																						"line": 3,
																						"column": 2
																					},
																					"LabelPayerAddress__": {
																						"line": 3,
																						"column": 1
																					}
																				},
																				"colspans": [
																					[],
																					[],
																					[]
																				]
																			},
																			"data": [
																				"fields"
																			],
																			"*": {
																				"LabelPayerCompanyCode__": {
																					"type": "Label",
																					"data": [
																						"PayerCompanyCode__"
																					],
																					"options": {
																						"label": "_PayerCompanyCode",
																						"version": 0,
																						"hidden": true
																					},
																					"stamp": 12
																				},
																				"PayerCompanyCode__": {
																					"type": "ShortText",
																					"data": [
																						"PayerCompanyCode__"
																					],
																					"options": {
																						"textSize": "S",
																						"textAlignment": "left",
																						"textStyle": "default",
																						"textColor": "default",
																						"version": 1,
																						"label": "_PayerCompanyCode",
																						"activable": true,
																						"width": 230,
																						"helpText": "",
																						"helpURL": "",
																						"helpFormat": "HTML Format",
																						"hidden": true,
																						"browsable": false
																					},
																					"stamp": 13
																				},
																				"LabelPayerCompany__": {
																					"type": "Label",
																					"data": [
																						"PayerCompany__"
																					],
																					"options": {
																						"label": "_PayerCompany",
																						"version": 0
																					},
																					"stamp": 14
																				},
																				"PayerCompany__": {
																					"type": "DatabaseComboBox",
																					"data": [
																						"PayerCompany__"
																					],
																					"options": {
																						"version": 1,
																						"autoCompleteSearchMode": "startswith",
																						"searchMode": "contains",
																						"label": "_PayerCompany",
																						"activable": true,
																						"width": 230,
																						"helpText": "",
																						"helpURL": "",
																						"helpFormat": "HTML Format",
																						"minNbLines": 1,
																						"maxNbLines": 1,
																						"fTSmaxRecords": "20",
																						"browsable": true
																					},
																					"stamp": 15
																				},
																				"LabelPayerAddress__": {
																					"type": "Label",
																					"data": [
																						"PayerAddress__"
																					],
																					"options": {
																						"label": "_PayerAddress",
																						"version": 0
																					},
																					"stamp": 16
																				},
																				"PayerAddress__": {
																					"type": "LongText",
																					"data": [
																						"PayerAddress__"
																					],
																					"options": {
																						"textSize": "S",
																						"textAlignment": "left",
																						"textStyle": "default",
																						"textColor": "default",
																						"version": 1,
																						"minNbLines": 4,
																						"label": "_PayerAddress",
																						"activable": true,
																						"width": "275",
																						"helpText": "",
																						"helpURL": "",
																						"helpFormat": "HTML Format",
																						"numberOfLines": 4,
																						"readonly": true,
																						"browsable": false
																					},
																					"stamp": 17
																				}
																			},
																			"stamp": 18
																		}
																	},
																	"stamp": 19,
																	"data": []
																}
															},
															"stamp": 20,
															"data": []
														}
													},
													"stamp": 21,
													"data": []
												},
												"form-content-right-3": {
													"type": "FlexibleFormLine",
													"data": [],
													"options": {
														"version": 0
													},
													"stamp": 22,
													"*": {
														"Payee": {
															"type": "PanelData",
															"data": [],
															"options": {
																"border": {},
																"iconURL": "",
																"TitleFontSize": "S",
																"hideActionButtons": true,
																"hideTitleBar": false,
																"hideTitle": false,
																"backgroundcolor": "default",
																"labelsAlignment": "right",
																"label": "_Payee",
																"hidden": false,
																"leftImageURL": "",
																"removeMargins": false,
																"elementsAlignment": "left",
																"version": 0,
																"labelLength": "30%"
															},
															"stamp": 23,
															"*": {
																"FieldsManager": {
																	"type": "FieldsManager",
																	"data": [],
																	"options": {
																		"controlsAssociation": {
																			"LabelVendorName__": "VendorName__",
																			"VendorName__": "LabelVendorName__",
																			"LabelVendorAddress__": "VendorAddress__",
																			"VendorAddress__": "LabelVendorAddress__",
																			"LabelVendorNumber__": "VendorNumber__",
																			"VendorNumber__": "LabelVendorNumber__"
																		},
																		"version": 0
																	},
																	"stamp": 24,
																	"*": {
																		"Grid": {
																			"type": "GridLayout",
																			"data": [
																				"fields"
																			],
																			"options": {
																				"ctrlsPos": {
																					"LabelVendorName__": {
																						"line": 2,
																						"column": 1
																					},
																					"VendorName__": {
																						"line": 2,
																						"column": 2
																					},
																					"LabelVendorAddress__": {
																						"line": 3,
																						"column": 1
																					},
																					"VendorAddress__": {
																						"line": 3,
																						"column": 2
																					},
																					"LabelVendorNumber__": {
																						"line": 1,
																						"column": 1
																					},
																					"VendorNumber__": {
																						"line": 1,
																						"column": 2
																					}
																				},
																				"lines": 3,
																				"columns": 2,
																				"colspans": [
																					[],
																					[],
																					[]
																				],
																				"version": 0
																			},
																			"stamp": 25,
																			"*": {
																				"VendorAddress__": {
																					"type": "LongText",
																					"data": [
																						"VendorAddress__"
																					],
																					"options": {
																						"textSize": "S",
																						"textAlignment": "left",
																						"textStyle": "default",
																						"textColor": "default",
																						"version": 1,
																						"minNbLines": 3,
																						"label": "_VendorAddress",
																						"activable": true,
																						"width": 230,
																						"helpText": "",
																						"helpURL": "",
																						"helpFormat": "HTML Format",
																						"browsable": false
																					},
																					"stamp": 26
																				},
																				"LabelVendorNumber__": {
																					"type": "Label",
																					"data": [
																						"VendorNumber__"
																					],
																					"options": {
																						"label": "_VendorNumber",
																						"version": 0
																					},
																					"stamp": 27
																				},
																				"LabelVendorName__": {
																					"type": "Label",
																					"data": [
																						"VendorName__"
																					],
																					"options": {
																						"label": "_VendorName",
																						"version": 0
																					},
																					"stamp": 28
																				},
																				"LabelVendorAddress__": {
																					"type": "Label",
																					"data": [
																						"VendorAddress__"
																					],
																					"options": {
																						"label": "_VendorAddress",
																						"version": 0
																					},
																					"stamp": 29
																				},
																				"VendorName__": {
																					"type": "DatabaseComboBox",
																					"data": [
																						"VendorName__"
																					],
																					"options": {
																						"version": 1,
																						"autoCompleteSearchMode": "startswith",
																						"searchMode": "contains",
																						"label": "_VendorName",
																						"activable": true,
																						"width": 230,
																						"helpText": "",
																						"helpURL": "",
																						"helpFormat": "HTML Format",
																						"minNbLines": 1,
																						"maxNbLines": 1,
																						"fTSmaxRecords": "20",
																						"browsable": true
																					},
																					"stamp": 30
																				},
																				"VendorNumber__": {
																					"type": "DatabaseComboBox",
																					"data": [
																						"VendorNumber__"
																					],
																					"options": {
																						"version": 1,
																						"autoCompleteSearchMode": "startswith",
																						"searchMode": "contains",
																						"label": "_VendorNumber",
																						"activable": true,
																						"width": 230,
																						"helpText": "",
																						"helpURL": "",
																						"helpFormat": "HTML Format",
																						"minNbLines": 1,
																						"maxNbLines": 1,
																						"fTSmaxRecords": "20",
																						"browsable": true
																					},
																					"stamp": 31
																				}
																			}
																		}
																	}
																}
															}
														}
													}
												},
												"form-content-right-5": {
													"type": "FlexibleFormLine",
													"data": [],
													"options": {
														"version": 0
													},
													"stamp": 32,
													"*": {
														"Information": {
															"type": "PanelData",
															"data": [],
															"options": {
																"border": {},
																"iconURL": "",
																"TitleFontSize": "S",
																"hideActionButtons": true,
																"hideTitleBar": false,
																"hideTitle": false,
																"backgroundcolor": "default",
																"labelsAlignment": "right",
																"label": "_Information",
																"hidden": false,
																"leftImageURL": "",
																"removeMargins": false,
																"elementsAlignment": "left",
																"version": 0,
																"labelLength": "30%"
															},
															"stamp": 33,
															"*": {
																"FieldsManager": {
																	"type": "FieldsManager",
																	"data": [],
																	"options": {
																		"controlsAssociation": {
																			"CreationDate__": "LabelCreationDate__",
																			"LabelCreationDate__": "CreationDate__",
																			"EffectiveDate__": "LabelEffectiveDate__",
																			"LabelEffectiveDate__": "EffectiveDate__",
																			"TotalNetAmount__": "LabelTotalNetAmount__",
																			"LabelTotalNetAmount__": "TotalNetAmount__",
																			"Currency__": "LabelCurrency__",
																			"LabelCurrency__": "Currency__",
																			"PaymentMethodDescription__": "LabelPaymentMethodDescription__",
																			"LabelPaymentMethodDescription__": "PaymentMethodDescription__",
																			"PaymentMethodCode__": "LabelPaymentMethodCode__",
																			"LabelPaymentMethodCode__": "PaymentMethodCode__",
																			"PaymentDate__": "LabelPaymentDate__",
																			"LabelPaymentDate__": "PaymentDate__",
																			"PaymentReference__": "LabelPaymentReference__",
																			"LabelPaymentReference__": "PaymentReference__"
																		},
																		"version": 0
																	},
																	"stamp": 34,
																	"*": {
																		"Grid": {
																			"type": "GridLayout",
																			"data": [
																				"fields"
																			],
																			"options": {
																				"ctrlsPos": {
																					"TotalNetAmount__": {
																						"line": 5,
																						"column": 2
																					},
																					"LabelTotalNetAmount__": {
																						"line": 5,
																						"column": 1
																					},
																					"Currency__": {
																						"line": 6,
																						"column": 2
																					},
																					"LabelCurrency__": {
																						"line": 6,
																						"column": 1
																					},
																					"PaymentMethodDescription__": {
																						"line": 3,
																						"column": 2
																					},
																					"LabelPaymentMethodDescription__": {
																						"line": 3,
																						"column": 1
																					},
																					"PaymentMethodCode__": {
																						"line": 2,
																						"column": 2
																					},
																					"LabelPaymentMethodCode__": {
																						"line": 2,
																						"column": 1
																					},
																					"PaymentDate__": {
																						"line": 4,
																						"column": 2
																					},
																					"LabelPaymentDate__": {
																						"line": 4,
																						"column": 1
																					},
																					"PaymentReference__": {
																						"line": 1,
																						"column": 2
																					},
																					"LabelPaymentReference__": {
																						"line": 1,
																						"column": 1
																					}
																				},
																				"lines": 6,
																				"columns": 2,
																				"colspans": [
																					[],
																					[],
																					[],
																					[],
																					[],
																					[]
																				],
																				"version": 0
																			},
																			"stamp": 35,
																			"*": {
																				"LabelPaymentReference__": {
																					"type": "Label",
																					"data": [
																						"PaymentReference__"
																					],
																					"options": {
																						"label": "_PaymentReference"
																					},
																					"stamp": 36
																				},
																				"PaymentReference__": {
																					"type": "ShortText",
																					"data": [
																						"PaymentReference__"
																					],
																					"options": {
																						"textSize": "S",
																						"textAlignment": "left",
																						"textStyle": "default",
																						"textColor": "default",
																						"version": 1,
																						"label": "_PaymentReference",
																						"activable": true,
																						"width": 230,
																						"helpText": "",
																						"helpURL": "",
																						"helpFormat": "HTML Format",
																						"browsable": false
																					},
																					"stamp": 37
																				},
																				"LabelPaymentMethodCode__": {
																					"type": "Label",
																					"data": [
																						"PaymentMethodCode__"
																					],
																					"options": {
																						"label": "_PaymentMethodCode",
																						"version": 0,
																						"hidden": true
																					},
																					"stamp": 38
																				},
																				"PaymentMethodCode__": {
																					"type": "ShortText",
																					"data": [
																						"PaymentMethodCode__"
																					],
																					"options": {
																						"textSize": "S",
																						"textAlignment": "left",
																						"textStyle": "default",
																						"textColor": "default",
																						"version": 1,
																						"label": "_PaymentMethodCode",
																						"activable": true,
																						"width": 230,
																						"helpText": "",
																						"helpURL": "",
																						"helpFormat": "HTML Format",
																						"hidden": true,
																						"browsable": false
																					},
																					"stamp": 39
																				},
																				"LabelPaymentMethodDescription__": {
																					"type": "Label",
																					"data": [
																						"PaymentMethodDescription__"
																					],
																					"options": {
																						"label": "_PaymentMethodDescription",
																						"version": 0
																					},
																					"stamp": 40
																				},
																				"PaymentMethodDescription__": {
																					"type": "ShortText",
																					"data": [
																						"PaymentMethodDescription__"
																					],
																					"options": {
																						"textSize": "S",
																						"textAlignment": "left",
																						"textStyle": "default",
																						"textColor": "default",
																						"version": 1,
																						"label": "_PaymentMethodDescription",
																						"activable": true,
																						"width": 230
																					},
																					"stamp": 41
																				},
																				"LabelPaymentDate__": {
																					"type": "Label",
																					"data": [
																						"PaymentDate__"
																					],
																					"options": {
																						"label": "_PaymentDate",
																						"version": 0
																					},
																					"stamp": 42
																				},
																				"PaymentDate__": {
																					"type": "DateTime",
																					"data": [
																						"PaymentDate__"
																					],
																					"options": {
																						"displayLongFormat": false,
																						"label": "_PaymentDate",
																						"activable": true,
																						"width": 230,
																						"helpText": "",
																						"helpURL": "",
																						"helpFormat": "HTML Format",
																						"version": 0
																					},
																					"stamp": 43
																				},
																				"LabelTotalNetAmount__": {
																					"type": "Label",
																					"data": [
																						"TotalNetAmount__"
																					],
																					"options": {
																						"label": "_TotalNetAmount",
																						"version": 0
																					},
																					"stamp": 44
																				},
																				"TotalNetAmount__": {
																					"type": "Decimal",
																					"data": [
																						"TotalNetAmount__"
																					],
																					"options": {
																						"version": 2,
																						"textSize": "S",
																						"textAlignment": "left",
																						"textStyle": "default",
																						"textColor": "default",
																						"integer": false,
																						"label": "_TotalNetAmount",
																						"precision_internal": 2,
																						"precision_current": 2,
																						"activable": true,
																						"width": 230
																					},
																					"stamp": 45
																				},
																				"LabelCurrency__": {
																					"type": "Label",
																					"data": [
																						"Currency__"
																					],
																					"options": {
																						"label": "_Currency",
																						"version": 0
																					},
																					"stamp": 46
																				},
																				"Currency__": {
																					"type": "ShortText",
																					"data": [
																						"Currency__"
																					],
																					"options": {
																						"textSize": "S",
																						"textAlignment": "left",
																						"textStyle": "default",
																						"textColor": "default",
																						"version": 1,
																						"label": "_Currency",
																						"activable": true,
																						"width": 230
																					},
																					"stamp": 47
																				}
																			}
																		}
																	}
																}
															}
														}
													}
												},
												"form-content-right-7": {
													"type": "FlexibleFormLine",
													"data": [],
													"options": {
														"version": 0
													},
													"stamp": 48,
													"*": {
														"Line_items": {
															"type": "PanelData",
															"data": [],
															"options": {
																"border": {},
																"iconURL": "",
																"TitleFontSize": "S",
																"hideActionButtons": false,
																"hideTitleBar": false,
																"hideTitle": false,
																"backgroundcolor": "default",
																"labelsAlignment": "right",
																"label": "_Line items",
																"hidden": false,
																"leftImageURL": "",
																"removeMargins": false,
																"elementsAlignment": "left",
																"version": 0,
																"labelLength": "30%"
															},
															"stamp": 49,
															"*": {
																"FieldsManager": {
																	"type": "FieldsManager",
																	"data": [],
																	"options": {
																		"controlsAssociation": {},
																		"version": 0
																	},
																	"stamp": 50,
																	"*": {
																		"Grid": {
																			"type": "GridLayout",
																			"data": [
																				"fields"
																			],
																			"options": {
																				"ctrlsPos": {
																					"Table__": {
																						"line": 1,
																						"column": 1
																					}
																				},
																				"lines": 1,
																				"columns": 2,
																				"colspans": [
																					[
																						{
																							"index": 0,
																							"length": 2
																						}
																					]
																				],
																				"version": 0
																			},
																			"stamp": 51,
																			"*": {
																				"Table__": {
																					"type": "Table",
																					"data": [
																						"Table__"
																					],
																					"options": {
																						"version": 5,
																						"lines": 10,
																						"columns": 4,
																						"displayEmptyLines": false,
																						"alwaysOneLine": true,
																						"menuOptions": {
																							"disableInsertLine": false,
																							"disableAddLine": false,
																							"hideTopNavigation": false,
																							"hideBottomNavigation": false,
																							"hideTableRowMenu": false,
																							"hideTableRowDelete": true,
																							"hideTableRowAdd": true,
																							"hideTableRowDuplicate": true,
																							"addButtonShouldInsert": false,
																							"hideTableRowButtonDuplicate": true
																						},
																						"item": {
																							"display": null
																						},
																						"group": {
																							"name": "GDR\nPage"
																						},
																						"label": "_Invoices"
																					},
																					"stamp": 52,
																					"*": {
																						"Actions": {
																							"type": "$TableActions",
																							"subtype": "Actions",
																							"options": {
																								"version": 0
																							},
																							"stamp": 53,
																							"*": {
																								"Top": {
																									"type": "$TableActions",
																									"subtype": "Top",
																									"options": {
																										"version": 0
																									},
																									"stamp": 54
																								},
																								"Bottom": {
																									"type": "$TableActions",
																									"subtype": "Top",
																									"options": {
																										"version": 0
																									},
																									"stamp": 55
																								}
																							}
																						},
																						"Header": {
																							"type": "$TableRow",
																							"subtype": "Header",
																							"options": {
																								"version": 0
																							},
																							"stamp": 56,
																							"data": [
																								null
																							],
																							"*": {
																								"Cell1": {
																									"type": "$TableCell",
																									"subtype": "Cell",
																									"options": {
																										"version": 0
																									},
																									"stamp": 57,
																									"data": [],
																									"*": {
																										"DocumentNumber__": {
																											"type": "Label",
																											"data": [
																												"DocumentNumber__"
																											],
																											"options": {
																												"label": "_DocumentNumber",
																												"version": 0
																											},
																											"stamp": 58,
																											"position": [
																												"_ShortText"
																											]
																										}
																									}
																								},
																								"Cell2": {
																									"type": "$TableCell",
																									"subtype": "Cell",
																									"options": {
																										"version": 0
																									},
																									"stamp": 59,
																									"data": [],
																									"*": {
																										"InvoiceNumber__": {
																											"type": "Label",
																											"data": [
																												"InvoiceNumber__"
																											],
																											"options": {
																												"label": "_InvoiceNumber",
																												"version": 0
																											},
																											"stamp": 60,
																											"position": [
																												"_ShortText"
																											]
																										}
																									}
																								},
																								"Cell3": {
																									"type": "$TableCell",
																									"subtype": "Cell",
																									"options": {
																										"version": 0
																									},
																									"stamp": 61,
																									"data": [],
																									"*": {
																										"InvoiceDate__": {
																											"type": "Label",
																											"data": [
																												"InvoiceDate__"
																											],
																											"options": {
																												"label": "_InvoiceDate",
																												"version": 0
																											},
																											"stamp": 62,
																											"position": [
																												"_DateTime"
																											]
																										}
																									}
																								},
																								"Cell4": {
																									"type": "$TableCell",
																									"subtype": "Cell",
																									"options": {
																										"version": 0
																									},
																									"stamp": 63,
																									"data": [],
																									"*": {
																										"NetAmount__": {
																											"type": "Label",
																											"data": [
																												"NetAmount__"
																											],
																											"options": {
																												"label": "_NetAmount",
																												"version": 0
																											},
																											"stamp": 64,
																											"position": [
																												"_Decimal"
																											]
																										}
																									}
																								}
																							}
																						},
																						"Clipboard": {
																							"type": "$TableRow",
																							"subtype": "Clipboard",
																							"options": {
																								"version": 0
																							},
																							"stamp": 65,
																							"data": [
																								null
																							],
																							"*": {
																								"Cell1": {
																									"type": "$TableCell",
																									"subtype": "Cell",
																									"options": {
																										"version": 0
																									},
																									"stamp": 66,
																									"data": [],
																									"*": {
																										"DocumentNumber__": {
																											"type": "ShortText",
																											"data": [
																												"DocumentNumber__"
																											],
																											"options": {
																												"textSize": "S",
																												"textAlignment": "left",
																												"textStyle": "default",
																												"textColor": "default",
																												"version": 1,
																												"label": "_DocumentNumber",
																												"activable": true,
																												"width": 140,
																												"helpText": "",
																												"helpURL": "",
																												"helpFormat": "HTML Format",
																												"readonly": true,
																												"browsable": false
																											},
																											"stamp": 67,
																											"position": [
																												"_ShortText"
																											]
																										}
																									}
																								},
																								"Cell2": {
																									"type": "$TableCell",
																									"subtype": "Cell",
																									"options": {
																										"version": 0
																									},
																									"stamp": 68,
																									"data": [],
																									"*": {
																										"InvoiceNumber__": {
																											"type": "ShortText",
																											"data": [
																												"InvoiceNumber__"
																											],
																											"options": {
																												"textSize": "S",
																												"textAlignment": "left",
																												"textStyle": "default",
																												"textColor": "default",
																												"version": 1,
																												"label": "_InvoiceNumber",
																												"activable": true,
																												"width": 140,
																												"helpText": "",
																												"helpURL": "",
																												"helpFormat": "HTML Format",
																												"readonly": true,
																												"browsable": false
																											},
																											"stamp": 69,
																											"position": [
																												"_ShortText"
																											]
																										}
																									}
																								},
																								"Cell3": {
																									"type": "$TableCell",
																									"subtype": "Cell",
																									"options": {
																										"version": 0
																									},
																									"stamp": 70,
																									"data": [],
																									"*": {
																										"InvoiceDate__": {
																											"type": "DateTime",
																											"data": [
																												"InvoiceDate__"
																											],
																											"options": {
																												"displayLongFormat": false,
																												"label": "_InvoiceDate",
																												"activable": true,
																												"width": 140,
																												"helpText": "",
																												"helpURL": "",
																												"helpFormat": "HTML Format",
																												"readonly": true,
																												"version": 0
																											},
																											"stamp": 71,
																											"position": [
																												"_DateTime"
																											]
																										}
																									}
																								},
																								"Cell4": {
																									"type": "$TableCell",
																									"subtype": "Cell",
																									"options": {
																										"version": 0
																									},
																									"stamp": 72,
																									"data": [],
																									"*": {
																										"NetAmount__": {
																											"type": "Decimal",
																											"data": [
																												"NetAmount__"
																											],
																											"options": {
																												"version": 2,
																												"textSize": "S",
																												"textAlignment": "right",
																												"textStyle": "default",
																												"textColor": "default",
																												"integer": false,
																												"label": "_NetAmount",
																												"precision_internal": 2,
																												"precision_current": 2,
																												"activable": true,
																												"width": 140,
																												"helpText": "",
																												"helpURL": "",
																												"helpFormat": "HTML Format",
																												"enablePlusMinus": false,
																												"readonly": true
																											},
																											"stamp": 73,
																											"position": [
																												"_Decimal"
																											]
																										}
																									}
																								}
																							}
																						}
																					}
																				}
																			}
																		}
																	}
																}
															}
														}
													}
												},
												"form-content-right-9": {
													"type": "FlexibleFormLine",
													"data": [],
													"options": {
														"version": 0
													},
													"stamp": 74,
													"*": {
														"NextProcess": {
															"type": "PanelNextProcess",
															"options": {
																"hidden": true,
																"version": 0,
																"border": {},
																"labelLength": 0,
																"iconURL": "",
																"TitleFontSize": "S",
																"hideActionButtons": false,
																"hideTitleBar": false,
																"hideTitle": false,
																"label": "_Next Process"
															},
															"stamp": 75,
															"data": []
														}
													}
												},
												"form-content-right-11": {
													"type": "FlexibleFormLine",
													"data": [],
													"options": {
														"version": 0
													},
													"stamp": 76,
													"*": {
														"SystemData": {
															"type": "PanelSystemData",
															"options": {
																"multicolumn": false,
																"version": 0,
																"border": {
																	"maximized": false
																},
																"labelLength": 0,
																"iconURL": "",
																"TitleFontSize": "S",
																"hideActionButtons": false,
																"hideTitleBar": false,
																"hideTitle": false,
																"label": "_System data",
																"hidden": true
															},
															"stamp": 77,
															"data": []
														}
													}
												}
											},
											"stamp": 78,
											"data": []
										}
									},
									"stamp": 79,
									"data": []
								}
							},
							"stamp": 80,
							"data": []
						}
					},
					"stamp": 81,
					"data": []
				},
				"form-footer": {
					"type": "FlexibleFormFooter",
					"options": {
						"splitterType": "simple-h",
						"version": 0,
						"maxwidth": ""
					},
					"*": {
						"Save": {
							"type": "SubmitButton",
							"options": {
								"label": "_Save",
								"action": "save",
								"submit": true,
								"version": 0,
								"textPosition": "text-right",
								"textSize": "MS",
								"textStyle": "default",
								"textColor": "color1",
								"nextprocess": {
									"processName": "AP - Application Settings Wizard",
									"attachmentsMode": "all",
									"willBeChild": true,
									"returnToOriginalUrl": false
								},
								"urlImageOverlay": "",
								"url": "",
								"position": null,
								"hidden": true
							},
							"stamp": 82,
							"data": []
						},
						"Approve": {
							"type": "SubmitButton",
							"options": {
								"label": "_Approve",
								"action": "approve",
								"submit": true,
								"version": 0,
								"textPosition": "text-right",
								"textSize": "MS",
								"textStyle": "default",
								"textColor": "color1",
								"nextprocess": {
									"processName": "AP - Application Settings Wizard",
									"attachmentsMode": "all",
									"willBeChild": true,
									"returnToOriginalUrl": false
								},
								"urlImageOverlay": "",
								"url": "",
								"position": null,
								"hidden": true
							},
							"stamp": 83,
							"data": []
						},
						"Reject": {
							"type": "SubmitButton",
							"options": {
								"label": "_Reject",
								"action": "reject",
								"submit": true,
								"version": 0,
								"textPosition": "text-right",
								"textSize": "MS",
								"textStyle": "default",
								"textColor": "color1",
								"nextprocess": {
									"processName": "AP - Application Settings Wizard",
									"attachmentsMode": "all",
									"willBeChild": true,
									"returnToOriginalUrl": false
								},
								"urlImageOverlay": "",
								"url": "",
								"position": null,
								"hidden": true
							},
							"stamp": 84,
							"data": []
						},
						"Reprocess": {
							"type": "SubmitButton",
							"options": {
								"label": "_Reprocess",
								"action": "reprocess",
								"submit": true,
								"version": 0,
								"textPosition": "text-right",
								"textSize": "MS",
								"textStyle": "default",
								"textColor": "color1",
								"nextprocess": {
									"processName": "AP - Application Settings Wizard",
									"attachmentsMode": "all",
									"willBeChild": true,
									"returnToOriginalUrl": false
								},
								"urlImageOverlay": "",
								"url": "",
								"position": null,
								"hidden": true
							},
							"stamp": 85,
							"data": []
						},
						"Close": {
							"type": "SubmitButton",
							"options": {
								"label": "_Close",
								"action": "cancel",
								"submit": true,
								"version": 0
							},
							"stamp": 86,
							"data": []
						},
						"DownloadCrystalReportsDataFile": {
							"type": "SubmitButton",
							"data": false,
							"options": {
								"label": "DownloadCrystalReportsDataFile",
								"textPosition": "text-right",
								"textSize": "MS",
								"textStyle": "default",
								"textColor": "color1",
								"nextprocess": {
									"processName": "AP - Application Settings Wizard",
									"attachmentsMode": "all",
									"willBeChild": true,
									"returnToOriginalUrl": false
								},
								"urlImageOverlay": "",
								"url": "",
								"position": null,
								"hidden": true,
								"action": "none",
								"version": 0
							},
							"stamp": 87
						}
					},
					"stamp": 88,
					"data": []
				}
			},
			"stamp": 89,
			"data": []
		}
	},
	"stamps": 89,
	"data": []
}</layout>
    </ui>
  </properties>
  <field deleted="0" format="" guid="JTU2FP000IYP" id="W62652000SG7" label="_Currency" length="50" name="Currency__" originalProcessID="CTU2FP000IYP" precision="0" processid="V62652000SG7" submitable="1" type="STR">
    <properties>
      <db>
        <alias>AW62652000SG7</alias>
        <noxml>1</noxml>
        <fullname>/job/processfields/Currency__</fullname>
        <defaultvalue>
        </defaultvalue>
        <RecordLastWrite>2022-10-25 17:08:47</RecordLastWrite>
      </db>
      <extrainfo>
        <Label>_Currency</Label>
        <Alias>AW62652000SG7</Alias>
        <ProcessFieldVersion vartype="INT">1</ProcessFieldVersion>
      </extrainfo>
      <gdr>
        <VarType>Area</VarType>
        <DisableAutolearn>1</DisableAutolearn>
      </gdr>
      <ui>
        <_type>String</_type>
        <automatic>true</automatic>
      </ui>
    </properties>
  </field>
  <field deleted="0" format="" guid="FTU2FP000IYP" id="X62652000SG7" label="_PayerAddress" length="32766" name="PayerAddress__" originalProcessID="CTU2FP000IYP" precision="0" processid="V62652000SG7" submitable="1" type="STR">
    <properties>
      <db>
        <alias>AX62652000SG7</alias>
        <noxml>1</noxml>
        <fullname>/job/processfields/PayerAddress__</fullname>
        <defaultvalue>
        </defaultvalue>
        <RecordLastWrite>2022-10-25 17:08:47</RecordLastWrite>
      </db>
      <extrainfo>
        <Label>_PayerAddress</Label>
        <Alias>AX62652000SG7</Alias>
        <ProcessFieldVersion vartype="INT">1</ProcessFieldVersion>
      </extrainfo>
      <gdr>
        <DisableAutolearn>1</DisableAutolearn>
      </gdr>
      <help>
        <helpData>{"helpText":"","helpURL":"","helpFormat":"HTML Format"}</helpData>
      </help>
      <ui>
        <_type>String</_type>
        <automatic>true</automatic>
      </ui>
    </properties>
  </field>
  <field deleted="0" format="" guid="ETU2FP000IYP" id="Z62652000SG7" label="_PayerCompanyCode" length="50" name="PayerCompanyCode__" originalProcessID="CTU2FP000IYP" precision="0" processid="V62652000SG7" submitable="1" type="STR">
    <properties>
      <db>
        <alias>AZ62652000SG7</alias>
        <noxml>1</noxml>
        <fullname>/job/processfields/PayerCompanyCode__</fullname>
        <defaultvalue>
        </defaultvalue>
        <RecordLastWrite>2022-10-25 17:08:47</RecordLastWrite>
      </db>
      <extrainfo>
        <Label>_PayerCompanyCode</Label>
        <Alias>AZ62652000SG7</Alias>
        <ProcessFieldVersion vartype="INT">1</ProcessFieldVersion>
      </extrainfo>
      <gdr>
        <VarType>Area</VarType>
        <DisableAutolearn>1</DisableAutolearn>
      </gdr>
      <ui>
        <_type>String</_type>
        <automatic>true</automatic>
      </ui>
    </properties>
  </field>
  <field deleted="0" format="" guid="DTU2FP000IYP" id="Y62652000SG7" label="_PayerCompany" length="50" name="PayerCompany__" originalProcessID="CTU2FP000IYP" precision="0" processid="V62652000SG7" submitable="1" type="STR">
    <properties>
      <db>
        <alias>AY62652000SG7</alias>
        <noxml>1</noxml>
        <fullname>/job/processfields/PayerCompany__</fullname>
        <defaultvalue>
        </defaultvalue>
        <RecordLastWrite>2022-10-25 17:08:47</RecordLastWrite>
      </db>
      <extrainfo>
        <Label>_PayerCompany</Label>
        <Alias>AY62652000SG7</Alias>
        <ProcessFieldVersion vartype="INT">1</ProcessFieldVersion>
      </extrainfo>
      <field>
        <Editable>true</Editable>
        <TableName>CT#ECW552000SG7</TableName>
        <SortOrder>
        </SortOrder>
        <DisplayedColumns>CompanyName__|CompanyCode__</DisplayedColumns>
        <DisplayedColumnsIds>
        </DisplayedColumnsIds>
        <UseTableForAutolearn>false</UseTableForAutolearn>
        <SavedColumn>CompanyName__</SavedColumn>
        <SavedColumnId>
        </SavedColumnId>
        <ProcessName>PurchasingCompanycodes__</ProcessName>
        <KeyColumnId>CompanyCode__</KeyColumnId>
        <KeyAttribute>PayerCompanyCode__</KeyAttribute>
        <CustomFilter>
        </CustomFilter>
      </field>
      <gdr>
        <DisableAutolearn>1</DisableAutolearn>
      </gdr>
      <help>
        <helpData>{"helpText":"","helpURL":"","helpFormat":"HTML Format"}</helpData>
      </help>
      <ui>
        <_type>String</_type>
        <automatic>true</automatic>
      </ui>
    </properties>
  </field>
  <field deleted="0" format="" guid="BGF4FP000IYP" id="A72652000SG7" label="_PaymentDate" length="0" name="PaymentDate__" originalProcessID="CTU2FP000IYP" precision="0" processid="V62652000SG7" submitable="1" type="DATE">
    <properties>
      <db>
        <alias>AA72652000SG7</alias>
        <noxml>1</noxml>
        <fullname>/job/processfields/PaymentDate__</fullname>
        <defaultvalue>
        </defaultvalue>
        <RecordLastWrite>2022-10-25 17:08:47</RecordLastWrite>
      </db>
      <extrainfo>
        <Label>_PaymentDate</Label>
        <Alias>AA72652000SG7</Alias>
        <ProcessFieldVersion vartype="INT">1</ProcessFieldVersion>
      </extrainfo>
      <gdr>
        <VarType>Area</VarType>
        <DisableAutolearn>1</DisableAutolearn>
      </gdr>
      <help>
        <helpData>{"helpText":"","helpURL":"","helpFormat":"HTML Format"}</helpData>
      </help>
      <ui>
        <_type>Date</_type>
        <automatic>true</automatic>
      </ui>
    </properties>
  </field>
  <field deleted="0" format="" guid="STU2FP000IYP" id="B72652000SG7" label="_PaymentMethodCode" length="50" name="PaymentMethodCode__" originalProcessID="CTU2FP000IYP" precision="0" processid="V62652000SG7" submitable="1" type="STR">
    <properties>
      <db>
        <alias>AB72652000SG7</alias>
        <noxml>1</noxml>
        <fullname>/job/processfields/PaymentMethodCode__</fullname>
        <defaultvalue>
        </defaultvalue>
        <RecordLastWrite>2022-10-25 17:08:47</RecordLastWrite>
      </db>
      <extrainfo>
        <Label>_PaymentMethodCode</Label>
        <Alias>AB72652000SG7</Alias>
        <ProcessFieldVersion vartype="INT">1</ProcessFieldVersion>
      </extrainfo>
      <gdr>
        <VarType>Area</VarType>
        <DisableAutolearn>1</DisableAutolearn>
      </gdr>
      <ui>
        <_type>String</_type>
        <automatic>true</automatic>
      </ui>
    </properties>
  </field>
  <field deleted="0" format="" guid="RTU2FP000IYP" id="C72652000SG7" label="_PaymentMethodDescription" length="50" name="PaymentMethodDescription__" originalProcessID="CTU2FP000IYP" precision="0" processid="V62652000SG7" submitable="1" type="STR">
    <properties>
      <db>
        <alias>AC72652000SG7</alias>
        <noxml>1</noxml>
        <fullname>/job/processfields/PaymentMethodDescription__</fullname>
        <defaultvalue>
        </defaultvalue>
        <RecordLastWrite>2022-10-25 17:08:48</RecordLastWrite>
      </db>
      <extrainfo>
        <Label>_PaymentMethodDescription</Label>
        <Alias>AC72652000SG7</Alias>
        <ProcessFieldVersion vartype="INT">1</ProcessFieldVersion>
      </extrainfo>
      <gdr>
        <VarType>Area</VarType>
        <DisableAutolearn>1</DisableAutolearn>
      </gdr>
      <ui>
        <_type>String</_type>
        <automatic>true</automatic>
      </ui>
    </properties>
  </field>
  <field deleted="0" format="" guid="ZIN3FP000IYP" id="D72652000SG7" label="_PaymentReference" length="50" name="PaymentReference__" originalProcessID="CTU2FP000IYP" precision="0" processid="V62652000SG7" submitable="1" type="STR">
    <properties>
      <db>
        <alias>AD72652000SG7</alias>
        <noxml>1</noxml>
        <fullname>/job/processfields/PaymentReference__</fullname>
        <defaultvalue>
        </defaultvalue>
        <RecordLastWrite>2022-10-25 17:08:48</RecordLastWrite>
      </db>
      <extrainfo>
        <Label>_PaymentReference</Label>
        <Alias>AD72652000SG7</Alias>
        <ProcessFieldVersion vartype="INT">1</ProcessFieldVersion>
      </extrainfo>
      <gdr>
        <VarType>Area</VarType>
        <DisableAutolearn>1</DisableAutolearn>
      </gdr>
      <help>
        <helpData>{"helpText":"","helpURL":"","helpFormat":"HTML Format"}</helpData>
      </help>
      <ui>
        <_type>String</_type>
        <automatic>true</automatic>
      </ui>
    </properties>
  </field>
  <field deleted="0" format="" guid="ITU2FP000IYP" id="E72652000SG7" label="_TotalNetAmount" length="17" name="TotalNetAmount__" originalProcessID="CTU2FP000IYP" precision="2" processid="V62652000SG7" submitable="1" type="DECIMAL">
    <properties>
      <db>
        <alias>AE72652000SG7</alias>
        <noxml>1</noxml>
        <fullname>/job/processfields/TotalNetAmount__</fullname>
        <defaultvalue>
        </defaultvalue>
        <RecordLastWrite>2022-10-25 17:08:48</RecordLastWrite>
      </db>
      <extrainfo>
        <Label>_TotalNetAmount</Label>
        <Alias>AE72652000SG7</Alias>
        <DecimalPrecision vartype="INT">2</DecimalPrecision>
        <ProcessFieldVersion vartype="INT">1</ProcessFieldVersion>
      </extrainfo>
      <gdr>
        <VarType>Area</VarType>
        <DisableAutolearn>1</DisableAutolearn>
      </gdr>
      <ui>
        <_type>Number</_type>
        <automatic>true</automatic>
      </ui>
    </properties>
  </field>
  <field deleted="0" format="" guid="AGF4FP000IYP" id="F72652000SG7" label="_VendorAddress" length="32766" name="VendorAddress__" originalProcessID="CTU2FP000IYP" precision="0" processid="V62652000SG7" submitable="1" type="STR">
    <properties>
      <db>
        <alias>AF72652000SG7</alias>
        <noxml>1</noxml>
        <fullname>/job/processfields/VendorAddress__</fullname>
        <defaultvalue>
        </defaultvalue>
        <RecordLastWrite>2022-10-25 17:08:48</RecordLastWrite>
      </db>
      <extrainfo>
        <Label>_VendorAddress</Label>
        <Alias>AF72652000SG7</Alias>
        <ProcessFieldVersion vartype="INT">1</ProcessFieldVersion>
      </extrainfo>
      <gdr>
        <DisableAutolearn>1</DisableAutolearn>
      </gdr>
      <help>
        <helpData>{"helpText":"","helpURL":"","helpFormat":"HTML Format"}</helpData>
      </help>
      <ui>
        <_type>String</_type>
        <automatic>true</automatic>
      </ui>
    </properties>
  </field>
  <field deleted="0" format="" guid="AH13FP000IYP" id="G72652000SG7" label="_VendorName" length="50" name="VendorName__" originalProcessID="CTU2FP000IYP" precision="0" processid="V62652000SG7" submitable="1" type="STR">
    <properties>
      <db>
        <alias>AG72652000SG7</alias>
        <noxml>1</noxml>
        <fullname>/job/processfields/VendorName__</fullname>
        <defaultvalue>
        </defaultvalue>
        <RecordLastWrite>2022-10-25 17:08:48</RecordLastWrite>
      </db>
      <extrainfo>
        <Label>_VendorName</Label>
        <Alias>AG72652000SG7</Alias>
        <ProcessFieldVersion vartype="INT">1</ProcessFieldVersion>
      </extrainfo>
      <field>
        <Editable>true</Editable>
        <TableName>CT#ZLW552000SG7</TableName>
        <SortOrder>ASC</SortOrder>
        <DisplayedColumns>Name__|Number__|Sub__|Street__|PostOfficeBox__|City__|PostalCode__|Country__|Region__</DisplayedColumns>
        <DisplayedColumnsIds>
        </DisplayedColumnsIds>
        <UseTableForAutolearn>false</UseTableForAutolearn>
        <SavedColumn>Name__</SavedColumn>
        <SavedColumnId>
        </SavedColumnId>
        <ProcessName>AP - Vendors__</ProcessName>
        <KeyColumnId>Number__</KeyColumnId>
        <KeyAttribute>VendorNumber__</KeyAttribute>
        <CustomFilter>(|(CompanyCode__=%[PayerCompanyCode__])(CompanyCode__=)(CompanyCode__!=*))</CustomFilter>
      </field>
      <gdr>
        <DisableAutolearn>1</DisableAutolearn>
      </gdr>
      <help>
        <helpData>{"helpText":"","helpURL":"","helpFormat":"HTML Format"}</helpData>
      </help>
      <ui>
        <_type>String</_type>
        <automatic>true</automatic>
      </ui>
    </properties>
  </field>
  <field deleted="0" format="" guid="BH13FP000IYP" id="H72652000SG7" label="_VendorNumber" length="50" name="VendorNumber__" originalProcessID="CTU2FP000IYP" precision="0" processid="V62652000SG7" submitable="1" type="STR">
    <properties>
      <db>
        <alias>AH72652000SG7</alias>
        <noxml>1</noxml>
        <fullname>/job/processfields/VendorNumber__</fullname>
        <defaultvalue>
        </defaultvalue>
        <RecordLastWrite>2022-10-25 17:08:48</RecordLastWrite>
      </db>
      <extrainfo>
        <Label>_VendorNumber</Label>
        <Alias>AH72652000SG7</Alias>
        <ProcessFieldVersion vartype="INT">1</ProcessFieldVersion>
      </extrainfo>
      <field>
        <Editable>true</Editable>
        <TableName>CT#ZLW552000SG7</TableName>
        <SortOrder>
        </SortOrder>
        <DisplayedColumns>Number__|City__|Name__|PostalCode__|PostOfficeBox__|Region__|Street__|Sub__|Region__</DisplayedColumns>
        <DisplayedColumnsIds>
        </DisplayedColumnsIds>
        <UseTableForAutolearn>false</UseTableForAutolearn>
        <SavedColumn>Number__</SavedColumn>
        <SavedColumnId>
        </SavedColumnId>
        <ProcessName>AP - Vendors__</ProcessName>
        <KeyColumnId>
        </KeyColumnId>
        <KeyAttribute>
        </KeyAttribute>
        <CustomFilter>(|(CompanyCode__=%[PayerCompanyCode__])(CompanyCode__=)(CompanyCode__!=*))</CustomFilter>
      </field>
      <gdr>
        <DisableAutolearn>1</DisableAutolearn>
      </gdr>
      <help>
        <helpData>{"helpText":"","helpURL":"","helpFormat":"HTML Format"}</helpData>
      </help>
      <ui>
        <_type>String</_type>
        <automatic>true</automatic>
      </ui>
    </properties>
  </field>
  <datatable deleted="0" guid="KTU2FP000IYP" id="I72652000SG7" label="_Invoices" name="Table__" originalProcessID="CTU2FP000IYP">
    <properties>
      <field>
        <DisableAutolearn>1</DisableAutolearn>
        <Extractable>0</Extractable>
      </field>
      <ui>
        <automatic>true</automatic>
      </ui>
    </properties>
    <field datatableid="I72652000SG7" deleted="0" format="" guid="LTU2FP000IYP" id="J72652000SG7" label="_DocumentNumber" length="50" name="DocumentNumber__" originalProcessID="CTU2FP000IYP" precision="0" submitable="1" type="STR">
      <properties>
        <db>
          <alias>AJ72652000SG7</alias>
          <noxml>1</noxml>
          <fullname>/job/processfields/DocumentNumber__</fullname>
          <defaultvalue>
          </defaultvalue>
          <RecordLastWrite>2022-10-25 17:08:48</RecordLastWrite>
        </db>
        <extrainfo>
          <Label>_DocumentNumber</Label>
          <Alias>AJ72652000SG7</Alias>
          <ProcessFieldVersion vartype="INT">1</ProcessFieldVersion>
        </extrainfo>
        <gdr>
          <VarType>Area</VarType>
          <DisableAutolearn>1</DisableAutolearn>
        </gdr>
        <help>
          <helpData>{"helpText":"","helpURL":"","helpFormat":"HTML Format"}</helpData>
        </help>
        <ui>
          <_type>String</_type>
          <automatic>true</automatic>
        </ui>
      </properties>
    </field>
    <field datatableid="I72652000SG7" deleted="0" format="" guid="NTU2FP000IYP" id="K72652000SG7" label="_InvoiceDate" length="0" name="InvoiceDate__" originalProcessID="CTU2FP000IYP" precision="0" submitable="1" type="DATE">
      <properties>
        <db>
          <alias>AK72652000SG7</alias>
          <noxml>1</noxml>
          <fullname>/job/processfields/InvoiceDate__</fullname>
          <defaultvalue>
          </defaultvalue>
          <RecordLastWrite>2022-10-25 17:08:48</RecordLastWrite>
        </db>
        <extrainfo>
          <Label>_InvoiceDate</Label>
          <Alias>AK72652000SG7</Alias>
          <ProcessFieldVersion vartype="INT">1</ProcessFieldVersion>
        </extrainfo>
        <gdr>
          <VarType>Area</VarType>
          <DisableAutolearn>1</DisableAutolearn>
        </gdr>
        <help>
          <helpData>{"helpText":"","helpURL":"","helpFormat":"HTML Format"}</helpData>
        </help>
        <ui>
          <_type>Date</_type>
          <automatic>true</automatic>
        </ui>
      </properties>
    </field>
    <field datatableid="I72652000SG7" deleted="0" format="" guid="MTU2FP000IYP" id="L72652000SG7" label="_InvoiceNumber" length="50" name="InvoiceNumber__" originalProcessID="CTU2FP000IYP" precision="0" submitable="1" type="STR">
      <properties>
        <db>
          <alias>AL72652000SG7</alias>
          <noxml>1</noxml>
          <fullname>/job/processfields/InvoiceNumber__</fullname>
          <defaultvalue>
          </defaultvalue>
          <RecordLastWrite>2022-10-25 17:08:48</RecordLastWrite>
        </db>
        <extrainfo>
          <Label>_InvoiceNumber</Label>
          <Alias>AL72652000SG7</Alias>
          <ProcessFieldVersion vartype="INT">1</ProcessFieldVersion>
        </extrainfo>
        <gdr>
          <VarType>Area</VarType>
          <DisableAutolearn>1</DisableAutolearn>
        </gdr>
        <help>
          <helpData>{"helpText":"","helpURL":"","helpFormat":"HTML Format"}</helpData>
        </help>
        <ui>
          <_type>String</_type>
          <automatic>true</automatic>
        </ui>
      </properties>
    </field>
    <field datatableid="I72652000SG7" deleted="0" format="" guid="OTU2FP000IYP" id="M72652000SG7" label="_NetAmount" length="17" name="NetAmount__" originalProcessID="CTU2FP000IYP" precision="2" submitable="1" type="DECIMAL">
      <properties>
        <db>
          <alias>AM72652000SG7</alias>
          <noxml>1</noxml>
          <fullname>/job/processfields/NetAmount__</fullname>
          <defaultvalue>
          </defaultvalue>
          <RecordLastWrite>2022-10-25 17:08:48</RecordLastWrite>
        </db>
        <extrainfo>
          <Label>_NetAmount</Label>
          <Alias>AM72652000SG7</Alias>
          <DecimalPrecision vartype="INT">2</DecimalPrecision>
          <ProcessFieldVersion vartype="INT">1</ProcessFieldVersion>
        </extrainfo>
        <gdr>
          <VarType>Area</VarType>
          <DisableAutolearn>1</DisableAutolearn>
        </gdr>
        <help>
          <helpData>{"helpText":"","helpURL":"","helpFormat":"HTML Format"}</helpData>
        </help>
        <ui>
          <_type>Number</_type>
          <automatic>true</automatic>
        </ui>
      </properties>
    </field>
  </datatable>
  <type id="RJRH13130EF" name="CD">
  </type>
</process>