﻿<?xml version="1.0" encoding="UTF-8" standalone="no"?>
<process accountid="20063076" allowrepairprocess="0" builtin="0" builtinversion="0" carriesapplicationversion="0" creationdatetime="2022-10-25 17:06:43" deleted="0" eskerapplication="" global="0" id="SFZ552000SG7" keepcustomization="0" keepfieldsonly="0" keepfieldsproperties="0" keepnewcontroloptions="0" migrationversion="4" name="P2P - Accounting period__" needvalidation="1" ootofilter="" ootoversion="0" originalProcessID="RCAE133853" ownerid="cn=admin_p2p@paragon-cc.fr,ou=DEV,ou=TrainingP2P,ou=DEMO_JULIEN,ou=05284299,ou=ESK,s=eoo" ownerpb="OnDemand AddressBook" public="1" pushnotification="0" reuseengine="0" sprintversion="5.261.0" transportname="CustomTable" upgradable="1" userid="0" version="1" visibility="0">
  <properties>
    <dbIndex>
      <AUTO_ATFZ552000SG7A>&lt;Index&gt;&lt;Ref Name="ATFZ552000SG7" Option="ASC"/&gt;&lt;/Index&gt;</AUTO_ATFZ552000SG7A>
      <AUTO_AVFZ552000SG7A>&lt;Index&gt;&lt;Ref Name="AVFZ552000SG7" Option="ASC"/&gt;&lt;/Index&gt;</AUTO_AVFZ552000SG7A>
    </dbIndex>
    <gdr>
    </gdr>
    <lg>
      <process_de>{
	"_Company code": "Buchungskreis",
	"_Company code report": "Buchungskreis",
	"_Period code": "Periodencode",
	"_Period code report": "Periodencode",
	"_Period end": "Periodenende",
	"_Period end report": "Periodenende",
	"_Period name": "Periodenname",
	"_Period name report": "Periodenname",
	"_Period start": "Periodenanfang",
	"_Period start report": "Periodenanfang",
	"P2P - Accounting period": "P2P - Buchungsperiode",
	"P2P - Accounting period__": "P2P - Buchungsperiode",
	"_CompanyAddress": "Firmenandresse",
	"_CompanyAddressFormated": "Adressvorschau",
	"_CompanyInfo": "Firmeninformationen",
	"_DefaultConfiguration": "Standard-Konfiguration",
	"_DefaultConfiguration_report": "Standard-Konfiguration",
	"_DefaultExpenseReportType": "Standard-Ausgabenberichtstyp",
	"_DefaultExpenseReportType_report": "Standard-Ausgabenberichtstyp",
	"_DeliveryAddressID": "ID der Standardlieferadresse",
	"_DeliveryAddressID_report": "ID der Standardlieferadresse",
	"_DeterminationKeyword": "Schlüsselwörter für automatische Buchungskreisermittlung",
	"_DeterminationKeyword_report": "Schlüsselwörter für automatische Buchungskreisermittlung",
	"_Document data": "Dokumentdaten",
	"_ERP": "ERP",
	"_errorExistingCompanyCode": "Dieser Buchungskreis ist bereits in der Tabelle enthalten.",
	"_PurchasingGroup": "Einkäufergruppe",
	"_PurchasingGroup_report": "Einkäufergruppe",
	"_PurchasingOrganization": "Einkaufsorganisation",
	"_PurchasingOrganization_report": "Einkaufsorganisation",
	"_Sub": "Gebäude, Industriegebiet, Dienst...",
	"_Sub report": "Gebäude, Industriegebiet, Dienst...",
	"_WorkingDays": "Werktage",
	"_WorkingDays_report": "Werktage",
	"City": "Ort",
	"Company code": "Buchungskreis",
	"Company name": "Firmenname",
	"Contact email": "E-Mail-Adresse",
	"Country": "Ländercode",
	"Currency": "Währung",
	"Fax number": "Faxnummer",
	"P2P - Company codes": "Buchungskreis",
	"P2P - Company codes__": "Buchungskreis",
	"Phone number": "Telefonnummer",
	"Postal code": "PLZ",
	"PostOfficeBox": "Ort oder Postfach",
	"PurchasingCompanycodes": "P2P - Buchungskreise",
	"Region": "Bundesland/Region",
	"SIRET": "Steuernummer",
	"Street": "Straße",
	"VAT number": "Umsatzsteuernummer"
}</process_de>
      <process_JA>{
	"_Company code": "会社コード",
	"_Company code report": "会社コード",
	"_Period code": "期間コード",
	"_Period code report": "期間コード",
	"_Period end": "期間終了",
	"_Period end report": "期間終了",
	"_Period name": "期間名",
	"_Period name report": "期間名",
	"_Period start": "期間開始",
	"_Period start report": "期間開始",
	"P2P - Accounting period": "P2P - 会計期間",
	"P2P - Accounting period__": "P2P - 会計期間",
	"_CompanyAddress": "会社住所",
	"_CompanyAddressFormated": "住所プレビュー",
	"_CompanyInfo": "会社情報",
	"_DefaultConfiguration": "既定の設定",
	"_DefaultConfiguration_report": "既定の設定",
	"_DefaultExpenseReportType": "既定の費用レポート種別",
	"_DefaultExpenseReportType_report": "既定の費用レポート種別",
	"_DeliveryAddressID": "既定の納品先住所ID",
	"_DeliveryAddressID_report": "既定の納品先住所ID",
	"_DeterminationKeyword": "自動決定用キーワード",
	"_DeterminationKeyword_report": "自動決定用キーワード",
	"_Document data": "文書データ",
	"_ERP": "ERP",
	"_errorExistingCompanyCode": "この会社カードはテーブルに存在します",
	"_PurchasingGroup": "購買グループ",
	"_PurchasingGroup_report": "購買グループ",
	"_PurchasingOrganization": "購買組織",
	"_PurchasingOrganization_report": "購買組織",
	"_Sub": "建物、IA、サービス...",
	"_Sub report": "建物、IA、サービス...",
	"_WorkingDays": "営業日",
	"_WorkingDays_report": "営業日",
	"City": "市区町村",
	"Company code": "会社コード",
	"Company name": "会社名",
	"Contact email": "電子メール",
	"Country": "国コード",
	"Currency": "通貨",
	"Fax number": "Fax番号",
	"P2P - Company codes": "会社コード",
	"P2P - Company codes__": "会社コード",
	"Phone number": "電話番号",
	"Postal code": "郵便番号",
	"PostOfficeBox": "私書箱",
	"PurchasingCompanycodes": "P2P - 会社コード",
	"Region": "都道府県/地域",
	"SIRET": "納税者識別番号",
	"Street": "番地",
	"VAT number": "付加価値税登録番号"
}</process_JA>
      <process_en>{
	"P2P - Accounting period__": "P2P - Accounting period",
	"P2P - Accounting period": "P2P - Accounting period",
	"_Company code": "Company code",
	"_Company code report": "Company code",
	"_Period code": "Period code",
	"_Period code report": "Period code",
	"_Period name": "Period name",
	"_Period name report": "Period name",
	"_Period start": "Period start",
	"_Period start report": "Period start",
	"_Period end": "Period end",
	"_Period end report": "Period end",
	"_CompanyAddress": "Company Address",
	"_CompanyAddressFormated": "Address preview",
	"_CompanyInfo": "Company Information",
	"_DefaultConfiguration": "Default configuration",
	"_DefaultConfiguration_report": "Default configuration",
	"_DefaultExpenseReportType": "Default expense report type",
	"_DefaultExpenseReportType_report": "Default expense report type",
	"_DeliveryAddressID": "ID of default delivery address",
	"_DeliveryAddressID_report": "ID of default delivery address",
	"_DeterminationKeyword": "Keywords used for automatic determination",
	"_DeterminationKeyword_report": "Keywords used for automatic determination",
	"_Document data": "Document data",
	"_ERP": "ERP",
	"_errorExistingCompanyCode": "This company code already exists in the table",
	"_PurchasingGroup": "Purchasing group",
	"_PurchasingGroup_report": "Purchasing group",
	"_PurchasingOrganization": "Purchasing organization",
	"_PurchasingOrganization_report": "Purchasing organization",
	"_Sub": "Building, IA, Service...",
	"_Sub report": "Building, IA, Service...",
	"_WorkingDays": "Working days",
	"_WorkingDays_report": "Working days",
	"City": "City",
	"Company code": "Company code",
	"Company name": "Company name",
	"Contact email": "Email",
	"Country": "Country code",
	"Currency": "Currency",
	"Fax number": "Fax number",
	"P2P - Company codes": "Company code",
	"P2P - Company codes__": "Company code",
	"Phone number": "Phone number",
	"Postal code": "Postal code",
	"PostOfficeBox": "Locality or P.O. Box",
	"PurchasingCompanycodes": "P2P - Company codes",
	"Region": "State/Region",
	"SIRET": "Tax identification number",
	"Street": "Street",
	"VAT number": "VAT number"
}</process_en>
      <process_es>{
	"_Company code": "Código de empresa",
	"_Company code report": "Código de empresa",
	"_Period code": "Código del período",
	"_Period code report": "Código del período",
	"_Period end": "Fin del período",
	"_Period end report": "Fin del período",
	"_Period name": "Nombre del período",
	"_Period name report": "Nombre del período",
	"_Period start": "Inicio del período",
	"_Period start report": "Inicio del período",
	"P2P - Accounting period": "P2P - Periodo contable",
	"P2P - Accounting period__": "P2P - Periodo contable",
	"_CompanyAddress": "Dirección de la empresa",
	"_CompanyAddressFormated": "Vista previa de la dirección",
	"_CompanyInfo": "Información de la empresa",
	"_DefaultConfiguration": "Configuración predeterminada",
	"_DefaultConfiguration_report": "Configuración predeterminada",
	"_DefaultExpenseReportType": "Tipo de informe de gastos predeterminado",
	"_DefaultExpenseReportType_report": "Tipo de informe de gastos predeterminado",
	"_DeliveryAddressID": "ID de dirección de entrega predeterminada",
	"_DeliveryAddressID_report": "ID de dirección de entrega predeterminada",
	"_DeterminationKeyword": "Palabras clave usadas para la determinación automática",
	"_DeterminationKeyword_report": "Palabras clave usadas para la determinación automática",
	"_Document data": "Datos del documento",
	"_ERP": "ERP",
	"_errorExistingCompanyCode": "Este código de empresa ya existe en la tabla",
	"_PurchasingGroup": "Grupo de compras",
	"_PurchasingGroup_report": "Grupo de compras",
	"_PurchasingOrganization": "Organización de compras",
	"_PurchasingOrganization_report": "Organización de compras",
	"_Sub": "Edificio, P.I., Servicio...",
	"_Sub report": "Edificio, P.I., Servicio...",
	"_WorkingDays": "Días laborables",
	"_WorkingDays_report": "Días laborables",
	"City": "Ciudad",
	"Company code": "Código de empresa",
	"Company name": "Nombre de la empresa",
	"Contact email": "Dirección de e-mail",
	"Country": "Código de país",
	"Currency": "Divisa",
	"Fax number": "Número de fax",
	"P2P - Company codes": "Código de empresa",
	"P2P - Company codes__": "Código de empresa",
	"Phone number": "Número de teléfono",
	"Postal code": "Código postal",
	"PostOfficeBox": "Localidad o apartado postal",
	"PurchasingCompanycodes": "P2P - Códigos de empresa",
	"Region": "Estado/Provincia",
	"SIRET": "N° ident. fiscal",
	"Street": "Calle",
	"VAT number": "Nº de IVA"
}</process_es>
      <process_fr>{
	"_Company code": "Code société",
	"_Company code report": "Code société",
	"_Period code": "Code période",
	"_Period code report": "Code période",
	"_Period end": "Fin de période",
	"_Period end report": "Fin de période",
	"_Period name": "Nom de la période",
	"_Period name report": "Nom de la période",
	"_Period start": "Début de période",
	"_Period start report": "Début de période",
	"P2P - Accounting period": "P2P - Période comptable",
	"P2P - Accounting period__": "P2P - Période comptable",
	"_CompanyAddress": "Adresse de la société",
	"_CompanyAddressFormated": "Aperçu de l'adresse",
	"_CompanyInfo": "Informations sur la société",
	"_DefaultConfiguration": "Configuration par défaut",
	"_DefaultConfiguration_report": "Configuration par défaut",
	"_DefaultExpenseReportType": "Type de note de frais par défaut",
	"_DefaultExpenseReportType_report": "Type de note de frais par défaut",
	"_DeliveryAddressID": "Identifiant de l'adresse de livraison par défaut",
	"_DeliveryAddressID_report": "Identifiant de l'adresse de livraison par défaut",
	"_DeterminationKeyword": "Mots-clés utilisés pour la détermination automatique",
	"_DeterminationKeyword_report": "Mots-clés utilisés pour la détermination automatique",
	"_Document data": "Données du document",
	"_ERP": "ERP",
	"_errorExistingCompanyCode": "Ce code société existe déjà dans la table",
	"_PurchasingGroup": "Groupe d'acheteurs",
	"_PurchasingGroup_report": "Groupe d'acheteurs",
	"_PurchasingOrganization": "Organisation d'achats",
	"_PurchasingOrganization_report": "Organisation d'achats",
	"_Sub": "Bâtiment, ZI, Service...",
	"_Sub report": "Bâtiment, ZI, Service...",
	"_WorkingDays": "Jours ouvrés",
	"_WorkingDays_report": "Jours ouvrés",
	"City": "Ville",
	"Company code": "Code société",
	"Company name": "Nom de la société",
	"Contact email": "Adresse e-mail",
	"Country": "Code pays",
	"Currency": "Devise",
	"Fax number": "Numéro de fax",
	"P2P - Company codes": "Code société",
	"P2P - Company codes__": "Code société",
	"Phone number": "Numéro de téléphone",
	"Postal code": "Code postal",
	"PostOfficeBox": "Lieu-dit ou boîte postale",
	"PurchasingCompanycodes": "P2P - Codes société",
	"Region": "État/Région",
	"SIRET": "SIRET",
	"Street": "Rue",
	"VAT number": "Numéro de TVA"
}</process_fr>
      <process_nl-NL>{
	"_Company code": "Bedrijfscode",
	"_Company code report": "Bedrijfscode",
	"_Period code": "Code periode",
	"_Period code report": "Code periode",
	"_Period end": "Einde periode",
	"_Period end report": "Einde periode",
	"_Period name": "Naam periode",
	"_Period name report": "Naam periode",
	"_Period start": "Start periode",
	"_Period start report": "Start periode",
	"P2P - Accounting period": "P2P - Boekhoudperiode",
	"P2P - Accounting period__": "P2P - Boekhoudperiode",
	"_CompanyAddress": "Adres bedrijf",
	"_CompanyAddressFormated": "Voorbeeldweergave adres",
	"_CompanyInfo": "Informatie bedrijf",
	"_DefaultConfiguration": "Standaardconfiguratie",
	"_DefaultConfiguration_report": "Standaardconfiguratie",
	"_DefaultExpenseReportType": "Standaardtype uitgavenstaat",
	"_DefaultExpenseReportType_report": "Standaardtype uitgavenstaat",
	"_DeliveryAddressID": "ID van standaard leveringsadres",
	"_DeliveryAddressID_report": "ID van standaard leveringsadres",
	"_DeterminationKeyword": "Trefwoorden gebruikt voor automatische bepaling",
	"_DeterminationKeyword_report": "Trefwoorden gebruikt voor automatische bepaling",
	"_Document data": "Documentgegevens",
	"_ERP": "ERP",
	"_errorExistingCompanyCode": "Deze bedrijfscode bestaat al in de tabel",
	"_PurchasingGroup": "Inkoopgroep",
	"_PurchasingGroup_report": "Inkoopgroep",
	"_PurchasingOrganization": "Inkooporganisatie",
	"_PurchasingOrganization_report": "Inkooporganisatie",
	"_Sub": "Gebouw, IZ, service",
	"_Sub report": "Gebouw, IZ, service",
	"_WorkingDays": "Werkdagen",
	"_WorkingDays_report": "Werkdagen",
	"City": "Stad",
	"Company code": "Bedrijfscode",
	"Company name": "Bedrijfsnaam",
	"Contact email": "E-mail",
	"Country": "Landcode",
	"Currency": "Valuta",
	"Fax number": "Faxnummer",
	"P2P - Company codes": "Bedrijfscode",
	"P2P - Company codes__": "Bedrijfscode",
	"Phone number": "Telefoonnummer",
	"Postal code": "Postcode",
	"PostOfficeBox": "Locatie of postbus",
	"PurchasingCompanycodes": "P2P - Bedrijfscodes",
	"Region": "Staat/Regio",
	"SIRET": "Belastingnummer",
	"Street": "Straat",
	"VAT number": "Btw-nummer"
}</process_nl-NL>
      <process_it>{
	"_Company code": "Codice società",
	"_Company code report": "Codice società",
	"_Period code": "Codice periodo",
	"_Period code report": "Codice periodo",
	"_Period end": "Fine periodo",
	"_Period end report": "Fine periodo",
	"_Period name": "Nome periodo",
	"_Period name report": "Nome periodo",
	"_Period start": "Inizio periodo",
	"_Period start report": "Inizio periodo",
	"P2P - Accounting period": "P2P - Periodo contabile",
	"P2P - Accounting period__": "P2P - Periodo contabile",
	"_CompanyAddress": "Indirizzo società",
	"_CompanyAddressFormated": "Anteprima indirizzo",
	"_CompanyInfo": "Informazioni società",
	"_DefaultConfiguration": "Configurazione predefinita",
	"_DefaultConfiguration_report": "Configurazione predefinita",
	"_DefaultExpenseReportType": "Tipo di nota spese predefinito",
	"_DefaultExpenseReportType_report": "Tipo di nota spese predefinito",
	"_DeliveryAddressID": "ID indirizzo di spedizione predefinito",
	"_DeliveryAddressID_report": "ID indirizzo di spedizione predefinito",
	"_DeterminationKeyword": "Parole chiave per la determinazione automatica del codice società",
	"_DeterminationKeyword_report": "Parole chiave per la determinazione automatica del codice società",
	"_Document data": "Dati documento",
	"_ERP": "ERP",
	"_errorExistingCompanyCode": "Questo codice società esiste già nella tabella",
	"_PurchasingGroup": "Gruppo acquisti",
	"_PurchasingGroup_report": "Gruppo acquisti",
	"_PurchasingOrganization": "Organizzazione acquisti",
	"_PurchasingOrganization_report": "Organizzazione acquisti",
	"_Sub": "Edificio, ZI, Servizio...",
	"_Sub report": "Edificio, ZI, Servizio...",
	"_WorkingDays": "Giorni lavorativi",
	"_WorkingDays_report": "Giorni lavorativi",
	"City": "Città",
	"Company code": "Codice società",
	"Company name": "Nome società",
	"Contact email": "Indirizzo e-mail",
	"Country": "Codice paese",
	"Currency": "Valuta",
	"Fax number": "Numero fax",
	"P2P - Company codes": "Codice società",
	"P2P - Company codes__": "Codice società",
	"Phone number": "Numero di telefono",
	"Postal code": "CAP",
	"PostOfficeBox": "Località o casella postale",
	"PurchasingCompanycodes": "P2P - Codici società",
	"Region": "Stato/Regione",
	"SIRET": "Codice di identificazione fiscale",
	"Street": "Via",
	"VAT number": "Partita IVA"
}</process_it>
      <process_zh-CN>{
	"_Company code": "公司代码",
	"_Company code report": "公司代码",
	"_Period code": "期间代码",
	"_Period code report": "期间代码",
	"_Period end": "期间结束",
	"_Period end report": "期间结束",
	"_Period name": "期间名称",
	"_Period name report": "期间名称",
	"_Period start": "期间开始",
	"_Period start report": "期间开始",
	"P2P - Accounting period": "采购到支付 - 会计期间",
	"P2P - Accounting period__": "采购到支付 - 会计期间",
	"_CompanyAddress": "公司地址",
	"_CompanyAddressFormated": "地址预览",
	"_CompanyInfo": "公司信息",
	"_DefaultConfiguration": "默认配置",
	"_DefaultConfiguration_report": "默认配置",
	"_DefaultExpenseReportType": "默认费用报销单类型",
	"_DefaultExpenseReportType_report": "默认费用报销单类型",
	"_DeliveryAddressID": "默认交付地址的ID",
	"_DeliveryAddressID_report": "默认交付地址的ID",
	"_DeterminationKeyword": "自动决定使用的关键字",
	"_DeterminationKeyword_report": "自动决定使用的关键字",
	"_Document data": "文档数据",
	"_ERP": "ERP",
	"_errorExistingCompanyCode": "此公司代码已存在于表中",
	"_PurchasingGroup": "采购组",
	"_PurchasingGroup_report": "采购组",
	"_PurchasingOrganization": "采购组织",
	"_PurchasingOrganization_report": "采购组织",
	"_Sub": "楼号、工业区、部门……",
	"_Sub report": "楼号、工业区、部门……",
	"_WorkingDays": "工作日",
	"_WorkingDays_report": "工作日",
	"City": "城市",
	"Company code": "公司代码",
	"Company name": "公司名",
	"Contact email": "电子邮件",
	"Country": "国家/地区代码",
	"Currency": "货币",
	"Fax number": "传真号码",
	"P2P - Company codes": "公司代码",
	"P2P - Company codes__": "公司代码",
	"Phone number": "电话号码",
	"Postal code": "邮政编码",
	"PostOfficeBox": "地点或邮政信箱",
	"PurchasingCompanycodes": "采购到支付 - 公司代码",
	"Region": "州/省/大区",
	"SIRET": "税务识别号",
	"Street": "街道地址",
	"VAT number": "增值税号(VAT)"
}</process_zh-CN>
      <process_pt-BR>{
	"_Company code": "Código da empresa",
	"_Company code report": "Código da empresa",
	"_Period code": "Código do período",
	"_Period code report": "Código do período",
	"_Period end": "Fim do período",
	"_Period end report": "Fim do período",
	"_Period name": "Nome do período",
	"_Period name report": "Nome do período",
	"_Period start": "Início do período",
	"_Period start report": "Início do período",
	"P2P - Accounting period": "P2P - Período contábil",
	"P2P - Accounting period__": "P2P - Período contábil",
	"_CompanyAddress": "Endereço da empresa",
	"_CompanyAddressFormated": "Visualização do endereço",
	"_CompanyInfo": "Informações sobre a empresa",
	"_DefaultConfiguration": "Configuração padrão",
	"_DefaultConfiguration_report": "Configuração padrão",
	"_DefaultExpenseReportType": "Tipo de relatório de despesas padrão",
	"_DefaultExpenseReportType_report": "Tipo de relatório de despesas padrão",
	"_DeliveryAddressID": "ID do endereço de entrega padrão",
	"_DeliveryAddressID_report": "ID do endereço de entrega padrão",
	"_DeterminationKeyword": "Palavras-chave usadas para determinação automática",
	"_DeterminationKeyword_report": "Palavras-chave usadas para determinação automática",
	"_Document data": "Informação de documento",
	"_ERP": "ERP",
	"_errorExistingCompanyCode": "Essa empresa já existe na tabela",
	"_PurchasingGroup": "Grupo de compras",
	"_PurchasingGroup_report": "Grupo de compras",
	"_PurchasingOrganization": "Organização de compras",
	"_PurchasingOrganization_report": "Organização de compras",
	"_Sub": "Edifício, IA, Serviço...",
	"_Sub report": "Edifício, IA, Serviço...",
	"_WorkingDays": "Dias úteis",
	"_WorkingDays_report": "Dias úteis",
	"City": "Cidade",
	"Company code": "Código da empresa",
	"Company name": "Nome da empresa",
	"Contact email": "E-mail",
	"Country": "Código do país",
	"Currency": "Moeda",
	"Fax number": "Número de fax",
	"P2P - Company codes": "Código da empresa",
	"P2P - Company codes__": "Código da empresa",
	"Phone number": "Número de telefone",
	"Postal code": "Código postal",
	"PostOfficeBox": "Localidade ou apartado",
	"PurchasingCompanycodes": "P2P - Códigos da empresa",
	"Region": "Estado/Região",
	"SIRET": "Número de identificação fiscal",
	"Street": "Rua",
	"VAT number": "Número de IVA"
}</process_pt-BR>
    </lg>
    <process>
      <BUColumn>CompanyCode__</BUColumn>
      <flowtype>processing</flowtype>
      <homepagelabel>P2P - Accounting period</homepagelabel>
      <upgradable>yes</upgradable>
      <instanciable>1</instanciable>
      <OverrideAllowedAttachmentExtensions>*</OverrideAllowedAttachmentExtensions>
      <lgpathtomerge>..\table - PurchasingCompanycodes\lg</lgpathtomerge>
      <AllowUploadAttachment>0</AllowUploadAttachment>
      <AllowUploadReferenceDocument>0</AllowUploadReferenceDocument>
      <shouldRollbackManualRecordEdits>true</shouldRollbackManualRecordEdits>
      <UseCultureFormat>true</UseCultureFormat>
      <TransportName>CustomTable</TransportName>
      <LayoutVersion>1.0</LayoutVersion>
    </process>
    <ui>
      <layout>{
	"*": {
		"Screen": {
			"type": "FlexibleFormLayout",
			"options": {
				"splitterType": "simple-v",
				"version": 0,
				"processHelpId": "5080"
			},
			"*": {
				"form-header": {
					"type": "FlexibleFormHeader",
					"options": {
						"hidePanelsMenu": false,
						"version": 0
					},
					"stamp": 2,
					"data": []
				},
				"form-center": {
					"type": "FlexibleFormCenter",
					"options": {
						"version": 0
					},
					"*": {
						"form-content": {
							"type": "FlexibleFormContent",
							"options": {
								"version": 0
							},
							"*": {
								"form-content-center": {
									"type": "FlexibleFormSplitter",
									"options": {
										"version": 1,
										"box": {
											"top": "0%",
											"left": "0%",
											"width": "100%"
										},
										"hidden": false
									},
									"*": {
										"form-content-center-1": {
											"type": "FlexibleFormLine",
											"data": [],
											"options": {},
											"stamp": 9,
											"*": {
												"DataPanel": {
													"type": "PanelData",
													"options": {
														"border": {},
														"version": 0,
														"labelLength": 0,
														"iconURL": "",
														"TitleFontSize": "S",
														"hideActionButtons": false,
														"hideTitleBar": false,
														"backgroundcolor": "default",
														"labelsAlignment": "right",
														"label": "_Document data"
													},
													"*": {
														"FieldsManager": {
															"type": "FieldsManager",
															"options": {
																"controlsAssociation": {
																	"CompanyCode__": "LabelCompany_code__",
																	"LabelCompany_code__": "CompanyCode__",
																	"PeriodName__": "LabelPeriod_name__",
																	"LabelPeriod_name__": "PeriodName__",
																	"PeriodCode__": "LabelPeriod_code__",
																	"LabelPeriod_code__": "PeriodCode__",
																	"PeriodStart__": "LabelPeriod_start__",
																	"LabelPeriod_start__": "PeriodStart__",
																	"PeriodEnd__": "LabelPeriod_end__",
																	"LabelPeriod_end__": "PeriodEnd__"
																},
																"version": 0
															},
															"*": {
																"Grid": {
																	"type": "GridLayout",
																	"options": {
																		"lines": 5,
																		"columns": 2,
																		"version": 0,
																		"ctrlsPos": {
																			"CompanyCode__": {
																				"line": 1,
																				"column": 2
																			},
																			"LabelCompany_code__": {
																				"line": 1,
																				"column": 1
																			},
																			"PeriodName__": {
																				"line": 3,
																				"column": 2
																			},
																			"LabelPeriod_name__": {
																				"line": 3,
																				"column": 1
																			},
																			"PeriodCode__": {
																				"line": 2,
																				"column": 2
																			},
																			"LabelPeriod_code__": {
																				"line": 2,
																				"column": 1
																			},
																			"PeriodStart__": {
																				"line": 4,
																				"column": 2
																			},
																			"LabelPeriod_start__": {
																				"line": 4,
																				"column": 1
																			},
																			"PeriodEnd__": {
																				"line": 5,
																				"column": 2
																			},
																			"LabelPeriod_end__": {
																				"line": 5,
																				"column": 1
																			}
																		},
																		"colspans": [
																			[],
																			[],
																			[],
																			[],
																			[]
																		]
																	},
																	"data": [
																		"fields"
																	],
																	"*": {
																		"LabelCompany_code__": {
																			"type": "Label",
																			"data": [
																				"CompanyCode__"
																			],
																			"options": {
																				"label": "_Company code"
																			},
																			"stamp": 16
																		},
																		"CompanyCode__": {
																			"type": "DatabaseComboBox",
																			"data": [
																				"CompanyCode__"
																			],
																			"options": {
																				"browsable": true,
																				"label": "_Company code",
																				"activable": true,
																				"width": 230,
																				"PreFillFTS": true,
																				"fTSmaxRecords": "20",
																				"length": 20
																			},
																			"stamp": 17
																		},
																		"LabelPeriod_code__": {
																			"type": "Label",
																			"data": [
																				"PeriodCode__"
																			],
																			"options": {
																				"label": "_Period code"
																			},
																			"stamp": 18
																		},
																		"PeriodCode__": {
																			"type": "ShortText",
																			"data": [
																				"PeriodCode__"
																			],
																			"options": {
																				"textSize": "S",
																				"textAlignment": "left",
																				"textStyle": "default",
																				"textColor": "default",
																				"label": "_Period code",
																				"activable": true,
																				"width": 230,
																				"browsable": false
																			},
																			"stamp": 19
																		},
																		"LabelPeriod_name__": {
																			"type": "Label",
																			"data": [
																				"PeriodName__"
																			],
																			"options": {
																				"label": "_Period name"
																			},
																			"stamp": 20
																		},
																		"PeriodName__": {
																			"type": "ShortText",
																			"data": [
																				"PeriodName__"
																			],
																			"options": {
																				"textSize": "S",
																				"textAlignment": "left",
																				"textStyle": "default",
																				"textColor": "default",
																				"label": "_Period name",
																				"activable": true,
																				"width": 230,
																				"browsable": false
																			},
																			"stamp": 21
																		},
																		"LabelPeriod_start__": {
																			"type": "Label",
																			"data": [
																				"PeriodStart__"
																			],
																			"options": {
																				"label": "_Period start"
																			},
																			"stamp": 22
																		},
																		"PeriodStart__": {
																			"type": "DateTime",
																			"data": [
																				"PeriodStart__"
																			],
																			"options": {
																				"displayLongFormat": false,
																				"label": "_Period start",
																				"activable": true,
																				"width": 230
																			},
																			"stamp": 23
																		},
																		"LabelPeriod_end__": {
																			"type": "Label",
																			"data": [
																				"PeriodEnd__"
																			],
																			"options": {
																				"label": "_Period end"
																			},
																			"stamp": 24
																		},
																		"PeriodEnd__": {
																			"type": "DateTime",
																			"data": [
																				"PeriodEnd__"
																			],
																			"options": {
																				"displayLongFormat": false,
																				"label": "_Period end",
																				"activable": true,
																				"width": 230
																			},
																			"stamp": 25
																		}
																	},
																	"stamp": 8
																}
															},
															"stamp": 7,
															"data": []
														}
													},
													"stamp": 6,
													"data": []
												}
											}
										}
									},
									"stamp": 5,
									"data": []
								}
							},
							"stamp": 4,
							"data": []
						}
					},
					"stamp": 3,
					"data": []
				},
				"form-footer": {
					"type": "FlexibleFormFooter",
					"options": {
						"splitterType": "simple-h",
						"version": 0
					},
					"*": {
						"Save": {
							"type": "SubmitButton",
							"options": {
								"label": "_Save",
								"action": "savequit",
								"submit": true,
								"version": 0
							},
							"stamp": 11,
							"data": []
						},
						"Close": {
							"type": "SubmitButton",
							"options": {
								"label": "_Close",
								"action": "cancel",
								"submit": true,
								"version": 0
							},
							"stamp": 12,
							"data": []
						},
						"Delete": {
							"type": "SubmitButton",
							"options": {
								"label": "_Delete",
								"action": "delete",
								"submit": true,
								"version": 0,
								"disabled": true
							},
							"stamp": 13,
							"data": []
						}
					},
					"stamp": 10,
					"data": []
				}
			},
			"stamp": 1,
			"data": []
		}
	},
	"stamps": 25,
	"data": []
}</layout>
    </ui>
  </properties>
  <field deleted="0" format="" guid="PHQG133854" id="TFZ552000SG7" label="_Company code report" length="50" name="CompanyCode__" originalProcessID="RCAE133853" precision="0" processid="SFZ552000SG7" submitable="1" type="STR">
    <properties>
      <db>
        <alias>ATFZ552000SG7</alias>
        <index vartype="INT">1</index>
        <noxml>1</noxml>
        <fullname>/job/processfields/CompanyCode__</fullname>
        <jointable>PurchasingCompanycodes__</jointable>
        <jointableid>CT#ECW552000SG7</jointableid>
        <defaultvalue>
        </defaultvalue>
        <joincondition>(source.CompanyCode__=dest.CompanyCode__)</joincondition>
        <RecordLastWrite>2014-12-24 10:37:14</RecordLastWrite>
      </db>
      <extrainfo>
        <Label>_Company code report</Label>
        <Alias>ATFZ552000SG7</Alias>
        <ProcessFieldVersion vartype="INT">1</ProcessFieldVersion>
      </extrainfo>
      <field>
        <Editable>true</Editable>
        <TableName>CT#ECW552000SG7</TableName>
        <SortOrder>
        </SortOrder>
        <DisplayedColumns>CompanyCode__|CompanyName__</DisplayedColumns>
        <DisplayedColumnsIds>
        </DisplayedColumnsIds>
        <SavedColumn>CompanyCode__</SavedColumn>
        <SavedColumnId>HUME134563</SavedColumnId>
        <ProcessName>PurchasingCompanycodes__</ProcessName>
        <CustomFilter>
        </CustomFilter>
      </field>
      <ui>
        <_type>String</_type>
        <automatic>true</automatic>
      </ui>
    </properties>
  </field>
  <field deleted="0" format="" guid="AYLN133856" id="VFZ552000SG7" label="_Period code report" length="50" name="PeriodCode__" originalProcessID="RCAE133853" precision="0" processid="SFZ552000SG7" submitable="1" type="STR">
    <properties>
      <db>
        <alias>AVFZ552000SG7</alias>
        <index vartype="INT">1</index>
        <noxml>1</noxml>
        <fullname>/job/processfields/PeriodCode__</fullname>
        <defaultvalue>
        </defaultvalue>
        <RecordLastWrite>2014-12-24 10:37:14</RecordLastWrite>
      </db>
      <extrainfo>
        <Label>_Period code report</Label>
        <Alias>AVFZ552000SG7</Alias>
        <ProcessFieldVersion vartype="INT">1</ProcessFieldVersion>
      </extrainfo>
      <gdr>
        <VarType>Area</VarType>
      </gdr>
      <ui>
        <_type>String</_type>
        <automatic>true</automatic>
      </ui>
    </properties>
  </field>
  <field deleted="0" format="" guid="FIRC133858" id="XFZ552000SG7" label="_Period end report" length="0" name="PeriodEnd__" originalProcessID="RCAE133853" precision="0" processid="SFZ552000SG7" submitable="1" type="DATE">
    <properties>
      <db>
        <alias>AXFZ552000SG7</alias>
        <noxml>1</noxml>
        <fullname>/job/processfields/PeriodEnd__</fullname>
        <defaultvalue>
        </defaultvalue>
        <RecordLastWrite>2014-12-24 10:37:14</RecordLastWrite>
      </db>
      <extrainfo>
        <Label>_Period end report</Label>
        <Alias>AXFZ552000SG7</Alias>
        <ProcessFieldVersion vartype="INT">1</ProcessFieldVersion>
      </extrainfo>
      <gdr>
        <VarType>Area</VarType>
      </gdr>
      <ui>
        <_type>Date</_type>
        <automatic>true</automatic>
      </ui>
    </properties>
  </field>
  <field deleted="0" format="" guid="HUME133855" id="UFZ552000SG7" label="_Period name report" length="50" name="PeriodName__" originalProcessID="RCAE133853" precision="0" processid="SFZ552000SG7" submitable="1" type="STR">
    <properties>
      <db>
        <alias>AUFZ552000SG7</alias>
        <noxml>1</noxml>
        <fullname>/job/processfields/PeriodName__</fullname>
        <defaultvalue>
        </defaultvalue>
        <RecordLastWrite>2014-12-24 10:37:14</RecordLastWrite>
      </db>
      <extrainfo>
        <Label>_Period name report</Label>
        <Alias>AUFZ552000SG7</Alias>
        <ProcessFieldVersion vartype="INT">1</ProcessFieldVersion>
      </extrainfo>
      <gdr>
        <VarType>Area</VarType>
      </gdr>
      <ui>
        <_type>String</_type>
        <automatic>true</automatic>
      </ui>
    </properties>
  </field>
  <field deleted="0" format="" guid="LFDX133857" id="WFZ552000SG7" label="_Period start report" length="0" name="PeriodStart__" originalProcessID="RCAE133853" precision="0" processid="SFZ552000SG7" submitable="1" type="DATE">
    <properties>
      <db>
        <alias>AWFZ552000SG7</alias>
        <noxml>1</noxml>
        <fullname>/job/processfields/PeriodStart__</fullname>
        <defaultvalue>
        </defaultvalue>
        <RecordLastWrite>2014-12-24 10:37:14</RecordLastWrite>
      </db>
      <extrainfo>
        <Label>_Period start report</Label>
        <Alias>AWFZ552000SG7</Alias>
        <ProcessFieldVersion vartype="INT">1</ProcessFieldVersion>
      </extrainfo>
      <gdr>
        <VarType>Area</VarType>
      </gdr>
      <ui>
        <_type>Date</_type>
        <automatic>true</automatic>
      </ui>
    </properties>
  </field>
  <type id="JLLP13130F1" name="CT">
  </type>
</process>