﻿<?xml version="1.0" encoding="UTF-8" standalone="no"?>
<process accountid="20063076" allowrepairprocess="0" builtin="0" builtinversion="0" carriesapplicationversion="0" creationdatetime="2022-10-25 17:04:12" deleted="0" eskerapplication="" global="0" id="CFW552000SG7" keepcustomization="0" keepfieldsonly="0" keepfieldsproperties="0" keepnewcontroloptions="0" migrationversion="4" name="AP - Cost centers__" needvalidation="1" ootofilter="" ootoversion="0" originalProcessID="RFSX13696" ownerid="cn=admin_p2p@paragon-cc.fr,ou=DEV,ou=TrainingP2P,ou=DEMO_JULIEN,ou=05284299,ou=ESK,s=eoo" ownerpb="OnDemand AddressBook" public="1" pushnotification="0" reuseengine="0" sprintversion="5.261.0" transportname="CustomTable" upgradable="1" userid="0" version="1" visibility="0">
  <properties>
    <dbIndex>
      <AUTO_ADFW552000SG7A>&lt;Index&gt;&lt;Ref Name="ADFW552000SG7" Option="ASC"/&gt;&lt;/Index&gt;</AUTO_ADFW552000SG7A>
      <AUTO_AEFW552000SG7A>&lt;Index&gt;&lt;Ref Name="AEFW552000SG7" Option="ASC"/&gt;&lt;/Index&gt;</AUTO_AEFW552000SG7A>
      <AUTO_AFFW552000SG7A>&lt;Index&gt;&lt;Ref Name="AFFW552000SG7" Option="ASC"/&gt;&lt;/Index&gt;</AUTO_AFFW552000SG7A>
      <AUTO_AGFW552000SG7A>&lt;Index&gt;&lt;Ref Name="AGFW552000SG7" Option="ASC"/&gt;&lt;/Index&gt;</AUTO_AGFW552000SG7A>
    </dbIndex>
    <gdr>
    </gdr>
    <lg>
      <process_de>{
	"AP - Cost centers": "P2P - Kostenstellen",
	"Company code": "Buchungskreis",
	"Cost center": "Kostenstelle",
	"Description": "Beschreibung",
	"Manager": "Kostenstellenmanager",
	"Manager_Name": "Name des Kostenstellenmanagers"
}</process_de>
      <process_ja>{
	"AP - Cost centers": "P2P - コストセンター",
	"Company code": "会社コード",
	"Cost center": "コストセンター",
	"Description": "説明",
	"Manager": "コストセンターマネージャー",
	"Manager_Name": "コストセンターマネージャー名"
}</process_ja>
      <process_en>{
	"AP - Cost centers": "P2P - Cost centers",
	"Company code": "Company code",
	"Cost center": "Cost center",
	"Description": "Description",
	"Manager": "Cost center manager",
	"Manager_Name": "Cost center manager name"
}</process_en>
      <process_es>{
	"AP - Cost centers": "P2P - Centros de costes",
	"Company code": "Código de empresa",
	"Cost center": "Centro de costes",
	"Description": "Descripción",
	"Manager": "Responsable de centro de costes",
	"Manager_Name": "Nombre del responsable de centro de costes"
}</process_es>
      <process_fr>{
	"AP - Cost centers": "P2P - Centres de coût",
	"Company code": "Code société",
	"Cost center": "Centre de coût",
	"Description": "Description",
	"Manager": "Responsable du centre de coût",
	"Manager_Name": "Nom du responsable du centre de coût"
}</process_fr>
      <process_nl-NL>{
	"AP - Cost centers": "P2P - Kostenplaatsen",
	"Company code": "Bedrijfscode",
	"Cost center": "Kostenplaats",
	"Description": "Beschrijving",
	"Manager": "Manager kostenplaats",
	"Manager_Name": "Naam manager kostenplaats"
}</process_nl-NL>
      <process_it>{
	"AP - Cost centers": "P2P - Centri di costo",
	"Company code": "Codice società",
	"Cost center": "Centro di costo",
	"Description": "Descrizione",
	"Manager": "Responsabile centro di costo",
	"Manager_Name": "Nome responsabile centro di costo"
}</process_it>
      <process_zh-CN>{
	"AP - Cost centers": "采购到支付 - 成本中心",
	"Company code": "公司代码",
	"Cost center": "成本中心",
	"Description": "说明",
	"Manager": "成本中心负责人",
	"Manager_Name": "成本中心负责人名称"
}</process_zh-CN>
      <process_pt-BR>{
	"AP - Cost centers": "P2P - Centros de custo",
	"Company code": "Código da empresa",
	"Cost center": "Centro de custo",
	"Description": "Descrição",
	"Manager": "Gerente de centro de custo",
	"Manager_Name": "Nome do gerente de centro de custo"
}</process_pt-BR>
    </lg>
    <process>
      <BUColumn>CompanyCode__</BUColumn>
      <flowtype>processing</flowtype>
      <homepagelabel>AP - Cost centers</homepagelabel>
      <upgradable>yes</upgradable>
      <instanciable>1</instanciable>
      <OverrideAllowedAttachmentExtensions>*</OverrideAllowedAttachmentExtensions>
      <AllowUploadAttachment>0</AllowUploadAttachment>
      <AllowUploadReferenceDocument>0</AllowUploadReferenceDocument>
      <shouldRollbackManualRecordEdits>true</shouldRollbackManualRecordEdits>
      <UseCultureFormat>true</UseCultureFormat>
      <TransportName>CustomTable</TransportName>
      <LayoutVersion>1.0</LayoutVersion>
    </process>
    <ui>
      <layout>{
	"*": {
		"Screen": {
			"type": "FlexibleFormLayout",
			"options": {
				"splitterType": "simple-v",
				"version": 0,
				"processHelpId": "5087"
			},
			"*": {
				"form-header": {
					"type": "FlexibleFormHeader",
					"options": {
						"hidePanelsMenu": false,
						"version": 0
					},
					"stamp": 1,
					"data": []
				},
				"form-center": {
					"type": "FlexibleFormCenter",
					"options": {
						"version": 0
					},
					"*": {
						"form-content": {
							"type": "FlexibleFormContent",
							"options": {
								"version": 0
							},
							"*": {
								"form-content-center": {
									"type": "FlexibleFormSplitter",
									"options": {
										"version": 1,
										"box": {
											"top": "0%",
											"left": "0%",
											"width": "100%"
										},
										"hidden": false
									},
									"*": {
										"form-content-center-1": {
											"type": "FlexibleFormLine",
											"data": [],
											"options": {
												"version": 0
											},
											"stamp": 2,
											"*": {
												"DataPanel": {
													"type": "PanelData",
													"options": {
														"border": {},
														"version": 0,
														"labelLength": 0,
														"label": "_Document data"
													},
													"*": {
														"FieldsManager": {
															"type": "FieldsManager",
															"options": {
																"controlsAssociation": {
																	"Description__": "LabelDescription__",
																	"LabelDescription__": "Description__",
																	"CostCenter__": "LabelCostCenter__",
																	"LabelCostCenter__": "CostCenter__",
																	"CompanyCode__": "LabelCompanyCode__",
																	"LabelCompanyCode__": "CompanyCode__"
																},
																"version": 0
															},
															"*": {
																"Grid": {
																	"type": "GridLayout",
																	"options": {
																		"lines": 4,
																		"columns": 2,
																		"version": 0,
																		"ctrlsPos": {
																			"Description__": {
																				"line": 3,
																				"column": 2
																			},
																			"LabelDescription__": {
																				"line": 3,
																				"column": 1
																			},
																			"CostCenter__": {
																				"line": 2,
																				"column": 2
																			},
																			"LabelCostCenter__": {
																				"line": 2,
																				"column": 1
																			},
																			"CompanyCode__": {
																				"line": 1,
																				"column": 2
																			},
																			"LabelCompanyCode__": {
																				"line": 1,
																				"column": 1
																			},
																			"Manager__": {
																				"line": 4,
																				"column": 2
																			},
																			"LabelManager__": {
																				"line": 4,
																				"column": 1
																			}
																		},
																		"colspans": [
																			[],
																			[],
																			[],
																			[]
																		]
																	},
																	"data": [
																		"fields"
																	],
																	"*": {
																		"LabelCompanyCode__": {
																			"type": "Label",
																			"data": [
																				"CompanyCode__"
																			],
																			"options": {
																				"label": "Company code",
																				"version": 0
																			},
																			"stamp": 3
																		},
																		"CompanyCode__": {
																			"type": "DatabaseComboBox",
																			"data": [
																				"CompanyCode__"
																			],
																			"options": {
																				"browsable": true,
																				"label": "Company code",
																				"activable": true,
																				"width": 500,
																				"fTSmaxRecords": "20",
																				"version": 0,
																				"PreFillFTS": true,
																				"helpURL": "5087",
																				"helpText": "",
																				"helpFormat": "HTML Format",
																				"helpIconPosition": "Right"
																			},
																			"stamp": 4
																		},
																		"LabelCostCenter__": {
																			"type": "Label",
																			"data": [
																				"CostCenter__"
																			],
																			"options": {
																				"label": "Cost center",
																				"version": 0
																			},
																			"stamp": 5
																		},
																		"CostCenter__": {
																			"type": "ShortText",
																			"data": [
																				"CostCenter__"
																			],
																			"options": {
																				"label": "Cost center",
																				"activable": true,
																				"width": 500,
																				"length": 20,
																				"version": 0
																			},
																			"stamp": 6
																		},
																		"LabelDescription__": {
																			"type": "Label",
																			"data": [
																				"Description__"
																			],
																			"options": {
																				"label": "Description",
																				"version": 0
																			},
																			"stamp": 7
																		},
																		"Description__": {
																			"type": "ShortText",
																			"data": [
																				"Description__"
																			],
																			"options": {
																				"label": "Description",
																				"activable": true,
																				"width": 500,
																				"version": 0
																			},
																			"stamp": 8
																		},
																		"LabelManager__": {
																			"type": "Label",
																			"data": [
																				"Manager__"
																			],
																			"options": {
																				"label": "Manager",
																				"version": 0
																			},
																			"stamp": 9
																		},
																		"Manager__": {
																			"type": "DatabaseComboBox",
																			"data": [
																				"Manager__"
																			],
																			"options": {
																				"label": "Manager",
																				"activable": true,
																				"width": "500",
																				"fTSmaxRecords": "20",
																				"PreFillFTS": true
																			},
																			"stamp": 10
																		}
																	},
																	"stamp": 11
																}
															},
															"stamp": 12,
															"data": []
														}
													},
													"stamp": 13,
													"data": []
												}
											}
										}
									},
									"stamp": 14,
									"data": []
								}
							},
							"stamp": 15,
							"data": []
						}
					},
					"stamp": 16,
					"data": []
				},
				"form-footer": {
					"type": "FlexibleFormFooter",
					"options": {
						"splitterType": "simple-h",
						"version": 0
					},
					"*": {
						"Save": {
							"type": "SubmitButton",
							"options": {
								"label": "_Save",
								"action": "savequit",
								"submit": true,
								"version": 0
							},
							"stamp": 17,
							"data": []
						},
						"Close": {
							"type": "SubmitButton",
							"options": {
								"label": "_Close",
								"action": "cancel",
								"submit": true,
								"version": 0
							},
							"stamp": 18,
							"data": []
						},
						"Delete": {
							"type": "SubmitButton",
							"options": {
								"label": "_Delete",
								"action": "delete",
								"submit": true,
								"version": 0,
								"disabled": true
							},
							"stamp": 19,
							"data": []
						}
					},
					"stamp": 20,
					"data": []
				}
			},
			"stamp": 21,
			"data": []
		}
	},
	"stamps": 21,
	"data": []
}</layout>
    </ui>
  </properties>
  <field deleted="0" format="" guid="VSCX667517" id="DFW552000SG7" label="Company code" length="50" name="CompanyCode__" originalProcessID="RFSX13696" precision="0" processid="CFW552000SG7" submitable="1" type="STR">
    <properties>
      <db>
        <alias>ADFW552000SG7</alias>
        <index vartype="INT">1</index>
        <noxml>1</noxml>
        <fullname>/job/processfields/CompanyCode__</fullname>
        <defaultvalue>
        </defaultvalue>
        <RecordLastWrite>2014-01-08 17:14:55</RecordLastWrite>
      </db>
      <extrainfo>
        <Label>Company code</Label>
        <Alias>ADFW552000SG7</Alias>
        <ProcessFieldVersion vartype="INT">1</ProcessFieldVersion>
      </extrainfo>
      <field>
        <Editable>true</Editable>
        <required>false</required>
        <TableName>CT#ECW552000SG7</TableName>
        <SortOrder>
        </SortOrder>
        <DisplayedColumns>CompanyCode__|CompanyName__</DisplayedColumns>
        <DisplayedColumnsIds>
        </DisplayedColumnsIds>
        <SavedColumn>CompanyCode__</SavedColumn>
        <SavedColumnId>HUME134563</SavedColumnId>
        <ProcessName>PurchasingCompanycodes__</ProcessName>
        <CustomFilter>
        </CustomFilter>
      </field>
      <gdr>
        <VarType>Area</VarType>
      </gdr>
      <help>
        <helpData>{"helpText":"","helpURL":"5087","helpFormat":"HTML Format"}</helpData>
      </help>
      <ui>
        <_type>String</_type>
        <automatic>true</automatic>
      </ui>
    </properties>
  </field>
  <field deleted="0" format="" guid="HUME13697" id="EFW552000SG7" label="Cost center" length="20" name="CostCenter__" originalProcessID="RFSX13696" precision="0" processid="CFW552000SG7" submitable="1" type="STR">
    <properties>
      <db>
        <alias>AEFW552000SG7</alias>
        <index vartype="INT">1</index>
        <noxml>1</noxml>
        <fullname>/job/processfields/CostCenter__</fullname>
        <defaultvalue>
        </defaultvalue>
        <RecordLastWrite>2013-09-26 18:16:23</RecordLastWrite>
      </db>
      <extrainfo>
        <Label>Cost center</Label>
        <Alias>AEFW552000SG7</Alias>
        <ProcessFieldVersion vartype="INT">1</ProcessFieldVersion>
      </extrainfo>
      <field>
        <required>false</required>
      </field>
      <gdr>
        <VarType>Area</VarType>
      </gdr>
      <ui>
        <_type>String</_type>
        <automatic>true</automatic>
      </ui>
    </properties>
  </field>
  <field deleted="0" format="" guid="AYLN13698" id="FFW552000SG7" label="Description" length="50" name="Description__" originalProcessID="RFSX13696" precision="0" processid="CFW552000SG7" submitable="1" type="STR">
    <properties>
      <db>
        <alias>AFFW552000SG7</alias>
        <index vartype="INT">1</index>
        <noxml>1</noxml>
        <fullname>/job/processfields/Description__</fullname>
        <defaultvalue>
        </defaultvalue>
        <RecordLastWrite>2013-09-26 18:16:23</RecordLastWrite>
      </db>
      <extrainfo>
        <Label>Description</Label>
        <Alias>AFFW552000SG7</Alias>
        <ProcessFieldVersion vartype="INT">1</ProcessFieldVersion>
      </extrainfo>
      <field>
        <required>false</required>
      </field>
      <gdr>
        <VarType>Area</VarType>
      </gdr>
      <ui>
        <_type>String</_type>
        <automatic>true</automatic>
      </ui>
    </properties>
  </field>
  <field deleted="0" format="" guid="LTDF1003508" id="GFW552000SG7" label="Manager" length="80" name="Manager__" originalProcessID="RFSX13696" precision="0" processid="CFW552000SG7" submitable="1" type="STR">
    <properties>
      <db>
        <alias>AGFW552000SG7</alias>
        <index vartype="INT">1</index>
        <noxml>1</noxml>
        <fullname>/job/processfields/Manager__</fullname>
        <defaultvalue>
        </defaultvalue>
        <RecordLastWrite>2014-02-20 16:23:12</RecordLastWrite>
      </db>
      <extrainfo>
        <Label>Manager</Label>
        <Alias>AGFW552000SG7</Alias>
        <DocMgrDisplayType>webaccess.Edd.ui.DNorLogin</DocMgrDisplayType>
        <ProcessFieldVersion vartype="INT">1</ProcessFieldVersion>
      </extrainfo>
      <field>
        <Editable>false</Editable>
        <required>false</required>
        <TableName>ODUSER</TableName>
        <SortOrder>ASC</SortOrder>
        <DisplayedColumns>Login|DisplayName</DisplayedColumns>
        <SavedColumn>Login</SavedColumn>
        <ProcessName>
        </ProcessName>
        <CustomFilter>(&amp;(Vendor=0)(Customer=0))</CustomFilter>
      </field>
      <ui>
        <_type>String</_type>
        <automatic>true</automatic>
      </ui>
    </properties>
  </field>
  <type id="JLLP13130F1" name="CT">
  </type>
</process>