﻿<?xml version="1.0" encoding="UTF-8" standalone="no"?>
<process accountid="20063076" allowrepairprocess="0" builtin="0" builtinversion="0" carriesapplicationversion="0" creationdatetime="2022-10-25 17:04:17" deleted="0" eskerapplication="" global="0" id="YGW552000SG7" keepcustomization="0" keepfieldsonly="0" keepfieldsproperties="0" keepnewcontroloptions="0" migrationversion="4" name="P2P - User properties__" needvalidation="1" ootofilter="" ootoversion="0" originalProcessID="XMIX132730" ownerid="cn=admin_p2p@paragon-cc.fr,ou=DEV,ou=TrainingP2P,ou=DEMO_JULIEN,ou=05284299,ou=ESK,s=eoo" ownerpb="OnDemand AddressBook" public="1" pushnotification="0" reuseengine="0" sprintversion="5.261.0" transportname="CustomTable" upgradable="1" userid="0" version="1" visibility="0">
  <properties>
    <dbIndex>
      <AUTO_AIHW552000SG7A>&lt;Index&gt;&lt;Ref Name="AIHW552000SG7" Option="ASC"/&gt;&lt;/Index&gt;</AUTO_AIHW552000SG7A>
    </dbIndex>
    <gdr>
    </gdr>
    <lg>
      <process_de>{
	"_AllowedBudgetKeys": "Zulässige Budget-IDs",
	"_AllowedBudgetKeys_report": "Zulässige Budget-IDs",
	"_AllowedWarehouses": "Zulässige Lager",
	"_AllowedWarehouses_report": "Zulässige Lager",
	"_DefaultWarehouse": "Standardlager",
	"_DefaultWarehouse_report": "Standardlager",
	"_Has company card": "Besitzt eine Unternehmenskarte",
	"_Has company card_report": "Besitzt eine Unternehmenskarte",
	"_HelperNonRefundableExpenses": "Gilt nur für Kreditkarten, die mit einem Firmenkonto verbunden sind.&lt;br&gt;Kennzeichnet alle von diesem Benutzer neu erstellten Ausgaben als nicht erstattungsfähig.&lt;br&gt;Das Kontrollkästchen 'Erstattungsfähig' im Ausgabenformular kann jedoch vom Benutzer bearbeitet werden.",
	"_LOAAmount": "Betragsgrenze",
	"_ManagerLogin": "Manager-ID",
	"_ManagerLogin_Name": "Name des Managers",
	"_UserNumber": "Benutzernummer",
	"_UserNumber_report": "Benutzernummer",
	"Allowed company codes": "Zulässige Buchungskreise",
	"Company code": "Standard-Buchungskreis",
	"CostCenter": "Kostenstelle",
	"P2P - User properties": "P2P - Benutzereigenschaften",
	"P2P - User properties__": "P2P - Benutzereigenschaften",
	"UserLogin": "Benutzer-ID",
	"UserLogin_Name": "Benutzername",
	"_CompanyAddress": "Firmenandresse",
	"_CompanyAddressFormated": "Adressvorschau",
	"_CompanyInfo": "Firmeninformationen",
	"_DefaultConfiguration": "Standard-Konfiguration",
	"_DefaultConfiguration_report": "Standard-Konfiguration",
	"_DefaultExpenseReportType": "Standard-Ausgabenberichtstyp",
	"_DefaultExpenseReportType_report": "Standard-Ausgabenberichtstyp",
	"_DeliveryAddressID": "ID der Standardlieferadresse",
	"_DeliveryAddressID_report": "ID der Standardlieferadresse",
	"_DeterminationKeyword": "Schlüsselwörter für automatische Buchungskreisermittlung",
	"_DeterminationKeyword_report": "Schlüsselwörter für automatische Buchungskreisermittlung",
	"_Document data": "Dokumentdaten",
	"_ERP": "ERP",
	"_errorExistingCompanyCode": "Dieser Buchungskreis ist bereits in der Tabelle enthalten.",
	"_PurchasingGroup": "Einkäufergruppe",
	"_PurchasingGroup_report": "Einkäufergruppe",
	"_PurchasingOrganization": "Einkaufsorganisation",
	"_PurchasingOrganization_report": "Einkaufsorganisation",
	"_Sub": "Gebäude, Industriegebiet, Dienst...",
	"_Sub report": "Gebäude, Industriegebiet, Dienst...",
	"_WorkingDays": "Werktage",
	"_WorkingDays_report": "Werktage",
	"City": "Ort",
	"Company name": "Firmenname",
	"Contact email": "E-Mail-Adresse",
	"Country": "Ländercode",
	"Currency": "Währung",
	"Fax number": "Faxnummer",
	"P2P - Company codes": "Buchungskreis",
	"P2P - Company codes__": "Buchungskreis",
	"Phone number": "Telefonnummer",
	"Postal code": "PLZ",
	"PostOfficeBox": "Ort oder Postfach",
	"PurchasingCompanycodes": "P2P - Buchungskreise",
	"Region": "Bundesland/Region",
	"SIRET": "Steuernummer",
	"Street": "Straße",
	"VAT number": "Umsatzsteuernummer",
	"AP - Cost centers": "P2P - Kostenstellen",
	"Cost center": "Kostenstelle",
	"Description": "Beschreibung",
	"Manager": "Kostenstellenmanager",
	"Manager_Name": "Name des Kostenstellenmanagers"
}</process_de>
      <process_JA>{
	"_AllowedBudgetKeys": "許可済みの予算ID",
	"_AllowedBudgetKeys_report": "許可済みの予算ID",
	"_AllowedWarehouses": "許可されている倉庫",
	"_AllowedWarehouses_report": "許可されている倉庫",
	"_DefaultWarehouse": "既定の倉庫",
	"_DefaultWarehouse_report": "既定の倉庫",
	"_Has company card": "法人カードを所有",
	"_Has company card_report": "法人カードを所有",
	"_HelperNonRefundableExpenses": "法人銀行口座にリンクされているクレジットカードのみ適用可能です。&lt;br&gt;このユーザーが作成した新規の費用はすべて既定で払戻不可能としてフラッグがつけられます。&lt;br&gt;費用フォームの「払戻可能」チェックボックスはユーザーが編集できます。",
	"_LOAAmount": "金額制限",
	"_ManagerLogin": "マネージャーID",
	"_ManagerLogin_Name": "マネージャー名",
	"_UserNumber": "ユーザー番号",
	"_UserNumber_report": "ユーザー番号",
	"Allowed company codes": "許可された会社コード",
	"Company code": "既定の会社コード",
	"CostCenter": "コストセンター",
	"P2P - User properties": "P2P - ユーザープロパティ",
	"P2P - User properties__": "P2P - ユーザープロパティ",
	"UserLogin": "ユーザーID",
	"UserLogin_Name": "ユーザー名",
	"_CompanyAddress": "会社住所",
	"_CompanyAddressFormated": "住所プレビュー",
	"_CompanyInfo": "会社情報",
	"_DefaultConfiguration": "既定の設定",
	"_DefaultConfiguration_report": "既定の設定",
	"_DefaultExpenseReportType": "既定の費用レポート種別",
	"_DefaultExpenseReportType_report": "既定の費用レポート種別",
	"_DeliveryAddressID": "既定の納品先住所ID",
	"_DeliveryAddressID_report": "既定の納品先住所ID",
	"_DeterminationKeyword": "自動決定用キーワード",
	"_DeterminationKeyword_report": "自動決定用キーワード",
	"_Document data": "文書データ",
	"_ERP": "ERP",
	"_errorExistingCompanyCode": "この会社カードはテーブルに存在します",
	"_PurchasingGroup": "購買グループ",
	"_PurchasingGroup_report": "購買グループ",
	"_PurchasingOrganization": "購買組織",
	"_PurchasingOrganization_report": "購買組織",
	"_Sub": "建物、IA、サービス...",
	"_Sub report": "建物、IA、サービス...",
	"_WorkingDays": "営業日",
	"_WorkingDays_report": "営業日",
	"City": "市区町村",
	"Company name": "会社名",
	"Contact email": "電子メール",
	"Country": "国コード",
	"Currency": "通貨",
	"Fax number": "Fax番号",
	"P2P - Company codes": "会社コード",
	"P2P - Company codes__": "会社コード",
	"Phone number": "電話番号",
	"Postal code": "郵便番号",
	"PostOfficeBox": "私書箱",
	"PurchasingCompanycodes": "P2P - 会社コード",
	"Region": "都道府県/地域",
	"SIRET": "納税者識別番号",
	"Street": "番地",
	"VAT number": "付加価値税登録番号",
	"AP - Cost centers": "P2P - コストセンター",
	"Cost center": "コストセンター",
	"Description": "説明",
	"Manager": "コストセンターマネージャー",
	"Manager_Name": "コストセンターマネージャー名"
}</process_JA>
      <process_en>{
	"_AllowedBudgetKeys": "Allowed budget IDs",
	"_AllowedBudgetKeys_report": "Allowed budget IDs",
	"_AllowedWarehouses": "Allowed warehouses",
	"_AllowedWarehouses_report": "Allowed warehouses",
	"_DefaultWarehouse": "Default warehouse",
	"_DefaultWarehouse_report": "Default warehouse",
	"_Has company card": "Owns a company card",
	"_Has company card_report": "Owns a company card",
	"_HelperNonRefundableExpenses": "Applicable only for credit cards linked to a corporate bank account.&lt;br&gt;Flags all new expenses created by this user as non-reimbursable by default.&lt;br&gt;The 'Reimbursable' check box in the expense form remains editable by the user.",
	"_LOAAmount": "Amount limit",
	"_ManagerLogin": "Manager identifier",
	"_ManagerLogin_Name": "Manager name",
	"_UserNumber": "User number",
	"_UserNumber_report": "User number",
	"Allowed company codes": "Allowed company codes",
	"Company code": "Default company code",
	"CostCenter": "Cost center",
	"P2P - User properties": "P2P - User properties",
	"P2P - User properties__": "P2P - User properties",
	"UserLogin": "User identifier",
	"UserLogin_Name": "User name",
	"_CompanyAddress": "Company Address",
	"_CompanyAddressFormated": "Address preview",
	"_CompanyInfo": "Company Information",
	"_DefaultConfiguration": "Default configuration",
	"_DefaultConfiguration_report": "Default configuration",
	"_DefaultExpenseReportType": "Default expense report type",
	"_DefaultExpenseReportType_report": "Default expense report type",
	"_DeliveryAddressID": "ID of default delivery address",
	"_DeliveryAddressID_report": "ID of default delivery address",
	"_DeterminationKeyword": "Keywords used for automatic determination",
	"_DeterminationKeyword_report": "Keywords used for automatic determination",
	"_Document data": "Document data",
	"_ERP": "ERP",
	"_errorExistingCompanyCode": "This company code already exists in the table",
	"_PurchasingGroup": "Purchasing group",
	"_PurchasingGroup_report": "Purchasing group",
	"_PurchasingOrganization": "Purchasing organization",
	"_PurchasingOrganization_report": "Purchasing organization",
	"_Sub": "Building, IA, Service...",
	"_Sub report": "Building, IA, Service...",
	"_WorkingDays": "Working days",
	"_WorkingDays_report": "Working days",
	"City": "City",
	"Company name": "Company name",
	"Contact email": "Email",
	"Country": "Country code",
	"Currency": "Currency",
	"Fax number": "Fax number",
	"P2P - Company codes": "Company code",
	"P2P - Company codes__": "Company code",
	"Phone number": "Phone number",
	"Postal code": "Postal code",
	"PostOfficeBox": "Locality or P.O. Box",
	"PurchasingCompanycodes": "P2P - Company codes",
	"Region": "State/Region",
	"SIRET": "Tax identification number",
	"Street": "Street",
	"VAT number": "VAT number",
	"AP - Cost centers": "P2P - Cost centers",
	"Cost center": "Cost center",
	"Description": "Description",
	"Manager": "Cost center manager",
	"Manager_Name": "Cost center manager name"
}</process_en>
      <process_es>{
	"_AllowedBudgetKeys": "IDs de presupuesto permitidos",
	"_AllowedBudgetKeys_report": "IDs de presupuesto permitidos",
	"_AllowedWarehouses": "Almacenes permitidos",
	"_AllowedWarehouses_report": "Almacenes permitidos",
	"_DefaultWarehouse": "Almacén predeterminado",
	"_DefaultWarehouse_report": "Almacén predeterminado",
	"_Has company card": "Lleva una tarjeta corporativa",
	"_Has company card_report": "Lleva una tarjeta corporativa",
	"_HelperNonRefundableExpenses": "Marca todos los nuevos gastos creados por este usuario como no reembolsables por defecto.&lt;br&gt;El usuario todavía puede editar la casilla 'Reembolsable' en el formulario de gasto.",
	"_LOAAmount": "Límite de importe",
	"_ManagerLogin": "Identificador del responsable",
	"_ManagerLogin_Name": "Nombre del responsable",
	"_UserNumber": "Número del usuario",
	"_UserNumber_report": "Número del usuario",
	"Allowed company codes": "Códigos de empresa permitidos",
	"Company code": "Código de empresa predeterminado",
	"CostCenter": "Centro de costes",
	"P2P - User properties": "P2P - Propiedades de los usuarios",
	"P2P - User properties__": "P2P - Propiedades de los usuarios",
	"UserLogin": "Identificador del usuario",
	"UserLogin_Name": "Nombre del usuario",
	"_CompanyAddress": "Dirección de la empresa",
	"_CompanyAddressFormated": "Vista previa de la dirección",
	"_CompanyInfo": "Información de la empresa",
	"_DefaultConfiguration": "Configuración predeterminada",
	"_DefaultConfiguration_report": "Configuración predeterminada",
	"_DefaultExpenseReportType": "Tipo de informe de gastos predeterminado",
	"_DefaultExpenseReportType_report": "Tipo de informe de gastos predeterminado",
	"_DeliveryAddressID": "ID de dirección de entrega predeterminada",
	"_DeliveryAddressID_report": "ID de dirección de entrega predeterminada",
	"_DeterminationKeyword": "Palabras clave usadas para la determinación automática",
	"_DeterminationKeyword_report": "Palabras clave usadas para la determinación automática",
	"_Document data": "Datos del documento",
	"_ERP": "ERP",
	"_errorExistingCompanyCode": "Este código de empresa ya existe en la tabla",
	"_PurchasingGroup": "Grupo de compras",
	"_PurchasingGroup_report": "Grupo de compras",
	"_PurchasingOrganization": "Organización de compras",
	"_PurchasingOrganization_report": "Organización de compras",
	"_Sub": "Edificio, P.I., Servicio...",
	"_Sub report": "Edificio, P.I., Servicio...",
	"_WorkingDays": "Días laborables",
	"_WorkingDays_report": "Días laborables",
	"City": "Ciudad",
	"Company name": "Nombre de la empresa",
	"Contact email": "Dirección de e-mail",
	"Country": "Código de país",
	"Currency": "Divisa",
	"Fax number": "Número de fax",
	"P2P - Company codes": "Código de empresa",
	"P2P - Company codes__": "Código de empresa",
	"Phone number": "Número de teléfono",
	"Postal code": "Código postal",
	"PostOfficeBox": "Localidad o apartado postal",
	"PurchasingCompanycodes": "P2P - Códigos de empresa",
	"Region": "Estado/Provincia",
	"SIRET": "N° ident. fiscal",
	"Street": "Calle",
	"VAT number": "Nº de IVA",
	"AP - Cost centers": "P2P - Centros de costes",
	"Cost center": "Centro de costes",
	"Description": "Descripción",
	"Manager": "Responsable de centro de costes",
	"Manager_Name": "Nombre del responsable de centro de costes"
}</process_es>
      <process_fr>{
	"_AllowedBudgetKeys": "ID de budget autorisés",
	"_AllowedBudgetKeys_report": "ID de budget autorisés",
	"_AllowedWarehouses": "Entrepôts autorisés",
	"_AllowedWarehouses_report": "Entrepôts autorisés",
	"_DefaultWarehouse": "Entrepôt par défaut",
	"_DefaultWarehouse_report": "Entrepôt par défaut",
	"_Has company card": "Possède une carte d'entreprise",
	"_Has company card_report": "Possède une carte d'entreprise",
	"_HelperNonRefundableExpenses": "Concerne uniquement les cartes de crédit associées à un compte bancaire de l'entreprise.&lt;br&gt;Marque toutes les nouvelles dépenses créées par cet utilisateur comme non remboursables par défaut.&lt;br&gt;La case à cocher 'Remboursable' sur le formulaire de dépense reste modifiable par l'utilisateur.",
	"_LOAAmount": "Montant limite",
	"_ManagerLogin": "Identifiant du responsable",
	"_ManagerLogin_Name": "Nom du responsable",
	"_UserNumber": "Numéro d'utilisateur",
	"_UserNumber_report": "Numéro d'utilisateur",
	"Allowed company codes": "Codes société autorisés",
	"Company code": "Code société par défaut",
	"CostCenter": "Centre de coût",
	"P2P - User properties": "P2P - Propriétés des utilisateurs",
	"P2P - User properties__": "P2P - Propriétés des utilisateurs",
	"UserLogin": "Identifiant de l'utilisateur",
	"UserLogin_Name": "Nom de l'utilisateur",
	"_CompanyAddress": "Adresse de la société",
	"_CompanyAddressFormated": "Aperçu de l'adresse",
	"_CompanyInfo": "Informations sur la société",
	"_DefaultConfiguration": "Configuration par défaut",
	"_DefaultConfiguration_report": "Configuration par défaut",
	"_DefaultExpenseReportType": "Type de note de frais par défaut",
	"_DefaultExpenseReportType_report": "Type de note de frais par défaut",
	"_DeliveryAddressID": "Identifiant de l'adresse de livraison par défaut",
	"_DeliveryAddressID_report": "Identifiant de l'adresse de livraison par défaut",
	"_DeterminationKeyword": "Mots-clés utilisés pour la détermination automatique",
	"_DeterminationKeyword_report": "Mots-clés utilisés pour la détermination automatique",
	"_Document data": "Données du document",
	"_ERP": "ERP",
	"_errorExistingCompanyCode": "Ce code société existe déjà dans la table",
	"_PurchasingGroup": "Groupe d'acheteurs",
	"_PurchasingGroup_report": "Groupe d'acheteurs",
	"_PurchasingOrganization": "Organisation d'achats",
	"_PurchasingOrganization_report": "Organisation d'achats",
	"_Sub": "Bâtiment, ZI, Service...",
	"_Sub report": "Bâtiment, ZI, Service...",
	"_WorkingDays": "Jours ouvrés",
	"_WorkingDays_report": "Jours ouvrés",
	"City": "Ville",
	"Company name": "Nom de la société",
	"Contact email": "Adresse e-mail",
	"Country": "Code pays",
	"Currency": "Devise",
	"Fax number": "Numéro de fax",
	"P2P - Company codes": "Code société",
	"P2P - Company codes__": "Code société",
	"Phone number": "Numéro de téléphone",
	"Postal code": "Code postal",
	"PostOfficeBox": "Lieu-dit ou boîte postale",
	"PurchasingCompanycodes": "P2P - Codes société",
	"Region": "État/Région",
	"SIRET": "SIRET",
	"Street": "Rue",
	"VAT number": "Numéro de TVA",
	"AP - Cost centers": "P2P - Centres de coût",
	"Cost center": "Centre de coût",
	"Description": "Description",
	"Manager": "Responsable du centre de coût",
	"Manager_Name": "Nom du responsable du centre de coût"
}</process_fr>
      <process_nl-NL>{
	"_AllowedBudgetKeys": "ID’s toegestaan budget",
	"_AllowedBudgetKeys_report": "ID’s toegestaan budget",
	"_AllowedWarehouses": "Toegestane magazijnen",
	"_AllowedWarehouses_report": "Toegestane magazijnen",
	"_DefaultWarehouse": "Standaardmagazijn",
	"_DefaultWarehouse_report": "Standaardmagazijn",
	"_Has company card": "Heeft een bedrijfskaart",
	"_Has company card_report": "Heeft een bedrijfskaart",
	"_HelperNonRefundableExpenses": "Geldt alleen voor creditcards gekoppeld aan een bankrekening van het bedrijf.&lt;br&gt;Markeert alle nieuwe uitgaven aangemaakt door deze gebruiker als standaard niet-terugbetaalbaar.&lt;br&gt;Het keuzevakje ‘Terugbetaalbaar’ op het uitgavenformulier kan nog steeds door de gebruiker worden bewerkt.",
	"_LOAAmount": "Limiet bedrag",
	"_ManagerLogin": "Identificatie manager",
	"_ManagerLogin_Name": "Naam manager",
	"_UserNumber": "Gebruikersnummer",
	"_UserNumber_report": "Gebruikersnummer",
	"Allowed company codes": "Toegestane bedrijfscodes",
	"Company code": "Standaard bedrijfscode",
	"CostCenter": "Kostenplaats",
	"P2P - User properties": "P2P - Gebruikerseigenschappen",
	"P2P - User properties__": "P2P - Gebruikerseigenschappen",
	"UserLogin": "Identificatie gebruiker",
	"UserLogin_Name": "Gebruikersnaam",
	"_CompanyAddress": "Adres bedrijf",
	"_CompanyAddressFormated": "Voorbeeldweergave adres",
	"_CompanyInfo": "Informatie bedrijf",
	"_DefaultConfiguration": "Standaardconfiguratie",
	"_DefaultConfiguration_report": "Standaardconfiguratie",
	"_DefaultExpenseReportType": "Standaardtype uitgavenstaat",
	"_DefaultExpenseReportType_report": "Standaardtype uitgavenstaat",
	"_DeliveryAddressID": "ID van standaard leveringsadres",
	"_DeliveryAddressID_report": "ID van standaard leveringsadres",
	"_DeterminationKeyword": "Trefwoorden gebruikt voor automatische bepaling",
	"_DeterminationKeyword_report": "Trefwoorden gebruikt voor automatische bepaling",
	"_Document data": "Documentgegevens",
	"_ERP": "ERP",
	"_errorExistingCompanyCode": "Deze bedrijfscode bestaat al in de tabel",
	"_PurchasingGroup": "Inkoopgroep",
	"_PurchasingGroup_report": "Inkoopgroep",
	"_PurchasingOrganization": "Inkooporganisatie",
	"_PurchasingOrganization_report": "Inkooporganisatie",
	"_Sub": "Gebouw, IZ, service",
	"_Sub report": "Gebouw, IZ, service",
	"_WorkingDays": "Werkdagen",
	"_WorkingDays_report": "Werkdagen",
	"City": "Stad",
	"Company name": "Bedrijfsnaam",
	"Contact email": "E-mail",
	"Country": "Landcode",
	"Currency": "Valuta",
	"Fax number": "Faxnummer",
	"P2P - Company codes": "Bedrijfscode",
	"P2P - Company codes__": "Bedrijfscode",
	"Phone number": "Telefoonnummer",
	"Postal code": "Postcode",
	"PostOfficeBox": "Locatie of postbus",
	"PurchasingCompanycodes": "P2P - Bedrijfscodes",
	"Region": "Staat/Regio",
	"SIRET": "Belastingnummer",
	"Street": "Straat",
	"VAT number": "Btw-nummer",
	"AP - Cost centers": "P2P - Kostenplaatsen",
	"Cost center": "Kostenplaats",
	"Description": "Beschrijving",
	"Manager": "Manager kostenplaats",
	"Manager_Name": "Naam manager kostenplaats"
}</process_nl-NL>
      <process_it>{
	"_AllowedBudgetKeys": "ID di budget consentiti",
	"_AllowedBudgetKeys_report": "ID di budget consentiti",
	"_AllowedWarehouses": "Magazzini consentiti",
	"_AllowedWarehouses_report": "Magazzini consentiti",
	"_DefaultWarehouse": "Magazzino predefinito",
	"_DefaultWarehouse_report": "Magazzino predefinito",
	"_Has company card": "Possiede una carta aziendale",
	"_Has company card_report": "Possiede una carta aziendale",
	"_HelperNonRefundableExpenses": "Applicabile solo alle carte di credito associate a un conto bancario aziendale.&lt;br&gt;Contrassenga tutte le nuove spese create da questo utente come non rimborsabili.&lt;br&gt;La casella di controllo 'Rimborsabile' sul modulo spesa rimane tuttavia modificabile dall'utente.",
	"_LOAAmount": "Limite importo",
	"_ManagerLogin": "Identificatore manager",
	"_ManagerLogin_Name": "Nome responsabile",
	"_UserNumber": "Numero utente",
	"_UserNumber_report": "Numero utente",
	"Allowed company codes": "Codici società consentiti",
	"Company code": "Codice società predefinito",
	"CostCenter": "Centro di costo",
	"P2P - User properties": "P2P - Proprietà utenti",
	"P2P - User properties__": "P2P - Proprietà utenti",
	"UserLogin": "Identificatore utente",
	"UserLogin_Name": "Nome utente",
	"_CompanyAddress": "Indirizzo società",
	"_CompanyAddressFormated": "Anteprima indirizzo",
	"_CompanyInfo": "Informazioni società",
	"_DefaultConfiguration": "Configurazione predefinita",
	"_DefaultConfiguration_report": "Configurazione predefinita",
	"_DefaultExpenseReportType": "Tipo di nota spese predefinito",
	"_DefaultExpenseReportType_report": "Tipo di nota spese predefinito",
	"_DeliveryAddressID": "ID indirizzo di spedizione predefinito",
	"_DeliveryAddressID_report": "ID indirizzo di spedizione predefinito",
	"_DeterminationKeyword": "Parole chiave per la determinazione automatica del codice società",
	"_DeterminationKeyword_report": "Parole chiave per la determinazione automatica del codice società",
	"_Document data": "Dati documento",
	"_ERP": "ERP",
	"_errorExistingCompanyCode": "Questo codice società esiste già nella tabella",
	"_PurchasingGroup": "Gruppo acquisti",
	"_PurchasingGroup_report": "Gruppo acquisti",
	"_PurchasingOrganization": "Organizzazione acquisti",
	"_PurchasingOrganization_report": "Organizzazione acquisti",
	"_Sub": "Edificio, ZI, Servizio...",
	"_Sub report": "Edificio, ZI, Servizio...",
	"_WorkingDays": "Giorni lavorativi",
	"_WorkingDays_report": "Giorni lavorativi",
	"City": "Città",
	"Company name": "Nome società",
	"Contact email": "Indirizzo e-mail",
	"Country": "Codice paese",
	"Currency": "Valuta",
	"Fax number": "Numero fax",
	"P2P - Company codes": "Codice società",
	"P2P - Company codes__": "Codice società",
	"Phone number": "Numero di telefono",
	"Postal code": "CAP",
	"PostOfficeBox": "Località o casella postale",
	"PurchasingCompanycodes": "P2P - Codici società",
	"Region": "Stato/Regione",
	"SIRET": "Codice di identificazione fiscale",
	"Street": "Via",
	"VAT number": "Partita IVA",
	"AP - Cost centers": "P2P - Centri di costo",
	"Cost center": "Centro di costo",
	"Description": "Descrizione",
	"Manager": "Responsabile centro di costo",
	"Manager_Name": "Nome responsabile centro di costo"
}</process_it>
      <process_zh-CN>{
	"_AllowedBudgetKeys": "允许的预算 ID",
	"_AllowedBudgetKeys_report": "允许的预算 ID",
	"_AllowedWarehouses": "允许的仓库",
	"_AllowedWarehouses_report": "允许的仓库",
	"_DefaultWarehouse": "默认仓库",
	"_DefaultWarehouse_report": "默认仓库",
	"_Has company card": "有企业银行卡",
	"_Has company card_report": "有企业银行卡",
	"_HelperNonRefundableExpenses": "该用户创建的所有新费用默认为不可报销。&lt;br&gt;用户仍可编辑费用表单中的“可报销”复选框。",
	"_LOAAmount": "金额限制",
	"_ManagerLogin": "负责人ID",
	"_ManagerLogin_Name": "经理名称",
	"_UserNumber": "用户编号",
	"_UserNumber_report": "用户编号",
	"Allowed company codes": "可用公司代码",
	"Company code": "默认公司代码",
	"CostCenter": "成本中心",
	"P2P - User properties": "采购到支付 - 用户属性",
	"P2P - User properties__": "采购到支付 - 用户属性",
	"UserLogin": "用户ID",
	"UserLogin_Name": "用户名",
	"_CompanyAddress": "公司地址",
	"_CompanyAddressFormated": "地址预览",
	"_CompanyInfo": "公司信息",
	"_DefaultConfiguration": "默认配置",
	"_DefaultConfiguration_report": "默认配置",
	"_DefaultExpenseReportType": "默认费用报销单类型",
	"_DefaultExpenseReportType_report": "默认费用报销单类型",
	"_DeliveryAddressID": "默认交付地址的ID",
	"_DeliveryAddressID_report": "默认交付地址的ID",
	"_DeterminationKeyword": "自动决定使用的关键字",
	"_DeterminationKeyword_report": "自动决定使用的关键字",
	"_Document data": "文档数据",
	"_ERP": "ERP",
	"_errorExistingCompanyCode": "此公司代码已存在于表中",
	"_PurchasingGroup": "采购组",
	"_PurchasingGroup_report": "采购组",
	"_PurchasingOrganization": "采购组织",
	"_PurchasingOrganization_report": "采购组织",
	"_Sub": "楼号、工业区、部门……",
	"_Sub report": "楼号、工业区、部门……",
	"_WorkingDays": "工作日",
	"_WorkingDays_report": "工作日",
	"City": "城市",
	"Company name": "公司名",
	"Contact email": "电子邮件",
	"Country": "国家/地区代码",
	"Currency": "货币",
	"Fax number": "传真号码",
	"P2P - Company codes": "公司代码",
	"P2P - Company codes__": "公司代码",
	"Phone number": "电话号码",
	"Postal code": "邮政编码",
	"PostOfficeBox": "地点或邮政信箱",
	"PurchasingCompanycodes": "采购到支付 - 公司代码",
	"Region": "州/省/大区",
	"SIRET": "税务识别号",
	"Street": "街道地址",
	"VAT number": "增值税号(VAT)",
	"AP - Cost centers": "采购到支付 - 成本中心",
	"Cost center": "成本中心",
	"Description": "说明",
	"Manager": "成本中心负责人",
	"Manager_Name": "成本中心负责人名称"
}</process_zh-CN>
      <process_pt-BR>{
	"_AllowedBudgetKeys": "IDs de orçamento permitidos",
	"_AllowedBudgetKeys_report": "IDs de orçamento permitidos",
	"_AllowedWarehouses": "Armazéns permitidos",
	"_AllowedWarehouses_report": "Armazéns permitidos",
	"_DefaultWarehouse": "Armazém padrão",
	"_DefaultWarehouse_report": "Armazém padrão",
	"_Has company card": "Possui um cartão corporativo",
	"_Has company card_report": "Possui um cartão corporativo",
	"_HelperNonRefundableExpenses": "Aplicável apenas a cartões de crédito vinculados a uma conta bancária corporativa. &lt;br&gt; Sinaliza todas as novas despesas criadas por este usuário como não reembolsáveis por padrão. &lt;br&gt; A caixa de seleção 'Reembolsável' no formulário de despesas permanece editável pelo usuário.",
	"_LOAAmount": "Valor limite",
	"_ManagerLogin": "Identificador do gerente",
	"_ManagerLogin_Name": "Nome do gerente",
	"_UserNumber": "Número de usuário",
	"_UserNumber_report": "Número de usuário",
	"Allowed company codes": "Código de empresas permitidas",
	"Company code": "Código padrão da empresa",
	"CostCenter": "Centro de custo",
	"P2P - User properties": "P2P - Propriedades de usuário",
	"P2P - User properties__": "P2P - Propriedades de usuário",
	"UserLogin": "Identificador do usuário",
	"UserLogin_Name": "Nome de usuário",
	"_CompanyAddress": "Endereço da empresa",
	"_CompanyAddressFormated": "Visualização do endereço",
	"_CompanyInfo": "Informações sobre a empresa",
	"_DefaultConfiguration": "Configuração padrão",
	"_DefaultConfiguration_report": "Configuração padrão",
	"_DefaultExpenseReportType": "Tipo de relatório de despesas padrão",
	"_DefaultExpenseReportType_report": "Tipo de relatório de despesas padrão",
	"_DeliveryAddressID": "ID do endereço de entrega padrão",
	"_DeliveryAddressID_report": "ID do endereço de entrega padrão",
	"_DeterminationKeyword": "Palavras-chave usadas para determinação automática",
	"_DeterminationKeyword_report": "Palavras-chave usadas para determinação automática",
	"_Document data": "Informação de documento",
	"_ERP": "ERP",
	"_errorExistingCompanyCode": "Essa empresa já existe na tabela",
	"_PurchasingGroup": "Grupo de compras",
	"_PurchasingGroup_report": "Grupo de compras",
	"_PurchasingOrganization": "Organização de compras",
	"_PurchasingOrganization_report": "Organização de compras",
	"_Sub": "Edifício, IA, Serviço...",
	"_Sub report": "Edifício, IA, Serviço...",
	"_WorkingDays": "Dias úteis",
	"_WorkingDays_report": "Dias úteis",
	"City": "Cidade",
	"Company name": "Nome da empresa",
	"Contact email": "E-mail",
	"Country": "Código do país",
	"Currency": "Moeda",
	"Fax number": "Número de fax",
	"P2P - Company codes": "Código da empresa",
	"P2P - Company codes__": "Código da empresa",
	"Phone number": "Número de telefone",
	"Postal code": "Código postal",
	"PostOfficeBox": "Localidade ou apartado",
	"PurchasingCompanycodes": "P2P - Códigos da empresa",
	"Region": "Estado/Região",
	"SIRET": "Número de identificação fiscal",
	"Street": "Rua",
	"VAT number": "Número de IVA",
	"AP - Cost centers": "P2P - Centros de custo",
	"Cost center": "Centro de custo",
	"Description": "Descrição",
	"Manager": "Gerente de centro de custo",
	"Manager_Name": "Nome do gerente de centro de custo"
}</process_pt-BR>
    </lg>
    <process>
      <flowtype>processing</flowtype>
      <homepagelabel>P2P - User properties</homepagelabel>
      <upgradable>yes</upgradable>
      <instanciable>1</instanciable>
      <OverrideAllowedAttachmentExtensions>*</OverrideAllowedAttachmentExtensions>
      <lgpathtomerge>..\table - PurchasingCompanycodes\lg</lgpathtomerge>
      <lgpathtomerge>..\table AP - Cost Centers\lg</lgpathtomerge>
      <AllowUploadAttachment>0</AllowUploadAttachment>
      <AllowUploadReferenceDocument>0</AllowUploadReferenceDocument>
      <shouldRollbackManualRecordEdits>true</shouldRollbackManualRecordEdits>
      <shouldShowManualEditsWarning>false</shouldShowManualEditsWarning>
      <UseCultureFormat>true</UseCultureFormat>
      <TransportName>CustomTable</TransportName>
      <LayoutVersion>1.0</LayoutVersion>
    </process>
    <profileConditions>
      <listprofileConditions>
				&lt;profileCondition&gt;
					&lt;filter conjunction="or"&gt;accountUser adminUser&lt;/filter&gt;
					&lt;delegationPolicies&gt;
						&lt;delegationPolicy&gt;_Delegation Policy - Users Management.xml&lt;/delegationPolicy&gt;
					&lt;/delegationPolicies&gt;
				&lt;/profileCondition&gt;
			</listprofileConditions>
    </profileConditions>
    <ui>
      <CustomScriptDebug>false</CustomScriptDebug>
      <customscriptIncludedScripts>Sys/Sys_Helpers_String</customscriptIncludedScripts>
      <customscriptIncludedScripts>Lib_Parameters_P2P_V12.0.461.0</customscriptIncludedScripts>
      <customscriptIncludedScripts>Lib_P2P_Inventory_V12.0.461.0</customscriptIncludedScripts>
      <CustomScriptReadonly>true</CustomScriptReadonly>
      <CustomScript>///#GLOBALS Lib Sys
Controls.CompanyCode__.OnChange = function () {
    var control = this;
    Controls.AllowedCompanyCodes__.Defer(null, function () {
        if (!control.GetError()) {
            var cc = control.GetValue();
            var allowed = Controls.AllowedCompanyCodes__.GetValue();
            if (allowed) {
                var exp = new RegExp("(^|;)" + Sys.Helpers.String.EscapeValueForRegEx(cc) + "(;|$)");
                var res = exp.exec(allowed);
                if (res === null) {
                    allowed += ";" + cc;
                }
            }
            else {
                allowed = cc;
            }
            Controls.AllowedCompanyCodes__.SetValue(allowed);
        }
    }, 100);
};
Sys.Parameters.GetInstance("P2P").IsReady(function () {
    Controls.DefaultWarehouse__.Hide(true);
    Controls.AllowedWarehouses__.Hide(!Lib.P2P.Inventory.IsEnabled());
});
Controls.AllowedWarehouses__.OnChange = function () {
    var _a, _b;
    var control = this;
    var defaultWarehouse = (_a = control.GetValue()) === null || _a === void 0 ? void 0 : _a.split(/\r?\n/).filter(function (n) { return n; })[0];
    Data.SetValue("DefaultWarehouse__", defaultWarehouse ? defaultWarehouse : "");
    Data.SetValue("AllowedWarehouses__", (_b = control.GetValue()) === null || _b === void 0 ? void 0 : _b.split(/\r?\n/).filter(function (n) { return n; }).join("\r\n"));
};
Controls.AllowedWarehouses__.OnBrowse = function () {
    Controls.DefaultWarehouse__.DoBrowse();
};
Controls.DefaultWarehouse__.OnChange = function () {
    var _a, _b;
    var warehouse = this.GetText().toUpperCase();
    var newWharehouse = (_a = Controls.AllowedWarehouses__.GetValue()) === null || _a === void 0 ? void 0 : _a.toUpperCase().split(/\r?\n/).indexOf(warehouse);
    if (newWharehouse === -1 || newWharehouse === undefined) {
        var AllowedWarehouses = ((_b = Controls.AllowedWarehouses__.GetValue()) === null || _b === void 0 ? void 0 : _b.split(/\r?\n/)) || [];
        AllowedWarehouses.push(warehouse);
        Controls.AllowedWarehouses__.SetValue(AllowedWarehouses.filter(function (n) { return n; }).join("\r\n"));
        Controls.AllowedWarehouses__.OnChange();
    }
};
</CustomScript>
      <layout>{
	"*": {
		"Screen": {
			"type": "FlexibleFormLayout",
			"options": {
				"splitterType": "simple-v",
				"version": 0,
				"backColor": "text-backgroundcolor-default",
				"style": null,
				"processHelpId": "5105",
				"footerStyle": "default"
			},
			"*": {
				"form-header": {
					"type": "FlexibleFormHeader",
					"options": {
						"hidePanelsMenu": false,
						"version": 0
					},
					"stamp": 2,
					"data": []
				},
				"form-center": {
					"type": "FlexibleFormCenter",
					"options": {
						"version": 0
					},
					"*": {
						"form-content": {
							"type": "FlexibleFormContent",
							"options": {
								"version": 0
							},
							"*": {
								"form-content-center": {
									"type": "FlexibleFormSplitter",
									"options": {
										"version": 1,
										"box": {
											"top": "0%",
											"left": "0%",
											"width": "100%"
										},
										"hidden": false,
										"hideSeparator": true
									},
									"*": {
										"form-content-center-1": {
											"type": "FlexibleFormLine",
											"data": [],
											"options": {
												"version": 0
											},
											"stamp": 9,
											"*": {
												"DataPanel": {
													"type": "PanelData",
													"options": {
														"border": {},
														"version": 0,
														"labelLength": 0,
														"label": "_Document data",
														"iconURL": "",
														"TitleFontSize": "S",
														"hideActionButtons": false,
														"hideTitleBar": false,
														"backgroundcolor": "default",
														"labelsAlignment": "right",
														"hideTitle": false,
														"sameHeightAsSiblings": false
													},
													"*": {
														"FieldsManager": {
															"type": "FieldsManager",
															"options": {
																"controlsAssociation": {
																	"CostCenter__": "LabelCostCenter__",
																	"LabelCostCenter__": "CostCenter__",
																	"UserLogin__": "LabelUserLogin__",
																	"LabelUserLogin__": "UserLogin__",
																	"AllowedCompanyCodes__": "LabelAllowed_company_codes__",
																	"LabelAllowed_company_codes__": "AllowedCompanyCodes__",
																	"CompanyCode__": "LabelCompany_code__",
																	"LabelCompany_code__": "CompanyCode__",
																	"ManagerLogin__": "LabelManagerLogin__",
																	"LabelManagerLogin__": "ManagerLogin__",
																	"LOAAmount__": "LabelLOAAmount__",
																	"LabelLOAAmount__": "LOAAmount__",
																	"UserNumber__": "LabelUserNumber__",
																	"LabelUserNumber__": "UserNumber__",
																	"HasCompanyCard__": "LabelHasCompanyCard__",
																	"LabelHasCompanyCard__": "HasCompanyCard__",
																	"AllowedBudgetKeys__": "LabelAllowedBudgetKeys__",
																	"LabelAllowedBudgetKeys__": "AllowedBudgetKeys__",
																	"DefaultWarehouse__": "LabelDefaultWarehouse__",
																	"LabelDefaultWarehouse__": "DefaultWarehouse__",
																	"AllowedWarehouses__": "LabelAllowedWarehouses__",
																	"LabelAllowedWarehouses__": "AllowedWarehouses__"
																},
																"version": 0
															},
															"*": {
																"Grid": {
																	"type": "GridLayout",
																	"options": {
																		"lines": 11,
																		"columns": 2,
																		"version": 0,
																		"ctrlsPos": {
																			"CostCenter__": {
																				"line": 4,
																				"column": 2
																			},
																			"LabelCostCenter__": {
																				"line": 4,
																				"column": 1
																			},
																			"UserLogin__": {
																				"line": 1,
																				"column": 2
																			},
																			"LabelUserLogin__": {
																				"line": 1,
																				"column": 1
																			},
																			"AllowedCompanyCodes__": {
																				"line": 5,
																				"column": 2
																			},
																			"LabelAllowed_company_codes__": {
																				"line": 5,
																				"column": 1
																			},
																			"CompanyCode__": {
																				"line": 3,
																				"column": 2
																			},
																			"LabelCompany_code__": {
																				"line": 3,
																				"column": 1
																			},
																			"ManagerLogin__": {
																				"line": 8,
																				"column": 2
																			},
																			"LabelManagerLogin__": {
																				"line": 8,
																				"column": 1
																			},
																			"LOAAmount__": {
																				"line": 9,
																				"column": 2
																			},
																			"LabelLOAAmount__": {
																				"line": 9,
																				"column": 1
																			},
																			"UserNumber__": {
																				"line": 2,
																				"column": 2
																			},
																			"LabelUserNumber__": {
																				"line": 2,
																				"column": 1
																			},
																			"HasCompanyCard__": {
																				"line": 10,
																				"column": 2
																			},
																			"LabelHasCompanyCard__": {
																				"line": 10,
																				"column": 1
																			},
																			"AllowedBudgetKeys__": {
																				"line": 11,
																				"column": 2
																			},
																			"LabelAllowedBudgetKeys__": {
																				"line": 11,
																				"column": 1
																			},
																			"DefaultWarehouse__": {
																				"line": 6,
																				"column": 2
																			},
																			"LabelDefaultWarehouse__": {
																				"line": 6,
																				"column": 1
																			},
																			"AllowedWarehouses__": {
																				"line": 7,
																				"column": 2
																			},
																			"LabelAllowedWarehouses__": {
																				"line": 7,
																				"column": 1
																			}
																		},
																		"colspans": [
																			[],
																			[],
																			[],
																			[],
																			[],
																			[],
																			[],
																			[],
																			[],
																			[],
																			[]
																		]
																	},
																	"data": [
																		"fields"
																	],
																	"*": {
																		"LabelUserLogin__": {
																			"type": "Label",
																			"data": [
																				"UserLogin__"
																			],
																			"options": {
																				"label": "UserLogin",
																				"version": 0
																			},
																			"stamp": 24
																		},
																		"UserLogin__": {
																			"type": "DatabaseComboBox",
																			"data": [
																				"UserLogin__"
																			],
																			"options": {
																				"label": "UserLogin",
																				"activable": true,
																				"width": "500",
																				"fTSmaxRecords": "20",
																				"version": 0,
																				"PreFillFTS": true,
																				"browsable": true,
																				"autoCompleteSearchMode": "startswith",
																				"searchMode": "matches",
																				"helpURL": "5105",
																				"helpText": "",
																				"helpFormat": "HTML Format",
																				"helpIconPosition": "Right"
																			},
																			"stamp": 25
																		},
																		"LabelUserNumber__": {
																			"type": "Label",
																			"data": [
																				"UserNumber__"
																			],
																			"options": {
																				"label": "_UserNumber",
																				"version": 0
																			},
																			"stamp": 52
																		},
																		"UserNumber__": {
																			"type": "ShortText",
																			"data": [
																				"UserNumber__"
																			],
																			"options": {
																				"textSize": "S",
																				"textAlignment": "left",
																				"textStyle": "default",
																				"textColor": "default",
																				"version": 1,
																				"label": "_UserNumber",
																				"activable": true,
																				"width": "500",
																				"helpText": "",
																				"helpURL": "",
																				"helpFormat": "HTML Format",
																				"browsable": false
																			},
																			"stamp": 53
																		},
																		"LabelCompany_code__": {
																			"type": "Label",
																			"data": [
																				"Select_from_a_table__"
																			],
																			"options": {
																				"label": "Company code",
																				"version": 0
																			},
																			"stamp": 46
																		},
																		"CompanyCode__": {
																			"type": "DatabaseComboBox",
																			"data": [
																				"CompanyCode__"
																			],
																			"options": {
																				"browsable": true,
																				"label": "Company code",
																				"activable": true,
																				"width": "500",
																				"PreFillFTS": true,
																				"fTSmaxRecords": "20",
																				"version": 0,
																				"autoCompleteSearchMode": "startswith",
																				"searchMode": "matches"
																			},
																			"stamp": 47
																		},
																		"LabelCostCenter__": {
																			"type": "Label",
																			"data": [
																				"CostCenter__"
																			],
																			"options": {
																				"label": "CostCenter",
																				"version": 0
																			},
																			"stamp": 22
																		},
																		"CostCenter__": {
																			"type": "DatabaseComboBox",
																			"data": [
																				"CostCenter__"
																			],
																			"options": {
																				"label": "CostCenter",
																				"activable": true,
																				"width": "500",
																				"fTSmaxRecords": "20",
																				"version": 0,
																				"PreFillFTS": true,
																				"browsable": true,
																				"autoCompleteSearchMode": "startswith",
																				"searchMode": "matches"
																			},
																			"stamp": 23
																		},
																		"LabelAllowed_company_codes__": {
																			"type": "Label",
																			"data": [
																				"AllowedCompanyCodes__"
																			],
																			"options": {
																				"label": "Allowed company codes",
																				"version": 0
																			},
																			"stamp": 38
																		},
																		"AllowedCompanyCodes__": {
																			"type": "ShortText",
																			"data": [
																				"AllowedCompanyCodes__"
																			],
																			"options": {
																				"textSize": "S",
																				"textAlignment": "left",
																				"textStyle": "default",
																				"textColor": "default",
																				"label": "Allowed company codes",
																				"activable": true,
																				"width": "500",
																				"browsable": false,
																				"version": 0,
																				"length": 500
																			},
																			"stamp": 39
																		},
																		"LabelDefaultWarehouse__": {
																			"type": "Label",
																			"data": [
																				"DefaultWarehouse__"
																			],
																			"options": {
																				"label": "_DefaultWarehouse",
																				"version": 0,
																				"hidden": true
																			},
																			"stamp": 60
																		},
																		"DefaultWarehouse__": {
																			"type": "DatabaseComboBox",
																			"data": [
																				"DefaultWarehouse__"
																			],
																			"options": {
																				"version": 1,
																				"autoCompleteSearchMode": "startswith",
																				"searchMode": "matches",
																				"label": "_DefaultWarehouse",
																				"activable": true,
																				"width": "500",
																				"helpText": "",
																				"helpURL": "",
																				"helpFormat": "HTML Format",
																				"helpIconPosition": "Right",
																				"minNbLines": 1,
																				"maxNbLines": 1,
																				"PreFillFTS": true,
																				"fTSmaxRecords": "20",
																				"browsable": true,
																				"hidden": true
																			},
																			"stamp": 61
																		},
																		"LabelAllowedWarehouses__": {
																			"type": "Label",
																			"data": [
																				"AllowedWarehouses__"
																			],
																			"options": {
																				"label": "_AllowedWarehouses",
																				"version": 0
																			},
																			"stamp": 62
																		},
																		"AllowedWarehouses__": {
																			"type": "LongText",
																			"data": [
																				"AllowedWarehouses__"
																			],
																			"options": {
																				"textSize": "S",
																				"textAlignment": "left",
																				"textStyle": "default",
																				"textColor": "default",
																				"version": 1,
																				"minNbLines": 3,
																				"label": "_AllowedWarehouses",
																				"activable": true,
																				"width": "500",
																				"helpText": "",
																				"helpURL": "",
																				"helpFormat": "HTML Format",
																				"helpIconPosition": "Right",
																				"browsable": true
																			},
																			"stamp": 63
																		},
																		"LabelManagerLogin__": {
																			"type": "Label",
																			"data": [
																				"ManagerLogin__"
																			],
																			"options": {
																				"label": "_ManagerLogin",
																				"version": 0
																			},
																			"stamp": 48
																		},
																		"ManagerLogin__": {
																			"type": "DatabaseComboBox",
																			"data": [
																				"ManagerLogin__"
																			],
																			"options": {
																				"label": "_ManagerLogin",
																				"activable": true,
																				"width": "500",
																				"fTSmaxRecords": "20",
																				"browsable": true,
																				"PreFillFTS": true,
																				"version": 0,
																				"autoCompleteSearchMode": "startswith",
																				"searchMode": "matches"
																			},
																			"stamp": 49
																		},
																		"LabelLOAAmount__": {
																			"type": "Label",
																			"data": [
																				"LOAAmount__"
																			],
																			"options": {
																				"label": "_LOAAmount",
																				"version": 0
																			},
																			"stamp": 50
																		},
																		"LOAAmount__": {
																			"type": "Decimal",
																			"data": [
																				"LOAAmount__"
																			],
																			"options": {
																				"version": 1,
																				"textSize": "S",
																				"textAlignment": "right",
																				"textStyle": "default",
																				"textColor": "default",
																				"integer": false,
																				"label": "_LOAAmount",
																				"precision_internal": 2,
																				"precision_current": 2,
																				"activable": true,
																				"width": "500"
																			},
																			"stamp": 51
																		},
																		"LabelHasCompanyCard__": {
																			"type": "Label",
																			"data": [
																				"HasCompanyCard__"
																			],
																			"options": {
																				"label": "_Has company card",
																				"version": 0
																			},
																			"stamp": 54
																		},
																		"HasCompanyCard__": {
																			"type": "CheckBox",
																			"data": [
																				"HasCompanyCard__"
																			],
																			"options": {
																				"label": "_Has company card",
																				"activable": true,
																				"width": "500",
																				"helpText": "_HelperNonRefundableExpenses",
																				"helpURL": "",
																				"helpFormat": "HTML Format",
																				"version": 0
																			},
																			"stamp": 55
																		},
																		"LabelAllowedBudgetKeys__": {
																			"type": "Label",
																			"data": [
																				"AllowedBudgetKeys__"
																			],
																			"options": {
																				"label": "_AllowedBudgetKeys",
																				"version": 0
																			},
																			"stamp": 56
																		},
																		"AllowedBudgetKeys__": {
																			"type": "LongText",
																			"data": [
																				"AllowedBudgetKeys__"
																			],
																			"options": {
																				"textSize": "S",
																				"textAlignment": "left",
																				"textStyle": "default",
																				"textColor": "default",
																				"version": 1,
																				"minNbLines": 3,
																				"label": "_AllowedBudgetKeys",
																				"activable": true,
																				"width": "500",
																				"helpText": "",
																				"helpURL": "",
																				"helpFormat": "HTML Format",
																				"helpIconPosition": "Right",
																				"browsable": false,
																				"numberOfLines": 10
																			},
																			"stamp": 57
																		}
																	},
																	"stamp": 8
																}
															},
															"stamp": 7,
															"data": []
														}
													},
													"stamp": 6,
													"data": []
												}
											}
										}
									},
									"stamp": 5,
									"data": []
								}
							},
							"stamp": 4,
							"data": []
						}
					},
					"stamp": 3,
					"data": []
				},
				"form-footer": {
					"type": "FlexibleFormFooter",
					"options": {
						"splitterType": "simple-h",
						"version": 0
					},
					"*": {
						"Save": {
							"type": "SubmitButton",
							"options": {
								"label": "_Save",
								"action": "savequit",
								"submit": true,
								"version": 0,
								"shortCut": "S",
								"textSize": "S"
							},
							"stamp": 11,
							"data": []
						},
						"Close": {
							"type": "SubmitButton",
							"options": {
								"label": "_Close",
								"action": "cancel",
								"submit": true,
								"version": 0,
								"shortCut": "Q",
								"textSize": "S"
							},
							"stamp": 12,
							"data": []
						},
						"Delete": {
							"type": "SubmitButton",
							"options": {
								"label": "_Delete",
								"action": "delete",
								"submit": true,
								"version": 0,
								"disabled": true,
								"textSize": "S"
							},
							"stamp": 13,
							"data": []
						}
					},
					"stamp": 10,
					"data": []
				}
			},
			"stamp": 1,
			"data": []
		}
	},
	"stamps": 63,
	"data": []
}</layout>
    </ui>
  </properties>
  <field deleted="0" format="" guid="ABU3FP000M4H" id="ZGW552000SG7" label="_AllowedBudgetKeys_report" length="32766" name="AllowedBudgetKeys__" originalProcessID="XMIX132730" precision="0" processid="YGW552000SG7" submitable="1" type="STR">
    <properties>
      <db>
        <alias>AZGW552000SG7</alias>
        <noxml>1</noxml>
        <fullname>/job/processfields/AllowedBudgetKeys__</fullname>
        <defaultvalue>
        </defaultvalue>
        <RecordLastWrite>2022-10-25 17:04:15</RecordLastWrite>
      </db>
      <extrainfo>
        <Label>_AllowedBudgetKeys_report</Label>
        <Alias>AZGW552000SG7</Alias>
        <ProcessFieldVersion vartype="INT">1</ProcessFieldVersion>
      </extrainfo>
      <gdr>
        <DisableAutolearn>1</DisableAutolearn>
      </gdr>
      <help>
        <helpData>{"helpText":"","helpURL":"","helpFormat":"HTML Format","helpIconPosition":"Right"}</helpData>
      </help>
      <ui>
        <_type>String</_type>
        <automatic>true</automatic>
      </ui>
    </properties>
  </field>
  <field deleted="0" format="" guid="AXEJ174914" id="AHW552000SG7" label="Allowed company codes" length="500" name="AllowedCompanyCodes__" originalProcessID="XMIX132730" precision="0" processid="YGW552000SG7" submitable="1" type="STR">
    <properties>
      <db>
        <alias>AAHW552000SG7</alias>
        <noxml>1</noxml>
        <fullname>/job/processfields/AllowedCompanyCodes__</fullname>
        <defaultvalue>
        </defaultvalue>
        <RecordLastWrite>2022-10-25 17:04:15</RecordLastWrite>
      </db>
      <extrainfo>
        <Label>Allowed company codes</Label>
        <Alias>AAHW552000SG7</Alias>
        <ProcessFieldVersion vartype="INT">1</ProcessFieldVersion>
      </extrainfo>
      <gdr>
        <VarType>Area</VarType>
      </gdr>
      <ui>
        <_type>String</_type>
        <automatic>true</automatic>
      </ui>
    </properties>
  </field>
  <field deleted="0" format="" guid="PXPIG0000SG1" id="BHW552000SG7" label="_AllowedWarehouses_report" length="32766" name="AllowedWarehouses__" originalProcessID="XMIX132730" precision="0" processid="YGW552000SG7" submitable="1" type="STR">
    <properties>
      <db>
        <alias>ABHW552000SG7</alias>
        <noxml>1</noxml>
        <fullname>/job/processfields/AllowedWarehouses__</fullname>
        <defaultvalue>
        </defaultvalue>
        <RecordLastWrite>2022-10-25 17:04:15</RecordLastWrite>
      </db>
      <extrainfo>
        <Label>_AllowedWarehouses_report</Label>
        <Alias>ABHW552000SG7</Alias>
        <ProcessFieldVersion vartype="INT">1</ProcessFieldVersion>
      </extrainfo>
      <gdr>
        <DisableAutolearn>1</DisableAutolearn>
      </gdr>
      <help>
        <helpData>{"helpText":"","helpURL":"","helpFormat":"HTML Format","helpIconPosition":"Right"}</helpData>
      </help>
      <ui>
        <_type>String</_type>
        <automatic>true</automatic>
      </ui>
    </properties>
  </field>
  <field deleted="0" format="" guid="PHQG175908" id="CHW552000SG7" label="Company code" length="50" name="CompanyCode__" originalProcessID="XMIX132730" precision="0" processid="YGW552000SG7" submitable="1" type="STR">
    <properties>
      <db>
        <alias>ACHW552000SG7</alias>
        <noxml>1</noxml>
        <fullname>/job/processfields/CompanyCode__</fullname>
        <jointable>PurchasingCompanycodes__</jointable>
        <jointableid>CT#ECW552000SG7</jointableid>
        <defaultvalue>
        </defaultvalue>
        <joincondition>(source.CompanyCode__=dest.CompanyCode__)</joincondition>
        <RecordLastWrite>2022-10-25 17:04:15</RecordLastWrite>
      </db>
      <extrainfo>
        <Label>Company code</Label>
        <Alias>ACHW552000SG7</Alias>
        <ProcessFieldVersion vartype="INT">1</ProcessFieldVersion>
      </extrainfo>
      <field>
        <Editable>false</Editable>
        <TableName>CT#ECW552000SG7</TableName>
        <SortOrder>ASC</SortOrder>
        <DisplayedColumns>CompanyCode__|CompanyName__</DisplayedColumns>
        <DisplayedColumnsIds>
        </DisplayedColumnsIds>
        <SavedColumn>CompanyCode__</SavedColumn>
        <SavedColumnId>
        </SavedColumnId>
        <ProcessName>PurchasingCompanycodes__</ProcessName>
        <CustomFilter>
        </CustomFilter>
      </field>
      <ui>
        <_type>String</_type>
        <automatic>true</automatic>
      </ui>
    </properties>
  </field>
  <field deleted="0" format="" guid="RXKH132831" id="DHW552000SG7" label="CostCenter" length="50" name="CostCenter__" originalProcessID="XMIX132730" precision="0" processid="YGW552000SG7" submitable="1" type="STR">
    <properties>
      <db>
        <alias>ADHW552000SG7</alias>
        <noxml>1</noxml>
        <fullname>/job/processfields/CostCenter__</fullname>
        <jointable>AP - Cost centers__</jointable>
        <jointableid>CT#CFW552000SG7</jointableid>
        <defaultvalue>
        </defaultvalue>
        <joincondition>(&amp;(source.CompanyCode__=dest.CompanyCode__)(source.CostCenter__=dest.CostCenter__))</joincondition>
        <RecordLastWrite>2022-10-25 17:04:16</RecordLastWrite>
      </db>
      <extrainfo>
        <Label>CostCenter</Label>
        <Alias>ADHW552000SG7</Alias>
        <ProcessFieldVersion vartype="INT">1</ProcessFieldVersion>
      </extrainfo>
      <field>
        <Editable>false</Editable>
        <required>false</required>
        <TableName>CT#CFW552000SG7</TableName>
        <SortOrder>ASC</SortOrder>
        <DisplayedColumns>CostCenter__|CompanyCode__|Description__|Manager__</DisplayedColumns>
        <DisplayedColumnsIds>
        </DisplayedColumnsIds>
        <SavedColumn>CostCenter__</SavedColumn>
        <SavedColumnId>
        </SavedColumnId>
        <ProcessName>AP - Cost centers__</ProcessName>
        <CustomFilter>(|(CompanyCode__=%[CompanyCode__])(CompanyCode__=)(!(CompanyCode__=*)))</CustomFilter>
      </field>
      <ui>
        <_type>String</_type>
        <automatic>true</automatic>
      </ui>
    </properties>
  </field>
  <field deleted="0" format="" guid="J9W4FP000PA9" id="EHW552000SG7" label="_DefaultWarehouse_report" length="50" name="DefaultWarehouse__" originalProcessID="XMIX132730" precision="0" processid="YGW552000SG7" submitable="1" type="STR">
    <properties>
      <db>
        <alias>AEHW552000SG7</alias>
        <noxml>1</noxml>
        <fullname>/job/processfields/DefaultWarehouse__</fullname>
        <jointable>P2P - Warehouse__</jointable>
        <jointableid>CT#HGW552000SG7</jointableid>
        <defaultvalue>
        </defaultvalue>
        <joincondition>(&amp;(source.CompanyCode__=dest.CompanyCode__)(source.DefaultWarehouse__=dest.WarehouseID__))</joincondition>
        <RecordLastWrite>2022-10-25 17:04:16</RecordLastWrite>
      </db>
      <extrainfo>
        <Label>_DefaultWarehouse_report</Label>
        <Alias>AEHW552000SG7</Alias>
        <ProcessFieldVersion vartype="INT">1</ProcessFieldVersion>
      </extrainfo>
      <field>
        <Editable>false</Editable>
        <TableName>CT#HGW552000SG7</TableName>
        <SortOrder>ASC</SortOrder>
        <DisplayedColumns>WarehouseID__|Name__|Description__</DisplayedColumns>
        <DisplayedColumnsIds>
        </DisplayedColumnsIds>
        <UseTableForAutolearn>false</UseTableForAutolearn>
        <SavedColumn>WarehouseID__</SavedColumn>
        <SavedColumnId>
        </SavedColumnId>
        <ExposedColumns>
        </ExposedColumns>
        <ProcessName>P2P - Warehouse__</ProcessName>
        <KeyColumnId>
        </KeyColumnId>
        <KeyAttribute>
        </KeyAttribute>
        <CustomFilter>
        </CustomFilter>
      </field>
      <help>
        <helpData>{"helpText":"","helpURL":"","helpFormat":"HTML Format","helpIconPosition":"Right"}</helpData>
      </help>
      <ui>
        <_type>String</_type>
        <automatic>true</automatic>
      </ui>
    </properties>
  </field>
  <field deleted="0" format="" guid="OT82FP000IYP" id="FHW552000SG7" label="_Has company card_report" length="0" name="HasCompanyCard__" originalProcessID="XMIX132730" precision="0" processid="YGW552000SG7" submitable="1" type="BOOL">
    <properties>
      <db>
        <alias>AFHW552000SG7</alias>
        <noxml>1</noxml>
        <fullname>/job/processfields/HasCompanyCard__</fullname>
        <defaultvalue>false</defaultvalue>
        <RecordLastWrite>2022-10-25 17:04:16</RecordLastWrite>
      </db>
      <extrainfo>
        <Label>_Has company card_report</Label>
        <Alias>AFHW552000SG7</Alias>
        <ProcessFieldVersion vartype="INT">1</ProcessFieldVersion>
      </extrainfo>
      <gdr>
        <DisableAutolearn>1</DisableAutolearn>
      </gdr>
      <help>
        <helpData>{"helpText":"_HelperNonRefundableExpenses","helpURL":"","helpFormat":"HTML Format"}</helpData>
      </help>
      <ui>
        <_type>Boolean</_type>
        <automatic>true</automatic>
      </ui>
    </properties>
  </field>
  <field deleted="0" format="" guid="CWTY176322" id="GHW552000SG7" label="_LOAAmount" length="17" name="LOAAmount__" originalProcessID="XMIX132730" precision="2" processid="YGW552000SG7" submitable="1" type="DECIMAL">
    <properties>
      <db>
        <alias>AGHW552000SG7</alias>
        <noxml>1</noxml>
        <fullname>/job/processfields/LOAAmount__</fullname>
        <defaultvalue>
        </defaultvalue>
        <RecordLastWrite>2022-10-25 17:04:16</RecordLastWrite>
      </db>
      <extrainfo>
        <Label>_LOAAmount</Label>
        <Alias>AGHW552000SG7</Alias>
        <DecimalPrecision vartype="INT">2</DecimalPrecision>
        <ProcessFieldVersion vartype="INT">1</ProcessFieldVersion>
      </extrainfo>
      <gdr>
        <VarType>Area</VarType>
      </gdr>
      <ui>
        <_type>Number</_type>
        <automatic>true</automatic>
      </ui>
    </properties>
  </field>
  <field deleted="0" format="" guid="PHQG176864" id="HHW552000SG7" label="_ManagerLogin" length="80" name="ManagerLogin__" originalProcessID="XMIX132730" precision="0" processid="YGW552000SG7" submitable="1" type="STR">
    <properties>
      <db>
        <alias>AHHW552000SG7</alias>
        <noxml>1</noxml>
        <fullname>/job/processfields/ManagerLogin__</fullname>
        <defaultvalue>
        </defaultvalue>
        <RecordLastWrite>2022-10-25 17:04:16</RecordLastWrite>
      </db>
      <extrainfo>
        <Label>_ManagerLogin</Label>
        <Alias>AHHW552000SG7</Alias>
        <DocMgrDisplayType>webaccess.Edd.ui.DNorLogin</DocMgrDisplayType>
        <ProcessFieldVersion vartype="INT">1</ProcessFieldVersion>
      </extrainfo>
      <field>
        <Editable>false</Editable>
        <TableName>ODUSER</TableName>
        <SortOrder>ASC</SortOrder>
        <DisplayedColumns>Login|DisplayName</DisplayedColumns>
        <SavedColumn>Login</SavedColumn>
        <ProcessName>
        </ProcessName>
        <CustomFilter>(&amp;(Vendor=0)(Customer=0))</CustomFilter>
      </field>
      <ui>
        <_type>String</_type>
        <automatic>true</automatic>
      </ui>
    </properties>
  </field>
  <field deleted="0" format="" guid="SILB132830" id="IHW552000SG7" label="UserLogin" length="80" name="UserLogin__" originalProcessID="XMIX132730" precision="0" processid="YGW552000SG7" submitable="1" type="STR">
    <properties>
      <db>
        <alias>AIHW552000SG7</alias>
        <index vartype="INT">1</index>
        <noxml>1</noxml>
        <fullname>/job/processfields/UserLogin__</fullname>
        <defaultvalue>
        </defaultvalue>
        <RecordLastWrite>2022-10-25 17:04:16</RecordLastWrite>
      </db>
      <extrainfo>
        <Label>UserLogin</Label>
        <Alias>AIHW552000SG7</Alias>
        <DocMgrDisplayType>webaccess.Edd.ui.DNorLogin</DocMgrDisplayType>
        <ProcessFieldVersion vartype="INT">1</ProcessFieldVersion>
      </extrainfo>
      <field>
        <Editable>false</Editable>
        <required>false</required>
        <TableName>ODUSER</TableName>
        <SortOrder>ASC</SortOrder>
        <DisplayedColumns>Login|DisplayName</DisplayedColumns>
        <SavedColumn>Login</SavedColumn>
        <ProcessName>
        </ProcessName>
        <CustomFilter>(&amp;(Vendor=0)(Customer=0))</CustomFilter>
      </field>
      <help>
        <helpData>{"helpText":"","helpURL":"5105","helpFormat":"HTML Format"}</helpData>
      </help>
      <ui>
        <_type>String</_type>
        <automatic>true</automatic>
      </ui>
    </properties>
  </field>
  <field deleted="0" format="" guid="OFX1FP000FSX" id="JHW552000SG7" label="_UserNumber_report" length="50" name="UserNumber__" originalProcessID="XMIX132730" precision="0" processid="YGW552000SG7" submitable="1" type="STR">
    <properties>
      <db>
        <alias>AJHW552000SG7</alias>
        <noxml>1</noxml>
        <fullname>/job/processfields/UserNumber__</fullname>
        <defaultvalue>
        </defaultvalue>
        <RecordLastWrite>2022-10-25 17:04:16</RecordLastWrite>
      </db>
      <extrainfo>
        <Label>_UserNumber_report</Label>
        <Alias>AJHW552000SG7</Alias>
        <ProcessFieldVersion vartype="INT">1</ProcessFieldVersion>
      </extrainfo>
      <gdr>
        <VarType>Area</VarType>
        <DisableAutolearn>1</DisableAutolearn>
      </gdr>
      <help>
        <helpData>{"helpText":"","helpURL":"","helpFormat":"HTML Format"}</helpData>
      </help>
      <ui>
        <_type>String</_type>
        <automatic>true</automatic>
      </ui>
    </properties>
  </field>
  <type id="JLLP13130F1" name="CT">
  </type>
</process>