﻿<?xml version="1.0" encoding="UTF-8" standalone="no"?>
<process accountid="20063076" allowrepairprocess="0" builtin="0" builtinversion="0" carriesapplicationversion="0" creationdatetime="2022-10-25 17:05:57" deleted="0" eskerapplication="" global="0" id="AUY552000SG7" keepcustomization="0" keepfieldsonly="0" keepfieldsproperties="0" keepnewcontroloptions="0" migrationversion="4" name="Vendor invoice payment (SAP)" needvalidation="0" ootofilter="" ootoversion="0" originalProcessID="DORA15249" ownerid="cn=admin_p2p@paragon-cc.fr,ou=DEV,ou=TrainingP2P,ou=DEMO_JULIEN,ou=05284299,ou=ESK,s=eoo" ownerpb="OnDemand AddressBook" public="1" pushnotification="0" reuseengine="0" sprintversion="5.261.0" transportname="CustomData" upgradable="1" userid="0" version="1" visibility="0">
  <properties>
    <dataConditions>
      <listDataConditions>
				&lt;dataCondition&gt;
					&lt;tableName&gt;P2P - Global Application Settings__&lt;/tableName&gt;
					&lt;filter&gt;msnex=*&lt;/filter&gt;
					&lt;labelKey&gt;_AP disabled&lt;/labelKey&gt;
					&lt;conditions&gt;
						&lt;allowCondition&gt;
							&lt;fieldName&gt;EnableAccountPayableGlobalSetting__&lt;/fieldName&gt;
							&lt;fieldValue&gt;1&lt;/fieldValue&gt;
						&lt;/allowCondition&gt;
					&lt;/conditions&gt;
				&lt;/dataCondition&gt;
			</listDataConditions>
    </dataConditions>
    <gdr>
      <FinalizationScriptAllowRetry>
      </FinalizationScriptAllowRetry>
      <finalizationscriptIncludedScripts>Sys/Sys_Helpers_Database</finalizationscriptIncludedScripts>
      <finalizationscriptIncludedScripts>Sys/Sys_Helpers_Date</finalizationscriptIncludedScripts>
      <finalizationscriptIncludedScripts>Sys/Sys_Helpers_String</finalizationscriptIncludedScripts>
      <finalizationscriptIncludedScripts>Sys/Sys_Helpers_String_SAP</finalizationscriptIncludedScripts>
      <finalizationscriptIncludedScripts>Sys/Sys_Helpers_SAP</finalizationscriptIncludedScripts>
      <finalizationscriptIncludedScripts>Sys/Sys_EmailNotification</finalizationscriptIncludedScripts>
      <finalizationscriptIncludedScripts>Lib_V12.0.461.0</finalizationscriptIncludedScripts>
      <finalizationscriptIncludedScripts>Lib_AP_V12.0.461.0</finalizationscriptIncludedScripts>
      <finalizationscriptIncludedScripts>Lib_AP_Comment_Helper_V12.0.461.0</finalizationscriptIncludedScripts>
      <finalizationscriptIncludedScripts>Lib_AP_VendorPortal_V12.0.461.0</finalizationscriptIncludedScripts>
      <finalizationscriptIncludedScripts>Lib_AP_UpdatePaymentDetails_V12.0.461.0</finalizationscriptIncludedScripts>
      <finalizationscriptIncludedScripts>Lib_AP_SAP_Server_V12.0.461.0</finalizationscriptIncludedScripts>
      <finalizationscriptIncludedScripts>Lib_AP_SAP_UpdatePaymentDetails_V12.0.461.0</finalizationscriptIncludedScripts>
      <finalizationscriptIncludedScripts>Lib_ERP_SAP_InvoicePayment_V12.0.461.0</finalizationscriptIncludedScripts>
      <finalizationscriptIncludedScripts>LIB_ERP_SAPS4CLOUD_Invoice_Server_V12.0.461.0</finalizationscriptIncludedScripts>
      <finalizationscriptIncludedScripts>Lib_ERP_SAPS4CLOUD_InvoicePayment_V12.0.461.0</finalizationscriptIncludedScripts>
      <finalizationscriptIncludedScripts>[LIB_AP_CUSTOMIZATION_PAYMENT]</finalizationscriptIncludedScripts>
      <FinalizationScript>///#GLOBALS Lib
var options = {
	maxElements: 20,
	nbLoopsPerRecall: 50
};
Process.SetTimeOut(2 * 60 * 60);
var NOT_FINISHED = 0;

function run()
{
	if (Lib.AP.SAP.UpdatePaymentDetails.UpdateInvoices(options) === NOT_FINISHED)
	{
		Process.RecallScript("payment_in_progress", true);
	}
}
run();</FinalizationScript>
      <ValidationScriptAllowRetry>
      </ValidationScriptAllowRetry>
      <ValidationScript>
      </ValidationScript>
      <AllowTagCoverPages>true</AllowTagCoverPages>
      <AllowTagNewDocuments>true</AllowTagNewDocuments>
      <AllowTagAttachments>true</AllowTagAttachments>
      <ExtractionScriptAllowRetry>
      </ExtractionScriptAllowRetry>
      <extractionscriptIncludedScripts>Lib_V12.0.461.0</extractionscriptIncludedScripts>
      <extractionscriptIncludedScripts>Lib_Parameters_P2P_V12.0.461.0</extractionscriptIncludedScripts>
      <extractionscriptIncludedScripts>[Lib_Custom_Parameters]</extractionscriptIncludedScripts>
      <extractionscriptIncludedScripts>[Lib_P2P_Custom_Parameters]</extractionscriptIncludedScripts>
      <extractionscriptIncludedScripts>Lib_P2P_V12.0.461.0</extractionscriptIncludedScripts>
      <ExtractionScript>
      </ExtractionScript>
      <AllowRemovePages>true</AllowRemovePages>
      <AllowSwapPages>true</AllowSwapPages>
      <PostProcessingScriptAllowRetry>
      </PostProcessingScriptAllowRetry>
      <PostProcessingScript>
      </PostProcessingScript>
    </gdr>
    <lg>
      <process_de>{
	"_CommentHistory": "{0} ({1})",
	"_CommentHistoryNoUser": "{0}",
	"_Customer invoice paid {0}": "Zahlungsmitteilung für Rechnung {0}",
	"_HistoryInvoicePaymentAction": "Zahlungsdetails automatisch von SAP aktualisiert",
	"Cash": "Barzahlung",
	"Check": "Scheck",
	"Credit card": "Kreditkarte",
	"EFT": "Elektronische Überweisung",
	"Other": "Andere",
	"Vendor invoice payment (SAP)": "Zahlung einer Lieferantenrechnung (SAP)"
}</process_de>
      <process_JA>{
	"_CommentHistory": "{0} ユーザー: {1}",
	"_CommentHistoryNoUser": "{0}",
	"_Customer invoice paid {0}": "請求書 {0} の支払通知",
	"_HistoryInvoicePaymentAction": "SAPから自動的に更新された支払詳細",
	"Cash": "現金決済",
	"Check": "小切手",
	"Credit card": "クレジットカード",
	"EFT": "電子資金振替",
	"Other": "その他",
	"Vendor invoice payment (SAP)": "仕入先請求書支払（SAP）"
}</process_JA>
      <process_en>{
	"_CommentHistory": "{0} by {1}",
	"_CommentHistoryNoUser": "{0}",
	"_Customer invoice paid {0}": "Payment notification for invoice {0}",
	"_HistoryInvoicePaymentAction": "Payment details automatically updated from SAP",
	"Cash": "Cash payment",
	"Check": "Check",
	"Credit card": "Credit card",
	"EFT": "Electronic Funds Transfer",
	"Other": "Other",
	"Vendor invoice payment (SAP)": "Vendor invoice payment (SAP)"
}</process_en>
      <process_es>{
	"_CommentHistory": "{0} por {1}",
	"_CommentHistoryNoUser": "{0}",
	"_Customer invoice paid {0}": "Notificación de pago de la factura {0}",
	"_HistoryInvoicePaymentAction": "Detalles de pago actualizados automáticamente desde SAP",
	"Cash": "Pago en efectivo",
	"Check": "Cheque",
	"Credit card": "Tarjeta de crédito",
	"EFT": "Transferencia electrónica de fondos",
	"Other": "Otro",
	"Vendor invoice payment (SAP)": "Pago de una factura de proveedor (SAP)"
}</process_es>
      <process_fr>{
	"_CommentHistory": "{0} par {1}",
	"_CommentHistoryNoUser": "{0}",
	"_Customer invoice paid {0}": "Avis de paiement de la facture {0}",
	"_HistoryInvoicePaymentAction": "Détails du paiement mis à jour automatiquement depuis SAP",
	"Cash": "Paiement en espèces",
	"Check": "Chèque",
	"Credit card": "Carte de crédit",
	"EFT": "Transfert électronique de fonds",
	"Other": "Autre",
	"Vendor invoice payment (SAP)": "Paiement d'une facture fournisseur (SAP)"
}</process_fr>
      <process_nl-NL>{
	"_CommentHistory": "{0} door {1}",
	"_CommentHistoryNoUser": "{0}",
	"_Customer invoice paid {0}": "Melding betaling voor factuur {0}",
	"_HistoryInvoicePaymentAction": "Betaalgegevens automatisch bijgewerkt vanuit SAP",
	"Cash": "Contante betaling",
	"Check": "Cheque",
	"Credit card": "Creditcard",
	"EFT": "Elektronische overboeking",
	"Other": "Overige",
	"Vendor invoice payment (SAP)": "Betaling leveranciersfacturen (SAP)"
}</process_nl-NL>
      <process_it>{
	"_CommentHistory": "{0} da {1}",
	"_CommentHistoryNoUser": "{0}",
	"_Customer invoice paid {0}": "Notifica pagamento della fattura {0}",
	"_HistoryInvoicePaymentAction": "Dettagli pagamento aggiornati automaticamente da SAP",
	"Cash": "Pagamento in contanti",
	"Check": "Assegno",
	"Credit card": "Carta di credito",
	"EFT": "Bonifico elettronico",
	"Other": "Altro",
	"Vendor invoice payment (SAP)": "Pagamento fattura fornitore (SAP)"
}</process_it>
      <process_zh-CN>{
	"_CommentHistory": "{0} / {1}",
	"_CommentHistoryNoUser": "{0}",
	"_Customer invoice paid {0}": "账单{0}的付款通知",
	"_HistoryInvoicePaymentAction": "从SAP中直接更新的付款信息",
	"Cash": "现金支付",
	"Check": "支票",
	"Credit card": "信用卡",
	"EFT": "电子转账",
	"Other": "其他",
	"Vendor invoice payment (SAP)": "供应商账单支付（SAP）"
}</process_zh-CN>
      <process_pt-BR>{
	"_CommentHistory": "{0} por {1}",
	"_CommentHistoryNoUser": "{0}",
	"_Customer invoice paid {0}": "Notificação de pagamento para a fatura {0}",
	"_HistoryInvoicePaymentAction": "Detalhes de pagamento atualizados automaticamente do SAP",
	"Cash": "Pagamento em dinheiro",
	"Check": "Cheque",
	"Credit card": "Cartão de crédito",
	"EFT": "Transferência eletrônica de fundos",
	"Other": "Outro",
	"Vendor invoice payment (SAP)": "Pagamento de fatura do fornecedor (SAP)"
}</process_pt-BR>
    </lg>
    <ocr>
      <trade-off>accurate</trade-off>
      <image-binarization>no</image-binarization>
      <image-draft-fax>no</image-draft-fax>
      <image-despeckle>no</image-despeckle>
      <allowed-language>0</allowed-language>
      <image-resolution-enhancement>auto</image-resolution-enhancement>
      <ocr_engine>Nuance190</ocr_engine>
      <extractionAdditionalOptions>
      </extractionAdditionalOptions>
    </ocr>
    <process>
      <flowtype>processing</flowtype>
      <ocrpreset>scan</ocrpreset>
      <homepagelabel>_Vendor invoice payment (SAP)</homepagelabel>
      <enableflexibleauditing>
      </enableflexibleauditing>
      <enableflexibleediting>
      </enableflexibleediting>
      <enableflexibleteaching>
      </enableflexibleteaching>
      <upgradable>yes</upgradable>
      <disableocr>
      </disableocr>
      <instanciable>1</instanciable>
      <disableautolearning>true</disableautolearning>
      <backgroundprocessingthreshold>
      </backgroundprocessingthreshold>
      <EnablePreviewPrecomputation>
      </EnablePreviewPrecomputation>
      <archiveDuration>0</archiveDuration>
      <OverrideAllowedDocumentExtensions>CSV</OverrideAllowedDocumentExtensions>
      <ownhomepage>
      </ownhomepage>
      <ocrpagestoprocess>
      </ocrpagestoprocess>
      <ScriptEngineType>2</ScriptEngineType>
      <displayWidth>
      </displayWidth>
      <AllowUploadAttachment>1</AllowUploadAttachment>
      <AllowUploadReferenceDocument>1</AllowUploadReferenceDocument>
      <UseCultureFormat>true</UseCultureFormat>
      <AllowRetryExtractCD>true</AllowRetryExtractCD>
      <TransportName>CustomData</TransportName>
      <LayoutVersion>1.0</LayoutVersion>
    </process>
    <ui>
      <CustomScriptDebug>false</CustomScriptDebug>
      <CustomScriptReadonly>false</CustomScriptReadonly>
      <CustomScript>
      </CustomScript>
      <layout>{
	"*": {
		"GDRData": {
			"type": "GDRData",
			"options": {
				"version": 0
			},
			"stamp": 1,
			"data": []
		},
		"OCRParams": {
			"type": "OCRParams",
			"options": {
				"version": 0
			},
			"stamp": 2,
			"data": []
		},
		"Screen": {
			"type": "FlexibleFormLayout",
			"options": {
				"splitterType": "complex",
				"version": 0,
				"maxwidth": ""
			},
			"*": {
				"form-header": {
					"type": "FlexibleFormHeader",
					"options": {
						"version": 0,
						"maxwidth": ""
					},
					"stamp": 3,
					"data": []
				},
				"form-center": {
					"type": "FlexibleFormCenter",
					"options": {
						"version": 0,
						"maxwidth": ""
					},
					"*": {
						"form-content": {
							"type": "FlexibleFormContent",
							"options": {
								"version": 0
							},
							"*": {
								"form-content-top": {
									"type": "FlexibleFormSplitter",
									"options": {
										"autosize": true,
										"version": 1,
										"box": {
											"top": 0,
											"left": 0,
											"width": 100,
											"height": 17
										},
										"hidden": false
									},
									"*": {
										"form-content-top-1": {
											"type": "FlexibleFormLine",
											"options": {
												"version": 0
											},
											"*": {
												"DocumentsPanel": {
													"type": "PanelDocument",
													"options": {
														"version": 0,
														"border": {},
														"labelLength": 0,
														"iconURL": "",
														"TitleFontSize": "S",
														"hideActionButtons": false,
														"hideTitleBar": false,
														"label": "_Documents"
													},
													"*": {
														"Document": {
															"data": [
																"documentscontroldata"
															],
															"type": "Documents",
															"options": {
																"version": 1,
																"previewButton": false,
																"downloadButton": true
															},
															"stamp": 4
														}
													},
													"stamp": 5,
													"data": []
												}
											},
											"stamp": 6,
											"data": []
										}
									},
									"stamp": 7,
									"data": []
								},
								"form-content-bottom": {
									"type": "FlexibleFormSplitter",
									"options": {
										"version": 1,
										"box": {
											"top": "17%",
											"left": "0%",
											"width": null,
											"height": "83%"
										},
										"hidden": false
									},
									"*": {
										"form-content-left": {
											"type": "FlexibleFormSplitter",
											"options": {
												"version": 1,
												"box": {
													"top": "0%",
													"left": "0%",
													"width": "45%",
													"height": null
												},
												"hidden": false
											},
											"*": {
												"form-content-left-1": {
													"type": "FlexibleFormLine",
													"options": {
														"version": 0
													},
													"*": {
														"DataPanel": {
															"type": "PanelData",
															"options": {
																"border": {},
																"version": 0,
																"labelLength": 0,
																"iconURL": "",
																"TitleFontSize": "S",
																"hideActionButtons": false,
																"hideTitleBar": false,
																"backgroundcolor": "default",
																"labelsAlignment": "right",
																"label": "_Document data"
															},
															"*": {
																"FieldsManager": {
																	"type": "FieldsManager",
																	"options": {
																		"controlsAssociation": {},
																		"version": 0
																	},
																	"*": {
																		"Grid": {
																			"type": "GridLayout",
																			"options": {
																				"lines": 0,
																				"columns": 2,
																				"version": 0,
																				"ctrlsPos": {},
																				"colspans": []
																			},
																			"data": [
																				"fields"
																			],
																			"*": {},
																			"stamp": 8
																		}
																	},
																	"stamp": 9,
																	"data": []
																}
															},
															"stamp": 10,
															"data": []
														}
													},
													"stamp": 11,
													"data": []
												},
												"form-content-left-2": {
													"type": "FlexibleFormLine",
													"options": {
														"version": 0
													},
													"*": {
														"SystemData": {
															"type": "PanelSystemData",
															"options": {
																"multicolumn": false,
																"version": 0,
																"border": {},
																"labelLength": 0,
																"iconURL": "",
																"TitleFontSize": "S",
																"hideActionButtons": false,
																"hideTitleBar": false,
																"label": "_System data"
															},
															"stamp": 12,
															"data": []
														}
													},
													"stamp": 13,
													"data": []
												},
												"form-content-left-3": {
													"type": "FlexibleFormLine",
													"options": {
														"version": 0
													},
													"*": {
														"NextProcess": {
															"type": "PanelNextProcess",
															"options": {
																"hidden": true,
																"version": 0,
																"border": {},
																"labelLength": 0,
																"iconURL": "",
																"TitleFontSize": "S",
																"hideActionButtons": false,
																"hideTitleBar": false,
																"label": "_Next Process"
															},
															"stamp": 14,
															"data": []
														}
													},
													"stamp": 15,
													"data": []
												}
											},
											"stamp": 16,
											"data": []
										},
										"form-content-right": {
											"type": "FlexibleFormSplitter",
											"options": {
												"version": 1,
												"box": {
													"top": "0%",
													"left": "45%",
													"width": "55%",
													"height": null
												},
												"hidden": false
											},
											"*": {
												"form-content-right-1": {
													"type": "FlexibleFormLine",
													"options": {
														"version": 0
													},
													"*": {
														"PreviewPanel": {
															"type": "PanelPreview",
															"options": {
																"border": {},
																"version": 0,
																"labelLength": 0,
																"iconURL": "",
																"TitleFontSize": "S",
																"hideActionButtons": false,
																"hideTitleBar": false,
																"label": "_Document Preview"
															},
															"*": {
																"Preview": {
																	"data": [
																		"previewdata"
																	],
																	"type": "Preview",
																	"options": {
																		"version": 0
																	},
																	"stamp": 17
																}
															},
															"stamp": 18,
															"data": []
														}
													},
													"stamp": 19,
													"data": []
												}
											},
											"stamp": 20,
											"data": []
										}
									},
									"stamp": 21,
									"data": []
								}
							},
							"stamp": 22,
							"data": []
						}
					},
					"stamp": 23,
					"data": []
				},
				"form-footer": {
					"type": "FlexibleFormFooter",
					"options": {
						"splitterType": "simple-h",
						"version": 0,
						"maxwidth": ""
					},
					"*": {
						"Save": {
							"type": "SubmitButton",
							"options": {
								"label": "_Save",
								"action": "save",
								"submit": true,
								"version": 0
							},
							"stamp": 24,
							"data": []
						},
						"Approve": {
							"type": "SubmitButton",
							"options": {
								"label": "_Approve",
								"action": "approve",
								"submit": true,
								"version": 0
							},
							"stamp": 25,
							"data": []
						},
						"Reject": {
							"type": "SubmitButton",
							"options": {
								"label": "_Reject",
								"action": "reject",
								"submit": true,
								"version": 0
							},
							"stamp": 26,
							"data": []
						},
						"Reprocess": {
							"type": "SubmitButton",
							"options": {
								"label": "_Reprocess",
								"action": "reprocess",
								"submit": true,
								"version": 0
							},
							"stamp": 27,
							"data": []
						},
						"Close": {
							"type": "SubmitButton",
							"options": {
								"label": "_Close",
								"action": "cancel",
								"submit": true,
								"version": 0
							},
							"stamp": 28,
							"data": []
						}
					},
					"stamp": 29,
					"data": []
				}
			},
			"stamp": 30,
			"data": []
		}
	},
	"stamps": 30,
	"data": []
}</layout>
    </ui>
  </properties>
  <type id="RJRH13130EF" name="CD">
  </type>
</process>