﻿<?xml version="1.0" encoding="UTF-8" standalone="no"?>
<process accountid="20063076" allowrepairprocess="0" builtin="0" builtinversion="0" carriesapplicationversion="0" creationdatetime="2022-10-25 17:09:04" deleted="0" eskerapplication="" global="0" id="ZE2652000SG7" keepcustomization="0" keepfieldsonly="1" keepfieldsproperties="0" keepnewcontroloptions="0" migrationversion="4" name="Country_Business_Structures__" needvalidation="0" ootofilter="" ootoversion="1" originalProcessID="K91X00000M4H" ownerid="cn=admin_p2p@paragon-cc.fr,ou=DEV,ou=TrainingP2P,ou=DEMO_JULIEN,ou=05284299,ou=ESK,s=eoo" ownerpb="OnDemand AddressBook" public="1" pushnotification="0" reuseengine="0" sprintversion="5.261.0" transportname="CustomTable" upgradable="1" userid="0" version="1" visibility="1">
  <properties>
    <gdr>
    </gdr>
    <lg>
      <process_de>{
	"_BusinessStructure": "Rechtsform",
	"_BusinessStructure_report": "Rechtsform",
	"_Country": "Land",
	"_Country_report": "Land",
	"Country_Business_Structures": "P2P - Rechtsformen der Lieferanten nach Land",
	"Country_Business_Structures__": "P2P - Rechtsformen der Lieferanten nach Land"
}</process_de>
      <process_JA>{
	"_BusinessStructure": "事業構造",
	"_BusinessStructure_report": "事業構造",
	"_Country": "国",
	"_Country_report": "国",
	"Country_Business_Structures": "P2P - 国ごとの仕入先の事業構造",
	"Country_Business_Structures__": "P2P - 国ごとの仕入先の事業構造"
}</process_JA>
      <process_en>{
	"_BusinessStructure": "Business structure",
	"_BusinessStructure_report": "Business structure",
	"_Country": "Country",
	"_Country_report": "Country",
	"Country_Business_Structures": "P2P - Vendor business structures by country",
	"Country_Business_Structures__": "P2P - Vendor business structures by country"
}</process_en>
      <process_es>{
	"_BusinessStructure": "Forma jurídica",
	"_BusinessStructure_report": "Forma jurídica",
	"_Country": "País",
	"_Country_report": "País",
	"Country_Business_Structures": "P2P - Formas jurídicas de los proveedores por país",
	"Country_Business_Structures__": "P2P - Formas jurídicas de los proveedores por país"
}</process_es>
      <process_fr>{
	"_BusinessStructure": "Forme sociale",
	"_BusinessStructure_report": "Forme sociale",
	"_Country": "Pays",
	"_Country_report": "Pays",
	"Country_Business_Structures": "P2P - Formes sociales des fournisseurs par pays",
	"Country_Business_Structures__": "P2P - Formes sociales des fournisseurs par pays"
}</process_fr>
      <process_nl-NL>{
	"_BusinessStructure": "Bedrijfsstructuur",
	"_BusinessStructure_report": "Bedrijfsstructuur",
	"_Country": "Land",
	"_Country_report": "Land",
	"Country_Business_Structures": "P2P - Bedrijfsstructuren leveranciers per land",
	"Country_Business_Structures__": "P2P - Bedrijfsstructuren leveranciers per land"
}</process_nl-NL>
      <process_it>{
	"_BusinessStructure": "Forma giuridica",
	"_BusinessStructure_report": "Forma giuridica",
	"_Country": "Paese",
	"_Country_report": "Paese",
	"Country_Business_Structures": "P2P - Forme giuridiche dei fornitori per paese",
	"Country_Business_Structures__": "P2P - Forme giuridiche dei fornitori per paese"
}</process_it>
      <process_zh-CN>{
	"_BusinessStructure": "企业组织方式",
	"_BusinessStructure_report": "企业组织方式",
	"_Country": "国家/地区",
	"_Country_report": "国家/地区",
	"Country_Business_Structures": "采购到支付 - 供应商企业组织方式（按国家）",
	"Country_Business_Structures__": "采购到支付 - 供应商企业组织方式（按国家）"
}</process_zh-CN>
      <process_pt-BR>{
	"_BusinessStructure": "Estrutura empresarial",
	"_BusinessStructure_report": "Estrutura empresarial",
	"_Country": "País",
	"_Country_report": "País",
	"Country_Business_Structures": "P2P - Estruturas empresariais dos fornecedores por país",
	"Country_Business_Structures__": "P2P - Estruturas empresariais dos fornecedores por país"
}</process_pt-BR>
    </lg>
    <process>
      <flowtype>processing</flowtype>
      <homepagelabel>Country_Business_Structures</homepagelabel>
      <instanciable>1</instanciable>
      <ESDirectIndexing>1</ESDirectIndexing>
      <enablerounddecimal>true</enablerounddecimal>
      <OverrideAllowedAttachmentExtensions>*</OverrideAllowedAttachmentExtensions>
      <UseActionNameWithScriptApproval>true</UseActionNameWithScriptApproval>
      <AllowUploadAttachment>0</AllowUploadAttachment>
      <AllowUploadReferenceDocument>0</AllowUploadReferenceDocument>
      <shouldRollbackManualRecordEdits>true</shouldRollbackManualRecordEdits>
      <shouldShowManualEditsWarning>false</shouldShowManualEditsWarning>
      <UseCultureFormat>true</UseCultureFormat>
      <TransportName>CustomTable</TransportName>
      <LayoutVersion>1.0</LayoutVersion>
    </process>
    <ui>
      <layout>{
	"*": {
		"Screen": {
			"type": "FlexibleFormLayout",
			"options": {
				"splitterType": "simple-v",
				"version": 0,
				"backColor": "text-backgroundcolor-default",
				"style": null
			},
			"*": {
				"form-header": {
					"type": "FlexibleFormHeader",
					"options": {
						"hidePanelsMenu": false,
						"version": 0
					},
					"stamp": 2,
					"data": []
				},
				"form-center": {
					"type": "FlexibleFormCenter",
					"options": {
						"version": 0
					},
					"*": {
						"form-content": {
							"type": "FlexibleFormContent",
							"options": {
								"version": 0
							},
							"*": {
								"form-content-center": {
									"type": "FlexibleFormSplitter",
									"options": {
										"version": 1,
										"box": {
											"top": "0%",
											"left": "0%",
											"width": "100%"
										},
										"hidden": false
									},
									"*": {
										"form-content-center-1": {
											"type": "FlexibleFormLine",
											"data": [],
											"options": {
												"version": 0
											},
											"stamp": 9,
											"*": {
												"DataPanel": {
													"type": "PanelData",
													"options": {
														"border": {},
														"version": 0,
														"labelLength": 0,
														"iconURL": "",
														"TitleFontSize": "S",
														"hideActionButtons": false,
														"hideTitleBar": false,
														"hideTitle": false,
														"sameHeightAsSiblings": false,
														"backgroundcolor": "default",
														"labelsAlignment": "right",
														"label": "_Document data"
													},
													"*": {
														"FieldsManager": {
															"type": "FieldsManager",
															"options": {
																"controlsAssociation": {
																	"Country__": "LabelCountry__",
																	"LabelCountry__": "Country__",
																	"BusinessStructure__": "LabelBusinessStructure__",
																	"LabelBusinessStructure__": "BusinessStructure__"
																},
																"version": 0
															},
															"*": {
																"Grid": {
																	"type": "GridLayout",
																	"options": {
																		"lines": 2,
																		"columns": 2,
																		"version": 0,
																		"ctrlsPos": {
																			"Country__": {
																				"line": 1,
																				"column": 2
																			},
																			"LabelCountry__": {
																				"line": 1,
																				"column": 1
																			},
																			"BusinessStructure__": {
																				"line": 2,
																				"column": 2
																			},
																			"LabelBusinessStructure__": {
																				"line": 2,
																				"column": 1
																			}
																		},
																		"colspans": [
																			[],
																			[]
																		]
																	},
																	"data": [
																		"fields"
																	],
																	"*": {
																		"LabelCountry__": {
																			"type": "Label",
																			"data": [
																				"Country__"
																			],
																			"options": {
																				"label": "_Country",
																				"version": 0
																			},
																			"stamp": 14
																		},
																		"Country__": {
																			"type": "ShortText",
																			"data": [
																				"Country__"
																			],
																			"options": {
																				"textSize": "S",
																				"textAlignment": "left",
																				"textStyle": "default",
																				"textColor": "default",
																				"version": 1,
																				"label": "_Country",
																				"activable": true,
																				"width": 230,
																				"helpText": "",
																				"helpURL": "",
																				"helpFormat": "HTML Format",
																				"helpIconPosition": "Right",
																				"length": 3,
																				"browsable": false
																			},
																			"stamp": 15
																		},
																		"LabelBusinessStructure__": {
																			"type": "Label",
																			"data": [
																				"BusinessStructure__"
																			],
																			"options": {
																				"label": "_BusinessStructure",
																				"version": 0
																			},
																			"stamp": 16
																		},
																		"BusinessStructure__": {
																			"type": "ShortText",
																			"data": [
																				"BusinessStructure__"
																			],
																			"options": {
																				"textSize": "S",
																				"textAlignment": "left",
																				"textStyle": "default",
																				"textColor": "default",
																				"version": 1,
																				"label": "_BusinessStructure",
																				"activable": true,
																				"width": 230
																			},
																			"stamp": 17
																		}
																	},
																	"stamp": 8
																}
															},
															"stamp": 7,
															"data": []
														}
													},
													"stamp": 6,
													"data": []
												}
											}
										}
									},
									"stamp": 5,
									"data": []
								}
							},
							"stamp": 4,
							"data": []
						}
					},
					"stamp": 3,
					"data": []
				},
				"form-footer": {
					"type": "FlexibleFormFooter",
					"options": {
						"splitterType": "simple-h",
						"version": 0
					},
					"*": {
						"Save": {
							"type": "SubmitButton",
							"options": {
								"label": "_Save",
								"action": "savequit",
								"submit": true,
								"version": 0,
								"shortCut": "S"
							},
							"stamp": 11,
							"data": []
						},
						"Close": {
							"type": "SubmitButton",
							"options": {
								"label": "_Close",
								"action": "cancel",
								"submit": true,
								"version": 0,
								"shortCut": "Q"
							},
							"stamp": 12,
							"data": []
						},
						"Delete": {
							"type": "SubmitButton",
							"options": {
								"label": "_Delete",
								"action": "delete",
								"submit": true,
								"version": 0,
								"disabled": true
							},
							"stamp": 13,
							"data": []
						}
					},
					"stamp": 10,
					"data": []
				}
			},
			"stamp": 1,
			"data": []
		}
	},
	"stamps": 17,
	"data": []
}</layout>
    </ui>
  </properties>
  <field deleted="0" format="" guid="M91X00000M4H" id="AF2652000SG7" label="_BusinessStructure_report" length="50" name="BusinessStructure__" originalProcessID="K91X00000M4H" precision="0" processid="ZE2652000SG7" submitable="1" type="STR">
    <properties>
      <db>
        <alias>AAF2652000SG7</alias>
        <noxml>1</noxml>
        <fullname>/job/processfields/BusinessStructure__</fullname>
        <defaultvalue>
        </defaultvalue>
        <RecordLastWrite>2022-10-25 17:09:03</RecordLastWrite>
      </db>
      <extrainfo>
        <Label>_BusinessStructure_report</Label>
        <Alias>AAF2652000SG7</Alias>
        <ProcessFieldVersion vartype="INT">1</ProcessFieldVersion>
      </extrainfo>
      <gdr>
        <VarType>Area</VarType>
        <DisableAutolearn>1</DisableAutolearn>
      </gdr>
      <ui>
        <_type>String</_type>
        <automatic>true</automatic>
      </ui>
    </properties>
  </field>
  <field deleted="0" format="" guid="L91X00000M4H" id="BF2652000SG7" label="_Country_report" length="3" name="Country__" originalProcessID="K91X00000M4H" precision="0" processid="ZE2652000SG7" submitable="1" type="STR">
    <properties>
      <db>
        <alias>ABF2652000SG7</alias>
        <noxml>1</noxml>
        <fullname>/job/processfields/Country__</fullname>
        <defaultvalue>
        </defaultvalue>
        <RecordLastWrite>2022-10-25 17:09:04</RecordLastWrite>
      </db>
      <extrainfo>
        <Label>_Country_report</Label>
        <Alias>ABF2652000SG7</Alias>
        <ProcessFieldVersion vartype="INT">1</ProcessFieldVersion>
      </extrainfo>
      <gdr>
        <VarType>Area</VarType>
        <DisableAutolearn>1</DisableAutolearn>
      </gdr>
      <help>
        <helpData>{"helpText":"","helpURL":"","helpFormat":"HTML Format","helpIconPosition":"Right"}</helpData>
      </help>
      <ui>
        <_type>String</_type>
        <automatic>true</automatic>
      </ui>
    </properties>
  </field>
  <type id="JLLP13130F1" name="CT">
  </type>
</process>