﻿<?xml version="1.0" encoding="UTF-8" standalone="no"?>
<process accountid="20063076" allowrepairprocess="0" builtin="0" builtinversion="0" carriesapplicationversion="0" creationdatetime="2022-10-25 17:09:05" deleted="0" eskerapplication="" global="0" id="MF2652000SG7" keepcustomization="0" keepfieldsonly="1" keepfieldsproperties="0" keepnewcontroloptions="0" migrationversion="4" name="Country_Diversity_Classifications__" needvalidation="0" ootofilter="" ootoversion="1" originalProcessID="K91X00000M4H" ownerid="cn=admin_p2p@paragon-cc.fr,ou=DEV,ou=TrainingP2P,ou=DEMO_JULIEN,ou=05284299,ou=ESK,s=eoo" ownerpb="OnDemand AddressBook" public="1" pushnotification="0" reuseengine="0" sprintversion="5.261.0" transportname="CustomTable" upgradable="1" userid="0" version="1" visibility="1">
  <properties>
    <gdr>
    </gdr>
    <lg>
      <process_de>{
	"_Country": "Land",
	"_Country_report": "Land",
	"_DiversityClassification": "Klassifizierung",
	"_DiversityClassification_report": "Klassifizierung",
	"Country_Diversity_Classifications": "P2P - Klassifizierungen der Lieferantenvielfalt",
	"Country_Diversity_Classifications__": "P2P - Klassifizierungen der Lieferantenvielfalt"
}</process_de>
      <process_JA>{
	"_Country": "国",
	"_Country_report": "国",
	"_DiversityClassification": "分類",
	"_DiversityClassification_report": "分類",
	"Country_Diversity_Classifications": "P2P - 仕入先の多様性に関する分類",
	"Country_Diversity_Classifications__": "P2P - 仕入先の多様性に関する分類"
}</process_JA>
      <process_en>{
	"_Country": "Country",
	"_Country_report": "Country",
	"_DiversityClassification": "Classification",
	"_DiversityClassification_report": "Classification",
	"Country_Diversity_Classifications": "P2P - Vendor diversity classification",
	"Country_Diversity_Classifications__": "P2P - Vendor diversity classification"
}</process_en>
      <process_es>{
	"_Country": "País",
	"_Country_report": "País",
	"_DiversityClassification": "Clasificación",
	"_DiversityClassification_report": "Clasificación",
	"Country_Diversity_Classifications": "P2P - Categorías de diversidad de proveedores",
	"Country_Diversity_Classifications__": "P2P - Categorías de diversidad de proveedores"
}</process_es>
      <process_fr>{
	"_Country": "Pays",
	"_Country_report": "Pays",
	"_DiversityClassification": "Catégorie",
	"_DiversityClassification_report": "Catégorie",
	"Country_Diversity_Classifications": "P2P - Catégories de fournisseurs issus de la diversité",
	"Country_Diversity_Classifications__": "P2P - Catégories de fournisseurs issus de la diversité"
}</process_fr>
      <process_nl-NL>{
	"_Country": "Land",
	"_Country_report": "Land",
	"_DiversityClassification": "Classificatie",
	"_DiversityClassification_report": "Classificatie",
	"Country_Diversity_Classifications": "P2P - Classificatie diversiteit leveranciers",
	"Country_Diversity_Classifications__": "P2P - Classificatie diversiteit leveranciers"
}</process_nl-NL>
      <process_it>{
	"_Country": "Paese",
	"_Country_report": "Paese",
	"_DiversityClassification": "Categoria",
	"_DiversityClassification_report": "Categoria",
	"Country_Diversity_Classifications": "P2P - Categorie di diversità dei fornitori",
	"Country_Diversity_Classifications__": "P2P - Categorie di diversità dei fornitori"
}</process_it>
      <process_zh-CN>{
	"_Country": "国家/地区",
	"_Country_report": "国家/地区",
	"_DiversityClassification": "类别",
	"_DiversityClassification_report": "类别",
	"Country_Diversity_Classifications": "采购到支付 - 供应商多样性类别",
	"Country_Diversity_Classifications__": "采购到支付 - 供应商多样性类别"
}</process_zh-CN>
      <process_pt-BR>{
	"_Country": "País",
	"_Country_report": "País",
	"_DiversityClassification": "Classificação",
	"_DiversityClassification_report": "Classificação",
	"Country_Diversity_Classifications": "P2P - Classificação de diversidade de fornecedores",
	"Country_Diversity_Classifications__": "P2P - Classificação de diversidade de fornecedores"
}</process_pt-BR>
    </lg>
    <process>
      <flowtype>processing</flowtype>
      <homepagelabel>Country_Diversity_Classifications</homepagelabel>
      <instanciable>1</instanciable>
      <ESDirectIndexing>1</ESDirectIndexing>
      <enablerounddecimal>true</enablerounddecimal>
      <OverrideAllowedAttachmentExtensions>*</OverrideAllowedAttachmentExtensions>
      <UseActionNameWithScriptApproval>true</UseActionNameWithScriptApproval>
      <AllowUploadAttachment>0</AllowUploadAttachment>
      <AllowUploadReferenceDocument>0</AllowUploadReferenceDocument>
      <shouldRollbackManualRecordEdits>true</shouldRollbackManualRecordEdits>
      <shouldShowManualEditsWarning>false</shouldShowManualEditsWarning>
      <UseCultureFormat>true</UseCultureFormat>
      <TransportName>CustomTable</TransportName>
      <LayoutVersion>1.0</LayoutVersion>
    </process>
    <ui>
      <layout>{
	"*": {
		"Screen": {
			"type": "FlexibleFormLayout",
			"options": {
				"splitterType": "simple-v",
				"version": 0,
				"backColor": "text-backgroundcolor-default",
				"style": null
			},
			"*": {
				"form-header": {
					"type": "FlexibleFormHeader",
					"options": {
						"hidePanelsMenu": false,
						"version": 0
					},
					"stamp": 2,
					"data": []
				},
				"form-center": {
					"type": "FlexibleFormCenter",
					"options": {
						"version": 0
					},
					"*": {
						"form-content": {
							"type": "FlexibleFormContent",
							"options": {
								"version": 0
							},
							"*": {
								"form-content-center": {
									"type": "FlexibleFormSplitter",
									"options": {
										"version": 1,
										"box": {
											"top": "0%",
											"left": "0%",
											"width": "100%"
										},
										"hidden": false
									},
									"*": {
										"form-content-center-1": {
											"type": "FlexibleFormLine",
											"data": [],
											"options": {
												"version": 0
											},
											"stamp": 9,
											"*": {
												"DataPanel": {
													"type": "PanelData",
													"options": {
														"border": {},
														"version": 0,
														"labelLength": 0,
														"iconURL": "",
														"TitleFontSize": "S",
														"hideActionButtons": false,
														"hideTitleBar": false,
														"hideTitle": false,
														"sameHeightAsSiblings": false,
														"backgroundcolor": "default",
														"labelsAlignment": "right",
														"label": "_Document data"
													},
													"*": {
														"FieldsManager": {
															"type": "FieldsManager",
															"options": {
																"controlsAssociation": {
																	"Country__": "LabelCountry__",
																	"LabelCountry__": "Country__",
																	"DiversityClassification__": "LabelDiversityClassification__",
																	"LabelDiversityClassification__": "DiversityClassification__"
																},
																"version": 0
															},
															"*": {
																"Grid": {
																	"type": "GridLayout",
																	"options": {
																		"lines": 2,
																		"columns": 2,
																		"version": 0,
																		"ctrlsPos": {
																			"Country__": {
																				"line": 1,
																				"column": 2
																			},
																			"LabelCountry__": {
																				"line": 1,
																				"column": 1
																			},
																			"DiversityClassification__": {
																				"line": 2,
																				"column": 2
																			},
																			"LabelDiversityClassification__": {
																				"line": 2,
																				"column": 1
																			}
																		},
																		"colspans": [
																			[],
																			[]
																		]
																	},
																	"data": [
																		"fields"
																	],
																	"*": {
																		"LabelCountry__": {
																			"type": "Label",
																			"data": [
																				"Country__"
																			],
																			"options": {
																				"label": "_Country",
																				"version": 0
																			},
																			"stamp": 14
																		},
																		"Country__": {
																			"type": "ShortText",
																			"data": [
																				"Country__"
																			],
																			"options": {
																				"textSize": "S",
																				"textAlignment": "left",
																				"textStyle": "default",
																				"textColor": "default",
																				"version": 1,
																				"label": "_Country",
																				"activable": true,
																				"width": 230,
																				"helpText": "",
																				"helpURL": "",
																				"helpFormat": "HTML Format",
																				"helpIconPosition": "Right",
																				"length": 3,
																				"browsable": false
																			},
																			"stamp": 15
																		},
																		"LabelDiversityClassification__": {
																			"type": "Label",
																			"data": [
																				"DiversityClassification__"
																			],
																			"options": {
																				"label": "_DiversityClassification",
																				"version": 0
																			},
																			"stamp": 16
																		},
																		"DiversityClassification__": {
																			"type": "ShortText",
																			"data": [
																				"DiversityClassification__"
																			],
																			"options": {
																				"textSize": "S",
																				"textAlignment": "left",
																				"textStyle": "default",
																				"textColor": "default",
																				"version": 1,
																				"label": "_DiversityClassification",
																				"activable": true,
																				"width": 230
																			},
																			"stamp": 17
																		}
																	},
																	"stamp": 8
																}
															},
															"stamp": 7,
															"data": []
														}
													},
													"stamp": 6,
													"data": []
												}
											}
										}
									},
									"stamp": 5,
									"data": []
								}
							},
							"stamp": 4,
							"data": []
						}
					},
					"stamp": 3,
					"data": []
				},
				"form-footer": {
					"type": "FlexibleFormFooter",
					"options": {
						"splitterType": "simple-h",
						"version": 0
					},
					"*": {
						"Save": {
							"type": "SubmitButton",
							"options": {
								"label": "_Save",
								"action": "savequit",
								"submit": true,
								"version": 0,
								"shortCut": "S"
							},
							"stamp": 11,
							"data": []
						},
						"Close": {
							"type": "SubmitButton",
							"options": {
								"label": "_Close",
								"action": "cancel",
								"submit": true,
								"version": 0,
								"shortCut": "Q"
							},
							"stamp": 12,
							"data": []
						},
						"Delete": {
							"type": "SubmitButton",
							"options": {
								"label": "_Delete",
								"action": "delete",
								"submit": true,
								"version": 0,
								"disabled": true
							},
							"stamp": 13,
							"data": []
						}
					},
					"stamp": 10,
					"data": []
				}
			},
			"stamp": 1,
			"data": []
		}
	},
	"stamps": 17,
	"data": []
}</layout>
    </ui>
  </properties>
  <field deleted="0" format="" guid="L91X00000M4H" id="OF2652000SG7" label="_Country_report" length="3" name="Country__" originalProcessID="K91X00000M4H" precision="0" processid="MF2652000SG7" submitable="1" type="STR">
    <properties>
      <db>
        <alias>AOF2652000SG7</alias>
        <noxml>1</noxml>
        <fullname>/job/processfields/Country__</fullname>
        <defaultvalue>
        </defaultvalue>
        <RecordLastWrite>2022-10-25 17:09:05</RecordLastWrite>
      </db>
      <extrainfo>
        <Label>_Country_report</Label>
        <Alias>AOF2652000SG7</Alias>
        <ProcessFieldVersion vartype="INT">1</ProcessFieldVersion>
      </extrainfo>
      <gdr>
        <VarType>Area</VarType>
        <DisableAutolearn>1</DisableAutolearn>
      </gdr>
      <help>
        <helpData>{"helpText":"","helpURL":"","helpFormat":"HTML Format","helpIconPosition":"Right"}</helpData>
      </help>
      <ui>
        <_type>String</_type>
        <automatic>true</automatic>
      </ui>
    </properties>
  </field>
  <field deleted="0" format="" guid="M91X00000M4H" id="NF2652000SG7" label="_DiversityClassification_report" length="50" name="DiversityClassification__" originalProcessID="K91X00000M4H" precision="0" processid="MF2652000SG7" submitable="1" type="STR">
    <properties>
      <db>
        <alias>ANF2652000SG7</alias>
        <noxml>1</noxml>
        <fullname>/job/processfields/DiversityClassification__</fullname>
        <defaultvalue>
        </defaultvalue>
        <RecordLastWrite>2022-10-25 17:09:05</RecordLastWrite>
      </db>
      <extrainfo>
        <Label>_DiversityClassification_report</Label>
        <Alias>ANF2652000SG7</Alias>
        <ProcessFieldVersion vartype="INT">1</ProcessFieldVersion>
      </extrainfo>
      <gdr>
        <VarType>Area</VarType>
        <DisableAutolearn>1</DisableAutolearn>
      </gdr>
      <ui>
        <_type>String</_type>
        <automatic>true</automatic>
      </ui>
    </properties>
  </field>
  <type id="JLLP13130F1" name="CT">
  </type>
</process>