﻿<?xml version="1.0" encoding="UTF-8" standalone="no"?>
<process accountid="20063076" allowrepairprocess="0" builtin="0" builtinversion="0" carriesapplicationversion="0" creationdatetime="2022-10-25 17:09:17" deleted="0" eskerapplication="" global="0" id="BL2652000SG7" keepcustomization="0" keepfieldsonly="0" keepfieldsproperties="0" keepnewcontroloptions="0" migrationversion="4" name="PurchasingFullBudgetRecoveryOperationDetails__" needvalidation="1" ootofilter="" ootoversion="1" originalProcessID="RFB3FP000IYP" ownerid="cn=admin_p2p@paragon-cc.fr,ou=DEV,ou=TrainingP2P,ou=DEMO_JULIEN,ou=05284299,ou=ESK,s=eoo" ownerpb="OnDemand AddressBook" public="1" pushnotification="0" reuseengine="0" sprintversion="5.261.0" transportname="CustomTable" upgradable="1" userid="0" version="1" visibility="0">
  <properties>
    <gdr>
    </gdr>
    <lg>
      <process_de>{}</process_de>
      <process_en>{
	"_Details": "Details",
	"_Details_report": "Details",
	"_DocumentRuidEx": "Document extended ID",
	"_DocumentRuidEx_report": "Document extended ID",
	"_Error": "Error",
	"_Pending": "Pending",
	"_RequestTimestamp": "Request timestamp",
	"_RequestTimestamp_report": "Request timestamp",
	"_Status": "Status",
	"_Status_report": "Status",
	"_Success": "Success",
	"_ToolRuidEx": "Tool extended ID",
	"_ToolRuidEx_report": "Tool extended ID",
	"PurchasingFullBudgetRecoveryOperationDetails": "P2P - Full budget recovery operation details",
	"PurchasingFullBudgetRecoveryOperationDetails__": "P2P - Full budget recovery operation details"
}</process_en>
      <process_es>{}</process_es>
      <process_fr>{}</process_fr>
      <process_nl-NL>{
	"_Details": "Details",
	"_Details_report": "Details",
	"_DocumentRuidEx": "Uitgebreide document-ID",
	"_DocumentRuidEx_report": "Uitgebreide document-ID",
	"_Error": "Fout",
	"_Pending": "In afwachting",
	"_RequestTimestamp": "Tijdstempel aanvragen",
	"_RequestTimestamp_report": "Tijdstempel aanvragen",
	"_Status": "Status",
	"_Status_report": "Status",
	"_Success": "Geslaagd",
	"_ToolRuidEx": "Uitgebreide hulpmiddel-ID",
	"_ToolRuidEx_report": "Uitgebreide hulpmiddel-ID",
	"PurchasingFullBudgetRecoveryOperationDetails": "P2P - Details handeling volledige recuperatie budget",
	"PurchasingFullBudgetRecoveryOperationDetails__": "P2P - Details handeling volledige recuperatie budget"
}</process_nl-NL>
      <process_it>{}</process_it>
      <process_zh-CN>{}</process_zh-CN>
      <process_pt-BR>{
	"_Details": "Detalhes",
	"_Details_report": "Detalhes",
	"_DocumentRuidEx": "ID estendido do documento",
	"_DocumentRuidEx_report": "ID estendido do documento",
	"_Error": "Erro",
	"_Pending": "Pendente",
	"_RequestTimestamp": "Solicitar carimbo de data/hora",
	"_RequestTimestamp_report": "Solicitar carimbo de data/hora",
	"_Status": "Status",
	"_Status_report": "Status",
	"_Success": "Sucesso",
	"_ToolRuidEx": "ID estendido da ferramenta",
	"_ToolRuidEx_report": "ID estendido da ferramenta",
	"PurchasingFullBudgetRecoveryOperationDetails": "P2P - Detalhes completos da operação de recuperação do orçamento",
	"PurchasingFullBudgetRecoveryOperationDetails__": "P2P - Detalhes completos da operação de recuperação do orçamento"
}</process_pt-BR>
    </lg>
    <process>
      <flowtype>processing</flowtype>
      <homepagelabel>PurchasingFullBudgetRecoveryOperationDetails</homepagelabel>
      <instanciable>1</instanciable>
      <enablerounddecimal>true</enablerounddecimal>
      <OverrideAllowedAttachmentExtensions>*</OverrideAllowedAttachmentExtensions>
      <UseActionNameWithScriptApproval>true</UseActionNameWithScriptApproval>
      <AllowUploadAttachment>0</AllowUploadAttachment>
      <AllowUploadReferenceDocument>0</AllowUploadReferenceDocument>
      <shouldRollbackManualRecordEdits>true</shouldRollbackManualRecordEdits>
      <shouldShowManualEditsWarning>false</shouldShowManualEditsWarning>
      <UseCultureFormat>true</UseCultureFormat>
      <TransportName>CustomTable</TransportName>
      <LayoutVersion>1.0</LayoutVersion>
    </process>
    <ui>
      <layout>{
	"*": {
		"Screen": {
			"type": "FlexibleFormLayout",
			"options": {
				"splitterType": "simple-v",
				"version": 0
			},
			"*": {
				"form-header": {
					"type": "FlexibleFormHeader",
					"options": {
						"hidePanelsMenu": false,
						"version": 0
					},
					"stamp": 2,
					"data": []
				},
				"form-center": {
					"type": "FlexibleFormCenter",
					"options": {
						"version": 0
					},
					"*": {
						"form-content": {
							"type": "FlexibleFormContent",
							"options": {
								"version": 0
							},
							"*": {
								"form-content-center": {
									"type": "FlexibleFormSplitter",
									"options": {
										"version": 1,
										"box": {
											"top": "0%",
											"left": "0%",
											"width": "100%"
										},
										"hidden": false
									},
									"*": {
										"form-content-center-1": {
											"type": "FlexibleFormLine",
											"data": [],
											"options": {},
											"stamp": 9,
											"*": {
												"DataPanel": {
													"type": "PanelData",
													"options": {
														"border": {},
														"version": 0,
														"labelLength": 0,
														"iconURL": "",
														"TitleFontSize": "S",
														"hideActionButtons": false,
														"hideTitleBar": false,
														"hideTitle": false,
														"backgroundcolor": "default",
														"labelsAlignment": "right",
														"label": "_Document data"
													},
													"*": {
														"FieldsManager": {
															"type": "FieldsManager",
															"options": {
																"controlsAssociation": {
																	"ToolRuidEx__": "LabelToolRuidEx__",
																	"LabelToolRuidEx__": "ToolRuidEx__",
																	"RequestTimestamp__": "LabelRequestTimestamp__",
																	"LabelRequestTimestamp__": "RequestTimestamp__",
																	"DocumentRuidEx__": "LabelDocumentRuidEx__",
																	"LabelDocumentRuidEx__": "DocumentRuidEx__",
																	"Status__": "LabelStatus__",
																	"LabelStatus__": "Status__",
																	"Details__": "LabelDetails__",
																	"LabelDetails__": "Details__"
																},
																"version": 0
															},
															"*": {
																"Grid": {
																	"type": "GridLayout",
																	"options": {
																		"lines": 5,
																		"columns": 2,
																		"version": 0,
																		"ctrlsPos": {
																			"ToolRuidEx__": {
																				"line": 1,
																				"column": 2
																			},
																			"LabelToolRuidEx__": {
																				"line": 1,
																				"column": 1
																			},
																			"RequestTimestamp__": {
																				"line": 2,
																				"column": 2
																			},
																			"LabelRequestTimestamp__": {
																				"line": 2,
																				"column": 1
																			},
																			"DocumentRuidEx__": {
																				"line": 3,
																				"column": 2
																			},
																			"LabelDocumentRuidEx__": {
																				"line": 3,
																				"column": 1
																			},
																			"Status__": {
																				"line": 4,
																				"column": 2
																			},
																			"LabelStatus__": {
																				"line": 4,
																				"column": 1
																			},
																			"Details__": {
																				"line": 5,
																				"column": 2
																			},
																			"LabelDetails__": {
																				"line": 5,
																				"column": 1
																			}
																		},
																		"colspans": [
																			[],
																			[],
																			[],
																			[],
																			[]
																		]
																	},
																	"data": [
																		"fields"
																	],
																	"*": {
																		"LabelToolRuidEx__": {
																			"type": "Label",
																			"data": [
																				"ToolRuidEx__"
																			],
																			"options": {
																				"label": "_ToolRuidEx"
																			},
																			"stamp": 14
																		},
																		"ToolRuidEx__": {
																			"type": "ShortText",
																			"data": [
																				"ToolRuidEx__"
																			],
																			"options": {
																				"textSize": "S",
																				"textAlignment": "left",
																				"textStyle": "default",
																				"textColor": "default",
																				"version": 1,
																				"label": "_ToolRuidEx",
																				"activable": true,
																				"width": "250",
																				"helpText": "",
																				"helpURL": "",
																				"helpFormat": "HTML Format",
																				"browsable": false,
																				"autocompletable": false
																			},
																			"stamp": 15
																		},
																		"LabelRequestTimestamp__": {
																			"type": "Label",
																			"data": [
																				"RequestTimestamp__"
																			],
																			"options": {
																				"label": "_RequestTimestamp"
																			},
																			"stamp": 16
																		},
																		"RequestTimestamp__": {
																			"type": "ShortText",
																			"data": [
																				"RequestTimestamp__"
																			],
																			"options": {
																				"textSize": "S",
																				"textAlignment": "left",
																				"textStyle": "default",
																				"textColor": "default",
																				"version": 1,
																				"label": "_RequestTimestamp",
																				"activable": true,
																				"width": "250",
																				"helpText": "",
																				"helpURL": "",
																				"helpFormat": "HTML Format",
																				"browsable": false,
																				"autocompletable": false
																			},
																			"stamp": 17
																		},
																		"LabelDocumentRuidEx__": {
																			"type": "Label",
																			"data": [
																				"DocumentRuidEx__"
																			],
																			"options": {
																				"label": "_DocumentRuidEx"
																			},
																			"stamp": 18
																		},
																		"DocumentRuidEx__": {
																			"type": "ShortText",
																			"data": [
																				"DocumentRuidEx__"
																			],
																			"options": {
																				"textSize": "S",
																				"textAlignment": "left",
																				"textStyle": "default",
																				"textColor": "default",
																				"version": 1,
																				"label": "_DocumentRuidEx",
																				"activable": true,
																				"width": "250",
																				"helpText": "",
																				"helpURL": "",
																				"helpFormat": "HTML Format",
																				"browsable": false,
																				"autocompletable": false
																			},
																			"stamp": 19
																		},
																		"LabelStatus__": {
																			"type": "Label",
																			"data": [
																				"Status__"
																			],
																			"options": {
																				"label": "_Status"
																			},
																			"stamp": 20
																		},
																		"Status__": {
																			"type": "ComboBox",
																			"data": [
																				"Status__"
																			],
																			"options": {
																				"possibleValues": {
																					"0": "_Pending",
																					"1": "_Success",
																					"2": "_Error"
																				},
																				"version": 1,
																				"keyValueMode": true,
																				"possibleKeys": {
																					"0": "0",
																					"1": "1",
																					"2": "2"
																				},
																				"label": "_Status",
																				"activable": true,
																				"width": "250",
																				"helpText": "",
																				"helpURL": "",
																				"helpFormat": "HTML Format",
																				"DataSourceOrigin": "Standalone",
																				"DisplayedColumns": ""
																			},
																			"stamp": 21
																		},
																		"LabelDetails__": {
																			"type": "Label",
																			"data": [
																				"Details__"
																			],
																			"options": {
																				"label": "_Details"
																			},
																			"stamp": 22
																		},
																		"Details__": {
																			"type": "LongText",
																			"data": [
																				"Details__"
																			],
																			"options": {
																				"textSize": "S",
																				"textAlignment": "left",
																				"textStyle": "default",
																				"textColor": "default",
																				"version": 1,
																				"minNbLines": 10,
																				"label": "_Details",
																				"activable": true,
																				"width": "800",
																				"helpText": "",
																				"helpURL": "",
																				"helpFormat": "HTML Format",
																				"numberOfLines": 10,
																				"browsable": false
																			},
																			"stamp": 23
																		}
																	},
																	"stamp": 8
																}
															},
															"stamp": 7,
															"data": []
														}
													},
													"stamp": 6,
													"data": []
												}
											}
										}
									},
									"stamp": 5,
									"data": []
								}
							},
							"stamp": 4,
							"data": []
						}
					},
					"stamp": 3,
					"data": []
				},
				"form-footer": {
					"type": "FlexibleFormFooter",
					"options": {
						"splitterType": "simple-h",
						"version": 0
					},
					"*": {
						"Save": {
							"type": "SubmitButton",
							"options": {
								"label": "_Save",
								"action": "savequit",
								"submit": true,
								"version": 0,
								"shortCut": "S"
							},
							"stamp": 11,
							"data": []
						},
						"Close": {
							"type": "SubmitButton",
							"options": {
								"label": "_Close",
								"action": "cancel",
								"submit": true,
								"version": 0,
								"shortCut": "Q"
							},
							"stamp": 12,
							"data": []
						},
						"Delete": {
							"type": "SubmitButton",
							"options": {
								"label": "_Delete",
								"action": "delete",
								"submit": true,
								"version": 0,
								"disabled": true
							},
							"stamp": 13,
							"data": []
						}
					},
					"stamp": 10,
					"data": []
				}
			},
			"stamp": 1,
			"data": []
		}
	},
	"stamps": 23,
	"data": []
}</layout>
    </ui>
  </properties>
  <field deleted="0" format="" guid="WFB3FP000IYP" id="CL2652000SG7" label="_Details_report" length="32766" name="Details__" originalProcessID="RFB3FP000IYP" precision="0" processid="BL2652000SG7" submitable="1" type="STR">
    <properties>
      <db>
        <alias>ACL2652000SG7</alias>
        <noxml>1</noxml>
        <fullname>/job/processfields/Details__</fullname>
        <defaultvalue>
        </defaultvalue>
        <RecordLastWrite>2022-10-25 17:09:16</RecordLastWrite>
      </db>
      <extrainfo>
        <Label>_Details_report</Label>
        <Alias>ACL2652000SG7</Alias>
        <ProcessFieldVersion vartype="INT">1</ProcessFieldVersion>
      </extrainfo>
      <gdr>
        <DisableAutolearn>1</DisableAutolearn>
      </gdr>
      <help>
        <helpData>{"helpText":"","helpURL":"","helpFormat":"HTML Format"}</helpData>
      </help>
      <ui>
        <_type>String</_type>
        <automatic>true</automatic>
      </ui>
    </properties>
  </field>
  <field deleted="0" format="" guid="UFB3FP000IYP" id="DL2652000SG7" label="_DocumentRuidEx_report" length="50" name="DocumentRuidEx__" originalProcessID="RFB3FP000IYP" precision="0" processid="BL2652000SG7" submitable="1" type="STR">
    <properties>
      <db>
        <alias>ADL2652000SG7</alias>
        <noxml>1</noxml>
        <fullname>/job/processfields/DocumentRuidEx__</fullname>
        <defaultvalue>
        </defaultvalue>
        <RecordLastWrite>2022-10-25 17:09:16</RecordLastWrite>
      </db>
      <extrainfo>
        <Label>_DocumentRuidEx_report</Label>
        <Alias>ADL2652000SG7</Alias>
        <ProcessFieldVersion vartype="INT">1</ProcessFieldVersion>
      </extrainfo>
      <gdr>
        <VarType>Area</VarType>
        <DisableAutolearn>1</DisableAutolearn>
      </gdr>
      <help>
        <helpData>{"helpText":"","helpURL":"","helpFormat":"HTML Format"}</helpData>
      </help>
      <ui>
        <_type>String</_type>
        <automatic>true</automatic>
      </ui>
    </properties>
  </field>
  <field deleted="0" format="" guid="TFB3FP000IYP" id="EL2652000SG7" label="_RequestTimestamp_report" length="50" name="RequestTimestamp__" originalProcessID="RFB3FP000IYP" precision="0" processid="BL2652000SG7" submitable="1" type="STR">
    <properties>
      <db>
        <alias>AEL2652000SG7</alias>
        <noxml>1</noxml>
        <fullname>/job/processfields/RequestTimestamp__</fullname>
        <defaultvalue>
        </defaultvalue>
        <RecordLastWrite>2022-10-25 17:09:16</RecordLastWrite>
      </db>
      <extrainfo>
        <Label>_RequestTimestamp_report</Label>
        <Alias>AEL2652000SG7</Alias>
        <ProcessFieldVersion vartype="INT">1</ProcessFieldVersion>
      </extrainfo>
      <gdr>
        <VarType>Area</VarType>
        <DisableAutolearn>1</DisableAutolearn>
      </gdr>
      <help>
        <helpData>{"helpText":"","helpURL":"","helpFormat":"HTML Format"}</helpData>
      </help>
      <ui>
        <_type>String</_type>
        <automatic>true</automatic>
      </ui>
    </properties>
  </field>
  <field deleted="0" format="" guid="VFB3FP000IYP" id="FL2652000SG7" label="_Status_report" length="50" name="Status__" originalProcessID="RFB3FP000IYP" precision="0" processid="BL2652000SG7" submitable="1" type="STR">
    <properties>
      <db>
        <alias>AFL2652000SG7</alias>
        <noxml>1</noxml>
        <fullname>/job/processfields/Status__</fullname>
        <defaultvalue>0</defaultvalue>
        <RecordLastWrite>2022-10-25 17:09:16</RecordLastWrite>
      </db>
      <extrainfo>
        <Type>webaccess.Process.Columns.WithPossibleValues</Type>
        <Label>_Status_report</Label>
        <Alias>AFL2652000SG7</Alias>
        <ProcessFieldVersion vartype="INT">1</ProcessFieldVersion>
      </extrainfo>
      <field>
        <DisplayedColumns>
        </DisplayedColumns>
        <DataSourceOrigin>Standalone</DataSourceOrigin>
        <possibleKeys>0
1
2</possibleKeys>
        <SavedColumn>
        </SavedColumn>
        <possibleValues>_Pending
_Success
_Error</possibleValues>
      </field>
      <gdr>
        <DisableAutolearn>1</DisableAutolearn>
      </gdr>
      <help>
        <helpData>{"helpText":"","helpURL":"","helpFormat":"HTML Format"}</helpData>
      </help>
      <ui>
        <_type>String</_type>
        <automatic>true</automatic>
      </ui>
    </properties>
  </field>
  <field deleted="0" format="" guid="SFB3FP000IYP" id="GL2652000SG7" label="_ToolRuidEx_report" length="50" name="ToolRuidEx__" originalProcessID="RFB3FP000IYP" precision="0" processid="BL2652000SG7" submitable="1" type="STR">
    <properties>
      <db>
        <alias>AGL2652000SG7</alias>
        <noxml>1</noxml>
        <fullname>/job/processfields/ToolRuidEx__</fullname>
        <defaultvalue>
        </defaultvalue>
        <RecordLastWrite>2022-10-25 17:09:16</RecordLastWrite>
      </db>
      <extrainfo>
        <Label>_ToolRuidEx_report</Label>
        <Alias>AGL2652000SG7</Alias>
        <ProcessFieldVersion vartype="INT">1</ProcessFieldVersion>
      </extrainfo>
      <gdr>
        <VarType>Area</VarType>
        <DisableAutolearn>1</DisableAutolearn>
      </gdr>
      <help>
        <helpData>{"helpText":"","helpURL":"","helpFormat":"HTML Format"}</helpData>
      </help>
      <ui>
        <_type>String</_type>
        <automatic>true</automatic>
      </ui>
    </properties>
  </field>
  <type id="JLLP13130F1" name="CT">
  </type>
</process>