﻿<?xml version="1.0" encoding="UTF-8" standalone="no"?>
<process accountid="20063076" allowrepairprocess="0" builtin="0" builtinversion="0" carriesapplicationversion="0" creationdatetime="2022-10-25 17:04:50" deleted="0" eskerapplication="" global="0" id="WWW552000SG7" keepcustomization="0" keepfieldsonly="0" keepfieldsproperties="0" keepnewcontroloptions="0" migrationversion="4" name="P2P - Internal order__" needvalidation="1" ootofilter="" ootoversion="0" originalProcessID="YFXI10002071" ownerid="cn=admin_p2p@paragon-cc.fr,ou=DEV,ou=TrainingP2P,ou=DEMO_JULIEN,ou=05284299,ou=ESK,s=eoo" ownerpb="OnDemand AddressBook" public="1" pushnotification="0" reuseengine="0" sprintversion="5.261.0" transportname="CustomTable" upgradable="1" userid="0" version="1" visibility="0">
  <properties>
    <dbIndex>
      <AUTO_AXWW552000SG7A>&lt;Index&gt;&lt;Ref Name="AXWW552000SG7" Option="ASC"/&gt;&lt;/Index&gt;</AUTO_AXWW552000SG7A>
      <AUTO_AZWW552000SG7A>&lt;Index&gt;&lt;Ref Name="AZWW552000SG7" Option="ASC"/&gt;&lt;/Index&gt;</AUTO_AZWW552000SG7A>
    </dbIndex>
    <gdr>
    </gdr>
    <lg>
      <process_de>{
	"_CompanyCode": "Buchungskreis",
	"_CompanyCode_report": "Buchungskreis",
	"_Description": "Beschreibung",
	"_Description_report": "Beschreibung",
	"_InternalOrder": "Lagerbestellung",
	"_InternalOrder_report": "Lagerbestellung",
	"P2P - Internal order": "P2P - Lagerbestellungen",
	"P2P - Internal order__": "P2P - Lagerbestellungen"
}</process_de>
      <process_JA>{
	"_CompanyCode": "会社コード",
	"_CompanyCode_report": "会社コード",
	"_Description": "説明",
	"_Description_report": "説明",
	"_InternalOrder": "在庫注文",
	"_InternalOrder_report": "在庫注文",
	"P2P - Internal order": "P2P - 在庫注文",
	"P2P - Internal order__": "P2P - 在庫注文"
}</process_JA>
      <process_en>{
	"_CompanyCode": "Company code",
	"_CompanyCode_report": "Company code",
	"_Description": "Description",
	"_Description_report": "Description",
	"_InternalOrder": "Stock Order",
	"_InternalOrder_report": "Stock Order",
	"P2P - Internal order": "P2P - Stock Orders",
	"P2P - Internal order__": "P2P - Stock Orders"
}</process_en>
      <process_es>{
	"_CompanyCode": "Código de empresa",
	"_CompanyCode_report": "Código de empresa",
	"_Description": "Descripción",
	"_Description_report": "Descripción",
	"_InternalOrder": "Pedido en existencia",
	"_InternalOrder_report": "Pedido en existencia",
	"P2P - Internal order": "P2P - Pedidos en stock",
	"P2P - Internal order__": "P2P - Pedidos en stock"
}</process_es>
      <process_fr>{
	"_CompanyCode": "Code société",
	"_CompanyCode_report": "Code société",
	"_Description": "Description",
	"_Description_report": "Description",
	"_InternalOrder": "Commande sur stock",
	"_InternalOrder_report": "Commande sur stock",
	"P2P - Internal order": "P2P - Commandes sur stock",
	"P2P - Internal order__": "P2P - Commandes sur stock"
}</process_fr>
      <process_nl-NL>{
	"_CompanyCode": "Bedrijfscode",
	"_CompanyCode_report": "Bedrijfscode",
	"_Description": "Beschrijving",
	"_Description_report": "Beschrijving",
	"_InternalOrder": "Voorraadbestelling",
	"_InternalOrder_report": "Voorraadbestelling",
	"P2P - Internal order": "P2P - Voorraadbestellingen",
	"P2P - Internal order__": "P2P - Voorraadbestellingen"
}</process_nl-NL>
      <process_it>{
	"_CompanyCode": "Codice società",
	"_CompanyCode_report": "Codice società",
	"_Description": "Descrizione",
	"_Description_report": "Descrizione",
	"_InternalOrder": "Ordine di magazzino",
	"_InternalOrder_report": "Ordine di magazzino",
	"P2P - Internal order": "P2P - Ordini di magazzino",
	"P2P - Internal order__": "P2P - Ordini di magazzino"
}</process_it>
      <process_zh-CN>{
	"_CompanyCode": "公司代码",
	"_CompanyCode_report": "公司代码",
	"_Description": "说明",
	"_Description_report": "说明",
	"_InternalOrder": "库存订单",
	"_InternalOrder_report": "库存订单",
	"P2P - Internal order": "采购到支付 - 库存订单",
	"P2P - Internal order__": "采购到支付 - 库存订单"
}</process_zh-CN>
      <process_pt-BR>{
	"_CompanyCode": "Código da empresa",
	"_CompanyCode_report": "Código da empresa",
	"_Description": "Descrição",
	"_Description_report": "Descrição",
	"_InternalOrder": "Pedido de estoque",
	"_InternalOrder_report": "Pedido de estoque",
	"P2P - Internal order": "P2P - Pedidos de estoque",
	"P2P - Internal order__": "P2P - Pedidos de estoque"
}</process_pt-BR>
    </lg>
    <process>
      <BUColumn>CompanyCode__</BUColumn>
      <flowtype>processing</flowtype>
      <homepagelabel>P2P - Internal order</homepagelabel>
      <upgradable>yes</upgradable>
      <instanciable>1</instanciable>
      <OverrideAllowedAttachmentExtensions>*</OverrideAllowedAttachmentExtensions>
      <UseActionNameWithScriptApproval>true</UseActionNameWithScriptApproval>
      <AllowUploadAttachment>0</AllowUploadAttachment>
      <AllowUploadReferenceDocument>0</AllowUploadReferenceDocument>
      <shouldRollbackManualRecordEdits>true</shouldRollbackManualRecordEdits>
      <UseCultureFormat>true</UseCultureFormat>
      <TransportName>CustomTable</TransportName>
      <LayoutVersion>1.0</LayoutVersion>
    </process>
    <ui>
      <layout>{
	"*": {
		"Screen": {
			"type": "FlexibleFormLayout",
			"options": {
				"splitterType": "simple-v",
				"version": 0
			},
			"*": {
				"form-header": {
					"type": "FlexibleFormHeader",
					"options": {
						"hidePanelsMenu": false,
						"version": 0
					},
					"stamp": 2,
					"data": []
				},
				"form-center": {
					"type": "FlexibleFormCenter",
					"options": {
						"version": 0
					},
					"*": {
						"form-content": {
							"type": "FlexibleFormContent",
							"options": {
								"version": 0
							},
							"*": {
								"form-content-center": {
									"type": "FlexibleFormSplitter",
									"options": {
										"version": 1,
										"box": {
											"top": "0%",
											"left": "0%",
											"width": "100%"
										},
										"hidden": false
									},
									"*": {
										"form-content-center-1": {
											"type": "FlexibleFormLine",
											"data": [],
											"options": {
												"version": 0
											},
											"stamp": 9,
											"*": {
												"DataPanel": {
													"type": "PanelData",
													"options": {
														"border": {},
														"version": 0,
														"labelLength": 0,
														"iconURL": "",
														"TitleFontSize": "S",
														"hideActionButtons": false,
														"hideTitleBar": false,
														"hideTitle": false,
														"backgroundcolor": "default",
														"labelsAlignment": "right",
														"label": "_Document data"
													},
													"*": {
														"FieldsManager": {
															"type": "FieldsManager",
															"options": {
																"controlsAssociation": {
																	"CompanyCode__": "LabelCompanyCode__",
																	"LabelCompanyCode__": "CompanyCode__",
																	"Description__": "LabelDescription__",
																	"LabelDescription__": "Description__",
																	"InternalOrder__": "LabelInternalOrder__",
																	"LabelInternalOrder__": "InternalOrder__"
																},
																"version": 0
															},
															"*": {
																"Grid": {
																	"type": "GridLayout",
																	"options": {
																		"lines": 3,
																		"columns": 2,
																		"version": 0,
																		"ctrlsPos": {
																			"CompanyCode__": {
																				"line": 1,
																				"column": 2
																			},
																			"LabelCompanyCode__": {
																				"line": 1,
																				"column": 1
																			},
																			"Description__": {
																				"line": 3,
																				"column": 2
																			},
																			"LabelDescription__": {
																				"line": 3,
																				"column": 1
																			},
																			"InternalOrder__": {
																				"line": 2,
																				"column": 2
																			},
																			"LabelInternalOrder__": {
																				"line": 2,
																				"column": 1
																			}
																		},
																		"colspans": [
																			[],
																			[],
																			[]
																		]
																	},
																	"data": [
																		"fields"
																	],
																	"*": {
																		"LabelCompanyCode__": {
																			"type": "Label",
																			"data": [
																				"CompanyCode__"
																			],
																			"options": {
																				"label": "_CompanyCode",
																				"version": 0
																			},
																			"stamp": 14
																		},
																		"CompanyCode__": {
																			"type": "DatabaseComboBox",
																			"data": [
																				"CompanyCode__"
																			],
																			"options": {
																				"version": 1,
																				"label": "_CompanyCode",
																				"activable": true,
																				"width": 230,
																				"PreFillFTS": true,
																				"fTSmaxRecords": "20",
																				"length": 20,
																				"browsable": true
																			},
																			"stamp": 15
																		},
																		"LabelInternalOrder__": {
																			"type": "Label",
																			"data": [
																				"InternalOrder__"
																			],
																			"options": {
																				"label": "_InternalOrder",
																				"version": 0
																			},
																			"stamp": 16
																		},
																		"InternalOrder__": {
																			"type": "ShortText",
																			"data": [
																				"InternalOrder__"
																			],
																			"options": {
																				"textSize": "S",
																				"textAlignment": "left",
																				"textStyle": "default",
																				"textColor": "default",
																				"label": "_InternalOrder",
																				"activable": true,
																				"width": 230,
																				"length": 12,
																				"browsable": false,
																				"autocompletable": false,
																				"version": 0
																			},
																			"stamp": 17
																		},
																		"LabelDescription__": {
																			"type": "Label",
																			"data": [
																				"Description__"
																			],
																			"options": {
																				"label": "_Description",
																				"version": 0
																			},
																			"stamp": 18
																		},
																		"Description__": {
																			"type": "ShortText",
																			"data": [
																				"Description__"
																			],
																			"options": {
																				"textSize": "S",
																				"textAlignment": "left",
																				"textStyle": "default",
																				"textColor": "default",
																				"label": "_Description",
																				"activable": true,
																				"width": 230,
																				"length": 40,
																				"browsable": false,
																				"version": 0
																			},
																			"stamp": 19
																		}
																	},
																	"stamp": 8
																}
															},
															"stamp": 7,
															"data": []
														}
													},
													"stamp": 6,
													"data": []
												}
											}
										}
									},
									"stamp": 5,
									"data": []
								}
							},
							"stamp": 4,
							"data": []
						}
					},
					"stamp": 3,
					"data": []
				},
				"form-footer": {
					"type": "FlexibleFormFooter",
					"options": {
						"splitterType": "simple-h",
						"version": 0
					},
					"*": {
						"Save": {
							"type": "SubmitButton",
							"options": {
								"label": "_Save",
								"action": "savequit",
								"submit": true,
								"version": 0
							},
							"stamp": 11,
							"data": []
						},
						"Close": {
							"type": "SubmitButton",
							"options": {
								"label": "_Close",
								"action": "cancel",
								"submit": true,
								"version": 0
							},
							"stamp": 12,
							"data": []
						},
						"Delete": {
							"type": "SubmitButton",
							"options": {
								"label": "_Delete",
								"action": "delete",
								"submit": true,
								"version": 0,
								"disabled": true
							},
							"stamp": 13,
							"data": []
						}
					},
					"stamp": 10,
					"data": []
				}
			},
			"stamp": 1,
			"data": []
		}
	},
	"stamps": 19,
	"data": []
}</layout>
    </ui>
  </properties>
  <field deleted="0" format="" guid="HUME10002072" id="XWW552000SG7" label="_CompanyCode_report" length="50" name="CompanyCode__" originalProcessID="YFXI10002071" precision="0" processid="WWW552000SG7" submitable="1" type="STR">
    <properties>
      <db>
        <alias>AXWW552000SG7</alias>
        <index vartype="INT">1</index>
        <noxml>1</noxml>
        <fullname>/job/processfields/CompanyCode__</fullname>
        <defaultvalue>
        </defaultvalue>
        <RecordLastWrite>1899-12-30 00:00:00</RecordLastWrite>
      </db>
      <extrainfo>
        <Label>_CompanyCode_report</Label>
        <Alias>AXWW552000SG7</Alias>
        <ProcessFieldVersion vartype="INT">1</ProcessFieldVersion>
      </extrainfo>
      <field>
        <Editable>true</Editable>
        <TableName>CT#ECW552000SG7</TableName>
        <SortOrder>
        </SortOrder>
        <DisplayedColumns>CompanyCode__</DisplayedColumns>
        <DisplayedColumnsIds>
        </DisplayedColumnsIds>
        <SavedColumn>CompanyCode__</SavedColumn>
        <SavedColumnId>HUME134563</SavedColumnId>
        <ProcessName>PurchasingCompanycodes__</ProcessName>
        <CustomFilter>
        </CustomFilter>
      </field>
      <ui>
        <_type>String</_type>
        <automatic>true</automatic>
      </ui>
    </properties>
  </field>
  <field deleted="0" format="" guid="AYLN10002073" id="YWW552000SG7" label="_Description_report" length="40" name="Description__" originalProcessID="YFXI10002071" precision="0" processid="WWW552000SG7" submitable="1" type="STR">
    <properties>
      <db>
        <alias>AYWW552000SG7</alias>
        <noxml>1</noxml>
        <fullname>/job/processfields/Description__</fullname>
        <defaultvalue>
        </defaultvalue>
        <RecordLastWrite>1899-12-30 00:00:00</RecordLastWrite>
      </db>
      <extrainfo>
        <Label>_Description_report</Label>
        <Alias>AYWW552000SG7</Alias>
        <ProcessFieldVersion vartype="INT">1</ProcessFieldVersion>
      </extrainfo>
      <gdr>
        <VarType>Area</VarType>
      </gdr>
      <ui>
        <_type>String</_type>
        <automatic>true</automatic>
      </ui>
    </properties>
  </field>
  <field deleted="0" format="" guid="LFDX10002074" id="ZWW552000SG7" label="_InternalOrder_report" length="12" name="InternalOrder__" originalProcessID="YFXI10002071" precision="0" processid="WWW552000SG7" submitable="1" type="STR">
    <properties>
      <db>
        <alias>AZWW552000SG7</alias>
        <index vartype="INT">1</index>
        <noxml>1</noxml>
        <fullname>/job/processfields/InternalOrder__</fullname>
        <defaultvalue>
        </defaultvalue>
        <RecordLastWrite>1899-12-30 00:00:00</RecordLastWrite>
      </db>
      <extrainfo>
        <Label>_InternalOrder_report</Label>
        <Alias>AZWW552000SG7</Alias>
        <ProcessFieldVersion vartype="INT">1</ProcessFieldVersion>
      </extrainfo>
      <gdr>
        <VarType>Area</VarType>
      </gdr>
      <ui>
        <_type>String</_type>
        <automatic>true</automatic>
      </ui>
    </properties>
  </field>
  <type id="JLLP13130F1" name="CT">
  </type>
</process>