﻿<?xml version="1.0" encoding="UTF-8" standalone="no"?>
<process accountid="20063076" allowrepairprocess="0" builtin="0" builtinversion="0" carriesapplicationversion="0" creationdatetime="2022-10-25 17:04:30" deleted="0" eskerapplication="" global="0" id="INW552000SG7" keepcustomization="0" keepfieldsonly="0" keepfieldsproperties="0" keepnewcontroloptions="0" migrationversion="4" name="AP - Vendors links__" needvalidation="1" ootofilter="" ootoversion="0" originalProcessID="PHQG1011498" ownerid="cn=admin_p2p@paragon-cc.fr,ou=DEV,ou=TrainingP2P,ou=DEMO_JULIEN,ou=05284299,ou=ESK,s=eoo" ownerpb="OnDemand AddressBook" public="1" pushnotification="0" reuseengine="0" sprintversion="5.261.0" transportname="CustomTable" upgradable="1" userid="0" version="1" visibility="0">
  <properties>
    <dbIndex>
      <AUTO_AJNW552000SG7A>&lt;Index&gt;&lt;Ref Name="AJNW552000SG7" Option="ASC"/&gt;&lt;/Index&gt;</AUTO_AJNW552000SG7A>
      <AUTO_AKNW552000SG7A>&lt;Index&gt;&lt;Ref Name="AKNW552000SG7" Option="ASC"/&gt;&lt;/Index&gt;</AUTO_AKNW552000SG7A>
      <AUTO_ALNW552000SG7A>&lt;Index&gt;&lt;Ref Name="ALNW552000SG7" Option="ASC"/&gt;&lt;/Index&gt;</AUTO_ALNW552000SG7A>
      <AUTO_AMNW552000SG7A>&lt;Index&gt;&lt;Ref Name="AMNW552000SG7" Option="ASC"/&gt;&lt;/Index&gt;</AUTO_AMNW552000SG7A>
      <AUTO_ANNW552000SG7A>&lt;Index&gt;&lt;Ref Name="ANNW552000SG7" Option="ASC"/&gt;&lt;/Index&gt;</AUTO_ANNW552000SG7A>
    </dbIndex>
    <gdr>
    </gdr>
    <lg>
      <process_de>{
	"_City": "Stadt",
	"_Company": "Firma",
	"_CompanyCode": "Buchungskreis",
	"_CompanyCode_report": "Buchungskreis",
	"_Configuration": "Konfiguration",
	"_Configuration_report": "Konfiguration",
	"_Country": "Ländercode",
	"_EmailAddress": "E-Mail",
	"_LastConnection": "Datum der letzten Anmeldung",
	"_NameIdentifier": "Name",
	"_Number": "Lieferantennummer",
	"_Number_report": "Lieferantennummer",
	"_ShortLogin": "ID Rechnungsbearbeiter",
	"_ShortLogin_report": "ID Rechnungsbearbeiter",
	"_ShortLoginPAC": "ID Bestellkontakt",
	"_ShortLoginPAC_report": "ID Bestellkontakt",
	"_This is not a valid login": "Die ID darf nur Buchstaben, Zahlen, Punkte (.), Bindestriche (-), Unterstriche (_) und At-Zeichen (@) enthalten.",
	"AP - Vendors links": "P2P - Lieferantennummern/Lieferantenkontakte"
}</process_de>
      <process_JA>{
	"_City": "市区町村",
	"_Company": "会社",
	"_CompanyCode": "会社コード",
	"_CompanyCode_report": "会社コード",
	"_Configuration": "構成",
	"_Configuration_report": "構成",
	"_Country": "国コード",
	"_EmailAddress": "電子メール",
	"_LastConnection": "前回の接続",
	"_NameIdentifier": "名前",
	"_Number": "仕入先番号",
	"_Number_report": "仕入先番号",
	"_ShortLogin": "請求書連絡先ID",
	"_ShortLogin_report": "請求書連絡先ID",
	"_ShortLoginPAC": "注文連絡先ID",
	"_ShortLoginPAC_report": "注文連絡先ID",
	"_This is not a valid login": "IDは文字、数字、ドット（.）、ダッシュ（-）、アンダースコア（_）、アットマーク（@）のみ使用可能です。",
	"AP - Vendors links": "P2P - 仕入先番号/仕入先連絡先"
}</process_JA>
      <process_en>{
	"_City": "City",
	"_Company": "Company",
	"_CompanyCode": "Company code",
	"_CompanyCode_report": "Company code",
	"_Configuration": "Configuration",
	"_Configuration_report": "Configuration",
	"_Country": "Country code",
	"_EmailAddress": "Email",
	"_LastConnection": "Last connection",
	"_NameIdentifier": "Name",
	"_Number": "Vendor number",
	"_Number_report": "Vendor number",
	"_ShortLogin": "Invoice contact ID",
	"_ShortLogin_report": "Invoice contact ID",
	"_ShortLoginPAC": "Order contact ID",
	"_ShortLoginPAC_report": "Order contact ID",
	"_This is not a valid login": "The identifier can only contain letters, numbers, dots (.), dashes (-), underscores (_) and 'at' signs (@).",
	"AP - Vendors links": "P2P - Vendor numbers/Vendor contacts"
}</process_en>
      <process_es>{
	"_City": "Ciudad",
	"_Company": "Empresa",
	"_CompanyCode": "Código de empresa",
	"_CompanyCode_report": "Código de empresa",
	"_Configuration": "Configuración",
	"_Configuration_report": "Configuración",
	"_Country": "Código de país",
	"_EmailAddress": "E-mail",
	"_LastConnection": "Fecha del último inicio de sesión",
	"_NameIdentifier": "Nombre",
	"_Number": "Número de proveedor",
	"_Number_report": "Número de proveedor",
	"_ShortLogin": "ID contacto de facturación",
	"_ShortLogin_report": "ID contacto de facturación",
	"_ShortLoginPAC": "ID contacto para pedidos",
	"_ShortLoginPAC_report": "ID contacto para pedidos",
	"_This is not a valid login": "El identificador solo puede contener letras, números, puntos (.), guiones(-), caracteres de subrayado (_) y arrobas (@).",
	"AP - Vendors links": "P2P - Números de proveedor/Contactos de proveedor"
}</process_es>
      <process_fr>{
	"_City": "Ville",
	"_Company": "Société",
	"_CompanyCode": "Code société",
	"_CompanyCode_report": "Code société",
	"_Configuration": "Configuration",
	"_Configuration_report": "Configuration",
	"_Country": "Code pays",
	"_EmailAddress": "E-mail",
	"_LastConnection": "Date de dernière connexion",
	"_NameIdentifier": "Nom",
	"_Number": "Numéro fournisseur",
	"_Number_report": "Numéro fournisseur",
	"_ShortLogin": "Identifiant du contact factures",
	"_ShortLogin_report": "Identifiant du contact factures",
	"_ShortLoginPAC": "Identifiant du contact commandes",
	"_ShortLoginPAC_report": "Identifiant du contact commandes",
	"_This is not a valid login": "L'identifiant saisi ne peut contenir que des lettres, des chiffres, des points (.), des tirets (-), des caractères de soulignement (_) et des arrobases (@).",
	"AP - Vendors links": "P2P - Numéros fournisseurs/Contacts fournisseurs"
}</process_fr>
      <process_nl-NL>{
	"_City": "Stad",
	"_Company": "Bedrijf",
	"_CompanyCode": "Bedrijfscode",
	"_CompanyCode_report": "Bedrijfscode",
	"_Configuration": "Configuratie",
	"_Configuration_report": "Configuratie",
	"_Country": "Landcode",
	"_EmailAddress": "E-mail",
	"_LastConnection": "Laatste verbinding",
	"_NameIdentifier": "Naam",
	"_Number": "Nummer leverancier",
	"_Number_report": "Nummer leverancier",
	"_ShortLogin": "ID contactpersoon factuur",
	"_ShortLogin_report": "ID contactpersoon factuur",
	"_ShortLoginPAC": "ID contactpersoon bestelling",
	"_ShortLoginPAC_report": "ID contactpersoon bestelling",
	"_This is not a valid login": "De ID mag alleen letters, cijfers, punten (.), streepjes (-), underscores (_) en apenstaartjes (@) bevatten.",
	"AP - Vendors links": "P2P - Nummers/contactpersonen leverancier"
}</process_nl-NL>
      <process_it>{
	"_City": "Città",
	"_Company": "Società",
	"_CompanyCode": "Codice società",
	"_CompanyCode_report": "Codice società",
	"_Configuration": "Configurazione",
	"_Configuration_report": "Configurazione",
	"_Country": "Codice paese",
	"_EmailAddress": "E-mail",
	"_LastConnection": "Data ultimo accesso",
	"_NameIdentifier": "Nome",
	"_Number": "Numero fornitore",
	"_Number_report": "Numero fornitore",
	"_ShortLogin": "ID contatto fatture",
	"_ShortLogin_report": "ID contatto fatture",
	"_ShortLoginPAC": "ID contatto ordini",
	"_ShortLoginPAC_report": "ID contatto ordini",
	"_This is not a valid login": "L'identificativo può contenere solo lettere, numeri, punti (.), trattini (-), sottolineature (_) e chiocciole (@).",
	"AP - Vendors links": "P2P - Numeri fornitore/Contatti fornitore"
}</process_it>
      <process_zh-CN>{
	"_City": "城市",
	"_Company": "公司",
	"_CompanyCode": "公司代码",
	"_CompanyCode_report": "公司代码",
	"_Configuration": "配置",
	"_Configuration_report": "配置",
	"_Country": "国家/地区代码",
	"_EmailAddress": "电子邮件",
	"_LastConnection": "最后连接",
	"_NameIdentifier": "名称",
	"_Number": "供应商编号",
	"_Number_report": "供应商编号",
	"_ShortLogin": "账单联系人ID",
	"_ShortLogin_report": "账单联系人ID",
	"_ShortLoginPAC": "订单联系人ID",
	"_ShortLoginPAC_report": "订单联系人ID",
	"_This is not a valid login": "标识符只能包含字母、数字、点（.）、连接号（-）、下划线 （_）和@符号。",
	"AP - Vendors links": "采购到支付 - 供应商联系人映射"
}</process_zh-CN>
      <process_pt-BR>{
	"_City": "Cidade",
	"_Company": "Empresa",
	"_CompanyCode": "Código da empresa",
	"_CompanyCode_report": "Código da empresa",
	"_Configuration": "Configuração",
	"_Configuration_report": "Configuração",
	"_Country": "Código do país",
	"_EmailAddress": "E-mail",
	"_LastConnection": "Última conexão",
	"_NameIdentifier": "Nome",
	"_Number": "Número do fornecedor",
	"_Number_report": "Número do fornecedor",
	"_ShortLogin": "ID de contato da fatura",
	"_ShortLogin_report": "ID de contato da fatura",
	"_ShortLoginPAC": "ID de contato do pedido",
	"_ShortLoginPAC_report": "ID de contato do pedido",
	"_This is not a valid login": "O identificador apenas pode conter letras, números, pontos (.), traços (-), sublinhados (_) e 'at' (@).",
	"AP - Vendors links": "P2P - Números de fornecedores/Contatos de fornecedores"
}</process_pt-BR>
    </lg>
    <process>
      <BUColumn>CompanyCode__</BUColumn>
      <flowtype>processing</flowtype>
      <homepagelabel>_Table 'AP - Vendors links'</homepagelabel>
      <upgradable>yes</upgradable>
      <instanciable>1</instanciable>
      <OverrideAllowedAttachmentExtensions>*</OverrideAllowedAttachmentExtensions>
      <AllowUploadAttachment>0</AllowUploadAttachment>
      <AllowUploadReferenceDocument>0</AllowUploadReferenceDocument>
      <shouldRollbackManualRecordEdits>true</shouldRollbackManualRecordEdits>
      <UseCultureFormat>true</UseCultureFormat>
      <TransportName>CustomTable</TransportName>
      <LayoutVersion>1.0</LayoutVersion>
    </process>
    <ui>
      <CustomScriptDebug>false</CustomScriptDebug>
      <customscriptIncludedScripts>Sys/Sys_Helpers_Browse</customscriptIncludedScripts>
      <customscriptIncludedScripts>Lib_V12.0.461.0</customscriptIncludedScripts>
      <customscriptIncludedScripts>LIB_P2P_V12.0.461.0</customscriptIncludedScripts>
      <CustomScriptReadonly>false</CustomScriptReadonly>
      <CustomScript>///#GLOBALS Sys
var regularExpressionVendor = new RegExp("^[a-zA-Z0-9-'_.@]+$");

function browseIdentifiers(onCloseCallback)
{
	var browseTitle = "_ShortLogin";
	var tableName = "ODUSER";

	var searchControlFocused = false;
	var dialog = null;
	// Number of records per Page
	var rowcountperpage = 10;
	// Maximum of records retrieved by the query
	var rowcount = 20;
	// To perform a search when the browse dialog is opening
	var searchAtOpening = true;

	var selectedIdentifier = null;

	// Column configuration
	var columns = [];
	columns.push({ id: "LOGIN", label: "_ShortLogin", type: "STR", width: 200 });
	columns.push({ id: "DESCRIPTION", label: "_Number_report", type: "STR", width: 200 });
	columns.push({ id: "COMPANY", label: "_Company", type: "STR", width: 200 });
	columns.push({ id: "CITY", label: "_City", type: "STR", width: 200 });
	columns.push({ id: "COUNTRY", label: "_Country", type: "STR", width: 50 });
	columns.push({ id: "EMAILADDRESS", label: "_EmailAddress", type: "STR", width: 200 });
	columns.push({ id: "LASTCONNECTIONDATETIME", label: "_LastConnection", type: "STR", width: 130 });

	var additionalFilterArray = [
		"VENDOR=1",
		"LOGIN!=*$_vendor_template_",
		"LOGIN!=*$_vendor_guest_template_"
	];

	// Search criterion configuration
	function automaticallySurroundByStars(value)
	{
		if (!value)
		{
			return "*";
		}
		return "*" + value + "*";
	}

	var searchCriterias = [];
	searchCriterias.push({
		id: "LoginFilter__",
		label: "_ShortLogin",
		required: false,
		toUpper: false,
		visible: true,
		filterId: "LOGIN",
		defaultValue: "",
		defaultValueFormat: automaticallySurroundByStars
	});
	searchCriterias.push({
		id: "CompanyFilter__",
		label: "_Company",
		required: false,
		toUpper: false,
		visible: true,
		filterId: "COMPANY",
		defaultValue: "",
		defaultValueFormat: automaticallySurroundByStars
	});

	/* CALLBACKS */
	function ReduceToShortLogin(login)
	{
		return login.substring(login.indexOf("$") + 1);
	}

	// Called when the query is completed
	function querySuccessCallBack()
	{
		var callbackResult = this;
		var customFormat = { "LOGIN": ReduceToShortLogin };
		Sys.Helpers.Browse.CompletedCallBack(dialog, callbackResult);
		if (Sys.Helpers.Browse.FillTableFromQueryResult(dialog, "resultTable", callbackResult, customFormat))
		{
			Sys.Helpers.Browse.HideResults(dialog, false);
		}
	}

	/* Draw and display the browse page */
	function fillSearchDialog(newDialog)
	{
		dialog = newDialog;
		Sys.Helpers.Browse.FillSearchDialog(newDialog, columns, searchCriterias, rowcount, rowcountperpage, "", false, false);
		if (searchAtOpening)
		{
			request();
		}
	}

	function handleCancelDialog()
	{
		onCloseCallback(selectedIdentifier);
	}

	/* Update the main form with the user selection */
	function returnSelection(control, tableItem)
	{
		if (tableItem.LOGIN.GetValue())
		{
			selectedIdentifier = tableItem.LOGIN.GetValue();
			dialog.Cancel();
		}
	}

	// Perform request
	function request()
	{
		Sys.Helpers.Browse.DBRequest(querySuccessCallBack, dialog, columns, searchCriterias, tableName, rowcount, additionalFilterArray);
	}

	/* Handle event in browse page */
	function handleSearchDialog(handleDialog, action, event, control, tableItem)
	{
		searchControlFocused = Sys.Helpers.Browse.HandleSearchDialog(handleDialog, action, event, control, tableItem, searchControlFocused, request, returnSelection);
	}
	/* POPUP */
	Popup.Dialog(browseTitle, null, fillSearchDialog, null, null, handleSearchDialog, handleCancelDialog);
}

Controls.ShortLogin__.SetBrowsable(true);

Controls.ShortLogin__.OnBrowse = function ()
{
	function browseShortLoginCallback(shortLogin)
	{
		Controls.ShortLogin__.SetValue(shortLogin);
	}

	Controls.ShortLogin__.Wait(true);
	browseIdentifiers(browseShortLoginCallback);
};

Controls.ShortLogin__.OnChange = OnShortLoginChange;

function OnShortLoginChange()
{
	var ctrl = this;
	var identifier = ctrl.GetValue().RemoveAccents().toLowerCase();
	ctrl.SetValue(identifier);

	if (!identifier.match(regularExpressionVendor) &amp;&amp; !Sys.Helpers.IsEmpty(identifier))
	{
		ctrl.SetError("_This is not a valid login");
	}
	else
	{
		ctrl.SetError("");
	}
}

// Purchasing contact identifier
Controls.ShortLoginPAC__.ClearSearchFields();
Controls.ShortLoginPAC__.AddSearchField({ type: "Text", label: "_ShortLogin", id: "Login" });
Controls.ShortLoginPAC__.AddSearchField({ type: "Text", label: "_Company", id: "Company" });
Controls.ShortLoginPAC__.SetSearchMode("contains");
Controls.ShortLoginPAC__.OnColumnFormating = function (attributeName, value)
{
	return attributeName === "Login" ? value.substring(value.indexOf("$") + 1) : value;
};
Controls.ShortLoginPAC__.OnChange = OnShortLoginChange;
</CustomScript>
      <layout>{
	"*": {
		"Screen": {
			"type": "FlexibleFormLayout",
			"options": {
				"splitterType": "simple-v",
				"version": 0,
				"processHelpId": "5106"
			},
			"*": {
				"form-header": {
					"type": "FlexibleFormHeader",
					"options": {
						"hidePanelsMenu": false,
						"version": 0
					},
					"stamp": 2,
					"data": []
				},
				"form-center": {
					"type": "FlexibleFormCenter",
					"options": {
						"version": 0
					},
					"*": {
						"form-content": {
							"type": "FlexibleFormContent",
							"options": {
								"version": 0
							},
							"*": {
								"form-content-center": {
									"type": "FlexibleFormSplitter",
									"options": {
										"version": 1,
										"box": {
											"top": "0%",
											"left": "0%",
											"width": "100%"
										},
										"hidden": false
									},
									"*": {
										"form-content-center-1": {
											"type": "FlexibleFormLine",
											"data": [],
											"options": {
												"version": 0
											},
											"stamp": 9,
											"*": {
												"DataPanel": {
													"type": "PanelData",
													"options": {
														"border": {},
														"version": 0,
														"labelLength": 0,
														"iconURL": "",
														"TitleFontSize": "S",
														"hideActionButtons": false,
														"hideTitleBar": false,
														"backgroundcolor": "default",
														"labelsAlignment": "right",
														"label": "_Document data",
														"hideTitle": false
													},
													"*": {
														"FieldsManager": {
															"type": "FieldsManager",
															"options": {
																"controlsAssociation": {
																	"CompanyCode__": "LabelCompanyCode__",
																	"LabelCompanyCode__": "CompanyCode__",
																	"ShortLogin__": "LabelShortLogin__",
																	"LabelShortLogin__": "ShortLogin__",
																	"Number__": "LabelNumber__",
																	"LabelNumber__": "Number__",
																	"ShortLoginPAC__": "LabelShortLoginPAC__",
																	"LabelShortLoginPAC__": "ShortLoginPAC__",
																	"Configuration__": "LabelConfiguration__",
																	"LabelConfiguration__": "Configuration__"
																},
																"version": 0
															},
															"*": {
																"Grid": {
																	"type": "GridLayout",
																	"options": {
																		"lines": 5,
																		"columns": 2,
																		"version": 0,
																		"ctrlsPos": {
																			"CompanyCode__": {
																				"line": 1,
																				"column": 2
																			},
																			"LabelCompanyCode__": {
																				"line": 1,
																				"column": 1
																			},
																			"ShortLogin__": {
																				"line": 3,
																				"column": 2
																			},
																			"LabelShortLogin__": {
																				"line": 3,
																				"column": 1
																			},
																			"Number__": {
																				"line": 2,
																				"column": 2
																			},
																			"LabelNumber__": {
																				"line": 2,
																				"column": 1
																			},
																			"ShortLoginPAC__": {
																				"line": 4,
																				"column": 2
																			},
																			"LabelShortLoginPAC__": {
																				"line": 4,
																				"column": 1
																			},
																			"Configuration__": {
																				"line": 5,
																				"column": 2
																			},
																			"LabelConfiguration__": {
																				"line": 5,
																				"column": 1
																			}
																		},
																		"colspans": [
																			[],
																			[],
																			[],
																			[],
																			[]
																		]
																	},
																	"data": [
																		"fields"
																	],
																	"*": {
																		"LabelCompanyCode__": {
																			"type": "Label",
																			"data": [
																				"CompanyCode__"
																			],
																			"options": {
																				"label": "_CompanyCode",
																				"version": 0
																			},
																			"stamp": 14
																		},
																		"CompanyCode__": {
																			"type": "DatabaseComboBox",
																			"data": [
																				"CompanyCode__"
																			],
																			"options": {
																				"label": "_CompanyCode",
																				"activable": true,
																				"width": "180",
																				"PreFillFTS": true,
																				"fTSmaxRecords": "20",
																				"browsable": true,
																				"version": 0,
																				"helpURL": "5106",
																				"helpText": "",
																				"helpFormat": "HTML Format",
																				"helpIconPosition": "Right"
																			},
																			"stamp": 15
																		},
																		"LabelNumber__": {
																			"type": "Label",
																			"data": [
																				"Number__"
																			],
																			"options": {
																				"label": "_Number",
																				"version": 0
																			},
																			"stamp": 16
																		},
																		"Number__": {
																			"type": "DatabaseComboBox",
																			"data": [
																				"Number__"
																			],
																			"options": {
																				"label": "_Number",
																				"activable": true,
																				"width": "180",
																				"PreFillFTS": true,
																				"fTSmaxRecords": "20",
																				"browsable": true,
																				"version": 0
																			},
																			"stamp": 17
																		},
																		"LabelShortLogin__": {
																			"type": "Label",
																			"data": [
																				"ShortLogin__"
																			],
																			"options": {
																				"label": "_ShortLogin",
																				"version": 0
																			},
																			"stamp": 19
																		},
																		"ShortLogin__": {
																			"type": "ShortText",
																			"data": [
																				"ShortLogin__"
																			],
																			"options": {
																				"textSize": "S",
																				"textAlignment": "left",
																				"textStyle": "default",
																				"textColor": "default",
																				"label": "_ShortLogin",
																				"activable": true,
																				"width": "180",
																				"length": 80,
																				"browsable": false,
																				"version": 0
																			},
																			"stamp": 20
																		},
																		"LabelShortLoginPAC__": {
																			"type": "Label",
																			"data": [
																				"ShortLoginPAC__"
																			],
																			"options": {
																				"label": "_ShortLoginPAC",
																				"version": 0
																			},
																			"stamp": 23
																		},
																		"ShortLoginPAC__": {
																			"type": "DatabaseComboBox",
																			"data": [
																				"ShortLoginPAC__"
																			],
																			"options": {
																				"version": 1,
																				"label": "_ShortLoginPAC",
																				"activable": true,
																				"width": "180",
																				"helpText": "",
																				"helpURL": "",
																				"helpFormat": "HTML Format",
																				"PreFillFTS": true,
																				"fTSmaxRecords": "20",
																				"browsable": true
																			},
																			"stamp": 24
																		},
																		"LabelConfiguration__": {
																			"type": "Label",
																			"data": [
																				"Configuration__"
																			],
																			"options": {
																				"label": "_Configuration",
																				"version": 0
																			},
																			"stamp": 25
																		},
																		"Configuration__": {
																			"type": "DatabaseComboBox",
																			"data": [
																				"Configuration__"
																			],
																			"options": {
																				"version": 1,
																				"label": "_Configuration",
																				"activable": true,
																				"width": "180",
																				"helpText": "",
																				"helpURL": "",
																				"helpFormat": "HTML Format",
																				"PreFillFTS": true,
																				"fTSmaxRecords": "20",
																				"browsable": true
																			},
																			"stamp": 26
																		}
																	},
																	"stamp": 8
																}
															},
															"stamp": 7,
															"data": []
														}
													},
													"stamp": 6,
													"data": []
												}
											}
										}
									},
									"stamp": 5,
									"data": []
								}
							},
							"stamp": 4,
							"data": []
						}
					},
					"stamp": 3,
					"data": []
				},
				"form-footer": {
					"type": "FlexibleFormFooter",
					"options": {
						"splitterType": "simple-h",
						"version": 0
					},
					"*": {
						"Save": {
							"type": "SubmitButton",
							"options": {
								"label": "_Save",
								"action": "savequit",
								"submit": true,
								"version": 0,
								"nextprocess": {
									"processName": "AP - Cost centers__",
									"attachmentsMode": "all",
									"willBeChild": true
								},
								"url": "",
								"shortCut": "S"
							},
							"stamp": 11,
							"data": []
						},
						"Close": {
							"type": "SubmitButton",
							"options": {
								"label": "_Close",
								"action": "cancel",
								"submit": true,
								"version": 0,
								"shortCut": "Q"
							},
							"stamp": 12,
							"data": []
						}
					},
					"stamp": 10,
					"data": []
				}
			},
			"stamp": 1,
			"data": []
		}
	},
	"stamps": 26,
	"data": []
}</layout>
    </ui>
  </properties>
  <field deleted="0" format="" guid="PHQG1011499" id="JNW552000SG7" label="_CompanyCode_report" length="50" name="CompanyCode__" originalProcessID="PHQG1011498" precision="0" processid="INW552000SG7" submitable="1" type="STR">
    <properties>
      <db>
        <alias>AJNW552000SG7</alias>
        <index vartype="INT">1</index>
        <noxml>1</noxml>
        <fullname>/job/processfields/CompanyCode__</fullname>
        <jointable>PurchasingCompanycodes__</jointable>
        <jointableid>CT#ECW552000SG7</jointableid>
        <defaultvalue>
        </defaultvalue>
        <joincondition>(source.CompanyCode__=dest.CompanyCode__)</joincondition>
        <RecordLastWrite>2015-04-16 14:49:12</RecordLastWrite>
      </db>
      <extrainfo>
        <Label>_CompanyCode_report</Label>
        <Alias>AJNW552000SG7</Alias>
        <ProcessFieldVersion vartype="INT">1</ProcessFieldVersion>
      </extrainfo>
      <field>
        <Editable>false</Editable>
        <TableName>CT#ECW552000SG7</TableName>
        <SortOrder>
        </SortOrder>
        <DisplayedColumns>CompanyCode__|CompanyName__</DisplayedColumns>
        <DisplayedColumnsIds>
        </DisplayedColumnsIds>
        <SavedColumn>CompanyCode__</SavedColumn>
        <SavedColumnId>HUME134563</SavedColumnId>
        <ProcessName>PurchasingCompanycodes__</ProcessName>
        <CustomFilter>
        </CustomFilter>
      </field>
      <help>
        <helpData>{"helpText":"","helpURL":"5106","helpFormat":"HTML Format"}</helpData>
      </help>
      <ui>
        <_type>String</_type>
        <automatic>true</automatic>
      </ui>
    </properties>
  </field>
  <field deleted="0" format="" guid="B2NB00000FSX" id="NNW552000SG7" label="_Configuration_report" length="50" name="Configuration__" originalProcessID="PHQG1011498" precision="0" processid="INW552000SG7" submitable="1" type="STR">
    <properties>
      <db>
        <alias>ANNW552000SG7</alias>
        <index vartype="INT">1</index>
        <noxml>1</noxml>
        <fullname>/job/processfields/Configuration__</fullname>
        <defaultvalue>
        </defaultvalue>
        <RecordLastWrite>2017-12-18 17:33:42</RecordLastWrite>
      </db>
      <extrainfo>
        <Label>_Configuration_report</Label>
        <Alias>ANNW552000SG7</Alias>
        <ProcessFieldVersion vartype="INT">1</ProcessFieldVersion>
      </extrainfo>
      <field>
        <Editable>true</Editable>
        <TableName>CT#W1O352000SG7</TableName>
        <SortOrder>ASC</SortOrder>
        <DisplayedColumns>ConfigurationName__|ERP__|DefaultAPClerk__</DisplayedColumns>
        <DisplayedColumnsIds>
        </DisplayedColumnsIds>
        <UseTableForAutolearn>false</UseTableForAutolearn>
        <SavedColumn>ConfigurationName__</SavedColumn>
        <SavedColumnId>AYLN271803</SavedColumnId>
        <ProcessName>AP - Application Settings__</ProcessName>
        <CustomFilter>
        </CustomFilter>
      </field>
      <gdr>
        <DisableAutolearn>1</DisableAutolearn>
      </gdr>
      <ui>
        <_type>String</_type>
        <automatic>true</automatic>
      </ui>
    </properties>
  </field>
  <field deleted="0" format="" guid="HUME1011500" id="KNW552000SG7" label="_Number_report" length="50" name="Number__" originalProcessID="PHQG1011498" precision="0" processid="INW552000SG7" submitable="1" type="STR">
    <properties>
      <db>
        <alias>AKNW552000SG7</alias>
        <index vartype="INT">1</index>
        <noxml>1</noxml>
        <fullname>/job/processfields/Number__</fullname>
        <jointable>AP - Vendors__</jointable>
        <jointableid>CT#ZLW552000SG7</jointableid>
        <defaultvalue>
        </defaultvalue>
        <joincondition>(&amp;(source.Number__=dest.Number__)(|(source.CompanyCode__=dest.CompanyCode__)(dest.CompanyCode__=)(dest.CompanyCode__!=*)))</joincondition>
        <RecordLastWrite>2015-04-16 14:51:00</RecordLastWrite>
      </db>
      <extrainfo>
        <Label>_Number_report</Label>
        <Alias>AKNW552000SG7</Alias>
        <ProcessFieldVersion vartype="INT">1</ProcessFieldVersion>
      </extrainfo>
      <field>
        <Editable>false</Editable>
        <required>true</required>
        <TableName>CT#ZLW552000SG7</TableName>
        <SortOrder>ASC</SortOrder>
        <DisplayedColumns>Number__|Name__</DisplayedColumns>
        <DisplayedColumnsIds>
        </DisplayedColumnsIds>
        <SavedColumn>Number__</SavedColumn>
        <SavedColumnId>WRZN86557125</SavedColumnId>
        <ProcessName>AP - Vendors__</ProcessName>
        <CustomFilter>(|(CompanyCode__=%[CompanyCode__])(CompanyCode__=)(!(CompanyCode__=*)))</CustomFilter>
      </field>
      <ui>
        <_type>String</_type>
        <automatic>true</automatic>
      </ui>
    </properties>
  </field>
  <field deleted="0" format="" guid="PHQG3B9D9D24" id="LNW552000SG7" label="_ShortLoginPAC_report" length="80" name="ShortLoginPAC__" originalProcessID="PHQG1011498" precision="0" processid="INW552000SG7" submitable="1" type="STR">
    <properties>
      <db>
        <alias>ALNW552000SG7</alias>
        <index vartype="INT">1</index>
        <noxml>1</noxml>
        <fullname>/job/processfields/ShortLoginPAC__</fullname>
        <defaultvalue>
        </defaultvalue>
        <RecordLastWrite>2017-12-18 17:33:42</RecordLastWrite>
      </db>
      <extrainfo>
        <Label>_ShortLoginPAC_report</Label>
        <Alias>ALNW552000SG7</Alias>
        <ProcessFieldVersion vartype="INT">1</ProcessFieldVersion>
      </extrainfo>
      <field>
        <Editable>true</Editable>
        <TableName>ODUSER</TableName>
        <SortOrder>ASC</SortOrder>
        <DisplayedColumns>Login|Description|Company|City|Country|EmailAddress|LastConnectionDateTime</DisplayedColumns>
        <UseTableForAutolearn>false</UseTableForAutolearn>
        <SavedColumn>Login</SavedColumn>
        <ProcessName>
        </ProcessName>
        <CustomFilter>&amp;(Vendor=1)(!(Login=*$_vendor_template_))(!(Login=*$_vendor_guest_template_))</CustomFilter>
      </field>
      <gdr>
        <DisableAutolearn>1</DisableAutolearn>
      </gdr>
      <ui>
        <_type>String</_type>
        <automatic>true</automatic>
      </ui>
    </properties>
  </field>
  <field deleted="0" format="" guid="AYLN1011501" id="MNW552000SG7" label="_ShortLogin_report" length="80" name="ShortLogin__" originalProcessID="PHQG1011498" precision="0" processid="INW552000SG7" submitable="1" type="STR">
    <properties>
      <db>
        <alias>AMNW552000SG7</alias>
        <index vartype="INT">1</index>
        <noxml>1</noxml>
        <fullname>/job/processfields/ShortLogin__</fullname>
        <defaultvalue>
        </defaultvalue>
        <RecordLastWrite>2015-04-16 14:49:12</RecordLastWrite>
      </db>
      <extrainfo>
        <Label>_ShortLogin_report</Label>
        <Alias>AMNW552000SG7</Alias>
        <ProcessFieldVersion vartype="INT">1</ProcessFieldVersion>
      </extrainfo>
      <field>
        <required>false</required>
      </field>
      <gdr>
        <VarType>Area</VarType>
      </gdr>
      <ui>
        <_type>String</_type>
        <automatic>true</automatic>
      </ui>
    </properties>
  </field>
  <type id="JLLP13130F1" name="CT">
  </type>
</process>