﻿<?xml version="1.0" encoding="UTF-8" standalone="no"?>
<process accountid="20063076" allowrepairprocess="0" builtin="0" builtinversion="0" carriesapplicationversion="0" creationdatetime="2022-10-25 17:09:40" deleted="0" eskerapplication="" global="0" id="EY3652000SG7" keepcustomization="0" keepfieldsonly="0" keepfieldsproperties="0" keepnewcontroloptions="0" migrationversion="4" name="P2P - Inventory movements__" needvalidation="0" ootofilter="" ootoversion="1" originalProcessID="ZOL4FP000PA9" ownerid="cn=admin_p2p@paragon-cc.fr,ou=DEV,ou=TrainingP2P,ou=DEMO_JULIEN,ou=05284299,ou=ESK,s=eoo" ownerpb="OnDemand AddressBook" public="1" pushnotification="0" reuseengine="0" sprintversion="5.261.0" transportname="CustomTable" upgradable="1" userid="0" version="1" visibility="0">
  <properties>
    <dataConditions>
      <listDataConditions>&lt;dataCondition&gt;
					&lt;tableName&gt;P2P - Global Application Settings__&lt;/tableName&gt;
					&lt;filter&gt;msnex=*&lt;/filter&gt;
					&lt;labelKey&gt;_Purchasing disabled&lt;/labelKey&gt;
					&lt;multipleConditionsLink&gt;and&lt;/multipleConditionsLink&gt;
					&lt;conditions&gt;
						&lt;allowCondition&gt;
							&lt;fieldName&gt;EnablePurchasingGlobalSetting__&lt;/fieldName&gt;
							&lt;fieldValue&gt;1&lt;/fieldValue&gt;
						&lt;/allowCondition&gt;
						&lt;allowCondition&gt;
							&lt;fieldName&gt;EnableInventoryManagement__&lt;/fieldName&gt;
							&lt;fieldValue&gt;1&lt;/fieldValue&gt;
						&lt;/allowCondition&gt;
					&lt;/conditions&gt;
				&lt;/dataCondition&gt;</listDataConditions>
    </dataConditions>
    <dbIndex>
      <AUTO_AFY3652000SG7A>&lt;Index&gt;&lt;Ref Name="AFY3652000SG7" Option="ASC"/&gt;&lt;/Index&gt;</AUTO_AFY3652000SG7A>
      <AUTO_AHY3652000SG7A>&lt;Index&gt;&lt;Ref Name="AHY3652000SG7" Option="ASC"/&gt;&lt;/Index&gt;</AUTO_AHY3652000SG7A>
      <AUTO_APY3652000SG7A>&lt;Index&gt;&lt;Ref Name="APY3652000SG7" Option="ASC"/&gt;&lt;/Index&gt;</AUTO_APY3652000SG7A>
    </dbIndex>
    <gdr>
    </gdr>
    <lg>
      <process_de>{
	"_CompanyCode": "Buchungskreis",
	"_CompanyCode_report": "Buchungskreis",
	"_ItemNumber": "Artikelkennung",
	"_ItemNumber_report": "Artikelkennung",
	"_LineNumber": "Zeilennummer",
	"_LineNumber_report": "Zeilennummer",
	"_MovementDateTime": "Bewegungsdatum",
	"_MovementDateTime_report": "Bewegungsdatum",
	"_MovementOrigin": "Ursprung der Bewegung",
	"_MovementOrigin_report": "Ursprung der Bewegung",
	"_MovementType": "Bewegungsart",
	"_MovementType_report": "Bewegungsart",
	"_MovementUnitPrice": "Einzelpreis",
	"_MovementUnitPrice_report": "Einzelpreis",
	"_MovementValue": "Menge",
	"_MovementValue_report": "Menge",
	"_Replenishment": "Nachschub",
	"_Stocktaking": "Inventur",
	"_StocktakingBalancing": "Bestandsaufnahme-Anpassung",
	"_Transfert": "Bestandsumlagerung",
	"_UnitOfMeasure": "Maßeinheit",
	"_UnitOfMeasure_report": "Maßeinheit",
	"_WarehouseID": "Lagerkennung",
	"_WarehouseID_report": "Lagerkennung",
	"_Withdraw": "Entnahme",
	"P2P - Inventory movements": "P2P - Bestandsbewegungen",
	"P2P - Inventory movements__": "P2P - Bestandsbewegungen",
	"_AvailableStock": "Verfügbarer Bestand",
	"_AvailableStock_report": "Verfügbarer Bestand",
	"_Base": "Staffelgebühr",
	"_Currency": "Währung",
	"_Currency_report": "Währung",
	"_CurrentStock": "Aktueller Bestand",
	"_CurrentStock_report": "Aktueller Bestand",
	"_DefaultReplenishmentVendorName": "Name des bevorzugten Lieferanten",
	"_DefaultReplenishmentVendorName_report": "Name des bevorzugten Lieferanten",
	"_DefaultReplenishmentVendorNumber": "Lieferantennummer des bevorzugten Lieferanten",
	"_DefaultReplenishmentVendorNumber_report": "Lieferantennummer des bevorzugten Lieferanten",
	"_ExpectedStockLevel": "Sollbestand",
	"_ExpectedStockLevel_report": "Sollbestand",
	"_ExpirationDate": "Verfügbar bis",
	"_ExpirationDate_report": "Verfügbar bis",
	"_IncomingStock": "Lagerzugang",
	"_IncomingStock_report": "Lagerzugang",
	"_InventoryMovementsChart": "Bestandsverlauf nach Lagerort",
	"_InventoryMovementsTitle": "Bestandsverlauf nach Lagerort",
	"_LeadTime": "Beschaffungszeit (Tage)",
	"_LeadTime_report": "Beschaffungszeit (Tage)",
	"_Locked": "Nicht bearbeitbar",
	"_Locked_report": "Nicht bearbeitbar",
	"_MinimumThreshold": "Bestellpunkt",
	"_MinimumThreshold_report": "Bestellpunkt",
	"_MinimumThresholdUOM": "Maßeinheit",
	"_MinimumThresholdUOM_report": "Maßeinheit",
	"_PriceConditionData": "Volumenabhängige Preisgestaltung",
	"_PunchoutSiteName": "Name der PunchOut-Site",
	"_PunchoutSiteName_report": "Name der PunchOut-Site",
	"_ReservedStock": "Reservierter Bestand",
	"_ReservedStock_report": "Reservierter Bestand",
	"_StocktakingDateTime": "Datum der letzten Inventur",
	"_StocktakingDateTime_report": "Datum der letzten Inventur",
	"_SupplierPartAuxID": "Zusätzliche Lieferantenreferenz",
	"_SupplierPartAuxID_report": "Zusätzliche Lieferantenreferenz",
	"_SupplierPartID": "Lieferantenreferenz",
	"_SupplierPartID_report": "Lieferantenreferenz",
	"_Threshold": "Mindestmenge",
	"_UnitPrice": "Preis",
	"_UnitPrice_report": "Einzelpreis",
	"_ValidityDate": "Verfügbar von",
	"_ValidityDate_report": "Verfügbar von",
	"_VendorNumber": "Lieferantennummer",
	"_VendorNumber_report": "Lieferantennummer",
	"_VendorType": "Herkunftsart",
	"_VendorType_report": "Herkunftsart",
	"_VendorTypeVendor": "Lieferant",
	"_VendorTypeWarehouse": "Lager",
	"_WarehouseNumber": "Lagerkennung",
	"_WarehouseNumber_report": "Lagerkennung",
	"P2P - VendorItems": "P2P - Artikeleigenschaften",
	"P2P - VendorItems__": "P2P - Artikeleigenschaften"
}</process_de>
      <process_ja>{
	"_CompanyCode": "会社コード",
	"_CompanyCode_report": "会社コード",
	"_ItemNumber": "アイテムID",
	"_ItemNumber_report": "アイテムID",
	"_LineNumber": "明細番号",
	"_LineNumber_report": "明細番号",
	"_MovementDateTime": "移動日",
	"_MovementDateTime_report": "移動日",
	"_MovementOrigin": "移動元",
	"_MovementOrigin_report": "移動元",
	"_MovementType": "移動のタイプ",
	"_MovementType_report": "移動のタイプ",
	"_MovementUnitPrice": "単価",
	"_MovementUnitPrice_report": "単価",
	"_MovementValue": "数量",
	"_MovementValue_report": "数量",
	"_Replenishment": "補充",
	"_Stocktaking": "棚卸し",
	"_StocktakingBalancing": "棚卸しの調整",
	"_Transfert": "在庫移動",
	"_UnitOfMeasure": "計量単位",
	"_UnitOfMeasure_report": "計量単位",
	"_WarehouseID": "倉庫ID",
	"_WarehouseID_report": "倉庫ID",
	"_Withdraw": "撤去",
	"P2P - Inventory movements": "P2P - 在庫移動",
	"P2P - Inventory movements__": "P2P - 在庫移動",
	"_AvailableStock": "在庫",
	"_AvailableStock_report": "在庫",
	"_Base": "追加料金",
	"_Currency": "通貨",
	"_Currency_report": "通貨",
	"_CurrentStock": "現在の在庫",
	"_CurrentStock_report": "現在の在庫",
	"_DefaultReplenishmentVendorName": "優先される仕入先名",
	"_DefaultReplenishmentVendorName_report": "優先される仕入先名",
	"_DefaultReplenishmentVendorNumber": "優先される仕入先番号",
	"_DefaultReplenishmentVendorNumber_report": "優先される仕入先番号",
	"_ExpectedStockLevel": "目標在庫レベル",
	"_ExpectedStockLevel_report": "目標在庫レベル",
	"_ExpirationDate": "有効期限",
	"_ExpirationDate_report": "有効期限",
	"_IncomingStock": "入庫予定の在庫",
	"_IncomingStock_report": "入庫予定の在庫",
	"_InventoryMovementsChart": "倉庫ごとの在庫レベル履歴",
	"_InventoryMovementsTitle": "倉庫ごとの在庫レベル履歴",
	"_LeadTime": "リードタイム（日数）",
	"_LeadTime_report": "リードタイム（日数）",
	"_Locked": "変更防止のためロック済み",
	"_Locked_report": "変更防止のためロック済み",
	"_MinimumThreshold": "再発注ポイント",
	"_MinimumThreshold_report": "再発注ポイント",
	"_MinimumThresholdUOM": "計量単位",
	"_MinimumThresholdUOM_report": "計量単位",
	"_PriceConditionData": "数量割引",
	"_PunchoutSiteName": "PunchOutサイト名",
	"_PunchoutSiteName_report": "PunchOutサイト名",
	"_ReservedStock": "取り置き在庫",
	"_ReservedStock_report": "取り置き在庫",
	"_StocktakingDateTime": "最終棚卸し日",
	"_StocktakingDateTime_report": "最終棚卸し日",
	"_SupplierPartAuxID": "仕入先補助参照",
	"_SupplierPartAuxID_report": "仕入先補助参照",
	"_SupplierPartID": "仕入先参照",
	"_SupplierPartID_report": "仕入先参照",
	"_Threshold": "最小数量",
	"_UnitPrice": "価格",
	"_UnitPrice_report": "単価",
	"_ValidityDate": "利用開始日",
	"_ValidityDate_report": "利用開始日",
	"_VendorNumber": "仕入先番号",
	"_VendorNumber_report": "仕入先番号",
	"_VendorType": "ソースタイプ",
	"_VendorType_report": "ソースタイプ",
	"_VendorTypeVendor": "仕入先",
	"_VendorTypeWarehouse": "倉庫",
	"_WarehouseNumber": "倉庫ID",
	"_WarehouseNumber_report": "倉庫ID",
	"P2P - VendorItems": "P2P - 品目の属性",
	"P2P - VendorItems__": "P2P - 品目の属性"
}</process_ja>
      <process_en>{
	"_CompanyCode": "Company code",
	"_CompanyCode_report": "Company code",
	"_ItemNumber": "Item ID",
	"_ItemNumber_report": "Item ID",
	"_LineNumber": "Line number",
	"_LineNumber_report": "Line number",
	"_MovementDateTime": "Movement date",
	"_MovementDateTime_report": "Movement date",
	"_MovementOrigin": "Movement origin",
	"_MovementOrigin_report": "Movement origin",
	"_MovementType": "Movement type",
	"_MovementType_report": "Movement type",
	"_MovementUnitPrice": "Unit price",
	"_MovementUnitPrice_report": "Unit price",
	"_MovementValue": "Quantity",
	"_MovementValue_report": "Quantity",
	"_Replenishment": "Replenishment",
	"_Stocktaking": "Stocktaking",
	"_StocktakingBalancing": "Stocktaking adjustment",
	"_Transfert": "Stock transfer",
	"_UnitOfMeasure": "Unit of measure",
	"_UnitOfMeasure_report": "Unit of measure",
	"_WarehouseID": "Warehouse ID",
	"_WarehouseID_report": "Warehouse ID",
	"_Withdraw": "Removal",
	"P2P - Inventory movements": "P2P - Stock movements",
	"P2P - Inventory movements__": "P2P - Stock movements",
	"_AvailableStock": "Available stock",
	"_AvailableStock_report": "Available stock",
	"_Base": "Bracket fee",
	"_Currency": "Currency",
	"_Currency_report": "Currency",
	"_CurrentStock": "Current stock",
	"_CurrentStock_report": "Current stock",
	"_DefaultReplenishmentVendorName": "Preferred vendor name",
	"_DefaultReplenishmentVendorName_report": "Preferred vendor name",
	"_DefaultReplenishmentVendorNumber": "Preferred vendor number",
	"_DefaultReplenishmentVendorNumber_report": "Preferred vendor number",
	"_ExpectedStockLevel": "Target stock level",
	"_ExpectedStockLevel_report": "Target stock level",
	"_ExpirationDate": "Available until",
	"_ExpirationDate_report": "Available until",
	"_IncomingStock": "Incoming stock",
	"_IncomingStock_report": "Incoming stock",
	"_InventoryMovementsChart": "Stock level history by warehouse",
	"_InventoryMovementsTitle": "Stock level history by warehouse",
	"_LeadTime": "Lead time (days)",
	"_LeadTime_report": "Lead time (days)",
	"_Locked": "Locked for modification",
	"_Locked_report": "Locked for modification",
	"_MinimumThreshold": "Reorder point",
	"_MinimumThreshold_report": "Reorder point",
	"_MinimumThresholdUOM": "Unit of measure",
	"_MinimumThresholdUOM_report": "Unit of measure",
	"_PriceConditionData": "Volume Pricing",
	"_PunchoutSiteName": "PunchOut site name",
	"_PunchoutSiteName_report": "PunchOut site name",
	"_ReservedStock": "Reserved stock",
	"_ReservedStock_report": "Reserved stock",
	"_StocktakingDateTime": "Last stocktaking date",
	"_StocktakingDateTime_report": "Last stocktaking date",
	"_SupplierPartAuxID": "Vendor auxiliary reference",
	"_SupplierPartAuxID_report": "Vendor auxiliary reference",
	"_SupplierPartID": "Vendor reference",
	"_SupplierPartID_report": "Vendor reference",
	"_Threshold": "Minimum quantity",
	"_UnitPrice": "Price",
	"_UnitPrice_report": "Unit price",
	"_ValidityDate": "Available from",
	"_ValidityDate_report": "Available from",
	"_VendorNumber": "Vendor number",
	"_VendorNumber_report": "Vendor number",
	"_VendorType": "Source type",
	"_VendorType_report": "Source type",
	"_VendorTypeVendor": "Vendor",
	"_VendorTypeWarehouse": "Warehouse",
	"_WarehouseNumber": "Warehouse ID",
	"_WarehouseNumber_report": "Warehouse ID",
	"P2P - VendorItems": "P2P - Item properties",
	"P2P - VendorItems__": "P2P - Item properties"
}</process_en>
      <process_es>{
	"_CompanyCode": "Código de empresa",
	"_CompanyCode_report": "Código de empresa",
	"_ItemNumber": "Identificador del artículo",
	"_ItemNumber_report": "Identificador del artículo",
	"_LineNumber": "Número de línea",
	"_LineNumber_report": "Número de línea",
	"_MovementDateTime": "Fecha del movimiento",
	"_MovementDateTime_report": "Fecha del movimiento",
	"_MovementOrigin": "Origen del movimiento",
	"_MovementOrigin_report": "Origen del movimiento",
	"_MovementType": "Tipo de movimiento",
	"_MovementType_report": "Tipo de movimiento",
	"_MovementUnitPrice": "Precio por unidad",
	"_MovementUnitPrice_report": "Precio por unidad",
	"_MovementValue": "Cantidad",
	"_MovementValue_report": "Cantidad",
	"_Replenishment": "Reposición",
	"_Stocktaking": "Inventario",
	"_StocktakingBalancing": "Ajuste del inventario",
	"_Transfert": "Transferencia de stock",
	"_UnitOfMeasure": "Unidad de medida",
	"_UnitOfMeasure_report": "Unidad de medida",
	"_WarehouseID": "Identificador de almacén",
	"_WarehouseID_report": "Identificador de almacén",
	"_Withdraw": "Salida",
	"P2P - Inventory movements": "P2P - Movimientos de stock",
	"P2P - Inventory movements__": "P2P - Movimientos de stock",
	"_AvailableStock": "Stock disponible",
	"_AvailableStock_report": "Stock disponible",
	"_Base": "Tarifa por escalones",
	"_Currency": "Divisa",
	"_Currency_report": "Divisa",
	"_CurrentStock": "Stock actual",
	"_CurrentStock_report": "Stock actual",
	"_DefaultReplenishmentVendorName": "Nombre del proveedor preferente",
	"_DefaultReplenishmentVendorName_report": "Nombre del proveedor preferente",
	"_DefaultReplenishmentVendorNumber": "Número de proveedor preferente",
	"_DefaultReplenishmentVendorNumber_report": "Número de proveedor preferente",
	"_ExpectedStockLevel": "Nivel de stock de destino",
	"_ExpectedStockLevel_report": "Nivel de stock de destino",
	"_ExpirationDate": "Disponible hasta el",
	"_ExpirationDate_report": "Disponible hasta el",
	"_IncomingStock": "Stock entrante",
	"_IncomingStock_report": "Stock entrante",
	"_InventoryMovementsChart": "Historial del nivel de stock por almacén",
	"_InventoryMovementsTitle": "Historial del nivel de stock por almacén",
	"_LeadTime": "Tiempo de aprovisionamiento (días)",
	"_LeadTime_report": "Tiempo de aprovisionamiento (días)",
	"_Locked": "No editable",
	"_Locked_report": "No editable",
	"_MinimumThreshold": "Punto de pedido",
	"_MinimumThreshold_report": "Punto de pedido",
	"_MinimumThresholdUOM": "Unidad de medida",
	"_MinimumThresholdUOM_report": "Unidad de medida",
	"_PriceConditionData": "Precios por volumen",
	"_PunchoutSiteName": "Nombre del sitio PunchOut",
	"_PunchoutSiteName_report": "Nombre del sitio PunchOut",
	"_ReservedStock": "Stock reservado",
	"_ReservedStock_report": "Stock reservado",
	"_StocktakingDateTime": "Fecha del último inventario",
	"_StocktakingDateTime_report": "Fecha del último inventario",
	"_SupplierPartAuxID": "Referencia auxiliar del proveedor",
	"_SupplierPartAuxID_report": "Referencia auxiliar del proveedor",
	"_SupplierPartID": "Referencia del proveedor",
	"_SupplierPartID_report": "Referencia del proveedor",
	"_Threshold": "Cantidad mínima",
	"_UnitPrice": "Precio",
	"_UnitPrice_report": "Precio por unidad",
	"_ValidityDate": "Disponible desde el",
	"_ValidityDate_report": "Disponible desde el",
	"_VendorNumber": "Número de proveedor",
	"_VendorNumber_report": "Número de proveedor",
	"_VendorType": "Tipo de origen",
	"_VendorType_report": "Tipo de origen",
	"_VendorTypeVendor": "Proveedor",
	"_VendorTypeWarehouse": "Almacén",
	"_WarehouseNumber": "Identificador de almacén",
	"_WarehouseNumber_report": "Identificador de almacén",
	"P2P - VendorItems": "P2P - Propiedades del artículo",
	"P2P - VendorItems__": "P2P - Propiedades del artículo"
}</process_es>
      <process_fr>{
	"_CompanyCode": "Code société",
	"_CompanyCode_report": "Code société",
	"_ItemNumber": "ID de l'article",
	"_ItemNumber_report": "ID de l'article",
	"_LineNumber": "Numéro de ligne",
	"_LineNumber_report": "Numéro de ligne",
	"_MovementDateTime": "Date du mouvement",
	"_MovementDateTime_report": "Date du mouvement",
	"_MovementOrigin": "Origine du mouvement",
	"_MovementOrigin_report": "Origine du mouvement",
	"_MovementType": "Type de mouvement",
	"_MovementType_report": "Type de mouvement",
	"_MovementUnitPrice": "Prix unitaire",
	"_MovementUnitPrice_report": "Prix unitaire",
	"_MovementValue": "Quantité",
	"_MovementValue_report": "Quantité",
	"_Replenishment": "Réapprovisionnement",
	"_Stocktaking": "Inventaire",
	"_StocktakingBalancing": "Ajustement inventaire",
	"_Transfert": "Transfert de stock",
	"_UnitOfMeasure": "Unité de mesure",
	"_UnitOfMeasure_report": "Unité de mesure",
	"_WarehouseID": "Identifiant de l'entrepôt",
	"_WarehouseID_report": "Identifiant de l'entrepôt",
	"_Withdraw": "Sortie",
	"P2P - Inventory movements": "P2P - Mouvements de stock",
	"P2P - Inventory movements__": "P2P - Mouvements de stock",
	"_AvailableStock": "Stock disponible",
	"_AvailableStock_report": "Stock disponible",
	"_Base": "Frais de palier",
	"_Currency": "Devise",
	"_Currency_report": "Devise",
	"_CurrentStock": "Stock actuel",
	"_CurrentStock_report": "Stock actuel",
	"_DefaultReplenishmentVendorName": "Nom du fournisseur préféré",
	"_DefaultReplenishmentVendorName_report": "Nom du fournisseur préféré",
	"_DefaultReplenishmentVendorNumber": "Numéro du fournisseur préféré",
	"_DefaultReplenishmentVendorNumber_report": "Numéro du fournisseur préféré",
	"_ExpectedStockLevel": "Niveau de stock cible",
	"_ExpectedStockLevel_report": "Niveau de stock cible",
	"_ExpirationDate": "Disponible jusqu'au",
	"_ExpirationDate_report": "Disponible jusqu'au",
	"_IncomingStock": "Stock entrant",
	"_IncomingStock_report": "Stock entrant",
	"_InventoryMovementsChart": "Historique du niveau de stock par entrepôt",
	"_InventoryMovementsTitle": "Historique du niveau de stock par entrepôt",
	"_LeadTime": "Délai d'approvisionnement (jours)",
	"_LeadTime_report": "Délai d'approvisionnement (jours)",
	"_Locked": "Non modifiable",
	"_Locked_report": "Non modifiable",
	"_MinimumThreshold": "Point de commande",
	"_MinimumThreshold_report": "Point de commande",
	"_MinimumThresholdUOM": "Unité de mesure",
	"_MinimumThresholdUOM_report": "Unité de mesure",
	"_PriceConditionData": "Tarification au volume",
	"_PunchoutSiteName": "Nom du site PunchOut",
	"_PunchoutSiteName_report": "Nom du site PunchOut",
	"_ReservedStock": "Stock réservé",
	"_ReservedStock_report": "Stock réservé",
	"_StocktakingDateTime": "Date du dernier inventaire",
	"_StocktakingDateTime_report": "Date du dernier inventaire",
	"_SupplierPartAuxID": "Référence fournisseur auxiliaire",
	"_SupplierPartAuxID_report": "Référence fournisseur auxiliaire",
	"_SupplierPartID": "Référence fournisseur",
	"_SupplierPartID_report": "Référence fournisseur",
	"_Threshold": "Quantité minimum",
	"_UnitPrice": "Prix",
	"_UnitPrice_report": "Prix unitaire",
	"_ValidityDate": "Disponible à partir du",
	"_ValidityDate_report": "Disponible à partir du",
	"_VendorNumber": "Numéro de fournisseur",
	"_VendorNumber_report": "Numéro de fournisseur",
	"_VendorType": "Type de source",
	"_VendorType_report": "Type de source",
	"_VendorTypeVendor": "Fournisseur",
	"_VendorTypeWarehouse": "Entrepôt",
	"_WarehouseNumber": "Identifiant de l'entrepôt",
	"_WarehouseNumber_report": "Identifiant de l'entrepôt",
	"P2P - VendorItems": "P2P - Propriétés de l'article",
	"P2P - VendorItems__": "P2P - Propriétés de l'article"
}</process_fr>
      <process_nl-NL>{
	"_CompanyCode": "Bedrijfscode",
	"_CompanyCode_report": "Bedrijfscode",
	"_ItemNumber": "Item-ID",
	"_ItemNumber_report": "Item-ID",
	"_LineNumber": "Regelnummer",
	"_LineNumber_report": "Regelnummer",
	"_MovementDateTime": "Datum beweging",
	"_MovementDateTime_report": "Datum beweging",
	"_MovementOrigin": "Oorsprong beweging",
	"_MovementOrigin_report": "Oorsprong beweging",
	"_MovementType": "Type beweging",
	"_MovementType_report": "Type beweging",
	"_MovementUnitPrice": "Eenheidsprijs",
	"_MovementUnitPrice_report": "Eenheidsprijs",
	"_MovementValue": "Hoeveelheid",
	"_MovementValue_report": "Hoeveelheid",
	"_Replenishment": "Aanvulling",
	"_Stocktaking": "Inventarisatie",
	"_StocktakingBalancing": "Aanpassing inventarisatie",
	"_Transfert": "Voorraadoverdracht",
	"_UnitOfMeasure": "Maateenheid",
	"_UnitOfMeasure_report": "Maateenheid",
	"_WarehouseID": "Magazijn-ID",
	"_WarehouseID_report": "Magazijn-ID",
	"_Withdraw": "Verwijderen",
	"P2P - Inventory movements": "P2P - Voorraadbewegingen",
	"P2P - Inventory movements__": "P2P - Voorraadbewegingen",
	"_AvailableStock": "Beschikbare voorraad",
	"_AvailableStock_report": "Beschikbare voorraad",
	"_Base": "Extra kosten",
	"_Currency": "Valuta",
	"_Currency_report": "Valuta",
	"_CurrentStock": "Huidige voorraad",
	"_CurrentStock_report": "Huidige voorraad",
	"_DefaultReplenishmentVendorName": "Gewenste leveranciersnaam",
	"_DefaultReplenishmentVendorName_report": "Gewenste leveranciersnaam",
	"_DefaultReplenishmentVendorNumber": "Gewenst leveranciersnummer",
	"_DefaultReplenishmentVendorNumber_report": "Gewenst leveranciersnummer",
	"_ExpectedStockLevel": "Gewenst voorraadniveau",
	"_ExpectedStockLevel_report": "Gewenst voorraadniveau",
	"_ExpirationDate": "Beschikbaar tot",
	"_ExpirationDate_report": "Beschikbaar tot",
	"_IncomingStock": "Inkomende voorraad",
	"_IncomingStock_report": "Inkomende voorraad",
	"_InventoryMovementsChart": "Geschiedenis voorraadniveau per magazijn",
	"_InventoryMovementsTitle": "Geschiedenis voorraadniveau per magazijn",
	"_LeadTime": "Leveringstermijn (dagen)",
	"_LeadTime_report": "Leveringstermijn (dagen)",
	"_Locked": "Vergrendelen voor wijziging",
	"_Locked_report": "Vergrendeld voor wijziging",
	"_MinimumThreshold": "Punt van herbevoorrading",
	"_MinimumThreshold_report": "Punt van herbevoorrading",
	"_MinimumThresholdUOM": "Maateenheid",
	"_MinimumThresholdUOM_report": "Maateenheid",
	"_PriceConditionData": "Volumeprijzen",
	"_PunchoutSiteName": "Naam PunchOut-site",
	"_PunchoutSiteName_report": "Naam PunchOut-site",
	"_ReservedStock": "Gereserveerde voorraad",
	"_ReservedStock_report": "Gereserveerde voorraad",
	"_StocktakingDateTime": "Datum laatste inventarisatie",
	"_StocktakingDateTime_report": "Datum laatste inventarisatie",
	"_SupplierPartAuxID": "Extra referentie leverancier",
	"_SupplierPartAuxID_report": "Extra referentie leverancier",
	"_SupplierPartID": "Referentie leverancier",
	"_SupplierPartID_report": "Referentie leverancier",
	"_Threshold": "Minimale hoeveelheid",
	"_UnitPrice": "Prijs",
	"_UnitPrice_report": "Eenheidsprijs",
	"_ValidityDate": "Beschikbaar vanaf",
	"_ValidityDate_report": "Beschikbaar vanaf",
	"_VendorNumber": "Nummer leverancier",
	"_VendorNumber_report": "Nummer leverancier",
	"_VendorType": "Type bron",
	"_VendorType_report": "Type bron",
	"_VendorTypeVendor": "Leverancier",
	"_VendorTypeWarehouse": "Magazijn",
	"_WarehouseNumber": "Magazijn-ID",
	"_WarehouseNumber_report": "Magazijn-ID",
	"P2P - VendorItems": "P2P - Itemeigenschappen",
	"P2P - VendorItems__": "P2P - Itemeigenschappen"
}</process_nl-NL>
      <process_it>{
	"_CompanyCode": "Codice società",
	"_CompanyCode_report": "Codice società",
	"_ItemNumber": "ID articolo",
	"_ItemNumber_report": "ID articolo",
	"_LineNumber": "Numero di riga",
	"_LineNumber_report": "Numero di riga",
	"_MovementDateTime": "Data movimento",
	"_MovementDateTime_report": "Data movimento",
	"_MovementOrigin": "Origine movimento",
	"_MovementOrigin_report": "Origine movimento",
	"_MovementType": "Tipo movimento",
	"_MovementType_report": "Tipo movimento",
	"_MovementUnitPrice": "Prezzo unitario",
	"_MovementUnitPrice_report": "Prezzo unitario",
	"_MovementValue": "Quantità",
	"_MovementValue_report": "Quantità",
	"_Replenishment": "Rifornimento",
	"_Stocktaking": "Inventario",
	"_StocktakingBalancing": "Rettifica inventario",
	"_Transfert": "Trasferimento di stock",
	"_UnitOfMeasure": "Unità di misura",
	"_UnitOfMeasure_report": "Unità di misura",
	"_WarehouseID": "ID magazzino",
	"_WarehouseID_report": "ID magazzino",
	"_Withdraw": "Uscita",
	"P2P - Inventory movements": "P2P - Movimenti stock",
	"P2P - Inventory movements__": "P2P - Movimenti stock",
	"_AvailableStock": "Stock disponibile",
	"_AvailableStock_report": "Stock disponibile",
	"_Base": "Tariffa di scaglione",
	"_Currency": "Valuta",
	"_Currency_report": "Valuta",
	"_CurrentStock": "Stock attuale",
	"_CurrentStock_report": "Stock attuale",
	"_DefaultReplenishmentVendorName": "Nome del fornitore preferito",
	"_DefaultReplenishmentVendorName_report": "Nome del fornitore preferito",
	"_DefaultReplenishmentVendorNumber": "Numero del fornitore preferito",
	"_DefaultReplenishmentVendorNumber_report": "Numero del fornitore preferito",
	"_ExpectedStockLevel": "Stock previsto",
	"_ExpectedStockLevel_report": "Stock previsto",
	"_ExpirationDate": "Disponibile fino al",
	"_ExpirationDate_report": "Disponibile fino al",
	"_IncomingStock": "Stock in entrata",
	"_IncomingStock_report": "Stock in entrata",
	"_InventoryMovementsChart": "Andamento stock per magazzino",
	"_InventoryMovementsTitle": "Andamento stock per magazzino",
	"_LeadTime": "Tempo di approvvigionamento (giorni)",
	"_LeadTime_report": "Tempo di approvvigionamento (giorni)",
	"_Locked": "Non modificabile",
	"_Locked_report": "Non modificabile",
	"_MinimumThreshold": "Punto di riordino",
	"_MinimumThreshold_report": "Punto di riordino",
	"_MinimumThresholdUOM": "Unità di misura",
	"_MinimumThresholdUOM_report": "Unità di misura",
	"_PriceConditionData": "Prezzi basati sui volumi",
	"_PunchoutSiteName": "Nome del sito PunchOut",
	"_PunchoutSiteName_report": "Nome del sito PunchOut",
	"_ReservedStock": "Stock impegnato",
	"_ReservedStock_report": "Stock impegnato",
	"_StocktakingDateTime": "Data ultimo inventario",
	"_StocktakingDateTime_report": "Data ultimo inventario",
	"_SupplierPartAuxID": "Riferimento ausiliario fornitore",
	"_SupplierPartAuxID_report": "Riferimento ausiliario fornitore",
	"_SupplierPartID": "Riferimento fornitore",
	"_SupplierPartID_report": "Riferimento fornitore",
	"_Threshold": "Quantità minima",
	"_UnitPrice": "Prezzo",
	"_UnitPrice_report": "Prezzo unitario",
	"_ValidityDate": "Disponibile dal",
	"_ValidityDate_report": "Disponibile dal",
	"_VendorNumber": "Numero fornitore",
	"_VendorNumber_report": "Numero fornitore",
	"_VendorType": "Tipo di provenienza",
	"_VendorType_report": "Tipo di provenienza",
	"_VendorTypeVendor": "Fornitore",
	"_VendorTypeWarehouse": "Magazzino",
	"_WarehouseNumber": "ID magazzino",
	"_WarehouseNumber_report": "ID magazzino",
	"P2P - VendorItems": "P2P - Proprietà articolo",
	"P2P - VendorItems__": "P2P - Proprietà articolo"
}</process_it>
      <process_zh-cn>{
	"_CompanyCode": "公司代码",
	"_CompanyCode_report": "公司代码",
	"_ItemNumber": "物品 ID",
	"_ItemNumber_report": "物品 ID",
	"_LineNumber": "行数",
	"_LineNumber_report": "行数",
	"_MovementDateTime": "移动日期",
	"_MovementDateTime_report": "移动日期",
	"_MovementOrigin": "移动来源",
	"_MovementOrigin_report": "移动来源",
	"_MovementType": "移动类型",
	"_MovementType_report": "移动类型",
	"_MovementUnitPrice": "单价",
	"_MovementUnitPrice_report": "单价",
	"_MovementValue": "数量",
	"_MovementValue_report": "数量",
	"_Replenishment": "补货",
	"_Stocktaking": "盘点",
	"_StocktakingBalancing": "盘点调整",
	"_Transfert": "库存转移",
	"_UnitOfMeasure": "度量单位",
	"_UnitOfMeasure_report": "度量单位",
	"_WarehouseID": "仓库标识",
	"_WarehouseID_report": "仓库标识",
	"_Withdraw": "移除",
	"P2P - Inventory movements": "采购到支付 - 库存移动",
	"P2P - Inventory movements__": "采购到支付 - 库存移动",
	"_AvailableStock": "现有库存",
	"_AvailableStock_report": "现有库存",
	"_Base": "额外费用",
	"_Currency": "货币",
	"_Currency_report": "货币",
	"_CurrentStock": "当前库存",
	"_CurrentStock_report": "当前库存",
	"_DefaultReplenishmentVendorName": "首选供应商名称",
	"_DefaultReplenishmentVendorName_report": "首选供应商名称",
	"_DefaultReplenishmentVendorNumber": "首选供应商编号",
	"_DefaultReplenishmentVendorNumber_report": "首选供应商编号",
	"_ExpectedStockLevel": "目标库存水平",
	"_ExpectedStockLevel_report": "目标库存水平",
	"_ExpirationDate": "最后可用日期",
	"_ExpirationDate_report": "最后可用日期",
	"_IncomingStock": "入库库存",
	"_IncomingStock_report": "入库库存",
	"_InventoryMovementsChart": "库存水平历史（按仓库）",
	"_InventoryMovementsTitle": "库存水平历史（按仓库）",
	"_LeadTime": "提前期（天）",
	"_LeadTime_report": "提前期（天）",
	"_Locked": "不允许修改行项目",
	"_Locked_report": "不允许修改行项目",
	"_MinimumThreshold": "再订购点",
	"_MinimumThreshold_report": "再订购点",
	"_MinimumThresholdUOM": "度量单位",
	"_MinimumThresholdUOM_report": "度量单位",
	"_PriceConditionData": "按量定价",
	"_PunchoutSiteName": "PunchOut网站名称",
	"_PunchoutSiteName_report": "PunchOut网站名称",
	"_ReservedStock": "预留库存",
	"_ReservedStock_report": "预留库存",
	"_StocktakingDateTime": "最后盘点日期",
	"_StocktakingDateTime_report": "最后盘点日期",
	"_SupplierPartAuxID": "供应商辅助参考编号",
	"_SupplierPartAuxID_report": "供应商辅助参考编号",
	"_SupplierPartID": "供应商参考编号",
	"_SupplierPartID_report": "供应商参考编号",
	"_Threshold": "最低数量",
	"_UnitPrice": "价格",
	"_UnitPrice_report": "单价",
	"_ValidityDate": "最早可用日期",
	"_ValidityDate_report": "最早可用日期",
	"_VendorNumber": "供应商编号",
	"_VendorNumber_report": "供应商号",
	"_VendorType": "来源类型",
	"_VendorType_report": "来源类型",
	"_VendorTypeVendor": "供应商",
	"_VendorTypeWarehouse": "仓库",
	"_WarehouseNumber": "仓库标识",
	"_WarehouseNumber_report": "仓库标识",
	"P2P - VendorItems": "采购到支付 - 项目属性",
	"P2P - VendorItems__": "采购到支付 - 项目属性"
}</process_zh-cn>
      <process_pt-br>{
	"_CompanyCode": "Código da empresa",
	"_CompanyCode_report": "Código da empresa",
	"_ItemNumber": "ID do item",
	"_ItemNumber_report": "ID do item",
	"_MovementDateTime": "Data do movimento",
	"_MovementDateTime_report": "Data do movimento",
	"_MovementOrigin": "Origem do movimento",
	"_MovementOrigin_report": "Origem do movimento",
	"_MovementType": "Tipo de movimento",
	"_MovementType_report": "Tipo de movimento",
	"_MovementUnitPrice": "Preço unitário",
	"_MovementUnitPrice_report": "Preço unitário",
	"_MovementValue": "Quantidade",
	"_MovementValue_report": "Quantidade",
	"_Replenishment": "Reposição",
	"_Stocktaking": "Inventariação",
	"_StocktakingBalancing": "Ajuste de inventário",
	"_Transfert": "Transferência de estoque",
	"_UnitOfMeasure": "Unidade de medida",
	"_UnitOfMeasure_report": "Unidade de medida",
	"_WarehouseID": "ID de armazém",
	"_WarehouseID_report": "ID de armazém",
	"_Withdraw": "Remoção",
	"P2P - Inventory movements": "P2P - Movimentos de estoque",
	"P2P - Inventory movements__": "P2P - Movimentos de estoque",
	"_AvailableStock": "Estoque disponível",
	"_AvailableStock_report": "Estoque disponível",
	"_Base": "Taxa por escalões",
	"_Currency": "Moeda",
	"_Currency_report": "Moeda",
	"_CurrentStock": "Estoque atual",
	"_CurrentStock_report": "Estoque atual",
	"_DefaultReplenishmentVendorName": "Nome preferido do fornecedor",
	"_DefaultReplenishmentVendorName_report": "Nome preferido do fornecedor",
	"_DefaultReplenishmentVendorNumber": "Número preferido do fornecedor",
	"_DefaultReplenishmentVendorNumber_report": "Número preferido do fornecedor",
	"_ExpectedStockLevel": "Nível objetivo de estoque",
	"_ExpectedStockLevel_report": "Nível objetivo de estoque",
	"_ExpirationDate": "Disponível até",
	"_ExpirationDate_report": "Disponível até",
	"_IncomingStock": "Estoque de entrada",
	"_IncomingStock_report": "Estoque de entrada",
	"_InventoryMovementsChart": "Histórico de nível de estoque por armazém",
	"_InventoryMovementsTitle": "Histórico de nível de estoque por armazém",
	"_LeadTime": "Tempo de suprimento (dias)",
	"_LeadTime_report": "Tempo de suprimento (dias)",
	"_Locked": "Bloquear para modificação",
	"_Locked_report": "Bloqueado para modificação",
	"_MinimumThreshold": "Ponto de novo pedido",
	"_MinimumThreshold_report": "Ponto de novo pedido",
	"_MinimumThresholdUOM": "Unidade de medida",
	"_MinimumThresholdUOM_report": "Unidade de medida",
	"_PriceConditionData": "Preço de volume",
	"_PunchoutSiteName": "Nome do site PunchOut",
	"_PunchoutSiteName_report": "Nome do site PunchOut",
	"_ReservedStock": "Estoque reservado",
	"_ReservedStock_report": "Estoque reservado",
	"_StocktakingDateTime": "Última data de inventariação",
	"_StocktakingDateTime_report": "Última data de inventariação",
	"_SupplierPartAuxID": "Referência auxiliar do fornecedor",
	"_SupplierPartAuxID_report": "Referência auxiliar do fornecedor",
	"_SupplierPartID": "Referência de fornecedor",
	"_SupplierPartID_report": "Referência de fornecedor",
	"_Threshold": "Quantidade mínima",
	"_UnitPrice": "Preço",
	"_UnitPrice_report": "Preço unitário",
	"_ValidityDate": "Disponível a partir de",
	"_ValidityDate_report": "Disponível a partir de",
	"_VendorNumber": "Número do fornecedor",
	"_VendorNumber_report": "Número do fornecedor",
	"_VendorType": "Tipo de origem",
	"_VendorType_report": "Tipo de origem",
	"_VendorTypeVendor": "Fornecedor",
	"_VendorTypeWarehouse": "Armazém",
	"_WarehouseNumber": "ID de armazém",
	"_WarehouseNumber_report": "ID de armazém",
	"P2P - VendorItems": "P2P - Propriedades do item",
	"P2P - VendorItems__": "P2P - Propriedades do item"
}</process_pt-br>
    </lg>
    <process>
      <BUColumn>CompanyCode__</BUColumn>
      <flowtype>processing</flowtype>
      <EnableNegativeNumbersBetweenBrackets>true</EnableNegativeNumbersBetweenBrackets>
      <homepagelabel>P2P - Inventory movements</homepagelabel>
      <instanciable>1</instanciable>
      <enablerounddecimal>true</enablerounddecimal>
      <OverrideAllowedAttachmentExtensions>*</OverrideAllowedAttachmentExtensions>
      <lgpathtomerge>..\table P2P - VendorItems\lg</lgpathtomerge>
      <UseActionNameWithScriptApproval>true</UseActionNameWithScriptApproval>
      <AllowUploadAttachment>0</AllowUploadAttachment>
      <AllowUploadReferenceDocument>0</AllowUploadReferenceDocument>
      <shouldRollbackManualRecordEdits>true</shouldRollbackManualRecordEdits>
      <shouldShowManualEditsWarning>false</shouldShowManualEditsWarning>
      <UseCultureFormat>true</UseCultureFormat>
      <TransportName>CustomTable</TransportName>
      <LayoutVersion>1.0</LayoutVersion>
    </process>
    <ui>
      <layout>{
	"*": {
		"Screen": {
			"type": "FlexibleFormLayout",
			"options": {
				"splitterType": "simple-v",
				"version": 0,
				"backColor": "text-backgroundcolor-default",
				"style": null,
				"footerStyle": "default"
			},
			"*": {
				"form-header": {
					"type": "FlexibleFormHeader",
					"options": {
						"hidePanelsMenu": false,
						"version": 0
					},
					"stamp": 1,
					"data": []
				},
				"form-center": {
					"type": "FlexibleFormCenter",
					"options": {
						"version": 0
					},
					"*": {
						"form-content": {
							"type": "FlexibleFormContent",
							"options": {
								"version": 0
							},
							"*": {
								"form-content-center": {
									"type": "FlexibleFormSplitter",
									"options": {
										"version": 1,
										"box": {
											"top": "0%",
											"left": "0%",
											"width": "100%"
										},
										"hidden": false,
										"hideSeparator": true
									},
									"*": {
										"form-content-center-1": {
											"type": "FlexibleFormLine",
											"data": [],
											"options": {
												"version": 0
											},
											"stamp": 2,
											"*": {
												"DataPanel": {
													"type": "PanelData",
													"options": {
														"border": {},
														"version": 0,
														"labelLength": 0,
														"iconURL": "",
														"TitleFontSize": "S",
														"hideActionButtons": false,
														"hideTitleBar": false,
														"hideTitle": false,
														"sameHeightAsSiblings": false,
														"backgroundcolor": "default",
														"labelsAlignment": "right",
														"label": "_Document data"
													},
													"*": {
														"FieldsManager": {
															"type": "FieldsManager",
															"options": {
																"controlsAssociation": {
																	"WarehouseID__": "LabelWarehouseID__",
																	"LabelWarehouseID__": "WarehouseID__",
																	"MovementValue__": "LabelMovementValue__",
																	"LabelMovementValue__": "MovementValue__",
																	"MovementDateTime__": "LabelMovementDateTime__",
																	"LabelMovementDateTime__": "MovementDateTime__",
																	"UnitOfMeasure__": "LabelUnitOfMeasure__",
																	"LabelUnitOfMeasure__": "UnitOfMeasure__",
																	"MovementOrigin__": "LabelMovementOrigin__",
																	"LabelMovementOrigin__": "MovementOrigin__",
																	"MovementType__": "LabelMovementType__",
																	"LabelMovementType__": "MovementType__",
																	"ItemNumber__": "LabelItemNumber__",
																	"LabelItemNumber__": "ItemNumber__",
																	"CompanyCode__": "LabelCompanyCode__",
																	"LabelCompanyCode__": "CompanyCode__",
																	"LineNumber__": "LabelLineNumber__",
																	"LabelLineNumber__": "LineNumber__",
																	"MovementUnitPrice__": "LabelMovementUnitPrice__",
																	"LabelMovementUnitPrice__": "MovementUnitPrice__",
																	"Currency__": "LabelCurrency__",
																	"LabelCurrency__": "Currency__"
																},
																"version": 0
															},
															"*": {
																"Grid": {
																	"type": "GridLayout",
																	"options": {
																		"lines": 11,
																		"columns": 2,
																		"version": 0,
																		"ctrlsPos": {
																			"WarehouseID__": {
																				"line": 3,
																				"column": 2
																			},
																			"LabelWarehouseID__": {
																				"line": 3,
																				"column": 1
																			},
																			"MovementValue__": {
																				"line": 4,
																				"column": 2
																			},
																			"LabelMovementValue__": {
																				"line": 4,
																				"column": 1
																			},
																			"MovementDateTime__": {
																				"line": 7,
																				"column": 2
																			},
																			"LabelMovementDateTime__": {
																				"line": 7,
																				"column": 1
																			},
																			"UnitOfMeasure__": {
																				"line": 8,
																				"column": 2
																			},
																			"LabelUnitOfMeasure__": {
																				"line": 8,
																				"column": 1
																			},
																			"MovementOrigin__": {
																				"line": 9,
																				"column": 2
																			},
																			"LabelMovementOrigin__": {
																				"line": 9,
																				"column": 1
																			},
																			"MovementType__": {
																				"line": 10,
																				"column": 2
																			},
																			"LabelMovementType__": {
																				"line": 10,
																				"column": 1
																			},
																			"ItemNumber__": {
																				"line": 2,
																				"column": 2
																			},
																			"LabelItemNumber__": {
																				"line": 2,
																				"column": 1
																			},
																			"CompanyCode__": {
																				"line": 1,
																				"column": 2
																			},
																			"LabelCompanyCode__": {
																				"line": 1,
																				"column": 1
																			},
																			"LineNumber__": {
																				"line": 11,
																				"column": 2
																			},
																			"LabelLineNumber__": {
																				"line": 11,
																				"column": 1
																			},
																			"MovementUnitPrice__": {
																				"line": 5,
																				"column": 2
																			},
																			"LabelMovementUnitPrice__": {
																				"line": 5,
																				"column": 1
																			},
																			"Currency__": {
																				"line": 6,
																				"column": 2
																			},
																			"LabelCurrency__": {
																				"line": 6,
																				"column": 1
																			}
																		},
																		"colspans": [
																			[],
																			[],
																			[],
																			[],
																			[],
																			[],
																			[],
																			[],
																			[],
																			[],
																			[]
																		]
																	},
																	"data": [
																		"fields"
																	],
																	"*": {
																		"LabelCompanyCode__": {
																			"type": "Label",
																			"data": [
																				"DatabaseComboBox__"
																			],
																			"options": {
																				"label": "_CompanyCode",
																				"version": 0
																			},
																			"stamp": 28
																		},
																		"CompanyCode__": {
																			"type": "DatabaseComboBox",
																			"data": [
																				"CompanyCode__"
																			],
																			"options": {
																				"version": 1,
																				"autoCompleteSearchMode": "contains",
																				"searchMode": "contains",
																				"label": "_CompanyCode",
																				"activable": true,
																				"width": 230,
																				"helpText": "",
																				"helpURL": "",
																				"helpFormat": "HTML Format",
																				"helpIconPosition": "Right",
																				"minNbLines": 1,
																				"maxNbLines": 1,
																				"PreFillFTS": true,
																				"RestrictSearch": true,
																				"fTSmaxRecords": "20",
																				"browsable": true
																			},
																			"stamp": 29
																		},
																		"LabelItemNumber__": {
																			"type": "Label",
																			"data": [
																				"ItemNumber__"
																			],
																			"options": {
																				"label": "_ItemNumber",
																				"version": 0
																			},
																			"stamp": 3
																		},
																		"ItemNumber__": {
																			"type": "DatabaseComboBox",
																			"data": [
																				"ItemNumber__"
																			],
																			"options": {
																				"version": 1,
																				"autoCompleteSearchMode": "contains",
																				"searchMode": "contains",
																				"label": "_ItemNumber",
																				"activable": true,
																				"width": 230,
																				"helpText": "",
																				"helpURL": "",
																				"helpFormat": "HTML Format",
																				"helpIconPosition": "Right",
																				"minNbLines": 1,
																				"maxNbLines": 1,
																				"fTSmaxRecords": "20",
																				"browsable": true,
																				"PreFillFTS": true,
																				"RestrictSearch": true
																			},
																			"stamp": 4
																		},
																		"LabelWarehouseID__": {
																			"type": "Label",
																			"data": [
																				"WarehouseID__"
																			],
																			"options": {
																				"label": "_WarehouseID",
																				"version": 0
																			},
																			"stamp": 5
																		},
																		"WarehouseID__": {
																			"type": "DatabaseComboBox",
																			"data": [
																				"WarehouseID__"
																			],
																			"options": {
																				"version": 1,
																				"autoCompleteSearchMode": "startswith",
																				"searchMode": "matches",
																				"label": "_WarehouseID",
																				"activable": true,
																				"width": 230,
																				"helpText": "",
																				"helpURL": "",
																				"helpFormat": "HTML Format",
																				"helpIconPosition": "Right",
																				"minNbLines": 1,
																				"maxNbLines": 1,
																				"fTSmaxRecords": "20",
																				"browsable": true,
																				"PreFillFTS": true
																			},
																			"stamp": 6
																		},
																		"LabelMovementValue__": {
																			"type": "Label",
																			"data": [
																				"MovementValue__"
																			],
																			"options": {
																				"label": "_MovementValue",
																				"version": 0
																			},
																			"stamp": 7
																		},
																		"MovementValue__": {
																			"type": "Decimal",
																			"data": [
																				"MovementValue__"
																			],
																			"options": {
																				"version": 2,
																				"textSize": "S",
																				"textAlignment": "right",
																				"textStyle": "default",
																				"textColor": "default",
																				"integer": false,
																				"label": "_MovementValue",
																				"precision_internal": 2,
																				"precision_current": 2,
																				"activable": true,
																				"width": 230,
																				"helpText": "",
																				"helpURL": "",
																				"helpFormat": "HTML Format",
																				"helpIconPosition": "Right",
																				"enablePlusMinus": false,
																				"enableRoundedStyle": false,
																				"forceRoundCurrencyPrecision": false
																			},
																			"stamp": 8
																		},
																		"LabelMovementUnitPrice__": {
																			"type": "Label",
																			"data": [
																				"MovementUnitPrice__"
																			],
																			"options": {
																				"label": "_MovementUnitPrice",
																				"version": 0
																			},
																			"stamp": 34
																		},
																		"MovementUnitPrice__": {
																			"type": "Decimal",
																			"data": [
																				"MovementUnitPrice__"
																			],
																			"options": {
																				"version": 2,
																				"textSize": "S",
																				"textAlignment": "right",
																				"textStyle": "default",
																				"textColor": "default",
																				"integer": false,
																				"label": "_MovementUnitPrice",
																				"precision_internal": 6,
																				"precision_current": 6,
																				"activable": true,
																				"width": 230,
																				"helpText": "",
																				"helpURL": "",
																				"helpFormat": "HTML Format",
																				"helpIconPosition": "Right",
																				"enableRoundedStyle": false,
																				"precision_min": 2,
																				"forceRoundCurrencyPrecision": false,
																				"enablePlusMinus": false
																			},
																			"stamp": 35
																		},
																		"LabelCurrency__": {
																			"type": "Label",
																			"data": [
																				"Currency__"
																			],
																			"options": {
																				"label": "_Currency",
																				"version": 0
																			},
																			"stamp": 36
																		},
																		"Currency__": {
																			"type": "DatabaseComboBox",
																			"data": [
																				"Currency__"
																			],
																			"options": {
																				"version": 1,
																				"autoCompleteSearchMode": "contains",
																				"searchMode": "contains",
																				"label": "_Currency",
																				"activable": true,
																				"width": 230,
																				"helpText": "",
																				"helpURL": "",
																				"helpFormat": "HTML Format",
																				"helpIconPosition": "Right",
																				"minNbLines": 1,
																				"maxNbLines": 1,
																				"PreFillFTS": true,
																				"fTSmaxRecords": "20",
																				"browsable": true
																			},
																			"stamp": 37
																		},
																		"LabelMovementDateTime__": {
																			"type": "Label",
																			"data": [
																				"MovementDateTime__"
																			],
																			"options": {
																				"label": "_MovementDateTime",
																				"version": 0
																			},
																			"stamp": 9
																		},
																		"MovementDateTime__": {
																			"type": "RealDateTime",
																			"data": [
																				"MovementDateTime__"
																			],
																			"options": {
																				"readonly": true,
																				"displayLongFormat": false,
																				"label": "_MovementDateTime",
																				"activable": true,
																				"width": 230,
																				"helpText": "",
																				"helpURL": "",
																				"helpFormat": "HTML Format",
																				"helpIconPosition": "Right",
																				"version": 0
																			},
																			"stamp": 10
																		},
																		"LabelUnitOfMeasure__": {
																			"type": "Label",
																			"data": [
																				"DatabaseComboBox__"
																			],
																			"options": {
																				"label": "_UnitOfMeasure",
																				"version": 0
																			},
																			"stamp": 11
																		},
																		"UnitOfMeasure__": {
																			"type": "DatabaseComboBox",
																			"data": [
																				"UnitOfMeasure__"
																			],
																			"options": {
																				"version": 1,
																				"autoCompleteSearchMode": "startswith",
																				"searchMode": "matches",
																				"label": "_UnitOfMeasure",
																				"activable": true,
																				"width": 230,
																				"helpText": "",
																				"helpURL": "",
																				"helpFormat": "HTML Format",
																				"helpIconPosition": "Right",
																				"minNbLines": 1,
																				"maxNbLines": 1,
																				"fTSmaxRecords": "20",
																				"browsable": true
																			},
																			"stamp": 12
																		},
																		"LabelMovementOrigin__": {
																			"type": "Label",
																			"data": [
																				"MovementOrigin__"
																			],
																			"options": {
																				"label": "_MovementOrigin",
																				"version": 0
																			},
																			"stamp": 13
																		},
																		"MovementOrigin__": {
																			"type": "ShortText",
																			"data": [
																				"MovementOrigin__"
																			],
																			"options": {
																				"textSize": "S",
																				"textAlignment": "left",
																				"textStyle": "default",
																				"textColor": "default",
																				"version": 1,
																				"label": "_MovementOrigin",
																				"activable": true,
																				"width": 230,
																				"helpText": "",
																				"helpURL": "",
																				"helpFormat": "HTML Format",
																				"helpIconPosition": "Right",
																				"browsable": false
																			},
																			"stamp": 14
																		},
																		"LabelMovementType__": {
																			"type": "Label",
																			"data": [
																				"MovementType__"
																			],
																			"options": {
																				"label": "_MovementType",
																				"version": 0
																			},
																			"stamp": 15
																		},
																		"MovementType__": {
																			"type": "ComboBox",
																			"data": [
																				"MovementType__"
																			],
																			"options": {
																				"possibleValues": {
																					"0": "",
																					"1": "_Withdraw",
																					"2": "_Stocktaking",
																					"3": "_Replenishment",
																					"4": "_Transfert",
																					"5": "_StocktakingBalancing"
																				},
																				"maxNbLinesToDisplay": 10,
																				"version": 1,
																				"keyValueMode": true,
																				"possibleKeys": {
																					"0": 0,
																					"1": "Withdraw",
																					"2": "Stocktaking",
																					"3": "Replenishment",
																					"4": "Transfert",
																					"5": "StocktakingBalancing"
																				},
																				"label": "_MovementType",
																				"activable": true,
																				"width": 230,
																				"helpText": "",
																				"helpURL": "",
																				"helpFormat": "HTML Format",
																				"helpIconPosition": "Right",
																				"DataSourceOrigin": "Standalone",
																				"DisplayedColumns": ""
																			},
																			"stamp": 16
																		},
																		"LabelLineNumber__": {
																			"type": "Label",
																			"data": [
																				"LineNumber__"
																			],
																			"options": {
																				"label": "_LineNumber",
																				"version": 0
																			},
																			"stamp": 30
																		},
																		"LineNumber__": {
																			"type": "ShortText",
																			"data": [
																				"LineNumber__"
																			],
																			"options": {
																				"textSize": "S",
																				"textAlignment": "left",
																				"textStyle": "default",
																				"textColor": "default",
																				"version": 1,
																				"label": "_LineNumber",
																				"activable": true,
																				"width": 230,
																				"helpText": "",
																				"helpURL": "",
																				"helpFormat": "HTML Format",
																				"helpIconPosition": "Right",
																				"browsable": false,
																				"autocompletable": false
																			},
																			"stamp": 31
																		}
																	},
																	"stamp": 17
																}
															},
															"stamp": 18,
															"data": []
														}
													},
													"stamp": 19,
													"data": []
												}
											}
										}
									},
									"stamp": 20,
									"data": []
								}
							},
							"stamp": 21,
							"data": []
						}
					},
					"stamp": 22,
					"data": []
				},
				"form-footer": {
					"type": "FlexibleFormFooter",
					"options": {
						"splitterType": "simple-h",
						"version": 0
					},
					"*": {
						"Save": {
							"type": "SubmitButton",
							"options": {
								"label": "_Save",
								"action": "savequit",
								"submit": true,
								"version": 0,
								"shortCut": "S",
								"textSize": "S"
							},
							"stamp": 23,
							"data": []
						},
						"Close": {
							"type": "SubmitButton",
							"options": {
								"label": "_Close",
								"action": "cancel",
								"submit": true,
								"version": 0,
								"shortCut": "Q",
								"textSize": "S"
							},
							"stamp": 24,
							"data": []
						},
						"Delete": {
							"type": "SubmitButton",
							"options": {
								"label": "_Delete",
								"action": "delete",
								"submit": true,
								"version": 0,
								"disabled": true,
								"textSize": "S"
							},
							"stamp": 25,
							"data": []
						}
					},
					"stamp": 26,
					"data": []
				}
			},
			"stamp": 27,
			"data": []
		}
	},
	"stamps": 37,
	"data": []
}</layout>
    </ui>
  </properties>
  <field deleted="0" format="" guid="FW45FP000PA9" id="FY3652000SG7" label="_CompanyCode" length="50" name="CompanyCode__" originalProcessID="ZOL4FP000PA9" precision="0" processid="EY3652000SG7" submitable="1" type="STR">
    <properties>
      <db>
        <alias>AFY3652000SG7</alias>
        <index vartype="INT">1</index>
        <noxml>1</noxml>
        <fullname>/job/processfields/CompanyCode__</fullname>
        <defaultvalue>
        </defaultvalue>
        <RecordLastWrite>2022-10-25 17:09:38</RecordLastWrite>
      </db>
      <extrainfo>
        <Label>_CompanyCode</Label>
        <Alias>AFY3652000SG7</Alias>
        <ProcessFieldVersion vartype="INT">1</ProcessFieldVersion>
      </extrainfo>
      <field>
        <Editable>false</Editable>
        <TableName>CT#ECW552000SG7</TableName>
        <SortOrder>
        </SortOrder>
        <DisplayedColumns>CompanyCode__|CompanyName__</DisplayedColumns>
        <DisplayedColumnsIds>
        </DisplayedColumnsIds>
        <UseTableForAutolearn>false</UseTableForAutolearn>
        <SavedColumn>CompanyCode__</SavedColumn>
        <SavedColumnId>
        </SavedColumnId>
        <ExposedColumns>
        </ExposedColumns>
        <ProcessName>PurchasingCompanycodes__</ProcessName>
        <KeyColumnId>
        </KeyColumnId>
        <KeyAttribute>
        </KeyAttribute>
        <CustomFilter>
        </CustomFilter>
      </field>
      <gdr>
        <DisableAutolearn>1</DisableAutolearn>
      </gdr>
      <help>
        <helpData>{"helpText":"","helpURL":"","helpFormat":"HTML Format","helpIconPosition":"Right"}</helpData>
      </help>
      <ui>
        <_type>String</_type>
        <automatic>true</automatic>
      </ui>
    </properties>
  </field>
  <field deleted="0" format="" guid="ZP3IG0000SG1" id="GY3652000SG7" label="_Currency" length="50" name="Currency__" originalProcessID="ZOL4FP000PA9" precision="0" processid="EY3652000SG7" submitable="1" type="STR">
    <properties>
      <db>
        <alias>AGY3652000SG7</alias>
        <noxml>1</noxml>
        <fullname>/job/processfields/Currency__</fullname>
        <defaultvalue>
        </defaultvalue>
        <RecordLastWrite>2022-10-25 17:09:38</RecordLastWrite>
      </db>
      <extrainfo>
        <Label>_Currency</Label>
        <Alias>AGY3652000SG7</Alias>
        <ProcessFieldVersion vartype="INT">1</ProcessFieldVersion>
      </extrainfo>
      <field>
        <Editable>false</Editable>
        <TableName>CT#YDW552000SG7</TableName>
        <SortOrder>ASC</SortOrder>
        <DisplayedColumns>CurrencyFrom__|RatioFrom__|RatioTo__|Rate__</DisplayedColumns>
        <DisplayedColumnsIds>
        </DisplayedColumnsIds>
        <UseTableForAutolearn>false</UseTableForAutolearn>
        <SavedColumn>CurrencyFrom__</SavedColumn>
        <SavedColumnId>
        </SavedColumnId>
        <ExposedColumns>
        </ExposedColumns>
        <ProcessName>P2P - Exchange rate__</ProcessName>
        <KeyColumnId>
        </KeyColumnId>
        <KeyAttribute>
        </KeyAttribute>
        <CustomFilter>(|(CompanyCode__=%[CompanyCode__])(CompanyCode__=)(CompanyCode__!=*))</CustomFilter>
      </field>
      <gdr>
        <DisableAutolearn>1</DisableAutolearn>
      </gdr>
      <help>
        <helpData>{"helpText":"","helpURL":"","helpFormat":"HTML Format","helpIconPosition":"Right"}</helpData>
      </help>
      <ui>
        <_type>String</_type>
        <automatic>true</automatic>
      </ui>
    </properties>
  </field>
  <field deleted="0" format="" guid="LMG4FP000PA9" id="HY3652000SG7" label="_ItemNumber" length="50" name="ItemNumber__" originalProcessID="IPL4FP000PA9" precision="0" processid="EY3652000SG7" submitable="1" type="STR">
    <properties>
      <db>
        <alias>AHY3652000SG7</alias>
        <index vartype="INT">1</index>
        <noxml>1</noxml>
        <fullname>/job/processfields/ItemNumber__</fullname>
        <jointable>P2P - CatalogItems__</jointable>
        <jointableid>CT#QEZ552000SG7</jointableid>
        <defaultvalue>
        </defaultvalue>
        <joincondition>(&amp;(source.ItemNumber__=dest.ItemNumber__)(source.CompanyCode__=dest.CompanyCode__))</joincondition>
        <RecordLastWrite>2022-10-25 17:09:38</RecordLastWrite>
      </db>
      <extrainfo>
        <Label>_ItemNumber</Label>
        <Alias>AHY3652000SG7</Alias>
        <ProcessFieldVersion vartype="INT">1</ProcessFieldVersion>
      </extrainfo>
      <field>
        <Editable>false</Editable>
        <TableName>CT#QEZ552000SG7</TableName>
        <SortOrder>
        </SortOrder>
        <DisplayedColumns>Description__|CompanyCode__</DisplayedColumns>
        <DisplayedColumnsIds>
        </DisplayedColumnsIds>
        <UseTableForAutolearn>false</UseTableForAutolearn>
        <SavedColumn>ItemNumber__</SavedColumn>
        <SavedColumnId>
        </SavedColumnId>
        <ExposedColumns>
        </ExposedColumns>
        <ProcessName>P2P - CatalogItems__</ProcessName>
        <KeyColumnId>
        </KeyColumnId>
        <KeyAttribute>
        </KeyAttribute>
        <CustomFilter>
        </CustomFilter>
      </field>
      <gdr>
        <DisableAutolearn>1</DisableAutolearn>
      </gdr>
      <help>
        <helpData>{"helpText":"","helpURL":"","helpFormat":"HTML Format","helpIconPosition":"Right"}</helpData>
      </help>
      <ui>
        <_type>String</_type>
        <automatic>true</automatic>
      </ui>
    </properties>
  </field>
  <field deleted="0" format="" guid="SK05FP000PA9" id="IY3652000SG7" label="_LineNumber_report" length="50" name="LineNumber__" originalProcessID="ZOL4FP000PA9" precision="0" processid="EY3652000SG7" submitable="1" type="STR">
    <properties>
      <db>
        <alias>AIY3652000SG7</alias>
        <noxml>1</noxml>
        <fullname>/job/processfields/LineNumber__</fullname>
        <defaultvalue>
        </defaultvalue>
        <RecordLastWrite>2022-10-25 17:09:38</RecordLastWrite>
      </db>
      <extrainfo>
        <Label>_LineNumber_report</Label>
        <Alias>AIY3652000SG7</Alias>
        <ProcessFieldVersion vartype="INT">1</ProcessFieldVersion>
      </extrainfo>
      <gdr>
        <VarType>Area</VarType>
        <DisableAutolearn>1</DisableAutolearn>
      </gdr>
      <help>
        <helpData>{"helpText":"","helpURL":"","helpFormat":"HTML Format","helpIconPosition":"Right"}</helpData>
      </help>
      <ui>
        <_type>String</_type>
        <automatic>true</automatic>
      </ui>
    </properties>
  </field>
  <field deleted="0" format="" guid="UOL4FP000PA9" id="JY3652000SG7" label="_MovementDateTime_report" length="0" name="MovementDateTime__" originalProcessID="ZOL4FP000PA9" precision="0" processid="EY3652000SG7" submitable="1" type="DATETIME">
    <properties>
      <db>
        <alias>AJY3652000SG7</alias>
        <noxml>1</noxml>
        <fullname>/job/processfields/MovementDateTime__</fullname>
        <defaultvalue>
        </defaultvalue>
        <RecordLastWrite>2022-10-25 17:09:39</RecordLastWrite>
      </db>
      <extrainfo>
        <Label>_MovementDateTime_report</Label>
        <Alias>AJY3652000SG7</Alias>
        <ProcessFieldVersion vartype="INT">1</ProcessFieldVersion>
      </extrainfo>
      <gdr>
        <DisableAutolearn>1</DisableAutolearn>
      </gdr>
      <help>
        <helpData>{"helpText":"","helpURL":"","helpFormat":"HTML Format","helpIconPosition":"Right"}</helpData>
      </help>
      <ui>
        <_type>Date</_type>
        <automatic>true</automatic>
      </ui>
    </properties>
  </field>
  <field deleted="0" format="" guid="WOL4FP000PA9" id="KY3652000SG7" label="_MovementOrigin_report" length="50" name="MovementOrigin__" originalProcessID="ZOL4FP000PA9" precision="0" processid="EY3652000SG7" submitable="1" type="STR">
    <properties>
      <db>
        <alias>AKY3652000SG7</alias>
        <noxml>1</noxml>
        <fullname>/job/processfields/MovementOrigin__</fullname>
        <defaultvalue>
        </defaultvalue>
        <RecordLastWrite>2022-10-25 17:09:39</RecordLastWrite>
      </db>
      <extrainfo>
        <Label>_MovementOrigin_report</Label>
        <Alias>AKY3652000SG7</Alias>
        <ProcessFieldVersion vartype="INT">1</ProcessFieldVersion>
      </extrainfo>
      <gdr>
        <VarType>Area</VarType>
        <DisableAutolearn>1</DisableAutolearn>
      </gdr>
      <help>
        <helpData>{"helpText":"","helpURL":"","helpFormat":"HTML Format","helpIconPosition":"Right"}</helpData>
      </help>
      <ui>
        <_type>String</_type>
        <automatic>true</automatic>
      </ui>
    </properties>
  </field>
  <field deleted="0" format="" guid="YOL4FP000PA9" id="LY3652000SG7" label="_MovementType" length="50" name="MovementType__" originalProcessID="ZOL4FP000PA9" precision="0" processid="EY3652000SG7" submitable="1" type="STR">
    <properties>
      <db>
        <alias>ALY3652000SG7</alias>
        <noxml>1</noxml>
        <fullname>/job/processfields/MovementType__</fullname>
        <defaultvalue>0</defaultvalue>
        <RecordLastWrite>2022-10-25 17:09:39</RecordLastWrite>
      </db>
      <extrainfo>
        <Type>webaccess.Process.Columns.WithPossibleValues</Type>
        <Label>_MovementType</Label>
        <Alias>ALY3652000SG7</Alias>
        <ProcessFieldVersion vartype="INT">1</ProcessFieldVersion>
      </extrainfo>
      <field>
        <TableName>
        </TableName>
        <DisplayedColumns>
        </DisplayedColumns>
        <DataSourceOrigin>Standalone</DataSourceOrigin>
        <possibleKeys>0
Withdraw
Stocktaking
Replenishment
Transfert
StocktakingBalancing</possibleKeys>
        <SavedColumn>
        </SavedColumn>
        <possibleValues>
 _Withdraw
 _Stocktaking
 _Replenishment
 _Transfert
 _StocktakingBalancing</possibleValues>
        <ProcessName>
        </ProcessName>
      </field>
      <gdr>
        <DisableAutolearn>1</DisableAutolearn>
      </gdr>
      <help>
        <helpData>{"helpText":"","helpURL":"","helpFormat":"HTML Format","helpIconPosition":"Right"}</helpData>
      </help>
      <ui>
        <_type>String</_type>
        <automatic>true</automatic>
      </ui>
    </properties>
  </field>
  <field deleted="0" format="" guid="Q69IG0000SG1" id="MY3652000SG7" label="_MovementUnitPrice_report" length="17" name="MovementUnitPrice__" originalProcessID="ZOL4FP000PA9" precision="6" processid="EY3652000SG7" submitable="1" type="DECIMAL">
    <properties>
      <db>
        <alias>AMY3652000SG7</alias>
        <noxml>1</noxml>
        <fullname>/job/processfields/MovementUnitPrice__</fullname>
        <defaultvalue>
        </defaultvalue>
        <RecordLastWrite>2022-10-25 17:09:39</RecordLastWrite>
      </db>
      <extrainfo>
        <Label>_MovementUnitPrice_report</Label>
        <Alias>AMY3652000SG7</Alias>
        <DecimalPrecision vartype="INT">6</DecimalPrecision>
        <ProcessFieldVersion vartype="INT">1</ProcessFieldVersion>
      </extrainfo>
      <gdr>
        <VarType>Area</VarType>
        <DisableAutolearn>1</DisableAutolearn>
      </gdr>
      <help>
        <helpData>{"helpText":"","helpURL":"","helpFormat":"HTML Format","helpIconPosition":"Right"}</helpData>
      </help>
      <ui>
        <_type>Number</_type>
        <automatic>true</automatic>
      </ui>
    </properties>
  </field>
  <field deleted="0" format="" guid="TOL4FP000PA9" id="NY3652000SG7" label="_MovementValue_report" length="17" name="MovementValue__" originalProcessID="ZOL4FP000PA9" precision="2" processid="EY3652000SG7" submitable="1" type="DECIMAL">
    <properties>
      <db>
        <alias>ANY3652000SG7</alias>
        <noxml>1</noxml>
        <fullname>/job/processfields/MovementValue__</fullname>
        <defaultvalue>
        </defaultvalue>
        <RecordLastWrite>2022-10-25 17:09:39</RecordLastWrite>
      </db>
      <extrainfo>
        <Label>_MovementValue_report</Label>
        <Alias>ANY3652000SG7</Alias>
        <DecimalPrecision vartype="INT">2</DecimalPrecision>
        <ProcessFieldVersion vartype="INT">1</ProcessFieldVersion>
      </extrainfo>
      <gdr>
        <VarType>Area</VarType>
        <DisableAutolearn>1</DisableAutolearn>
      </gdr>
      <help>
        <helpData>{"helpText":"","helpURL":"","helpFormat":"HTML Format","helpIconPosition":"Right"}</helpData>
      </help>
      <ui>
        <_type>Number</_type>
        <automatic>true</automatic>
      </ui>
    </properties>
  </field>
  <field deleted="0" format="" guid="VOL4FP000PA9" id="OY3652000SG7" label="_UnitOfMeasure" length="50" name="UnitOfMeasure__" originalProcessID="ZOL4FP000PA9" precision="0" processid="EY3652000SG7" submitable="1" type="STR">
    <properties>
      <db>
        <alias>AOY3652000SG7</alias>
        <noxml>1</noxml>
        <fullname>/job/processfields/UnitOfMeasure__</fullname>
        <defaultvalue>
        </defaultvalue>
        <RecordLastWrite>2022-10-25 17:09:39</RecordLastWrite>
      </db>
      <extrainfo>
        <Label>_UnitOfMeasure</Label>
        <Alias>AOY3652000SG7</Alias>
        <ProcessFieldVersion vartype="INT">1</ProcessFieldVersion>
      </extrainfo>
      <field>
        <Editable>false</Editable>
        <TableName>CT#GAZ552000SG7</TableName>
        <SortOrder>
        </SortOrder>
        <DisplayedColumns>CompanyCode__</DisplayedColumns>
        <DisplayedColumnsIds>
        </DisplayedColumnsIds>
        <UseTableForAutolearn>false</UseTableForAutolearn>
        <SavedColumn>UnitOfMeasure__</SavedColumn>
        <SavedColumnId>
        </SavedColumnId>
        <ExposedColumns>
        </ExposedColumns>
        <ProcessName>P2P - UnitOfMeasure__</ProcessName>
        <KeyColumnId>
        </KeyColumnId>
        <KeyAttribute>
        </KeyAttribute>
        <CustomFilter>
        </CustomFilter>
      </field>
      <gdr>
        <DisableAutolearn>1</DisableAutolearn>
      </gdr>
      <help>
        <helpData>{"helpText":"","helpURL":"","helpFormat":"HTML Format","helpIconPosition":"Right"}</helpData>
      </help>
      <ui>
        <_type>String</_type>
        <automatic>true</automatic>
      </ui>
    </properties>
  </field>
  <field deleted="0" format="" guid="KPL4FP000PA9" id="PY3652000SG7" label="_WarehouseID_report" length="50" name="WarehouseID__" originalProcessID="IPL4FP000PA9" precision="0" processid="EY3652000SG7" submitable="1" type="STR">
    <properties>
      <db>
        <alias>APY3652000SG7</alias>
        <index vartype="INT">1</index>
        <noxml>1</noxml>
        <fullname>/job/processfields/WarehouseID__</fullname>
        <jointable>P2P - Warehouse__</jointable>
        <jointableid>CT#HGW552000SG7</jointableid>
        <defaultvalue>
        </defaultvalue>
        <joincondition>(&amp;(source.CompanyCode__=dest.CompanyCode__)(source.WarehouseID__=dest.WarehouseID__))</joincondition>
        <RecordLastWrite>2022-10-25 17:09:39</RecordLastWrite>
      </db>
      <extrainfo>
        <Label>_WarehouseID_report</Label>
        <Alias>APY3652000SG7</Alias>
        <ProcessFieldVersion vartype="INT">1</ProcessFieldVersion>
      </extrainfo>
      <field>
        <Editable>false</Editable>
        <TableName>CT#HGW552000SG7</TableName>
        <SortOrder>
        </SortOrder>
        <DisplayedColumns>WarehouseID__|Name__</DisplayedColumns>
        <DisplayedColumnsIds>
        </DisplayedColumnsIds>
        <UseTableForAutolearn>false</UseTableForAutolearn>
        <SavedColumn>WarehouseID__</SavedColumn>
        <SavedColumnId>
        </SavedColumnId>
        <ExposedColumns>
        </ExposedColumns>
        <ProcessName>P2P - Warehouse__</ProcessName>
        <KeyColumnId>
        </KeyColumnId>
        <KeyAttribute>
        </KeyAttribute>
        <CustomFilter>
        </CustomFilter>
      </field>
      <gdr>
        <DisableAutolearn>1</DisableAutolearn>
      </gdr>
      <help>
        <helpData>{"helpText":"","helpURL":"","helpFormat":"HTML Format","helpIconPosition":"Right"}</helpData>
      </help>
      <ui>
        <_type>String</_type>
        <automatic>true</automatic>
      </ui>
    </properties>
  </field>
  <type id="JLLP13130F1" name="CT">
  </type>
</process>