﻿<?xml version="1.0" encoding="UTF-8" standalone="no"?>
<process accountid="20063076" allowrepairprocess="0" builtin="0" builtinversion="0" carriesapplicationversion="0" creationdatetime="2022-10-25 17:04:24" deleted="0" eskerapplication="" global="0" id="PKW552000SG7" keepcustomization="0" keepfieldsonly="0" keepfieldsproperties="0" keepnewcontroloptions="0" migrationversion="4" name="AP - Supplier due__" needvalidation="1" ootofilter="" ootoversion="0" originalProcessID="KRCO18295" ownerid="cn=admin_p2p@paragon-cc.fr,ou=DEV,ou=TrainingP2P,ou=DEMO_JULIEN,ou=05284299,ou=ESK,s=eoo" ownerpb="OnDemand AddressBook" public="1" pushnotification="0" reuseengine="0" sprintversion="5.261.0" transportname="CustomTable" upgradable="1" userid="0" version="1" visibility="0">
  <properties>
    <dbIndex>
      <AUTO_AQKW552000SG7A>&lt;Index&gt;&lt;Ref Name="AQKW552000SG7" Option="ASC"/&gt;&lt;/Index&gt;</AUTO_AQKW552000SG7A>
      <AUTO_ASKW552000SG7A>&lt;Index&gt;&lt;Ref Name="ASKW552000SG7" Option="ASC"/&gt;&lt;/Index&gt;</AUTO_ASKW552000SG7A>
    </dbIndex>
    <gdr>
    </gdr>
    <lg>
      <process_de>{
	"AP - Supplier due": "P2P - Mehrwertsteuerarten",
	"Code": "Steuerkennzeichen",
	"Company code": "Buchungskreis",
	"Description": "Beschreibung"
}</process_de>
      <process_JA>{
	"AP - Supplier due": "P2P - 付加価値税種別",
	"Code": "税コード",
	"Company code": "会社コード",
	"Description": "説明"
}</process_JA>
      <process_en>{
	"AP - Supplier due": "P2P - VAT types",
	"Code": "Tax code",
	"Company code": "Company code",
	"Description": "Description"
}</process_en>
      <process_es>{
	"AP - Supplier due": "P2P - Tipos de IVA",
	"Code": "Código de impuesto",
	"Company code": "Código de empresa",
	"Description": "Descripción"
}</process_es>
      <process_fr>{
	"AP - Supplier due": "P2P - Types de TVA",
	"Code": "Code",
	"Company code": "Code société",
	"Description": "Description"
}</process_fr>
      <process_nl-NL>{
	"AP - Supplier due": "P2P - Btw-types",
	"Code": "Belastingcode",
	"Company code": "Bedrijfscode",
	"Description": "Beschrijving"
}</process_nl-NL>
      <process_it>{
	"AP - Supplier due": "P2P - Tipi di IVA",
	"Code": "Codice IVA",
	"Company code": "Codice società",
	"Description": "Descrizione"
}</process_it>
      <process_zh-CN>{
	"AP - Supplier due": "采购到支付 - VAT 类型",
	"Code": "税码",
	"Company code": "公司代码",
	"Description": "说明"
}</process_zh-CN>
      <process_pt-BR>{
	"AP - Supplier due": "P2P - Tipos de IVA",
	"Code": "Código de imposto",
	"Company code": "Código da empresa",
	"Description": "Descrição"
}</process_pt-BR>
    </lg>
    <process>
      <BUColumn>CompanyCode__</BUColumn>
      <flowtype>processing</flowtype>
      <homepagelabel>AP - Supplier due</homepagelabel>
      <upgradable>yes</upgradable>
      <instanciable>1</instanciable>
      <OverrideAllowedAttachmentExtensions>*</OverrideAllowedAttachmentExtensions>
      <AllowUploadAttachment>0</AllowUploadAttachment>
      <AllowUploadReferenceDocument>0</AllowUploadReferenceDocument>
      <shouldRollbackManualRecordEdits>true</shouldRollbackManualRecordEdits>
      <UseCultureFormat>true</UseCultureFormat>
      <TransportName>CustomTable</TransportName>
      <LayoutVersion>1.0</LayoutVersion>
    </process>
    <ui>
      <layout>{
	"*": {
		"Screen": {
			"type": "FlexibleFormLayout",
			"options": {
				"splitterType": "simple-v",
				"version": 0
			},
			"*": {
				"form-header": {
					"type": "FlexibleFormHeader",
					"options": {
						"hidePanelsMenu": false,
						"version": 0
					},
					"stamp": 1,
					"data": []
				},
				"form-center": {
					"type": "FlexibleFormCenter",
					"options": {
						"version": 0
					},
					"*": {
						"form-content": {
							"type": "FlexibleFormContent",
							"options": {
								"version": 0
							},
							"*": {
								"form-content-center": {
									"type": "FlexibleFormSplitter",
									"options": {
										"version": 1,
										"box": {
											"top": "0%",
											"left": "0%",
											"width": "100%"
										},
										"hidden": false
									},
									"*": {
										"form-content-center-1": {
											"type": "FlexibleFormLine",
											"data": [],
											"options": {
												"version": 0
											},
											"stamp": 2,
											"*": {
												"DataPanel": {
													"type": "PanelData",
													"options": {
														"border": {},
														"version": 0,
														"labelLength": 0,
														"iconURL": "",
														"TitleFontSize": "S",
														"hideActionButtons": false,
														"hideTitleBar": false,
														"backgroundcolor": "default",
														"labelsAlignment": "right",
														"label": "_Document data"
													},
													"*": {
														"FieldsManager": {
															"type": "FieldsManager",
															"options": {
																"controlsAssociation": {
																	"Description__": "LabelDescription__",
																	"LabelDescription__": "Description__",
																	"Code__": "LabelCode__",
																	"LabelCode__": "Code__",
																	"CompanyCode__": "LabelCompanyCode__",
																	"LabelCompanyCode__": "CompanyCode__"
																},
																"version": 0
															},
															"*": {
																"Grid": {
																	"type": "GridLayout",
																	"options": {
																		"lines": 3,
																		"columns": 2,
																		"version": 0,
																		"ctrlsPos": {
																			"Description__": {
																				"line": 3,
																				"column": 2
																			},
																			"LabelDescription__": {
																				"line": 3,
																				"column": 1
																			},
																			"Code__": {
																				"line": 2,
																				"column": 2
																			},
																			"LabelCode__": {
																				"line": 2,
																				"column": 1
																			},
																			"CompanyCode__": {
																				"line": 1,
																				"column": 2
																			},
																			"LabelCompanyCode__": {
																				"line": 1,
																				"column": 1
																			}
																		},
																		"colspans": [
																			[],
																			[],
																			[]
																		]
																	},
																	"data": [
																		"fields"
																	],
																	"*": {
																		"LabelCompanyCode__": {
																			"type": "Label",
																			"data": [
																				"CompanyCode__"
																			],
																			"options": {
																				"label": "Company code",
																				"version": 0
																			},
																			"stamp": 3
																		},
																		"CompanyCode__": {
																			"type": "DatabaseComboBox",
																			"data": [
																				"CompanyCode__"
																			],
																			"options": {
																				"browsable": true,
																				"label": "_Company code",
																				"activable": true,
																				"width": "500",
																				"PreFillFTS": true,
																				"fTSmaxRecords": "20"
																			},
																			"stamp": 4
																		},
																		"LabelCode__": {
																			"type": "Label",
																			"data": [
																				"Code__"
																			],
																			"options": {
																				"label": "Code",
																				"version": 0
																			},
																			"stamp": 5
																		},
																		"Code__": {
																			"type": "ShortText",
																			"data": [
																				"Code__"
																			],
																			"options": {
																				"textSize": "S",
																				"textAlignment": "left",
																				"textStyle": "default",
																				"textColor": "default",
																				"label": "Code",
																				"activable": true,
																				"width": 500,
																				"version": 0,
																				"browsable": false
																			},
																			"stamp": 6
																		},
																		"LabelDescription__": {
																			"type": "Label",
																			"data": [
																				"Description__"
																			],
																			"options": {
																				"label": "Description",
																				"version": 0
																			},
																			"stamp": 7
																		},
																		"Description__": {
																			"type": "ShortText",
																			"data": [
																				"Description__"
																			],
																			"options": {
																				"textSize": "S",
																				"textAlignment": "left",
																				"textStyle": "default",
																				"textColor": "default",
																				"label": "Description",
																				"activable": true,
																				"width": "500",
																				"version": 0,
																				"browsable": false
																			},
																			"stamp": 8
																		}
																	},
																	"stamp": 9
																}
															},
															"stamp": 10,
															"data": []
														}
													},
													"stamp": 11,
													"data": []
												}
											}
										}
									},
									"stamp": 12,
									"data": []
								}
							},
							"stamp": 13,
							"data": []
						}
					},
					"stamp": 14,
					"data": []
				},
				"form-footer": {
					"type": "FlexibleFormFooter",
					"options": {
						"splitterType": "simple-h",
						"version": 0
					},
					"*": {
						"Save": {
							"type": "SubmitButton",
							"options": {
								"label": "_Save",
								"action": "savequit",
								"submit": true,
								"version": 0
							},
							"stamp": 15,
							"data": []
						},
						"Close": {
							"type": "SubmitButton",
							"options": {
								"label": "_Close",
								"action": "cancel",
								"submit": true,
								"version": 0
							},
							"stamp": 16,
							"data": []
						},
						"Delete": {
							"type": "SubmitButton",
							"options": {
								"label": "_Delete",
								"action": "delete",
								"submit": true,
								"version": 0,
								"disabled": true
							},
							"stamp": 17,
							"data": []
						}
					},
					"stamp": 18,
					"data": []
				}
			},
			"stamp": 19,
			"data": []
		}
	},
	"stamps": 19,
	"data": []
}</layout>
    </ui>
  </properties>
  <field deleted="0" format="" guid="AYLN18298" id="QKW552000SG7" label="Code" length="50" name="Code__" originalProcessID="KRCO18295" precision="0" processid="PKW552000SG7" submitable="1" type="STR">
    <properties>
      <db>
        <alias>AQKW552000SG7</alias>
        <index vartype="INT">1</index>
        <noxml>1</noxml>
        <fullname>/job/processfields/Code__</fullname>
        <defaultvalue>
        </defaultvalue>
        <RecordLastWrite>2014-11-14 15:08:02</RecordLastWrite>
      </db>
      <extrainfo>
        <Label>Code</Label>
        <Alias>AQKW552000SG7</Alias>
        <ProcessFieldVersion vartype="INT">1</ProcessFieldVersion>
      </extrainfo>
      <gdr>
        <VarType>Area</VarType>
      </gdr>
      <ui>
        <_type>String</_type>
        <automatic>true</automatic>
      </ui>
    </properties>
  </field>
  <field deleted="0" format="" guid="FIRC18406" id="SKW552000SG7" label="Company code" length="50" name="CompanyCode__" originalProcessID="KRCO18295" precision="0" processid="PKW552000SG7" submitable="1" type="STR">
    <properties>
      <db>
        <alias>ASKW552000SG7</alias>
        <index vartype="INT">1</index>
        <noxml>1</noxml>
        <fullname>/job/processfields/CompanyCode__</fullname>
        <defaultvalue>
        </defaultvalue>
        <RecordLastWrite>2014-11-14 15:39:06</RecordLastWrite>
      </db>
      <extrainfo>
        <Label>Company code</Label>
        <Alias>ASKW552000SG7</Alias>
        <ProcessFieldVersion vartype="INT">1</ProcessFieldVersion>
      </extrainfo>
      <field>
        <Editable>true</Editable>
        <required>false</required>
        <TableName>CT#ECW552000SG7</TableName>
        <SortOrder>
        </SortOrder>
        <DisplayedColumns>CompanyCode__|CompanyName__</DisplayedColumns>
        <DisplayedColumnsIds>
        </DisplayedColumnsIds>
        <SavedColumn>CompanyCode__</SavedColumn>
        <SavedColumnId>HUME134563</SavedColumnId>
        <ProcessName>PurchasingCompanycodes__</ProcessName>
        <CustomFilter>
        </CustomFilter>
      </field>
      <gdr>
        <VarType>Area</VarType>
      </gdr>
      <ui>
        <_type>String</_type>
        <automatic>true</automatic>
      </ui>
    </properties>
  </field>
  <field deleted="0" format="" guid="ZSMH18296" id="RKW552000SG7" label="Description" length="50" name="Description__" originalProcessID="KRCO18295" precision="0" processid="PKW552000SG7" submitable="1" type="STR">
    <properties>
      <db>
        <alias>ARKW552000SG7</alias>
        <noxml>1</noxml>
        <fullname>/job/processfields/Description__</fullname>
        <defaultvalue>
        </defaultvalue>
        <RecordLastWrite>2014-11-14 14:29:25</RecordLastWrite>
      </db>
      <extrainfo>
        <Label>Description</Label>
        <Alias>ARKW552000SG7</Alias>
        <ProcessFieldVersion vartype="INT">1</ProcessFieldVersion>
      </extrainfo>
      <gdr>
        <VarType>Area</VarType>
      </gdr>
      <ui>
        <_type>String</_type>
        <automatic>true</automatic>
      </ui>
    </properties>
  </field>
  <type id="JLLP13130F1" name="CT">
  </type>
</process>