﻿<?xml version="1.0" encoding="UTF-8" standalone="no"?>
<process accountid="20063076" allowrepairprocess="0" builtin="0" builtinversion="0" carriesapplicationversion="0" creationdatetime="2022-10-25 17:06:29" deleted="0" eskerapplication="" global="0" id="J9Z552000SG7" keepcustomization="0" keepfieldsonly="0" keepfieldsproperties="0" keepnewcontroloptions="0" migrationversion="4" name="PurchasingSupply__" needvalidation="1" ootofilter="" ootoversion="0" originalProcessID="IYID131998" ownerid="cn=admin_p2p@paragon-cc.fr,ou=DEV,ou=TrainingP2P,ou=DEMO_JULIEN,ou=05284299,ou=ESK,s=eoo" ownerpb="OnDemand AddressBook" public="1" pushnotification="0" reuseengine="0" sprintversion="5.261.0" transportname="CustomTable" upgradable="1" userid="0" version="1" visibility="0">
  <properties>
    <dataConditions>
      <listDataConditions>
			&lt;dataCondition&gt;
			&lt;tableName&gt;P2P - Global Application Settings__&lt;/tableName&gt;
			&lt;filter&gt;msnex=*&lt;/filter&gt;
			&lt;labelKey&gt;_Purchasing disabled&lt;/labelKey&gt;
			&lt;conditions&gt;
			&lt;allowCondition&gt;
			&lt;fieldName&gt;EnablePurchasingGlobalSetting__&lt;/fieldName&gt;
			&lt;fieldValue&gt;1&lt;/fieldValue&gt;
			&lt;/allowCondition&gt;
			&lt;/conditions&gt;
			&lt;/dataCondition&gt;
			</listDataConditions>
    </dataConditions>
    <dbIndex>
      <AUTO_AM9Z552000SG7A>&lt;Index&gt;&lt;Ref Name="AM9Z552000SG7" Option="ASC"/&gt;&lt;/Index&gt;</AUTO_AM9Z552000SG7A>
      <AUTO_AQ9Z552000SG7A>&lt;Index&gt;&lt;Ref Name="AQ9Z552000SG7" Option="ASC"/&gt;&lt;/Index&gt;</AUTO_AQ9Z552000SG7A>
      <AUTO_AR9Z552000SG7A>&lt;Index&gt;&lt;Ref Name="AR9Z552000SG7" Option="ASC"/&gt;&lt;/Index&gt;</AUTO_AR9Z552000SG7A>
    </dbIndex>
    <gdr>
    </gdr>
    <lg>
      <process_de>{
	"_CapEx": "CapEx",
	"_Company code": "Buchungskreis",
	"_Company code report": "Buchungskreis",
	"_DefaultCostType": "Standardkostenart",
	"_DefaultCostType_report": "Standardkostenart",
	"_DefaultGLAccount": "Standard-Sachkonto",
	"_Document data": "Dokumentdaten",
	"_FullName": "Vollständiger Pfad",
	"_FullName_report": "Vollständiger Pfad",
	"_NoGoodsReceipt": "Kein Wareneingangs- und Serviceerbringungsbeleg erforderlich",
	"_NoGoodsReceipt_report": "Kein Wareneingangs- und Serviceerbringungsbeleg erforderlich",
	"_NotifyRequesterOnReceipt": "Anforderer bei Empfang benachrichtigen",
	"_NotifyRequesterOnReceipt_report": "Anforderer bei Empfang benachrichtigen",
	"_OpEx": "OpEx",
	"_ParentSupplyID": "ID der übergeordneten Artikelkategorie",
	"_ParentSupplyID_report": "ID der übergeordneten Artikelkategorie",
	"BuyerLogin": "Einkäufer-ID",
	"BuyerLogin_Name": "Name des Einkäufers",
	"Description": "Beschreibung",
	"Name": "Artikelkategorie",
	"Purchasing - Supply": "P2P - Artikelkategorien",
	"PurchasingSupply": "P2P - Artikelkategorien",
	"PurchasingSupply__": "P2P - Artikelkategorien",
	"RecipientLogin": "Empfänger-ID ",
	"RecipientLogin_Name": "Name des Empfängers",
	"SupplyID": "Artikelkategorie-ID",
	"_CompanyAddress": "Firmenandresse",
	"_CompanyAddressFormated": "Adressvorschau",
	"_CompanyInfo": "Firmeninformationen",
	"_DefaultConfiguration": "Standard-Konfiguration",
	"_DefaultConfiguration_report": "Standard-Konfiguration",
	"_DefaultExpenseReportType": "Standard-Ausgabenberichtstyp",
	"_DefaultExpenseReportType_report": "Standard-Ausgabenberichtstyp",
	"_DeliveryAddressID": "ID der Standardlieferadresse",
	"_DeliveryAddressID_report": "ID der Standardlieferadresse",
	"_DeterminationKeyword": "Schlüsselwörter für automatische Buchungskreisermittlung",
	"_DeterminationKeyword_report": "Schlüsselwörter für automatische Buchungskreisermittlung",
	"_ERP": "ERP",
	"_errorExistingCompanyCode": "Dieser Buchungskreis ist bereits in der Tabelle enthalten.",
	"_PurchasingGroup": "Einkäufergruppe",
	"_PurchasingGroup_report": "Einkäufergruppe",
	"_PurchasingOrganization": "Einkaufsorganisation",
	"_PurchasingOrganization_report": "Einkaufsorganisation",
	"_Sub": "Gebäude, Industriegebiet, Dienst...",
	"_Sub report": "Gebäude, Industriegebiet, Dienst...",
	"_WorkingDays": "Werktage",
	"_WorkingDays_report": "Werktage",
	"City": "Ort",
	"Company code": "Buchungskreis",
	"Company name": "Firmenname",
	"Contact email": "E-Mail-Adresse",
	"Country": "Ländercode",
	"Currency": "Währung",
	"Fax number": "Faxnummer",
	"P2P - Company codes": "Buchungskreis",
	"P2P - Company codes__": "Buchungskreis",
	"Phone number": "Telefonnummer",
	"Postal code": "PLZ",
	"PostOfficeBox": "Ort oder Postfach",
	"PurchasingCompanycodes": "P2P - Buchungskreise",
	"Region": "Bundesland/Region",
	"SIRET": "Steuernummer",
	"Street": "Straße",
	"VAT number": "Umsatzsteuernummer"
}</process_de>
      <process_JA>{
	"_CapEx": "CapEx",
	"_Company code": "会社コード",
	"_Company code report": "会社コード",
	"_DefaultCostType": "デフォルトのコスト種別",
	"_DefaultCostType_report": "デフォルトのコスト種別",
	"_DefaultGLAccount": "デフォルトの勘定科目",
	"_Document data": "文書データ",
	"_FullName": "フルパス",
	"_FullName_report": "フルパス",
	"_NoGoodsReceipt": "品物とサービスの受領書不要",
	"_NoGoodsReceipt_report": "品物とサービスの受領書不要",
	"_NotifyRequesterOnReceipt": "受領時に送信者に通知する",
	"_NotifyRequesterOnReceipt_report": "受領時に送信者に通知する",
	"_OpEx": "OpEx",
	"_ParentSupplyID": "親アイテムのカテゴリーID",
	"_ParentSupplyID_report": "親アイテムのカテゴリーID",
	"BuyerLogin": "購入者ID",
	"BuyerLogin_Name": "購入者名",
	"Description": "説明",
	"Name": "品目分類",
	"Purchasing - Supply": "P2P - 品目分類",
	"PurchasingSupply": "P2P - 品目分類",
	"PurchasingSupply__": "P2P - 品目分類",
	"RecipientLogin": "受信者ID",
	"RecipientLogin_Name": "受領者名",
	"SupplyID": "品目分類ID",
	"_CompanyAddress": "会社住所",
	"_CompanyAddressFormated": "住所プレビュー",
	"_CompanyInfo": "会社情報",
	"_DefaultConfiguration": "既定の設定",
	"_DefaultConfiguration_report": "既定の設定",
	"_DefaultExpenseReportType": "既定の費用レポート種別",
	"_DefaultExpenseReportType_report": "既定の費用レポート種別",
	"_DeliveryAddressID": "既定の納品先住所ID",
	"_DeliveryAddressID_report": "既定の納品先住所ID",
	"_DeterminationKeyword": "自動決定用キーワード",
	"_DeterminationKeyword_report": "自動決定用キーワード",
	"_ERP": "ERP",
	"_errorExistingCompanyCode": "この会社カードはテーブルに存在します",
	"_PurchasingGroup": "購買グループ",
	"_PurchasingGroup_report": "購買グループ",
	"_PurchasingOrganization": "購買組織",
	"_PurchasingOrganization_report": "購買組織",
	"_Sub": "建物、IA、サービス...",
	"_Sub report": "建物、IA、サービス...",
	"_WorkingDays": "営業日",
	"_WorkingDays_report": "営業日",
	"City": "市区町村",
	"Company code": "会社コード",
	"Company name": "会社名",
	"Contact email": "電子メール",
	"Country": "国コード",
	"Currency": "通貨",
	"Fax number": "Fax番号",
	"P2P - Company codes": "会社コード",
	"P2P - Company codes__": "会社コード",
	"Phone number": "電話番号",
	"Postal code": "郵便番号",
	"PostOfficeBox": "私書箱",
	"PurchasingCompanycodes": "P2P - 会社コード",
	"Region": "都道府県/地域",
	"SIRET": "納税者識別番号",
	"Street": "番地",
	"VAT number": "付加価値税登録番号"
}</process_JA>
      <process_en>{
	"_CapEx": "CapEx",
	"_Company code": "Company code",
	"_Company code report": "Company code",
	"_DefaultCostType": "Default cost type",
	"_DefaultCostType_report": "Default cost type",
	"_DefaultGLAccount": "Default G/L account",
	"_Document data": "Document data",
	"_FullName": "Full path",
	"_FullName_report": "Full path",
	"_NoGoodsReceipt": "No goods and services receipt required",
	"_NoGoodsReceipt_report": "No goods and services receipt required",
	"_NotifyRequesterOnReceipt": "Notify requester upon receipt",
	"_NotifyRequesterOnReceipt_report": "Notify requester upon receipt",
	"_OpEx": "OpEx",
	"_ParentSupplyID": "Parent item category ID",
	"_ParentSupplyID_report": "Parent item category ID",
	"BuyerLogin": "Buyer ID",
	"BuyerLogin_Name": "Buyer name",
	"Description": "Description",
	"Name": "Item category",
	"Purchasing - Supply": "P2P - Item categories",
	"PurchasingSupply": "P2P - Item categories",
	"PurchasingSupply__": "P2P - Item categories",
	"RecipientLogin": "Recipient ID",
	"RecipientLogin_Name": "Recipient name",
	"SupplyID": "Item category ID",
	"_CompanyAddress": "Company Address",
	"_CompanyAddressFormated": "Address preview",
	"_CompanyInfo": "Company Information",
	"_DefaultConfiguration": "Default configuration",
	"_DefaultConfiguration_report": "Default configuration",
	"_DefaultExpenseReportType": "Default expense report type",
	"_DefaultExpenseReportType_report": "Default expense report type",
	"_DeliveryAddressID": "ID of default delivery address",
	"_DeliveryAddressID_report": "ID of default delivery address",
	"_DeterminationKeyword": "Keywords used for automatic determination",
	"_DeterminationKeyword_report": "Keywords used for automatic determination",
	"_ERP": "ERP",
	"_errorExistingCompanyCode": "This company code already exists in the table",
	"_PurchasingGroup": "Purchasing group",
	"_PurchasingGroup_report": "Purchasing group",
	"_PurchasingOrganization": "Purchasing organization",
	"_PurchasingOrganization_report": "Purchasing organization",
	"_Sub": "Building, IA, Service...",
	"_Sub report": "Building, IA, Service...",
	"_WorkingDays": "Working days",
	"_WorkingDays_report": "Working days",
	"City": "City",
	"Company code": "Company code",
	"Company name": "Company name",
	"Contact email": "Email",
	"Country": "Country code",
	"Currency": "Currency",
	"Fax number": "Fax number",
	"P2P - Company codes": "Company code",
	"P2P - Company codes__": "Company code",
	"Phone number": "Phone number",
	"Postal code": "Postal code",
	"PostOfficeBox": "Locality or P.O. Box",
	"PurchasingCompanycodes": "P2P - Company codes",
	"Region": "State/Region",
	"SIRET": "Tax identification number",
	"Street": "Street",
	"VAT number": "VAT number"
}</process_en>
      <process_es>{
	"_CapEx": "CapEx",
	"_Company code": "Código de empresa",
	"_Company code report": "Código de empresa",
	"_DefaultCostType": "Tipo de coste predeterminado",
	"_DefaultCostType_report": "Tipo de coste predeterminado",
	"_DefaultGLAccount": "Cuenta de mayor predeterminada",
	"_Document data": "Datos del documento",
	"_FullName": "Ruta de acceso completa",
	"_FullName_report": "Ruta de acceso completa",
	"_NoGoodsReceipt": "Entrada de bienes y servicios no requerida",
	"_NoGoodsReceipt_report": "Entrada de bienes y servicios no requerida",
	"_NotifyRequesterOnReceipt": "Notificar al solicitante en el momento de la recepción",
	"_NotifyRequesterOnReceipt_report": "Notificar al solicitante en el momento de la recepción",
	"_OpEx": "OpEx",
	"_ParentSupplyID": "ID de la categoría de artículo principal",
	"_ParentSupplyID_report": "ID de la categoría de artículo principal",
	"BuyerLogin": "ID del comprador",
	"BuyerLogin_Name": "Nombre del comprador",
	"Description": "Descripción",
	"Name": "Categoría de artículo",
	"Purchasing - Supply": "P2P - Categorías de artículos",
	"PurchasingSupply": "P2P - Categorías de artículos",
	"PurchasingSupply__": "P2P - Categorías de artículos",
	"RecipientLogin": "ID del destinatario",
	"RecipientLogin_Name": "Nombre del destinatario",
	"SupplyID": "ID de categoría de artículo",
	"_CompanyAddress": "Dirección de la empresa",
	"_CompanyAddressFormated": "Vista previa de la dirección",
	"_CompanyInfo": "Información de la empresa",
	"_DefaultConfiguration": "Configuración predeterminada",
	"_DefaultConfiguration_report": "Configuración predeterminada",
	"_DefaultExpenseReportType": "Tipo de informe de gastos predeterminado",
	"_DefaultExpenseReportType_report": "Tipo de informe de gastos predeterminado",
	"_DeliveryAddressID": "ID de dirección de entrega predeterminada",
	"_DeliveryAddressID_report": "ID de dirección de entrega predeterminada",
	"_DeterminationKeyword": "Palabras clave usadas para la determinación automática",
	"_DeterminationKeyword_report": "Palabras clave usadas para la determinación automática",
	"_ERP": "ERP",
	"_errorExistingCompanyCode": "Este código de empresa ya existe en la tabla",
	"_PurchasingGroup": "Grupo de compras",
	"_PurchasingGroup_report": "Grupo de compras",
	"_PurchasingOrganization": "Organización de compras",
	"_PurchasingOrganization_report": "Organización de compras",
	"_Sub": "Edificio, P.I., Servicio...",
	"_Sub report": "Edificio, P.I., Servicio...",
	"_WorkingDays": "Días laborables",
	"_WorkingDays_report": "Días laborables",
	"City": "Ciudad",
	"Company code": "Código de empresa",
	"Company name": "Nombre de la empresa",
	"Contact email": "Dirección de e-mail",
	"Country": "Código de país",
	"Currency": "Divisa",
	"Fax number": "Número de fax",
	"P2P - Company codes": "Código de empresa",
	"P2P - Company codes__": "Código de empresa",
	"Phone number": "Número de teléfono",
	"Postal code": "Código postal",
	"PostOfficeBox": "Localidad o apartado postal",
	"PurchasingCompanycodes": "P2P - Códigos de empresa",
	"Region": "Estado/Provincia",
	"SIRET": "N° ident. fiscal",
	"Street": "Calle",
	"VAT number": "Nº de IVA"
}</process_es>
      <process_fr>{
	"_CapEx": "CapEx",
	"_Company code": "Code société",
	"_Company code report": "Code société",
	"_DefaultCostType": "Type de coût par défaut",
	"_DefaultCostType_report": "Type de coût par défaut",
	"_DefaultGLAccount": "Compte général par défaut",
	"_Document data": "Données du document",
	"_FullName": "Chemin complet",
	"_FullName_report": "Chemin complet",
	"_NoGoodsReceipt": "Entrée de biens et services non requise",
	"_NoGoodsReceipt_report": "Entrée de biens et services non requise",
	"_NotifyRequesterOnReceipt": "Notifier le demandeur à la réception",
	"_NotifyRequesterOnReceipt_report": "Notifier le demandeur à la réception",
	"_OpEx": "OpEx",
	"_ParentSupplyID": "ID de la catégorie d'article parent",
	"_ParentSupplyID_report": "ID de la catégorie d'article parent",
	"BuyerLogin": "ID de l'acheteur",
	"BuyerLogin_Name": "Nom de l'acheteur",
	"Description": "Description",
	"Name": "Catégorie d'article",
	"Purchasing - Supply": "P2P - Catégories d'articles",
	"PurchasingSupply": "P2P - Catégories d'articles",
	"PurchasingSupply__": "P2P - Catégories d'articles",
	"RecipientLogin": "ID du réceptionnaire",
	"RecipientLogin_Name": "Nom du réceptionnaire",
	"SupplyID": "ID de la catégorie d'article",
	"_CompanyAddress": "Adresse de la société",
	"_CompanyAddressFormated": "Aperçu de l'adresse",
	"_CompanyInfo": "Informations sur la société",
	"_DefaultConfiguration": "Configuration par défaut",
	"_DefaultConfiguration_report": "Configuration par défaut",
	"_DefaultExpenseReportType": "Type de note de frais par défaut",
	"_DefaultExpenseReportType_report": "Type de note de frais par défaut",
	"_DeliveryAddressID": "Identifiant de l'adresse de livraison par défaut",
	"_DeliveryAddressID_report": "Identifiant de l'adresse de livraison par défaut",
	"_DeterminationKeyword": "Mots-clés utilisés pour la détermination automatique",
	"_DeterminationKeyword_report": "Mots-clés utilisés pour la détermination automatique",
	"_ERP": "ERP",
	"_errorExistingCompanyCode": "Ce code société existe déjà dans la table",
	"_PurchasingGroup": "Groupe d'acheteurs",
	"_PurchasingGroup_report": "Groupe d'acheteurs",
	"_PurchasingOrganization": "Organisation d'achats",
	"_PurchasingOrganization_report": "Organisation d'achats",
	"_Sub": "Bâtiment, ZI, Service...",
	"_Sub report": "Bâtiment, ZI, Service...",
	"_WorkingDays": "Jours ouvrés",
	"_WorkingDays_report": "Jours ouvrés",
	"City": "Ville",
	"Company code": "Code société",
	"Company name": "Nom de la société",
	"Contact email": "Adresse e-mail",
	"Country": "Code pays",
	"Currency": "Devise",
	"Fax number": "Numéro de fax",
	"P2P - Company codes": "Code société",
	"P2P - Company codes__": "Code société",
	"Phone number": "Numéro de téléphone",
	"Postal code": "Code postal",
	"PostOfficeBox": "Lieu-dit ou boîte postale",
	"PurchasingCompanycodes": "P2P - Codes société",
	"Region": "État/Région",
	"SIRET": "SIRET",
	"Street": "Rue",
	"VAT number": "Numéro de TVA"
}</process_fr>
      <process_nl-NL>{
	"_CapEx": "CapEx",
	"_Company code": "Bedrijfscode",
	"_Company code report": "Bedrijfscode",
	"_DefaultCostType": "Standaardtype kosten",
	"_DefaultCostType_report": "Standaardtype kosten",
	"_DefaultGLAccount": "Standaard grootboekrekening",
	"_Document data": "Documentgegevens",
	"_FullName": "Volledig pad",
	"_FullName_report": "Volledig pad",
	"_NoGoodsReceipt": "Geen ontvangstbewijs goederen en services vereist",
	"_NoGoodsReceipt_report": "Geen ontvangstbewijs goederen en services vereist",
	"_NotifyRequesterOnReceipt": "Aanvrager melden bij ontvangst",
	"_NotifyRequesterOnReceipt_report": "Aanvrager melden bij ontvangst",
	"_OpEx": "OpEx",
	"_ParentSupplyID": "Bovenliggende itemcategorie-ID",
	"_ParentSupplyID_report": "Bovenliggende itemcategorie-ID",
	"BuyerLogin": "Koper-ID",
	"BuyerLogin_Name": "Naam koper",
	"Description": "Beschrijving",
	"Name": "Itemcategorie",
	"Purchasing - Supply": "P2P - Itemcategorieën",
	"PurchasingSupply": "P2P - Itemcategorieën",
	"PurchasingSupply__": "P2P - Itemcategorieën",
	"RecipientLogin": "Ontvanger-ID",
	"RecipientLogin_Name": "Naam ontvanger",
	"SupplyID": "Itemcategorie-ID",
	"_CompanyAddress": "Adres bedrijf",
	"_CompanyAddressFormated": "Voorbeeldweergave adres",
	"_CompanyInfo": "Informatie bedrijf",
	"_DefaultConfiguration": "Standaardconfiguratie",
	"_DefaultConfiguration_report": "Standaardconfiguratie",
	"_DefaultExpenseReportType": "Standaardtype uitgavenstaat",
	"_DefaultExpenseReportType_report": "Standaardtype uitgavenstaat",
	"_DeliveryAddressID": "ID van standaard leveringsadres",
	"_DeliveryAddressID_report": "ID van standaard leveringsadres",
	"_DeterminationKeyword": "Trefwoorden gebruikt voor automatische bepaling",
	"_DeterminationKeyword_report": "Trefwoorden gebruikt voor automatische bepaling",
	"_ERP": "ERP",
	"_errorExistingCompanyCode": "Deze bedrijfscode bestaat al in de tabel",
	"_PurchasingGroup": "Inkoopgroep",
	"_PurchasingGroup_report": "Inkoopgroep",
	"_PurchasingOrganization": "Inkooporganisatie",
	"_PurchasingOrganization_report": "Inkooporganisatie",
	"_Sub": "Gebouw, IZ, service",
	"_Sub report": "Gebouw, IZ, service",
	"_WorkingDays": "Werkdagen",
	"_WorkingDays_report": "Werkdagen",
	"City": "Stad",
	"Company code": "Bedrijfscode",
	"Company name": "Bedrijfsnaam",
	"Contact email": "E-mail",
	"Country": "Landcode",
	"Currency": "Valuta",
	"Fax number": "Faxnummer",
	"P2P - Company codes": "Bedrijfscode",
	"P2P - Company codes__": "Bedrijfscode",
	"Phone number": "Telefoonnummer",
	"Postal code": "Postcode",
	"PostOfficeBox": "Locatie of postbus",
	"PurchasingCompanycodes": "P2P - Bedrijfscodes",
	"Region": "Staat/Regio",
	"SIRET": "Belastingnummer",
	"Street": "Straat",
	"VAT number": "Btw-nummer"
}</process_nl-NL>
      <process_it>{
	"_CapEx": "CapEx",
	"_Company code": "Codice società",
	"_Company code report": "Codice società",
	"_DefaultCostType": "Tipo di costo predefinito",
	"_DefaultCostType_report": "Tipo di costo predefinito",
	"_DefaultGLAccount": "Conto generale predefinito",
	"_Document data": "Dati documento",
	"_FullName": "Percorso completo",
	"_FullName_report": "Percorso completo",
	"_NoGoodsReceipt": "Entrata merci e servizi non richiesta",
	"_NoGoodsReceipt_report": "Entrata merci e servizi non richiesta",
	"_NotifyRequesterOnReceipt": "Notifica richiedente alla ricezione",
	"_NotifyRequesterOnReceipt_report": "Notifica richiedente alla ricezione",
	"_OpEx": "OpEx",
	"_ParentSupplyID": "ID della categoria di articolo principale",
	"_ParentSupplyID_report": "ID della categoria di articolo principale",
	"BuyerLogin": "ID compratore",
	"BuyerLogin_Name": "Nome compratore",
	"Description": "Descrizione",
	"Name": "Categoria di articolo",
	"Purchasing - Supply": "P2P - Categorie di articoli",
	"PurchasingSupply": "P2P - Categorie di articoli",
	"PurchasingSupply__": "P2P - Categorie di articoli",
	"RecipientLogin": "ID destinatario",
	"RecipientLogin_Name": "Nome destinatario",
	"SupplyID": "ID categoria di articolo",
	"_CompanyAddress": "Indirizzo società",
	"_CompanyAddressFormated": "Anteprima indirizzo",
	"_CompanyInfo": "Informazioni società",
	"_DefaultConfiguration": "Configurazione predefinita",
	"_DefaultConfiguration_report": "Configurazione predefinita",
	"_DefaultExpenseReportType": "Tipo di nota spese predefinito",
	"_DefaultExpenseReportType_report": "Tipo di nota spese predefinito",
	"_DeliveryAddressID": "ID indirizzo di spedizione predefinito",
	"_DeliveryAddressID_report": "ID indirizzo di spedizione predefinito",
	"_DeterminationKeyword": "Parole chiave per la determinazione automatica del codice società",
	"_DeterminationKeyword_report": "Parole chiave per la determinazione automatica del codice società",
	"_ERP": "ERP",
	"_errorExistingCompanyCode": "Questo codice società esiste già nella tabella",
	"_PurchasingGroup": "Gruppo acquisti",
	"_PurchasingGroup_report": "Gruppo acquisti",
	"_PurchasingOrganization": "Organizzazione acquisti",
	"_PurchasingOrganization_report": "Organizzazione acquisti",
	"_Sub": "Edificio, ZI, Servizio...",
	"_Sub report": "Edificio, ZI, Servizio...",
	"_WorkingDays": "Giorni lavorativi",
	"_WorkingDays_report": "Giorni lavorativi",
	"City": "Città",
	"Company code": "Codice società",
	"Company name": "Nome società",
	"Contact email": "Indirizzo e-mail",
	"Country": "Codice paese",
	"Currency": "Valuta",
	"Fax number": "Numero fax",
	"P2P - Company codes": "Codice società",
	"P2P - Company codes__": "Codice società",
	"Phone number": "Numero di telefono",
	"Postal code": "CAP",
	"PostOfficeBox": "Località o casella postale",
	"PurchasingCompanycodes": "P2P - Codici società",
	"Region": "Stato/Regione",
	"SIRET": "Codice di identificazione fiscale",
	"Street": "Via",
	"VAT number": "Partita IVA"
}</process_it>
      <process_zh-CN>{
	"_CapEx": "资本性支出",
	"_Company code": "公司代码",
	"_Company code report": "公司代码",
	"_DefaultCostType": "默认成本类型",
	"_DefaultCostType_report": "默认成本类型",
	"_DefaultGLAccount": "默认总账科目",
	"_Document data": "文档数据",
	"_FullName": "完整路径",
	"_FullName_report": "完整路径",
	"_NoGoodsReceipt": "无需货物与服务接收单",
	"_NoGoodsReceipt_report": "无需货物与服务接收单",
	"_NotifyRequesterOnReceipt": "收到后通知申请人",
	"_NotifyRequesterOnReceipt_report": "收到后通知申请人",
	"_OpEx": "运营费用",
	"_ParentSupplyID": "上级商品类别 ID",
	"_ParentSupplyID_report": "上级商品类别 ID",
	"BuyerLogin": "采购员ID",
	"BuyerLogin_Name": "采购员名称",
	"Description": "名称/描述",
	"Name": "商品类别",
	"Purchasing - Supply": "采购到支付 - 商品类别",
	"PurchasingSupply": "采购到支付 - 商品类别",
	"PurchasingSupply__": "采购到支付 - 商品类别",
	"RecipientLogin": "收货人ID",
	"RecipientLogin_Name": "接收人名称",
	"SupplyID": "商品类别ID",
	"_CompanyAddress": "公司地址",
	"_CompanyAddressFormated": "地址预览",
	"_CompanyInfo": "公司信息",
	"_DefaultConfiguration": "默认配置",
	"_DefaultConfiguration_report": "默认配置",
	"_DefaultExpenseReportType": "默认费用报销单类型",
	"_DefaultExpenseReportType_report": "默认费用报销单类型",
	"_DeliveryAddressID": "默认交付地址的ID",
	"_DeliveryAddressID_report": "默认交付地址的ID",
	"_DeterminationKeyword": "自动决定使用的关键字",
	"_DeterminationKeyword_report": "自动决定使用的关键字",
	"_ERP": "ERP",
	"_errorExistingCompanyCode": "此公司代码已存在于表中",
	"_PurchasingGroup": "采购组",
	"_PurchasingGroup_report": "采购组",
	"_PurchasingOrganization": "采购组织",
	"_PurchasingOrganization_report": "采购组织",
	"_Sub": "楼号、工业区、部门……",
	"_Sub report": "楼号、工业区、部门……",
	"_WorkingDays": "工作日",
	"_WorkingDays_report": "工作日",
	"City": "城市",
	"Company code": "公司代码",
	"Company name": "公司名",
	"Contact email": "电子邮件",
	"Country": "国家/地区代码",
	"Currency": "货币",
	"Fax number": "传真号码",
	"P2P - Company codes": "公司代码",
	"P2P - Company codes__": "公司代码",
	"Phone number": "电话号码",
	"Postal code": "邮政编码",
	"PostOfficeBox": "地点或邮政信箱",
	"PurchasingCompanycodes": "采购到支付 - 公司代码",
	"Region": "州/省/大区",
	"SIRET": "税务识别号",
	"Street": "街道地址",
	"VAT number": "增值税号(VAT)"
}</process_zh-CN>
      <process_pt-BR>{
	"_CapEx": "Capex",
	"_Company code": "Código da empresa",
	"_Company code report": "Código da empresa",
	"_DefaultCostType": "Tipo de custo padrão",
	"_DefaultCostType_report": "Tipo de custo padrão",
	"_DefaultGLAccount": "Conta do Razão padrão",
	"_Document data": "Informação de documento",
	"_FullName": "Caminho completo",
	"_FullName_report": "Caminho completo",
	"_NoGoodsReceipt": "Nenhum recebimento de bens e serviços necessário",
	"_NoGoodsReceipt_report": "Nenhum recebimento de bens e serviços necessário",
	"_NotifyRequesterOnReceipt": "Notificar o solicitante após o recebimento",
	"_NotifyRequesterOnReceipt_report": "Notificar o solicitante após o recebimento",
	"_OpEx": "OpEx",
	"_ParentSupplyID": "ID da categoria do item principal",
	"_ParentSupplyID_report": "ID da categoria do item principal",
	"BuyerLogin": "ID do comprador",
	"BuyerLogin_Name": "Nome do comprador",
	"Description": "Descrição",
	"Name": "Categoria do item",
	"Purchasing - Supply": "P2P - Categorias de itens",
	"PurchasingSupply": "P2P - Categorias de itens",
	"PurchasingSupply__": "P2P - Categorias de itens",
	"RecipientLogin": "ID de destinatário",
	"RecipientLogin_Name": "Nome do destinatário",
	"SupplyID": "ID da categoria do item",
	"_CompanyAddress": "Endereço da empresa",
	"_CompanyAddressFormated": "Visualização do endereço",
	"_CompanyInfo": "Informações sobre a empresa",
	"_DefaultConfiguration": "Configuração padrão",
	"_DefaultConfiguration_report": "Configuração padrão",
	"_DefaultExpenseReportType": "Tipo de relatório de despesas padrão",
	"_DefaultExpenseReportType_report": "Tipo de relatório de despesas padrão",
	"_DeliveryAddressID": "ID do endereço de entrega padrão",
	"_DeliveryAddressID_report": "ID do endereço de entrega padrão",
	"_DeterminationKeyword": "Palavras-chave usadas para determinação automática",
	"_DeterminationKeyword_report": "Palavras-chave usadas para determinação automática",
	"_ERP": "ERP",
	"_errorExistingCompanyCode": "Essa empresa já existe na tabela",
	"_PurchasingGroup": "Grupo de compras",
	"_PurchasingGroup_report": "Grupo de compras",
	"_PurchasingOrganization": "Organização de compras",
	"_PurchasingOrganization_report": "Organização de compras",
	"_Sub": "Edifício, IA, Serviço...",
	"_Sub report": "Edifício, IA, Serviço...",
	"_WorkingDays": "Dias úteis",
	"_WorkingDays_report": "Dias úteis",
	"City": "Cidade",
	"Company code": "Código da empresa",
	"Company name": "Nome da empresa",
	"Contact email": "E-mail",
	"Country": "Código do país",
	"Currency": "Moeda",
	"Fax number": "Número de fax",
	"P2P - Company codes": "Código da empresa",
	"P2P - Company codes__": "Código da empresa",
	"Phone number": "Número de telefone",
	"Postal code": "Código postal",
	"PostOfficeBox": "Localidade ou apartado",
	"PurchasingCompanycodes": "P2P - Códigos da empresa",
	"Region": "Estado/Região",
	"SIRET": "Número de identificação fiscal",
	"Street": "Rua",
	"VAT number": "Número de IVA"
}</process_pt-BR>
    </lg>
    <process>
      <BUColumn>CompanyCode__</BUColumn>
      <flowtype>processing</flowtype>
      <homepagelabel>Purchasing - Supply</homepagelabel>
      <upgradable>yes</upgradable>
      <instanciable>1</instanciable>
      <OverrideAllowedAttachmentExtensions>*</OverrideAllowedAttachmentExtensions>
      <lgpathtomerge>..\table - PurchasingCompanycodes\lg</lgpathtomerge>
      <AllowUploadAttachment>0</AllowUploadAttachment>
      <AllowUploadReferenceDocument>0</AllowUploadReferenceDocument>
      <shouldRollbackManualRecordEdits>true</shouldRollbackManualRecordEdits>
      <shouldShowManualEditsWarning>false</shouldShowManualEditsWarning>
      <UseCultureFormat>true</UseCultureFormat>
      <TransportName>CustomTable</TransportName>
      <LayoutVersion>1.0</LayoutVersion>
    </process>
    <ui>
      <CustomScriptDebug>false</CustomScriptDebug>
      <CustomScriptReadonly>false</CustomScriptReadonly>
      <CustomScript>Controls.CompanyCode__.OnChange = function ()
{
	Controls.DefaultGLAccount__.SetValue("");

};</CustomScript>
      <layout>{
	"*": {
		"Screen": {
			"type": "FlexibleFormLayout",
			"options": {
				"splitterType": "simple-v",
				"version": 0,
				"processHelpId": "5094"
			},
			"*": {
				"form-header": {
					"type": "FlexibleFormHeader",
					"options": {
						"hidePanelsMenu": false,
						"version": 0
					},
					"stamp": 2,
					"data": []
				},
				"form-center": {
					"type": "FlexibleFormCenter",
					"options": {
						"version": 0
					},
					"*": {
						"form-content": {
							"type": "FlexibleFormContent",
							"options": {
								"version": 0
							},
							"*": {
								"form-content-center": {
									"type": "FlexibleFormSplitter",
									"options": {
										"version": 1,
										"box": {
											"top": "0%",
											"left": "0%",
											"width": "100%"
										},
										"hidden": false
									},
									"*": {
										"form-content-center-1": {
											"type": "FlexibleFormLine",
											"data": [],
											"options": {
												"version": 0
											},
											"stamp": 9,
											"*": {
												"DataPanel": {
													"type": "PanelData",
													"options": {
														"border": {},
														"version": 0,
														"labelLength": 0,
														"label": "_Document data",
														"iconURL": "",
														"TitleFontSize": "S",
														"hideActionButtons": false,
														"hideTitleBar": false,
														"hideTitle": false,
														"backgroundcolor": "default",
														"labelsAlignment": "right"
													},
													"*": {
														"FieldsManager": {
															"type": "FieldsManager",
															"options": {
																"controlsAssociation": {
																	"Name__": "LabelName__",
																	"LabelName__": "Name__",
																	"Description__": "LabelDescription__",
																	"LabelDescription__": "Description__",
																	"SupplyID__": "LabelSupplyID__",
																	"LabelSupplyID__": "SupplyID__",
																	"BuyerLogin__": "LabelBuyerLogin__",
																	"LabelBuyerLogin__": "BuyerLogin__",
																	"CompanyCode__": "LabelCompany_code__",
																	"LabelCompany_code__": "CompanyCode__",
																	"RecipientLogin__": "LabelRecipientLogin__",
																	"LabelRecipientLogin__": "RecipientLogin__",
																	"DefaultGLAccount__": "LabelDefaultGLAccount__",
																	"LabelDefaultGLAccount__": "DefaultGLAccount__",
																	"NoGoodsReceipt__": "LabelNoGoodsReceipt__",
																	"LabelNoGoodsReceipt__": "NoGoodsReceipt__",
																	"ParentSupplyID__": "LabelParentSupplyID__",
																	"LabelParentSupplyID__": "ParentSupplyID__",
																	"FullName__": "LabelFullName__",
																	"LabelFullName__": "FullName__",
																	"DefaultCostType__": "LabelDefaultCostType__",
																	"LabelDefaultCostType__": "DefaultCostType__",
																	"NotifyRequesterOnReceipt__": "LabelNotifyRequesterOnReceipt__",
																	"LabelNotifyRequesterOnReceipt__": "NotifyRequesterOnReceipt__"
																},
																"version": 0
															},
															"*": {
																"Grid": {
																	"type": "GridLayout",
																	"options": {
																		"lines": 12,
																		"columns": 2,
																		"version": 0,
																		"ctrlsPos": {
																			"Name__": {
																				"line": 4,
																				"column": 2
																			},
																			"LabelName__": {
																				"line": 4,
																				"column": 1
																			},
																			"Description__": {
																				"line": 6,
																				"column": 2
																			},
																			"LabelDescription__": {
																				"line": 6,
																				"column": 1
																			},
																			"SupplyID__": {
																				"line": 3,
																				"column": 2
																			},
																			"LabelSupplyID__": {
																				"line": 3,
																				"column": 1
																			},
																			"BuyerLogin__": {
																				"line": 7,
																				"column": 2
																			},
																			"LabelBuyerLogin__": {
																				"line": 7,
																				"column": 1
																			},
																			"CompanyCode__": {
																				"line": 1,
																				"column": 2
																			},
																			"LabelCompany_code__": {
																				"line": 1,
																				"column": 1
																			},
																			"RecipientLogin__": {
																				"line": 8,
																				"column": 2
																			},
																			"LabelRecipientLogin__": {
																				"line": 8,
																				"column": 1
																			},
																			"DefaultGLAccount__": {
																				"line": 10,
																				"column": 2
																			},
																			"LabelDefaultGLAccount__": {
																				"line": 10,
																				"column": 1
																			},
																			"NoGoodsReceipt__": {
																				"line": 11,
																				"column": 2
																			},
																			"LabelNoGoodsReceipt__": {
																				"line": 11,
																				"column": 1
																			},
																			"ParentSupplyID__": {
																				"line": 2,
																				"column": 2
																			},
																			"LabelParentSupplyID__": {
																				"line": 2,
																				"column": 1
																			},
																			"FullName__": {
																				"line": 5,
																				"column": 2
																			},
																			"LabelFullName__": {
																				"line": 5,
																				"column": 1
																			},
																			"DefaultCostType__": {
																				"line": 9,
																				"column": 2
																			},
																			"LabelDefaultCostType__": {
																				"line": 9,
																				"column": 1
																			},
																			"NotifyRequesterOnReceipt__": {
																				"line": 12,
																				"column": 2
																			},
																			"LabelNotifyRequesterOnReceipt__": {
																				"line": 12,
																				"column": 1
																			}
																		},
																		"colspans": [
																			[],
																			[],
																			[],
																			[],
																			[],
																			[],
																			[],
																			[],
																			[],
																			[],
																			[],
																			[]
																		]
																	},
																	"data": [
																		"fields"
																	],
																	"*": {
																		"LabelCompany_code__": {
																			"type": "Label",
																			"data": [
																				"CompanyCode__"
																			],
																			"options": {
																				"label": "_Company code",
																				"version": 0
																			},
																			"stamp": 26
																		},
																		"CompanyCode__": {
																			"type": "DatabaseComboBox",
																			"data": [
																				"CompanyCode__"
																			],
																			"options": {
																				"browsable": true,
																				"label": "_Company code",
																				"activable": true,
																				"width": "500",
																				"fTSmaxRecords": "20",
																				"version": 0,
																				"PreFillFTS": true,
																				"helpText": "",
																				"helpURL": "",
																				"helpFormat": "HTML Format",
																				"minNbLines": 1,
																				"maxNbLines": 1
																			},
																			"stamp": 27
																		},
																		"LabelParentSupplyID__": {
																			"type": "Label",
																			"data": [
																				"ParentSupplyID__"
																			],
																			"options": {
																				"label": "_ParentSupplyID",
																				"version": 0,
																				"hidden": false
																			},
																			"stamp": 36
																		},
																		"ParentSupplyID__": {
																			"type": "DatabaseComboBox",
																			"data": [
																				"ParentSupplyID__"
																			],
																			"options": {
																				"version": 1,
																				"label": "_ParentSupplyID",
																				"activable": true,
																				"width": "500",
																				"helpText": "",
																				"helpURL": "",
																				"helpFormat": "HTML Format",
																				"minNbLines": 1,
																				"maxNbLines": 1,
																				"fTSmaxRecords": "20",
																				"browsable": true,
																				"autocompletable": false,
																				"hidden": false,
																				"RestrictSearch": true,
																				"PreFillFTS": true
																			},
																			"stamp": 37
																		},
																		"LabelSupplyID__": {
																			"type": "Label",
																			"data": [
																				"SupplyID__"
																			],
																			"options": {
																				"label": "SupplyID",
																				"version": 0
																			},
																			"stamp": 16
																		},
																		"SupplyID__": {
																			"type": "ShortText",
																			"data": [
																				"SupplyID__"
																			],
																			"options": {
																				"label": "SupplyID",
																				"activable": true,
																				"width": "500",
																				"version": 0,
																				"textSize": "S",
																				"textAlignment": "left",
																				"textStyle": "default",
																				"textColor": "default"
																			},
																			"stamp": 17
																		},
																		"LabelName__": {
																			"type": "Label",
																			"data": [
																				"Name__"
																			],
																			"options": {
																				"label": "Name",
																				"version": 0
																			},
																			"stamp": 14
																		},
																		"Name__": {
																			"type": "ShortText",
																			"data": [
																				"Name__"
																			],
																			"options": {
																				"label": "Name",
																				"activable": true,
																				"width": "500",
																				"version": 0,
																				"length": 100,
																				"textSize": "S",
																				"textAlignment": "left",
																				"textStyle": "default",
																				"textColor": "default"
																			},
																			"stamp": 15
																		},
																		"LabelDescription__": {
																			"type": "Label",
																			"data": [
																				"Description__"
																			],
																			"options": {
																				"label": "Description",
																				"version": 0
																			},
																			"stamp": 18
																		},
																		"Description__": {
																			"type": "ShortText",
																			"data": [
																				"Description__"
																			],
																			"options": {
																				"label": "Description",
																				"activable": true,
																				"width": "500",
																				"version": 0,
																				"textSize": "S",
																				"textAlignment": "left",
																				"textStyle": "default",
																				"textColor": "default"
																			},
																			"stamp": 19
																		},
																		"LabelBuyerLogin__": {
																			"type": "Label",
																			"data": [
																				"BuyerLogin__"
																			],
																			"options": {
																				"label": "BuyerLogin",
																				"version": 0
																			},
																			"stamp": 24
																		},
																		"BuyerLogin__": {
																			"type": "DatabaseComboBox",
																			"data": [
																				"BuyerLogin__"
																			],
																			"options": {
																				"label": "BuyerLogin",
																				"activable": true,
																				"width": "500",
																				"PreFillFTS": true,
																				"fTSmaxRecords": "20",
																				"version": 0,
																				"autocompletable": true,
																				"browsable": true
																			},
																			"stamp": 25
																		},
																		"LabelRecipientLogin__": {
																			"type": "Label",
																			"data": [
																				"RecipientLogin__"
																			],
																			"options": {
																				"label": "RecipientLogin",
																				"version": 0
																			},
																			"stamp": 28
																		},
																		"RecipientLogin__": {
																			"type": "DatabaseComboBox",
																			"data": [
																				"RecipientLogin__"
																			],
																			"options": {
																				"label": "RecipientLogin",
																				"activable": true,
																				"width": "500",
																				"fTSmaxRecords": "20",
																				"PreFillFTS": true,
																				"version": 0,
																				"browsable": true
																			},
																			"stamp": 29
																		},
																		"LabelDefaultGLAccount__": {
																			"type": "Label",
																			"data": [
																				"DefaultGLAccount__"
																			],
																			"options": {
																				"label": "_DefaultGLAccount",
																				"version": 0
																			},
																			"stamp": 30
																		},
																		"DefaultGLAccount__": {
																			"type": "DatabaseComboBox",
																			"data": [
																				"DefaultGLAccount__"
																			],
																			"options": {
																				"version": 1,
																				"label": "_DefaultGLAccount",
																				"activable": true,
																				"width": "500",
																				"helpText": "",
																				"helpURL": "",
																				"helpFormat": "HTML Format",
																				"minNbLines": 1,
																				"maxNbLines": 1,
																				"fTSmaxRecords": "20",
																				"browsable": true,
																				"PreFillFTS": true
																			},
																			"stamp": 31
																		},
																		"LabelDefaultCostType__": {
																			"type": "Label",
																			"data": [
																				"DefaultCostType__"
																			],
																			"options": {
																				"label": "_DefaultCostType"
																			},
																			"stamp": 40
																		},
																		"DefaultCostType__": {
																			"type": "ComboBox",
																			"data": [
																				"DefaultCostType__"
																			],
																			"options": {
																				"possibleValues": {
																					"0": "",
																					"1": "_OpEx",
																					"2": "_CapEx"
																				},
																				"version": 1,
																				"keyValueMode": true,
																				"possibleKeys": {
																					"0": "",
																					"1": "OpEx",
																					"2": "CapEx"
																				},
																				"label": "_DefaultCostType",
																				"activable": true,
																				"width": 80,
																				"helpText": "",
																				"helpURL": "",
																				"helpFormat": "HTML Format",
																				"DataSourceOrigin": "Standalone",
																				"DisplayedColumns": ""
																			},
																			"stamp": 41
																		},
																		"LabelNoGoodsReceipt__": {
																			"type": "Label",
																			"data": [
																				"NoGoodsReceipt__"
																			],
																			"options": {
																				"label": "_NoGoodsReceipt",
																				"version": 0
																			},
																			"stamp": 32
																		},
																		"NoGoodsReceipt__": {
																			"type": "CheckBox",
																			"data": [
																				"NoGoodsReceipt__"
																			],
																			"options": {
																				"label": "_NoGoodsReceipt",
																				"activable": true,
																				"width": 230,
																				"helpText": "",
																				"helpURL": "",
																				"helpFormat": "HTML Format",
																				"version": 0
																			},
																			"stamp": 33
																		},
																		"FullName__": {
																			"type": "ShortText",
																			"data": [
																				"FullName__"
																			],
																			"options": {
																				"textSize": "S",
																				"textAlignment": "left",
																				"textStyle": "default",
																				"textColor": "default",
																				"version": 1,
																				"label": "_FullName",
																				"activable": true,
																				"width": "500",
																				"helpText": "",
																				"helpURL": "",
																				"helpFormat": "HTML Format",
																				"browsable": false,
																				"autocompletable": false
																			},
																			"stamp": 39
																		},
																		"LabelFullName__": {
																			"type": "Label",
																			"data": [
																				"FullName__"
																			],
																			"options": {
																				"label": "_FullName",
																				"version": 0
																			},
																			"stamp": 38
																		},
																		"LabelNotifyRequesterOnReceipt__": {
																			"type": "Label",
																			"data": [
																				"NotifyRequesterOnReceipt__"
																			],
																			"options": {
																				"label": "_NotifyRequesterOnReceipt"
																			},
																			"stamp": 42
																		},
																		"NotifyRequesterOnReceipt__": {
																			"type": "CheckBox",
																			"data": [
																				"NotifyRequesterOnReceipt__"
																			],
																			"options": {
																				"label": "_NotifyRequesterOnReceipt",
																				"activable": true,
																				"width": 230,
																				"helpText": "",
																				"helpURL": "",
																				"helpFormat": "HTML Format",
																				"helpIconPosition": "Right",
																				"possibleValues": {},
																				"possibleKeys": {}
																			},
																			"stamp": 43
																		}
																	},
																	"stamp": 8
																}
															},
															"stamp": 7,
															"data": []
														}
													},
													"stamp": 6,
													"data": []
												}
											}
										}
									},
									"stamp": 5,
									"data": []
								}
							},
							"stamp": 4,
							"data": []
						}
					},
					"stamp": 3,
					"data": []
				},
				"form-footer": {
					"type": "FlexibleFormFooter",
					"options": {
						"splitterType": "simple-h",
						"version": 0
					},
					"*": {
						"Save": {
							"type": "SubmitButton",
							"options": {
								"label": "_Save",
								"action": "savequit",
								"submit": true,
								"version": 0,
								"shortCut": "S"
							},
							"stamp": 11,
							"data": []
						},
						"Close": {
							"type": "SubmitButton",
							"options": {
								"label": "_Close",
								"action": "cancel",
								"submit": true,
								"version": 0,
								"shortCut": "Q"
							},
							"stamp": 12,
							"data": []
						},
						"Delete": {
							"type": "SubmitButton",
							"options": {
								"label": "_Delete",
								"action": "delete",
								"submit": true,
								"version": 0,
								"disabled": true
							},
							"stamp": 13,
							"data": []
						}
					},
					"stamp": 10,
					"data": []
				}
			},
			"stamp": 1,
			"data": []
		}
	},
	"stamps": 43,
	"data": []
}</layout>
    </ui>
  </properties>
  <field deleted="0" format="" guid="LFJS86579005" id="L9Z552000SG7" label="BuyerLogin" length="80" name="BuyerLogin__" originalProcessID="IYID131998" precision="0" processid="J9Z552000SG7" submitable="1" type="STR">
    <properties>
      <db>
        <alias>AL9Z552000SG7</alias>
        <noxml>1</noxml>
        <fullname>/job/processfields/BuyerLogin__</fullname>
        <defaultvalue>
        </defaultvalue>
        <RecordLastWrite>2022-10-25 17:06:28</RecordLastWrite>
      </db>
      <extrainfo>
        <Label>BuyerLogin</Label>
        <Alias>AL9Z552000SG7</Alias>
        <DocMgrDisplayType>webaccess.Edd.ui.DNorLogin</DocMgrDisplayType>
        <ProcessFieldVersion vartype="INT">1</ProcessFieldVersion>
      </extrainfo>
      <field>
        <Editable>false</Editable>
        <required>false</required>
        <TableName>ODUSER</TableName>
        <SortOrder>ASC</SortOrder>
        <DisplayedColumns>Login|DisplayName</DisplayedColumns>
        <SavedColumn>Login</SavedColumn>
        <ProcessName>
        </ProcessName>
        <CustomFilter>(&amp;(Vendor=0)(Customer=0))</CustomFilter>
      </field>
      <ui>
        <_type>String</_type>
        <automatic>true</automatic>
      </ui>
    </properties>
  </field>
  <field deleted="0" format="" guid="RPIX135024" id="M9Z552000SG7" label="_Company code report" length="50" name="CompanyCode__" originalProcessID="IYID131998" precision="0" processid="J9Z552000SG7" submitable="1" type="STR">
    <properties>
      <db>
        <alias>AM9Z552000SG7</alias>
        <index vartype="INT">1</index>
        <noxml>1</noxml>
        <fullname>/job/processfields/CompanyCode__</fullname>
        <jointable>PurchasingCompanycodes__</jointable>
        <jointableid>CT#ECW552000SG7</jointableid>
        <defaultvalue>
        </defaultvalue>
        <joincondition>(source.CompanyCode__=dest.CompanyCode__)</joincondition>
        <RecordLastWrite>2022-10-25 17:06:28</RecordLastWrite>
      </db>
      <extrainfo>
        <Label>_Company code report</Label>
        <Alias>AM9Z552000SG7</Alias>
        <ProcessFieldVersion vartype="INT">1</ProcessFieldVersion>
      </extrainfo>
      <field>
        <Editable>true</Editable>
        <required>false</required>
        <TableName>CT#ECW552000SG7</TableName>
        <SortOrder>
        </SortOrder>
        <DisplayedColumns>CompanyCode__|CompanyName__</DisplayedColumns>
        <DisplayedColumnsIds>
        </DisplayedColumnsIds>
        <UseTableForAutolearn>false</UseTableForAutolearn>
        <SavedColumn>CompanyCode__</SavedColumn>
        <SavedColumnId>
        </SavedColumnId>
        <ProcessName>PurchasingCompanycodes__</ProcessName>
        <KeyColumnId>
        </KeyColumnId>
        <KeyAttribute>
        </KeyAttribute>
        <CustomFilter>
        </CustomFilter>
      </field>
      <gdr>
        <VarType>Area</VarType>
      </gdr>
      <help>
        <helpData>{"helpText":"","helpURL":"","helpFormat":"HTML Format"}</helpData>
      </help>
      <ui>
        <_type>String</_type>
        <automatic>true</automatic>
      </ui>
    </properties>
  </field>
  <field deleted="0" format="" guid="ACF3FP000M4H" id="N9Z552000SG7" label="_DefaultCostType_report" length="50" name="DefaultCostType__" originalProcessID="IYID131998" precision="0" processid="J9Z552000SG7" submitable="1" type="STR">
    <properties>
      <db>
        <alias>AN9Z552000SG7</alias>
        <noxml>1</noxml>
        <fullname>/job/processfields/DefaultCostType__</fullname>
        <defaultvalue>
        </defaultvalue>
        <RecordLastWrite>2022-10-25 17:06:28</RecordLastWrite>
      </db>
      <extrainfo>
        <Type>webaccess.Process.Columns.WithPossibleValues</Type>
        <Label>_DefaultCostType_report</Label>
        <Alias>AN9Z552000SG7</Alias>
        <ProcessFieldVersion vartype="INT">1</ProcessFieldVersion>
      </extrainfo>
      <field>
        <TableName>
        </TableName>
        <DisplayedColumns>
        </DisplayedColumns>
        <DataSourceOrigin>Standalone</DataSourceOrigin>
        <possibleKeys>
OpEx
CapEx</possibleKeys>
        <SavedColumn>
        </SavedColumn>
        <possibleValues>
_OpEx
_CapEx</possibleValues>
        <ProcessName>
        </ProcessName>
      </field>
      <gdr>
        <DisableAutolearn>1</DisableAutolearn>
      </gdr>
      <help>
        <helpData>{"helpText":"","helpURL":"","helpFormat":"HTML Format"}</helpData>
      </help>
      <ui>
        <_type>String</_type>
        <automatic>true</automatic>
      </ui>
    </properties>
  </field>
  <field deleted="0" format="" guid="Z392FP000IYP" id="O9Z552000SG7" label="_DefaultGLAccount" length="30" name="DefaultGLAccount__" originalProcessID="IYID131998" precision="0" processid="J9Z552000SG7" submitable="1" type="STR">
    <properties>
      <db>
        <alias>AO9Z552000SG7</alias>
        <noxml>1</noxml>
        <fullname>/job/processfields/DefaultGLAccount__</fullname>
        <jointable>AP - G/L accounts__</jointable>
        <jointableid>CT#UHW552000SG7</jointableid>
        <defaultvalue>
        </defaultvalue>
        <joincondition>(&amp;(source.DefaultGLAccount__=dest.Account__)(source.CompanyCode__=dest.CompanyCode__))</joincondition>
        <RecordLastWrite>2022-10-25 17:06:28</RecordLastWrite>
      </db>
      <extrainfo>
        <Label>_DefaultGLAccount</Label>
        <Alias>AO9Z552000SG7</Alias>
        <ProcessFieldVersion vartype="INT">1</ProcessFieldVersion>
      </extrainfo>
      <field>
        <Editable>false</Editable>
        <TableName>CT#UHW552000SG7</TableName>
        <SortOrder>ASC</SortOrder>
        <DisplayedColumns>Account__|Description__</DisplayedColumns>
        <DisplayedColumnsIds>
        </DisplayedColumnsIds>
        <UseTableForAutolearn>false</UseTableForAutolearn>
        <SavedColumn>Account__</SavedColumn>
        <SavedColumnId>
        </SavedColumnId>
        <ProcessName>AP - G/L accounts__</ProcessName>
        <KeyColumnId>
        </KeyColumnId>
        <KeyAttribute>
        </KeyAttribute>
        <CustomFilter>(CompanyCode__=%[CompanyCode__])</CustomFilter>
      </field>
      <gdr>
        <DisableAutolearn>1</DisableAutolearn>
      </gdr>
      <help>
        <helpData>{"helpText":"","helpURL":"","helpFormat":"HTML Format"}</helpData>
      </help>
      <ui>
        <_type>String</_type>
        <automatic>true</automatic>
      </ui>
    </properties>
  </field>
  <field deleted="0" format="" guid="JYHF132001" id="P9Z552000SG7" label="Description" length="100" name="Description__" originalProcessID="IYID131998" precision="0" processid="J9Z552000SG7" submitable="1" type="STR">
    <properties>
      <db>
        <alias>AP9Z552000SG7</alias>
        <noxml>1</noxml>
        <fullname>/job/processfields/Description__</fullname>
        <defaultvalue>
        </defaultvalue>
        <RecordLastWrite>2022-10-25 17:06:28</RecordLastWrite>
      </db>
      <extrainfo>
        <Label>Description</Label>
        <Alias>AP9Z552000SG7</Alias>
        <ProcessFieldVersion vartype="INT">1</ProcessFieldVersion>
      </extrainfo>
      <field>
        <required>false</required>
      </field>
      <gdr>
        <VarType>Area</VarType>
      </gdr>
      <ui>
        <_type>String</_type>
        <automatic>true</automatic>
      </ui>
    </properties>
  </field>
  <field deleted="0" format="" guid="DRI2FP000IYP" id="Q9Z552000SG7" label="_FullName_report" length="500" name="FullName__" originalProcessID="IYID131998" precision="0" processid="J9Z552000SG7" submitable="1" type="STR">
    <properties>
      <db>
        <alias>AQ9Z552000SG7</alias>
        <index vartype="INT">1</index>
        <noxml>1</noxml>
        <fullname>/job/processfields/FullName__</fullname>
        <defaultvalue>
        </defaultvalue>
        <RecordLastWrite>2022-10-25 17:06:28</RecordLastWrite>
      </db>
      <extrainfo>
        <Label>_FullName_report</Label>
        <Alias>AQ9Z552000SG7</Alias>
        <ProcessFieldVersion vartype="INT">1</ProcessFieldVersion>
      </extrainfo>
      <gdr>
        <VarType>Area</VarType>
        <DisableAutolearn>1</DisableAutolearn>
      </gdr>
      <help>
        <helpData>{"helpText":"","helpURL":"","helpFormat":"HTML Format"}</helpData>
      </help>
      <ui>
        <_type>String</_type>
        <automatic>true</automatic>
      </ui>
    </properties>
  </field>
  <field deleted="0" format="" guid="ATXD131999" id="R9Z552000SG7" label="Name" length="100" name="Name__" originalProcessID="IYID131998" precision="0" processid="J9Z552000SG7" submitable="1" type="STR">
    <properties>
      <db>
        <alias>AR9Z552000SG7</alias>
        <index vartype="INT">1</index>
        <noxml>1</noxml>
        <fullname>/job/processfields/Name__</fullname>
        <defaultvalue>
        </defaultvalue>
        <RecordLastWrite>2022-10-25 17:06:28</RecordLastWrite>
      </db>
      <extrainfo>
        <Label>Name</Label>
        <Alias>AR9Z552000SG7</Alias>
        <ProcessFieldVersion vartype="INT">1</ProcessFieldVersion>
      </extrainfo>
      <field>
        <required>false</required>
      </field>
      <gdr>
        <VarType>Area</VarType>
      </gdr>
      <ui>
        <_type>String</_type>
        <automatic>true</automatic>
      </ui>
    </properties>
  </field>
  <field deleted="0" format="" guid="GSQ2FP000IYP" id="S9Z552000SG7" label="_NoGoodsReceipt_report" length="0" name="NoGoodsReceipt__" originalProcessID="IYID131998" precision="0" processid="J9Z552000SG7" submitable="1" type="BOOL">
    <properties>
      <db>
        <alias>AS9Z552000SG7</alias>
        <noxml>1</noxml>
        <fullname>/job/processfields/NoGoodsReceipt__</fullname>
        <defaultvalue>false</defaultvalue>
        <RecordLastWrite>2022-10-25 17:06:28</RecordLastWrite>
      </db>
      <extrainfo>
        <Label>_NoGoodsReceipt_report</Label>
        <Alias>AS9Z552000SG7</Alias>
        <ProcessFieldVersion vartype="INT">1</ProcessFieldVersion>
      </extrainfo>
      <gdr>
        <DisableAutolearn>1</DisableAutolearn>
      </gdr>
      <help>
        <helpData>{"helpText":"","helpURL":"","helpFormat":"HTML Format"}</helpData>
      </help>
      <ui>
        <_type>Boolean</_type>
        <automatic>true</automatic>
      </ui>
    </properties>
  </field>
  <field deleted="0" format="" guid="GLY4FP000PA9" id="T9Z552000SG7" label="_NotifyRequesterOnReceipt_report" length="0" name="NotifyRequesterOnReceipt__" originalProcessID="IYID131998" precision="0" processid="J9Z552000SG7" submitable="1" type="BOOL">
    <properties>
      <db>
        <alias>AT9Z552000SG7</alias>
        <noxml>1</noxml>
        <fullname>/job/processfields/NotifyRequesterOnReceipt__</fullname>
        <defaultvalue>false</defaultvalue>
        <RecordLastWrite>2022-10-25 17:06:28</RecordLastWrite>
      </db>
      <extrainfo>
        <Label>_NotifyRequesterOnReceipt_report</Label>
        <Alias>AT9Z552000SG7</Alias>
        <ProcessFieldVersion vartype="INT">1</ProcessFieldVersion>
      </extrainfo>
      <gdr>
        <DisableAutolearn>1</DisableAutolearn>
      </gdr>
      <help>
        <helpData>{"helpText":"","helpURL":"","helpFormat":"HTML Format","helpIconPosition":"Right"}</helpData>
      </help>
      <ui>
        <_type>Boolean</_type>
        <automatic>true</automatic>
      </ui>
    </properties>
  </field>
  <field deleted="0" format="" guid="WXJ2FP000IYP" id="K9Z552000SG7" label="_ParentSupplyID_report" length="50" name="ParentSupplyID__" originalProcessID="IYID131998" precision="0" processid="J9Z552000SG7" submitable="1" type="STR">
    <properties>
      <db>
        <alias>AK9Z552000SG7</alias>
        <noxml>1</noxml>
        <fullname>/job/processfields/ParentSupplyID__</fullname>
        <jointable>PurchasingSupply__</jointable>
        <jointableid>CT#J9Z552000SG7</jointableid>
        <defaultvalue>
        </defaultvalue>
        <defaultvalue>
        </defaultvalue>
        <joincondition>(&amp;(source.ParentSupplyID__=dest.SupplyID__)(source.CompanyCode__=dest.CompanyCode__))</joincondition>
        <RecordLastWrite>2022-10-25 17:06:28</RecordLastWrite>
      </db>
      <extrainfo>
        <Label>_ParentSupplyID_report</Label>
        <Alias>AK9Z552000SG7</Alias>
        <ProcessFieldVersion vartype="INT">1</ProcessFieldVersion>
      </extrainfo>
      <field>
        <Editable>false</Editable>
        <required>false</required>
        <TableName>CT#J9Z552000SG7</TableName>
        <SortOrder>ASC</SortOrder>
        <DisplayedColumns>Name__|FullName__|Description__</DisplayedColumns>
        <DisplayedColumnsIds>
        </DisplayedColumnsIds>
        <UseTableForAutolearn>false</UseTableForAutolearn>
        <SavedColumn>SupplyID__</SavedColumn>
        <SavedColumnId>
        </SavedColumnId>
        <ProcessName>PurchasingSupply__</ProcessName>
        <KeyColumnId>SupplyID__</KeyColumnId>
        <KeyAttribute>SupplyTypeID__</KeyAttribute>
        <CustomFilter>(|(CompanyCode__=%[CompanyCode__])(CompanyCode__=)(CompanyCode__!=*))</CustomFilter>
      </field>
      <gdr>
        <DisableAutolearn>1</DisableAutolearn>
      </gdr>
      <help>
        <helpData>{"helpText":"","helpURL":"","helpFormat":"HTML Format"}</helpData>
      </help>
      <ui>
        <_type>String</_type>
        <automatic>true</automatic>
      </ui>
    </properties>
  </field>
  <field deleted="0" format="" guid="QTNC132043" id="U9Z552000SG7" label="RecipientLogin" length="80" name="RecipientLogin__" originalProcessID="IYID131998" precision="0" processid="J9Z552000SG7" submitable="1" type="STR">
    <properties>
      <db>
        <alias>AU9Z552000SG7</alias>
        <noxml>1</noxml>
        <fullname>/job/processfields/RecipientLogin__</fullname>
        <defaultvalue>
        </defaultvalue>
        <RecordLastWrite>2022-10-25 17:06:28</RecordLastWrite>
      </db>
      <extrainfo>
        <Label>RecipientLogin</Label>
        <Alias>AU9Z552000SG7</Alias>
        <DocMgrDisplayType>webaccess.Edd.ui.DNorLogin</DocMgrDisplayType>
        <ProcessFieldVersion vartype="INT">1</ProcessFieldVersion>
      </extrainfo>
      <field>
        <Editable>false</Editable>
        <TableName>ODUSER</TableName>
        <SortOrder>ASC</SortOrder>
        <DisplayedColumns>Login|DisplayName</DisplayedColumns>
        <SavedColumn>Login</SavedColumn>
        <ProcessName>
        </ProcessName>
        <CustomFilter>(&amp;(Vendor=0)(Customer=0))</CustomFilter>
      </field>
      <ui>
        <_type>String</_type>
        <automatic>true</automatic>
      </ui>
    </properties>
  </field>
  <field deleted="0" format="" guid="KNLY132000" id="V9Z552000SG7" label="SupplyID" length="50" name="SupplyID__" originalProcessID="IYID131998" precision="0" processid="J9Z552000SG7" submitable="1" type="STR">
    <properties>
      <db>
        <alias>AV9Z552000SG7</alias>
        <noxml>1</noxml>
        <fullname>/job/processfields/SupplyID__</fullname>
        <defaultvalue>
        </defaultvalue>
        <RecordLastWrite>2022-10-25 17:06:28</RecordLastWrite>
      </db>
      <extrainfo>
        <Label>SupplyID</Label>
        <Alias>AV9Z552000SG7</Alias>
        <ProcessFieldVersion vartype="INT">1</ProcessFieldVersion>
      </extrainfo>
      <field>
        <required>false</required>
      </field>
      <gdr>
        <VarType>Area</VarType>
      </gdr>
      <ui>
        <_type>String</_type>
        <automatic>true</automatic>
      </ui>
    </properties>
  </field>
  <type id="JLLP13130F1" name="CT">
  </type>
</process>