﻿<?xml version="1.0" encoding="UTF-8" standalone="no"?>
<process accountid="20063076" allowrepairprocess="0" builtin="0" builtinversion="0" carriesapplicationversion="0" creationdatetime="2022-10-25 17:06:51" deleted="0" eskerapplication="" global="0" id="EL0652000SG7" keepcustomization="0" keepfieldsonly="0" keepfieldsproperties="0" keepnewcontroloptions="0" migrationversion="4" name="Send notifs from report lines" needvalidation="0" ootofilter="" ootoversion="0" originalProcessID="PAC215074" ownerid="cn=admin_p2p@paragon-cc.fr,ou=DEV,ou=TrainingP2P,ou=DEMO_JULIEN,ou=05284299,ou=ESK,s=eoo" ownerpb="OnDemand AddressBook" public="1" pushnotification="0" reuseengine="1" sprintversion="5.261.0" transportname="CustomData" upgradable="1" userid="0" version="1" visibility="0">
  <properties>
    <dataConditions>
      <listDataConditions>
				&lt;dataCondition&gt;
					&lt;tableName&gt;P2P - Global Application Settings__&lt;/tableName&gt;
					&lt;filter&gt;msnex=*&lt;/filter&gt;
					&lt;labelKey&gt;_Purchasing disabled&lt;/labelKey&gt;
					&lt;conditions&gt;
						&lt;allowCondition&gt;
							&lt;fieldName&gt;EnablePurchasingGlobalSetting__&lt;/fieldName&gt;
							&lt;fieldValue&gt;1&lt;/fieldValue&gt;
						&lt;/allowCondition&gt;
					&lt;/conditions&gt;
				&lt;/dataCondition&gt;
			</listDataConditions>
    </dataConditions>
    <gdr>
      <AllowTagCoverPages>true</AllowTagCoverPages>
      <AllowTagNewDocuments>true</AllowTagNewDocuments>
      <AllowTagAttachments>true</AllowTagAttachments>
      <extractionscriptIncludedScripts>Sys/Sys_Helpers_Attach</extractionscriptIncludedScripts>
      <extractionscriptIncludedScripts>Sys/Sys_EmailNotification</extractionscriptIncludedScripts>
      <extractionscriptIncludedScripts>Lib_V12.0.461.0</extractionscriptIncludedScripts>
      <extractionscriptIncludedScripts>Lib_P2P_V12.0.461.0</extractionscriptIncludedScripts>
      <extractionscriptIncludedScripts>Lib_Parameters_P2P_V12.0.461.0</extractionscriptIncludedScripts>
      <ExtractionScript>///#GLOBALS Lib
var reportParameter = Variable.GetValueAsString("reportParameter");
if (reportParameter) {
    var params_1 = JSON.parse(reportParameter);
    Sys.EmailNotification.SendReminders({
        template: params_1.template,
        fromName: Language.Translate(params_1.fromName, false),
        backupUserAsCC: true,
        escapeCustomTags: false,
        GetCustomTags: function (user) {
            var vars = user.dbInfo.GetVars();
            var baseUrl = Data.GetValue("ValidationUrl");
            baseUrl = baseUrl.substr(0, baseUrl.lastIndexOf("/"));
            var language = vars.GetValue_String("Language", 0);
            if (params_1.ValidationUrlV1) {
                params_1.ValidationUrl = (Lib.Version &amp;&amp; Lib.Version.PAC) &gt;= 2 ? params_1.ValidationUrlV2 : params_1.ValidationUrlV1;
            }
            var customTags = {
                "RecipientDisplayName": vars.GetValue_String("DisplayName", 0),
                "ApproverDisplayName": vars.GetValue_String("DisplayName", 0),
                "NumberOfItems": user.count,
                "Requisition": Language.TranslateInto(user.count &gt; 1 ? "Requisitions" : "Requisition", language, false),
                "ValidationUrl": baseUrl + params_1.ValidationUrl,
                "DisplayValidationUrlsAsTables": !!params_1.displayAsTable
            };
            if (user.count &gt; 1) {
                customTags.PlurialItems = true;
            }
            if (user.moreInfo.length &gt; 0) {
                customTags.ValidationUrlList = BuildValidationUrlsHtml(user.moreInfo, baseUrl + params_1.ValidationUrl, params_1);
            }
            return customTags;
        },
        sendToAllMembersIfGroup: Sys.Parameters.GetInstance("P2P").GetParameter("SendNotificationsToEachGroupMembers") === "1"
    });
}
function BuildValidationUrlsHtml(lines, baseUrl, parameters) {
    var columnsUrlDesc = parameters.columnsUrlDesc ? parameters.columnsUrlDesc.split(';') : [];
    var displayAsTable = !!parameters.displayAsTable;
    var htmlList = "";
    if (lines.length &gt; 0 &amp;&amp; columnsUrlDesc.length &gt; 0) {
        if (displayAsTable) {
            htmlList = BuildValidationUrlsHtmlTable(lines, baseUrl, columnsUrlDesc);
        }
        else {
            htmlList = BuildValidationUrlsHtmlList(lines, baseUrl, columnsUrlDesc[0]);
        }
    }
    return htmlList;
}
function BuildValidationUrlsHtmlTable(lines, baseUrl, columnsUrlDesc) {
    var htmlTable = "";
    var alreadyAdded = {};
    for (var i = 0; i &lt; lines.length; i++) {
        var lineInfo = lines[i];
        if (!alreadyAdded[lineInfo[0]]) {
            var url = encodeUrl(baseUrl + lineInfo[0]);
            var columns = "";
            for (var j = 0; j &lt; columnsUrlDesc.length; j++) {
                var columnIndex = columnsUrlDesc[j];
                if (columnIndex &lt; lineInfo.length) {
                    columns += '&lt;td style="padding-left: 30px;"&gt;&lt;span&gt;' + lineInfo[columnIndex] + "&lt;/span&gt;&lt;/td&gt;";
                }
            }
            if (columns.length &gt; 0) {
                columns = '&lt;td style="padding-left: 30px;"&gt;&lt;a href=' + url + "&gt;" + Language.Translate("_View") + "&lt;/a&gt;&lt;/td&gt;" + columns;
                htmlTable += "&lt;tr&gt;" + columns + "&lt;/tr&gt;";
                alreadyAdded[lineInfo[0]] = true;
            }
        }
    }
    if (htmlTable.length &gt; 0) {
        htmlTable = "&lt;Table&gt;" + htmlTable + "&lt;/Table&gt;";
    }
    return htmlTable;
}
function BuildValidationUrlsHtmlList(lines, baseUrl, columnUrlDesc) {
    var htmlList = "";
    var alreadyAdded = {};
    for (var i = 0; i &lt; lines.length; i++) {
        var lineInfo = lines[i];
        if (!alreadyAdded[lineInfo[0]]) {
            var url = encodeUrl(baseUrl + lineInfo[0]);
            if (columnUrlDesc &lt; lineInfo.length) {
                htmlList += "&lt;li&gt;&lt;a href=" + url + "&gt;" + lineInfo[columnUrlDesc] + "&lt;/a&gt;&lt;/li&gt;";
                alreadyAdded[lineInfo[0]] = true;
            }
        }
    }
    if (htmlList.length &gt; 0) {
        htmlList = "&lt;ul&gt;" + htmlList + "&lt;/ul&gt;";
    }
    return htmlList;
}
function encodeUrl(url) {
    return url.replace('#', encodeURIComponent('#'));
}
</ExtractionScript>
      <AllowRemovePages>true</AllowRemovePages>
      <AllowSwapPages>true</AllowSwapPages>
    </gdr>
    <lg>
      <process_de>{
	"_FromName_Reminders": "Esker Einkauf",
	"_View": "Anzeigen",
	"Item": "Artikel",
	"Items": "Artikel",
	"Purchase order": "Bestellung",
	"Purchase requisition": "Bestellanforderung",
	"Requisition": "Bestellanforderung",
	"Requisitions": "Bestellanforderungen",
	"Send notifs from report lines": "Automatische Erinnerungen"
}</process_de>
      <process_ja>{
	"_FromName_Reminders": "Esker 調達",
	"_View": "表示",
	"Item": "品目",
	"Items": "品目",
	"Purchase order": "発注書",
	"Purchase requisition": "購買依頼",
	"Requisition": "購買依頼",
	"Requisitions": "購買依頼",
	"Send notifs from report lines": "自動リマインダー"
}</process_ja>
      <process_en>{
	"_FromName_Reminders": "Esker Procurement",
	"_View": "View",
	"Item": "item",
	"Items": "items",
	"Purchase order": "Purchase Order",
	"Purchase requisition": "Purchase Requisition",
	"Requisition": "purchase requisition",
	"Requisitions": "purchase requisitions",
	"Send notifs from report lines": "Automatic reminders"
}</process_en>
      <process_es>{
	"_FromName_Reminders": "Esker Compras",
	"_View": "Ver",
	"Item": "artículo",
	"Items": "artículos",
	"Purchase order": "Pedido de compra",
	"Purchase requisition": "Solicitud de compra",
	"Requisition": "solicitud de compra",
	"Requisitions": "solicitudes de compra",
	"Send notifs from report lines": "Recordatorios automáticos"
}</process_es>
      <process_fr>{
	"_FromName_Reminders": "Esker Achats",
	"_View": "Voir",
	"Item": "article",
	"Items": "articles",
	"Purchase order": "Commande fournisseur",
	"Purchase requisition": "Demande d'achat",
	"Requisition": "demande d'achat",
	"Requisitions": "demandes d'achat",
	"Send notifs from report lines": "Rappels automatiques"
}</process_fr>
      <process_nl-NL>{
	"_FromName_Reminders": "Esker Inkoop",
	"_View": "Bekijken",
	"Item": "item",
	"Items": "items",
	"Purchase order": "Kooporder",
	"Purchase requisition": "Inkoopvordering",
	"Requisition": "inkoopvordering",
	"Requisitions": "inkoopvorderingen",
	"Send notifs from report lines": "Automatische herinneringen"
}</process_nl-NL>
      <process_it>{
	"_FromName_Reminders": "Esker Acquisti",
	"_View": "Visualizza",
	"Item": "articolo",
	"Items": "articoli",
	"Purchase order": "Ordine di acquisto",
	"Purchase requisition": "Richiesta di acquisto",
	"Requisition": "richiesta di acquisto",
	"Requisitions": "richieste di acquisto",
	"Send notifs from report lines": "Promemoria automatici"
}</process_it>
      <process_zh-CN>{
	"_FromName_Reminders": "Esker 采购",
	"_View": "查看",
	"Item": "商品",
	"Items": "商品",
	"Purchase order": "采购订单",
	"Purchase requisition": "请购单",
	"Requisition": "请购单",
	"Requisitions": "请购单",
	"Send notifs from report lines": "自动提醒"
}</process_zh-CN>
      <process_pt-BR>{
	"_FromName_Reminders": "Esker Compras",
	"_View": "Ver",
	"Item": "item",
	"Items": "itens",
	"Purchase order": "Pedido de compra",
	"Purchase requisition": "Requisição de compra",
	"Requisition": "requisição de compra",
	"Requisitions": "requisições de compra",
	"Send notifs from report lines": "Lembretes automáticos"
}</process_pt-BR>
    </lg>
    <ocr>
      <trade-off>accurate</trade-off>
      <image-binarization>no</image-binarization>
      <image-draft-fax>no</image-draft-fax>
      <image-despeckle>no</image-despeckle>
      <allowed-language>0</allowed-language>
      <image-resolution-enhancement>auto</image-resolution-enhancement>
      <ocr_engine>Nuance190</ocr_engine>
      <ocrpagestoprocess>
      </ocrpagestoprocess>
    </ocr>
    <process>
      <flowtype>processing</flowtype>
      <ocrpreset>scan</ocrpreset>
      <homepagelabel>Send notifs from report lines</homepagelabel>
      <enableflexibleauditing>
      </enableflexibleauditing>
      <enableflexibleediting>
      </enableflexibleediting>
      <enableflexibleteaching>
      </enableflexibleteaching>
      <upgradable>yes</upgradable>
      <disableocr>
      </disableocr>
      <instanciable>1</instanciable>
      <disableautolearning>true</disableautolearning>
      <backgroundprocessingthreshold>
      </backgroundprocessingthreshold>
      <EnablePreviewPrecomputation>
      </EnablePreviewPrecomputation>
      <archiveDuration>0</archiveDuration>
      <ocrpagestoprocess>
      </ocrpagestoprocess>
      <ScriptEngineType>2</ScriptEngineType>
      <AllowUploadAttachment>1</AllowUploadAttachment>
      <AllowUploadReferenceDocument>0</AllowUploadReferenceDocument>
      <UseCultureFormat>true</UseCultureFormat>
      <AllowRetryExtractCD>true</AllowRetryExtractCD>
      <TransportName>CustomData</TransportName>
      <LayoutVersion>1.0</LayoutVersion>
    </process>
    <ui>
      <layout>{
	"*": {
		"GDRData": {
			"type": "GDRData",
			"options": {
				"version": 0
			},
			"stamp": 1,
			"data": []
		},
		"OCRParams": {
			"type": "OCRParams",
			"options": {
				"version": 0
			},
			"stamp": 2,
			"data": []
		},
		"Screen": {
			"type": "FlexibleFormLayout",
			"options": {
				"splitterType": "complex",
				"version": 0
			},
			"*": {
				"form-header": {
					"type": "FlexibleFormHeader",
					"options": {
						"version": 0
					},
					"stamp": 3,
					"data": []
				},
				"form-center": {
					"type": "FlexibleFormCenter",
					"options": {
						"version": 0
					},
					"*": {
						"form-content": {
							"type": "FlexibleFormContent",
							"options": {
								"version": 0
							},
							"*": {
								"form-content-top": {
									"type": "FlexibleFormSplitter",
									"options": {
										"autosize": true,
										"version": 1,
										"box": {
											"top": "0%",
											"left": "0%",
											"width": null,
											"height": "16%"
										},
										"hidden": false
									},
									"*": {
										"form-content-top-1": {
											"type": "FlexibleFormLine",
											"options": {
												"version": 0
											},
											"*": {
												"DocumentsPanel": {
													"type": "PanelDocument",
													"options": {
														"version": 0,
														"border": {},
														"labelLength": 0,
														"label": "_Documents"
													},
													"*": {
														"Document": {
															"data": [
																"documentscontroldata"
															],
															"type": "Documents",
															"options": {
																"version": 0
															},
															"stamp": 4
														}
													},
													"stamp": 5,
													"data": []
												}
											},
											"stamp": 6,
											"data": []
										}
									},
									"stamp": 7,
									"data": []
								},
								"form-content-bottom": {
									"type": "FlexibleFormSplitter",
									"options": {
										"version": 1,
										"box": {
											"top": "16%",
											"left": "0%",
											"width": null,
											"height": "84%"
										},
										"hidden": false
									},
									"*": {
										"form-content-left": {
											"type": "FlexibleFormSplitter",
											"options": {
												"version": 1,
												"box": {
													"top": "0%",
													"left": "0%",
													"width": "100%",
													"height": null
												},
												"hidden": false
											},
											"*": {
												"form-content-left-1": {
													"type": "FlexibleFormLine",
													"options": {
														"version": 0
													},
													"*": {
														"DataPanel": {
															"type": "PanelData",
															"options": {
																"border": {},
																"version": 0,
																"labelLength": 0,
																"label": "_Document data"
															},
															"*": {
																"FieldsManager": {
																	"type": "FieldsManager",
																	"options": {
																		"controlsAssociation": {},
																		"version": 0
																	},
																	"*": {
																		"Grid": {
																			"type": "GridLayout",
																			"options": {
																				"lines": 0,
																				"columns": 2,
																				"version": 0,
																				"ctrlsPos": {},
																				"colspans": []
																			},
																			"data": [
																				"fields"
																			],
																			"*": {},
																			"stamp": 8
																		}
																	},
																	"stamp": 9,
																	"data": []
																}
															},
															"stamp": 10,
															"data": []
														}
													},
													"stamp": 11,
													"data": []
												},
												"form-content-left-2": {
													"type": "FlexibleFormLine",
													"options": {
														"version": 0
													},
													"*": {
														"SystemData": {
															"type": "PanelSystemData",
															"options": {
																"multicolumn": false,
																"version": 0,
																"border": {},
																"labelLength": 0,
																"label": "_System data",
																"hidden": true
															},
															"stamp": 12,
															"data": []
														}
													},
													"stamp": 13,
													"data": []
												},
												"form-content-left-3": {
													"type": "FlexibleFormLine",
													"options": {
														"version": 0
													},
													"*": {
														"NextProcess": {
															"type": "PanelNextProcess",
															"options": {
																"hidden": true,
																"version": 0,
																"border": {},
																"labelLength": 0,
																"label": "_Next Process"
															},
															"stamp": 14,
															"data": []
														}
													},
													"stamp": 15,
													"data": []
												}
											},
											"stamp": 16,
											"data": []
										},
										"form-content-right": {
											"type": "FlexibleFormSplitter",
											"options": {
												"version": 1,
												"box": {
													"top": "0%",
													"left": "45%",
													"width": "55%"
												},
												"hidden": true,
												"hideSeparator": true
											},
											"*": {
												"form-content-right-1": {
													"type": "FlexibleFormLine",
													"options": {
														"version": 0
													},
													"*": {
														"PreviewPanel": {
															"type": "PanelPreview",
															"options": {
																"border": {},
																"version": 0,
																"labelLength": 0,
																"label": "_Document Preview"
															},
															"*": {
																"Preview": {
																	"data": [
																		"previewdata"
																	],
																	"type": "Preview",
																	"options": {
																		"version": 0
																	},
																	"stamp": 17
																}
															},
															"stamp": 18,
															"data": []
														}
													},
													"stamp": 19,
													"data": []
												}
											},
											"stamp": 20,
											"data": []
										}
									},
									"stamp": 21,
									"data": []
								}
							},
							"stamp": 22,
							"data": []
						}
					},
					"stamp": 23,
					"data": []
				},
				"form-footer": {
					"type": "FlexibleFormFooter",
					"options": {
						"splitterType": "simple-h",
						"version": 0
					},
					"*": {
						"Save": {
							"type": "SubmitButton",
							"options": {
								"label": "_Save",
								"action": "save",
								"submit": true,
								"version": 0,
								"disabled": true
							},
							"stamp": 24,
							"data": []
						},
						"Approve": {
							"type": "SubmitButton",
							"options": {
								"label": "_Approve",
								"action": "approve",
								"submit": true,
								"version": 0,
								"disabled": true
							},
							"stamp": 25,
							"data": []
						},
						"Reject": {
							"type": "SubmitButton",
							"options": {
								"label": "_Reject",
								"action": "reject",
								"submit": true,
								"version": 0,
								"disabled": true
							},
							"stamp": 26,
							"data": []
						},
						"Reprocess": {
							"type": "SubmitButton",
							"options": {
								"label": "_Reprocess",
								"action": "reprocess",
								"submit": true,
								"version": 0,
								"disabled": true
							},
							"stamp": 27,
							"data": []
						},
						"Close": {
							"type": "SubmitButton",
							"options": {
								"label": "_Close",
								"action": "cancel",
								"submit": true,
								"version": 0
							},
							"stamp": 28,
							"data": []
						}
					},
					"stamp": 29,
					"data": []
				}
			},
			"stamp": 30,
			"data": []
		}
	},
	"stamps": 30,
	"data": []
}</layout>
    </ui>
  </properties>
  <type id="RJRH13130EF" name="CD">
  </type>
</process>