﻿<?xml version="1.0" encoding="UTF-8" standalone="no"?>
<process accountid="20063076" allowrepairprocess="0" builtin="0" builtinversion="0" carriesapplicationversion="0" creationdatetime="2022-10-25 17:04:08" deleted="0" eskerapplication="" global="0" id="LDW552000SG7" keepcustomization="0" keepfieldsonly="0" keepfieldsproperties="0" keepnewcontroloptions="0" migrationversion="4" name="AP - ERP users mapping__" needvalidation="1" ootofilter="" ootoversion="0" originalProcessID="PHQG86683628" ownerid="cn=admin_p2p@paragon-cc.fr,ou=DEV,ou=TrainingP2P,ou=DEMO_JULIEN,ou=05284299,ou=ESK,s=eoo" ownerpb="OnDemand AddressBook" public="1" pushnotification="0" reuseengine="0" sprintversion="5.261.0" transportname="CustomTable" upgradable="1" userid="0" version="1" visibility="0">
  <properties>
    <dataConditions>
      <listDataConditions>
				&lt;dataCondition&gt;
					&lt;tableName&gt;P2P - Global Application Settings__&lt;/tableName&gt;
					&lt;filter&gt;msnex=*&lt;/filter&gt;
					&lt;labelKey&gt;_AP disabled&lt;/labelKey&gt;
					&lt;conditions&gt;
						&lt;allowCondition&gt;
							&lt;fieldName&gt;EnableAccountPayableGlobalSetting__&lt;/fieldName&gt;
							&lt;fieldValue&gt;1&lt;/fieldValue&gt;
						&lt;/allowCondition&gt;
					&lt;/conditions&gt;
				&lt;/dataCondition&gt;
			</listDataConditions>
    </dataConditions>
    <gdr>
    </gdr>
    <lg>
      <process_de>{
	"AP - ERP users mapping": "P2P - ERP-Benutzer",
	"AP - ERP users mapping__": "P2P - ERP-Benutzer",
	"ERPID": "ERP-ID",
	"Login": "ID",
	"Login_Name": "Name"
}</process_de>
      <process_JA>{
	"AP - ERP users mapping": "P2P - ERPユーザー",
	"AP - ERP users mapping__": "P2P - ERPユーザー",
	"ERPID": "ERP ID",
	"Login": "ID",
	"Login_Name": "名前"
}</process_JA>
      <process_en>{
	"AP - ERP users mapping": "P2P - ERP users",
	"AP - ERP users mapping__": "P2P - ERP users",
	"ERPID": "ERP ID",
	"Login": "Identifier",
	"Login_Name": "Name"
}</process_en>
      <process_es>{
	"AP - ERP users mapping": "P2P - Usuarios ERP",
	"AP - ERP users mapping__": "P2P - Usuarios ERP",
	"ERPID": "ID de ERP",
	"Login": "Identificador",
	"Login_Name": "Nombre"
}</process_es>
      <process_fr>{
	"AP - ERP users mapping": "P2P - Utilisateurs ERP",
	"AP - ERP users mapping__": "P2P - Utilisateurs ERP",
	"ERPID": "Identifiant de l'ERP",
	"Login": "Identifiant",
	"Login_Name": "Nom"
}</process_fr>
      <process_nl-NL>{
	"AP - ERP users mapping": "P2P - ERP-gebruikers",
	"AP - ERP users mapping__": "P2P - ERP-gebruikers",
	"ERPID": "ERP ID",
	"Login": "Identificatie",
	"Login_Name": "Naam"
}</process_nl-NL>
      <process_it>{
	"AP - ERP users mapping": "P2P - Utenti ERP",
	"AP - ERP users mapping__": "P2P - Utenti ERP",
	"ERPID": "ID ERP",
	"Login": "Identificatore",
	"Login_Name": "Nome"
}</process_it>
      <process_zh-CN>{
	"AP - ERP users mapping": "采购到支付 - ERP 用户",
	"AP - ERP users mapping__": "采购到支付 - ERP 用户",
	"ERPID": "ERP ID",
	"Login": "标识符",
	"Login_Name": "名称"
}</process_zh-CN>
      <process_pt-BR>{
	"AP - ERP users mapping": "P2P - Usuários de ERP",
	"AP - ERP users mapping__": "P2P - Usuários de ERP",
	"ERPID": "ID do ERP",
	"Login": "Identificador",
	"Login_Name": "Nome"
}</process_pt-BR>
    </lg>
    <process>
      <flowtype>processing</flowtype>
      <homepagelabel>AP - ERP users mapping</homepagelabel>
      <upgradable>yes</upgradable>
      <instanciable>1</instanciable>
      <OverrideAllowedAttachmentExtensions>*</OverrideAllowedAttachmentExtensions>
      <UseActionNameWithScriptApproval>true</UseActionNameWithScriptApproval>
      <AllowUploadAttachment>0</AllowUploadAttachment>
      <AllowUploadReferenceDocument>0</AllowUploadReferenceDocument>
      <shouldRollbackManualRecordEdits>true</shouldRollbackManualRecordEdits>
      <UseCultureFormat>true</UseCultureFormat>
      <TransportName>CustomTable</TransportName>
      <LayoutVersion>1.0</LayoutVersion>
    </process>
    <ui>
      <layout>{
	"*": {
		"Screen": {
			"type": "FlexibleFormLayout",
			"options": {
				"splitterType": "simple-v",
				"version": 0
			},
			"*": {
				"form-header": {
					"type": "FlexibleFormHeader",
					"options": {
						"hidePanelsMenu": false,
						"version": 0
					},
					"stamp": 2,
					"data": []
				},
				"form-center": {
					"type": "FlexibleFormCenter",
					"options": {
						"version": 0
					},
					"*": {
						"form-content": {
							"type": "FlexibleFormContent",
							"options": {
								"version": 0
							},
							"*": {
								"form-content-center": {
									"type": "FlexibleFormSplitter",
									"options": {
										"version": 1,
										"box": {
											"top": "0%",
											"left": "0%",
											"width": "100%"
										},
										"hidden": false
									},
									"*": {
										"form-content-center-1": {
											"type": "FlexibleFormLine",
											"data": [],
											"options": {
												"version": 0
											},
											"stamp": 9,
											"*": {
												"DataPanel": {
													"type": "PanelData",
													"options": {
														"border": {},
														"version": 0,
														"labelLength": 0,
														"iconURL": "",
														"TitleFontSize": "S",
														"hideActionButtons": false,
														"hideTitleBar": false,
														"hideTitle": false,
														"backgroundcolor": "default",
														"labelsAlignment": "right",
														"label": "_Document data"
													},
													"*": {
														"FieldsManager": {
															"type": "FieldsManager",
															"options": {
																"controlsAssociation": {
																	"ERPID__": "LabelERPID__",
																	"LabelERPID__": "ERPID__",
																	"Login__": "LabelLogin__",
																	"LabelLogin__": "Login__"
																},
																"version": 0
															},
															"*": {
																"Grid": {
																	"type": "GridLayout",
																	"options": {
																		"lines": 2,
																		"columns": 2,
																		"version": 0,
																		"ctrlsPos": {
																			"ERPID__": {
																				"line": 1,
																				"column": 2
																			},
																			"LabelERPID__": {
																				"line": 1,
																				"column": 1
																			},
																			"Login__": {
																				"line": 2,
																				"column": 2
																			},
																			"LabelLogin__": {
																				"line": 2,
																				"column": 1
																			}
																		},
																		"colspans": [
																			[],
																			[]
																		]
																	},
																	"data": [
																		"fields"
																	],
																	"*": {
																		"LabelERPID__": {
																			"type": "Label",
																			"data": [
																				"ERPID__"
																			],
																			"options": {
																				"label": "ERPID",
																				"version": 0
																			},
																			"stamp": 14
																		},
																		"ERPID__": {
																			"type": "ShortText",
																			"data": [
																				"ERPID__"
																			],
																			"options": {
																				"textSize": "S",
																				"textAlignment": "left",
																				"textStyle": "default",
																				"textColor": "default",
																				"label": "ERPID",
																				"activable": true,
																				"width": 230,
																				"version": 0
																			},
																			"stamp": 15
																		},
																		"LabelLogin__": {
																			"type": "Label",
																			"data": [
																				"Login__"
																			],
																			"options": {
																				"label": "Login"
																			},
																			"stamp": 18
																		},
																		"Login__": {
																			"type": "DatabaseComboBox",
																			"data": [
																				"Login__"
																			],
																			"options": {
																				"version": 1,
																				"label": "Login",
																				"activable": true,
																				"width": 230,
																				"fTSmaxRecords": "20",
																				"browsable": true
																			},
																			"stamp": 19
																		}
																	},
																	"stamp": 8
																}
															},
															"stamp": 7,
															"data": []
														}
													},
													"stamp": 6,
													"data": []
												}
											}
										}
									},
									"stamp": 5,
									"data": []
								}
							},
							"stamp": 4,
							"data": []
						}
					},
					"stamp": 3,
					"data": []
				},
				"form-footer": {
					"type": "FlexibleFormFooter",
					"options": {
						"splitterType": "simple-h",
						"version": 0
					},
					"*": {
						"Save": {
							"type": "SubmitButton",
							"options": {
								"label": "_Save",
								"action": "savequit",
								"submit": true,
								"version": 0
							},
							"stamp": 11,
							"data": []
						},
						"Close": {
							"type": "SubmitButton",
							"options": {
								"label": "_Close",
								"action": "cancel",
								"submit": true,
								"version": 0
							},
							"stamp": 12,
							"data": []
						},
						"Delete": {
							"type": "SubmitButton",
							"options": {
								"label": "_Delete",
								"action": "delete",
								"submit": true,
								"version": 0,
								"disabled": true
							},
							"stamp": 13,
							"data": []
						}
					},
					"stamp": 10,
					"data": []
				}
			},
			"stamp": 1,
			"data": []
		}
	},
	"stamps": 19,
	"data": []
}</layout>
    </ui>
  </properties>
  <field deleted="0" format="" guid="CLJE86683629" id="MDW552000SG7" label="ERPID" length="50" name="ERPID__" originalProcessID="PHQG86683628" precision="0" processid="LDW552000SG7" submitable="1" type="STR">
    <properties>
      <db>
        <alias>AMDW552000SG7</alias>
        <noxml>1</noxml>
        <fullname>/job/processfields/ERPID__</fullname>
        <defaultvalue>
        </defaultvalue>
        <RecordLastWrite>2016-01-27 18:17:54</RecordLastWrite>
      </db>
      <extrainfo>
        <Label>ERPID</Label>
        <Alias>AMDW552000SG7</Alias>
        <ProcessFieldVersion vartype="INT">1</ProcessFieldVersion>
      </extrainfo>
      <gdr>
        <VarType>Area</VarType>
      </gdr>
      <ui>
        <_type>String</_type>
        <automatic>true</automatic>
      </ui>
    </properties>
  </field>
  <field deleted="0" format="" guid="UOFK86683631" id="NDW552000SG7" label="Login" length="80" name="Login__" originalProcessID="PHQG86683628" precision="0" processid="LDW552000SG7" submitable="1" type="STR">
    <properties>
      <db>
        <alias>ANDW552000SG7</alias>
        <noxml>1</noxml>
        <fullname>/job/processfields/Login__</fullname>
        <defaultvalue>
        </defaultvalue>
        <RecordLastWrite>2016-01-27 18:23:13</RecordLastWrite>
      </db>
      <extrainfo>
        <Label>Login</Label>
        <Alias>ANDW552000SG7</Alias>
        <DocMgrDisplayType>webaccess.Edd.ui.DNorLogin</DocMgrDisplayType>
        <ProcessFieldVersion vartype="INT">1</ProcessFieldVersion>
      </extrainfo>
      <field>
        <Editable>false</Editable>
        <TableName>ODUSER</TableName>
        <SortOrder>ASC</SortOrder>
        <DisplayedColumns>DisplayName|Login</DisplayedColumns>
        <SavedColumn>Login</SavedColumn>
        <ProcessName>
        </ProcessName>
        <CustomFilter>(&amp;(vendor=0)(customer=0))</CustomFilter>
      </field>
      <ui>
        <_type>String</_type>
        <automatic>true</automatic>
      </ui>
    </properties>
  </field>
  <type id="JLLP13130F1" name="CT">
  </type>
</process>