﻿<?xml version="1.0" encoding="UTF-8" standalone="no"?>
<process accountid="20063076" allowrepairprocess="0" builtin="0" builtinversion="0" carriesapplicationversion="0" creationdatetime="2022-10-25 17:04:20" deleted="0" eskerapplication="" global="0" id="QIW552000SG7" keepcustomization="0" keepfieldsonly="0" keepfieldsproperties="0" keepnewcontroloptions="0" migrationversion="4" name="AP - Payment terms__" needvalidation="1" ootofilter="" ootoversion="0" originalProcessID="PHQG667577" ownerid="cn=admin_p2p@paragon-cc.fr,ou=DEV,ou=TrainingP2P,ou=DEMO_JULIEN,ou=05284299,ou=ESK,s=eoo" ownerpb="OnDemand AddressBook" public="1" pushnotification="0" reuseengine="0" sprintversion="5.261.0" transportname="CustomTable" upgradable="1" userid="0" version="1" visibility="0">
  <properties>
    <dbIndex>
      <AUTO_ARIW552000SG7A>&lt;Index&gt;&lt;Ref Name="ARIW552000SG7" Option="ASC"/&gt;&lt;/Index&gt;</AUTO_ARIW552000SG7A>
      <AUTO_AVIW552000SG7A>&lt;Index&gt;&lt;Ref Name="AVIW552000SG7" Option="ASC"/&gt;&lt;/Index&gt;</AUTO_AVIW552000SG7A>
    </dbIndex>
    <gdr>
    </gdr>
    <lg>
      <process_de>{
	"_Company code": "Buchungskreis",
	"_Description": "Beschreibung",
	"_Discount period": "Skontofrist (Tage)",
	"_Discount Rate 30 Days": "Skonto bei vorzeitiger Zahlung während der ersten 30 Tage (%)",
	"_Discount Rate 30 Days_report": "Skonto bei vorzeitiger Zahlung während der ersten 30 Tage (%)",
	"_DiscountRate": "Skonto (%)",
	"_Document data": "Angaben zur Zahlung",
	"_Early payment discounting": "Skonto",
	"_End of month": "Monatsende",
	"_Invoice date": "Rechnungsdatum",
	"_Late payment fee rate": "Geschätzter Säumniszuschlag (%)",
	"_Payment day": "Kalendertag",
	"_Payment period": "Zahlungsfrist (Tage)",
	"_Payment period_report": "Zahlungsfrist (Tage)",
	"_PaymentDay_report": "Kalendertag",
	"_Posting date": "Buchungsdatum",
	"_Reference date": "Bezugsdatum",
	"_Tooltip enable dynamic discounting": "Diese Option ist standardmäßig für generische ERP-Integrationen verfügbar.&lt;br&gt; Für andere Arten von ERPs müssen Sie die Zahlungsfunktion in den globalen Konfigurationseinstellungen aktivieren und einen Zahlungsdienstleister in der Anwendungskonfiguration auswählen.",
	"_TooltipDiscountRate": "Geben Sie den Skontosatz für die oben angegebene Skontofrist ein.",
	"_TooltipDiscountRate30Days": "Geben Sie den Skontosatz als Referenzwert für die Berechnung des angewandten Skontos basierend auf der Anzahl der Tage der vorzeitigen Zahlung ein.&lt;br&gt; Wenn zum Beispiel der Skontosatz auf der Grundlage einer vorzeitigen Zahlung innerhalb 30 Tagen auf 1% festgelegt wird und die Rechnung 20 Tage vor Fälligkeit bezahlt wird, ist das Skonto definiert als der angegebene Skontosatz multipliziert mit der Anzahl der Tage der vorzeitigen Zahlung (20) geteilt durch 30 (= 0,67 %).",
	"AP - Payment terms": "P2P - Zahlungsbedingungen",
	"_Currency": "Währung",
	"_Days": "Tage bis zur Zahlung",
	"_Discount amount": "Skontobetrag",
	"_Discount amount_report": "Skontobetrag",
	"_Discount limit date": "Skontoablauf",
	"_Discount limit date_report": "Skontoablauf",
	"_Discount rate": "Skontosatz (%)",
	"_Discount rate_report": "Skontosatz (%)",
	"_Due date": "Fälligkeitsdatum",
	"_EarlyPaymentSettingsPane": "Vorzeitige Zahlung",
	"_Enable dynamic discounting": "Dynamisches Skontomanagement aktivieren",
	"_Enable dynamic discounting_report": "Dynamische Skontomanagement aktiviert",
	"_Invoice amount": "Gesamtbetrag",
	"_Invoice number": "Rechnungsnummer",
	"_Order number": "Bestellnummer",
	"_Payment amount": "Fälliger Betrag",
	"_Payment terms": "Zahlungsbedingungen",
	"_Payment terms_report": "Zahlungsbedingungen",
	"_Remaining": "Tage bis zur Fälligkeit",
	"_RequestedPaymentDate": "Gewünschtes Zahlungsdatum",
	"_RequestedPaymentDate_report": "Gewünschtes Zahlungsdatum",
	"_Summary": "Übersicht",
	"_Summary selected discount amount": "Skontobetrag",
	"_Summary selected invoices": "Ausgewählte Rechnungen",
	"_Summary selected invoices amount": "Gesamtrechnungsbetrag",
	"_Summary selected payment amount": "Zahlungssumme",
	"_VendorCanProposeDiscountRate": "Skontovorschläge zulassen",
	"_VendorCanProposeDiscountRate_report": "Skontovorschläge zulassen",
	"_VendorCanProposeEarlyPayment": "Anforderungen vorzeitiger Zahlung zulassen",
	"_VendorCanProposeEarlyPayment_report": "Anforderungen vorzeitiger Zahlung zulassen",
	"_VendorCanProposeEarlyPaymentTooltip": "Wählen Sie diese Option aus, damit Lieferanten im Lieferantenportal frühzeitige Zahlungen anfordern können.",
	"_View PDF": "PDF anzeigen"
}</process_de>
      <process_JA>{
	"_Company code": "会社コード",
	"_Description": "説明",
	"_Discount period": "割引期間 (日数)",
	"_Discount Rate 30 Days": "30日前払いに基づく割引 (%)",
	"_Discount Rate 30 Days_report": "30日前払いに基づく割引 (%)",
	"_DiscountRate": "割引 (%)",
	"_Document data": "支払情報",
	"_Early payment discounting": "早期支払割引 (%)",
	"_End of month": "月末",
	"_Invoice date": "請求日付",
	"_Late payment fee rate": "遅延損害金 (%)",
	"_Payment day": "毎月の指定日",
	"_Payment period": "支払期間（日数）",
	"_Payment period_report": "支払期間（日数）",
	"_PaymentDay_report": "毎月の指定日",
	"_Posting date": "登録日",
	"_Reference date": "基準日",
	"_Tooltip enable dynamic discounting": "このオプションは、デフォルトで一般的なERP統合に使用できます。&lt;br&gt;\n他のタイプのERPの場合、グローバル設定で支払い機能を有効にし、アプリケーション設定で決済サービスプロバイダーを選択してください。",
	"_TooltipDiscountRate": "上記に指定された早期支払割引期間に適用可能な割引率を入力してください。",
	"_TooltipDiscountRate30Days": "早期支払の日数に基づいて適用される割引を計算する基準値としての割引率を入力してください。&lt;br&gt;\nたとえば、30日前払いに基づいて割引率が1%に設定されており、請求書期日の20日前に支払う場合、適用される割引は「指定の割引率 (1%) x 期日から前払いまでの日数 (20日) を30で割ったもの」(この場合、0.67%) になります。",
	"AP - Payment terms": "P2P - 支払条件",
	"_Currency": "通貨",
	"_Days": "支払までの日数",
	"_Discount amount": "割引額",
	"_Discount amount_report": "割引額",
	"_Discount limit date": "割引期限",
	"_Discount limit date_report": "割引期限",
	"_Discount rate": "割引率 (%)",
	"_Discount rate_report": "割引率 (%)",
	"_Due date": "支払期日",
	"_EarlyPaymentSettingsPane": "早期支払",
	"_Enable dynamic discounting": "動的割引を有効にする",
	"_Enable dynamic discounting_report": "動的割引を有効にする",
	"_Invoice amount": "請求金額",
	"_Invoice number": "請求書番号",
	"_Order number": "注文番号",
	"_Payment amount": "支払額",
	"_Payment terms": "支払条件",
	"_Payment terms_report": "支払条件",
	"_Remaining": "期日までの日数",
	"_RequestedPaymentDate": "支払依頼日",
	"_RequestedPaymentDate_report": "支払依頼日",
	"_Summary": "概要",
	"_Summary selected discount amount": "割引額",
	"_Summary selected invoices": "選択された請求書",
	"_Summary selected invoices amount": "合計請求額",
	"_Summary selected payment amount": "お支払い合計",
	"_VendorCanProposeDiscountRate": "割引提案を許可する",
	"_VendorCanProposeDiscountRate_report": "割引提案を許可する",
	"_VendorCanProposeEarlyPayment": "早期支払いリクエストを許可する",
	"_VendorCanProposeEarlyPayment_report": "早期支払いリクエストを許可する",
	"_VendorCanProposeEarlyPaymentTooltip": "このオプションを選択すると、仕入先は仕入先ポータルから早期支払いをリクエストすることができます。",
	"_View PDF": "PDF を表示"
}</process_JA>
      <process_en>{
	"_Company code": "Company code",
	"_Description": "Description",
	"_Discount period": "Discount period (days)",
	"_Discount Rate 30 Days": "Discount on a 30-day early payment basis (%)",
	"_Discount Rate 30 Days_report": "Discount on a 30-day early payment basis (%)",
	"_DiscountRate": "Discount (%)",
	"_Document data": "Payment Information",
	"_Early payment discounting": "Early Payment Discount",
	"_End of month": "End of month",
	"_Invoice date": "Invoice date",
	"_Late payment fee rate": "Potential late fee (%)",
	"_Payment day": "Day of month",
	"_Payment period": "Payment period (days)",
	"_Payment period_report": "Payment period (days)",
	"_PaymentDay_report": "Day of month",
	"_Posting date": "Posting date",
	"_Reference date": "Reference date",
	"_Tooltip enable dynamic discounting": "This option is available by default for generic ERP integrations.&lt;br&gt;\nFor other types of ERPs, you need to enable the payment feature in the global configuration settings and select a payment provider in the application configuration.",
	"_TooltipDiscountRate": "Enter the discount rate applicable to the early payment discount period specified above.",
	"_TooltipDiscountRate30Days": "Enter the discount rate used as the reference value to calculate the discount applied, based on the number of days of early payment.&lt;br&gt;\nFor example, if the discount rate is set to 1% on a basis of a 30-day early payment and the invoice is paid 20 days before the due date, the discount applied is the specified discount rate multiplied by the number of early payment days (20) and divided by 30 (=0.67%).\n",
	"AP - Payment terms": "P2P - Payment terms",
	"_Currency": "Currency",
	"_Days": "Days until payment",
	"_Discount amount": "Discount amount",
	"_Discount amount_report": "Discount amount",
	"_Discount limit date": "Discount expiration",
	"_Discount limit date_report": "Discount expiration",
	"_Discount rate": "Discount rate (%)",
	"_Discount rate_report": "Discount rate (%)",
	"_Due date": "Due date",
	"_EarlyPaymentSettingsPane": "Early Payment",
	"_Enable dynamic discounting": "Enable dynamic discounting",
	"_Enable dynamic discounting_report": "Enable dynamic discounting",
	"_Invoice amount": "Invoice amount",
	"_Invoice number": "Invoice number",
	"_Order number": "Order number",
	"_Payment amount": "Amount due",
	"_Payment terms": "Payment terms",
	"_Payment terms_report": "Payment terms",
	"_Remaining": "Days until due",
	"_RequestedPaymentDate": "Requested payment date",
	"_RequestedPaymentDate_report": "Requested payment date",
	"_Summary": "Summary",
	"_Summary selected discount amount": "Total discount amount",
	"_Summary selected invoices": "Selected invoices",
	"_Summary selected invoices amount": "Total invoice amount",
	"_Summary selected payment amount": "Payment total",
	"_VendorCanProposeDiscountRate": "Allow discount proposals",
	"_VendorCanProposeDiscountRate_report": "Allow discount proposals",
	"_VendorCanProposeEarlyPayment": "Allow early payment requests",
	"_VendorCanProposeEarlyPayment_report": "Allow early payment requests",
	"_VendorCanProposeEarlyPaymentTooltip": "Select this option to allow vendors to request early payments from the vendor portal.",
	"_View PDF": "View PDF"
}</process_en>
      <process_es>{
	"_Company code": "Código de empresa",
	"_Description": "Descripción",
	"_Discount period": "Período de descuento (días)",
	"_Discount Rate 30 Days": "Descuento por pronto pago a 30 días (%)",
	"_Discount Rate 30 Days_report": "Descuento por pronto pago a 30 días (%)",
	"_DiscountRate": "Descuento (%)",
	"_Document data": "Información de pago",
	"_Early payment discounting": "Descuento por pronto pago",
	"_End of month": "Fin de mes",
	"_Invoice date": "Fecha de factura",
	"_Late payment fee rate": "Estimación de cargos por mora (%)",
	"_Payment day": "Día del mes",
	"_Payment period": "Plazo de pago (días)",
	"_Payment period_report": "Plazo de pago (días)",
	"_PaymentDay_report": "Día del mes",
	"_Posting date": "Fecha de contabilización",
	"_Reference date": "Fecha de referencia",
	"_Tooltip enable dynamic discounting": "Esta opción está disponible de forma predeterminada para las integraciones genéricas de ERP.&lt;br&gt;\nPara otros tipos de ERP, es necesario activar la función de pago en los ajustes de configuración global y seleccionar un proveedor de pagos en la configuración de la aplicación.",
	"_TooltipDiscountRate": "Introduzca la tasa de descuento aplicable al periodo de descuento por pronto pago especificado anteriormente.",
	"_TooltipDiscountRate30Days": "Introduzca la tasa de descuento utilizada como valor de referencia para calcular el descuento aplicado, en función del número de días de pronto pago.&lt;br&gt;\nPor ejemplo, si la tasa de descuento es de 1% sobre la base de un pronto pago de 30 días y la factura se paga 20 días antes de la fecha de vencimiento, el descuento aplicado es la tasa de descuento especificada multiplicado por el número de días de pronto pago (20) y dividido por 30 (=0,67%).",
	"AP - Payment terms": "P2P - Condiciones de pago",
	"_Currency": "Divisa",
	"_Days": "Días hasta el pago",
	"_Discount amount": "Importe del descuento",
	"_Discount amount_report": "Importe del descuento",
	"_Discount limit date": "Caducidad del descuento",
	"_Discount limit date_report": "Caducidad del descuento",
	"_Discount rate": "Tasa del descuento  (%)",
	"_Discount rate_report": "Tasa del descuento  (%)",
	"_Due date": "Fecha de vencimiento",
	"_EarlyPaymentSettingsPane": "Pronto pago",
	"_Enable dynamic discounting": "Habilitar los descuentos dinámicos",
	"_Enable dynamic discounting_report": "Descuentos dinámicos habilitados",
	"_Invoice amount": "Importe total",
	"_Invoice number": "Número de factura",
	"_Order number": "Número de pedido",
	"_Payment amount": "Importe a pagar",
	"_Payment terms": "Condiciones de pago",
	"_Payment terms_report": "Condiciones de pago",
	"_Remaining": "Días hasta vencimiento",
	"_RequestedPaymentDate": "Fecha de pago solicitada",
	"_RequestedPaymentDate_report": "Fecha de pago solicitada",
	"_Summary": "Resumen",
	"_Summary selected discount amount": "Importe del descuento",
	"_Summary selected invoices": "Facturas seleccionadas",
	"_Summary selected invoices amount": "Importe de facturas",
	"_Summary selected payment amount": "Total a pagar",
	"_VendorCanProposeDiscountRate": "Permitir las propuestas de descuento",
	"_VendorCanProposeDiscountRate_report": "Permitir las propuestas de descuento",
	"_VendorCanProposeEarlyPayment": "Permitir las solicitudes de pronto pago",
	"_VendorCanProposeEarlyPayment_report": "Permitir las solicitudes de pronto pago",
	"_VendorCanProposeEarlyPaymentTooltip": "Seleccione esta opción para permitir a los proveedores solicitar pronto pago desde el portal de proveedores.",
	"_View PDF": "Ver PDF"
}</process_es>
      <process_fr>{
	"_Company code": "Code société",
	"_Description": "Description",
	"_Discount period": "Délai d'escompte (jours)",
	"_Discount Rate 30 Days": "Escompte sur une base de paiement anticipé à 30 jours (%)",
	"_Discount Rate 30 Days_report": "Escompte sur une base de paiement anticipé à 30 jours (%)",
	"_DiscountRate": "Escompte (%)",
	"_Document data": "Informations de paiement",
	"_Early payment discounting": "Escompte pour paiement anticipé",
	"_End of month": "Fin de mois",
	"_Invoice date": "Date de facture",
	"_Late payment fee rate": "Pénalités encourues (%)",
	"_Payment day": "Jour du mois",
	"_Payment period": "Délai de paiement (jours)",
	"_Payment period_report": "Délai de paiement (jours)",
	"_PaymentDay_report": "Jour du mois",
	"_Posting date": "Date de comptabilisation",
	"_Reference date": "Date de référence",
	"_Tooltip enable dynamic discounting": "Cette option est disponible par défaut pour les intégrations d'ERP génériques.&lt;br&gt;\nPour les autres types d'ERP, vous devez activer la fonctionnalité de paiement dans les paramètres de configuration globaux et sélectionner un fournisseur de paiement dans la configuration de l'application.",
	"_TooltipDiscountRate": "Saisissez le taux d'escompte applicable au délai d'escompte spécifié ci-dessus.",
	"_TooltipDiscountRate30Days": "Saisissez le taux d'escompte de référence utilisé pour calculer l'escompte appliqué, en fonction du nombre de jours de paiement anticipé.&lt;br&gt;\nPar exemple, si le taux d'escompte est de 1 % sur une base de paiement anticipé à 30 jours et que la facture est payée 20 jours avant la date d'échéance, on applique le taux d'escompte spécifié (1 %) multiplié par le nombre de jours de paiement anticipé (20) et divisé par 30 (= 0,67 %).",
	"AP - Payment terms": "P2P - Conditions de paiement",
	"_Currency": "Devise",
	"_Days": "Jours avant paiement",
	"_Discount amount": "Montant de l'escompte",
	"_Discount amount_report": "Montant de l'escompte",
	"_Discount limit date": "Expiration de l'escompte",
	"_Discount limit date_report": "Expiration de l'escompte",
	"_Discount rate": "Taux de l'escompte (%)",
	"_Discount rate_report": "Taux de l'escompte (%)",
	"_Due date": "Date d'échéance",
	"_EarlyPaymentSettingsPane": "Paiement anticipé",
	"_Enable dynamic discounting": "Activer les escomptes dynamiques",
	"_Enable dynamic discounting_report": "Escomptes dynamiques activés",
	"_Invoice amount": "Montant TTC",
	"_Invoice number": "Numéro de facture",
	"_Order number": "Numéro de commande",
	"_Payment amount": "Montant dû",
	"_Payment terms": "Conditions de paiement",
	"_Payment terms_report": "Conditions de paiement",
	"_Remaining": "Jours avant échéance",
	"_RequestedPaymentDate": "Date de paiement demandée",
	"_RequestedPaymentDate_report": "Date de paiement demandée",
	"_Summary": "Résumé",
	"_Summary selected discount amount": "Montant de l'escompte",
	"_Summary selected invoices": "Factures sélectionnées",
	"_Summary selected invoices amount": "Montant des factures",
	"_Summary selected payment amount": "Total du paiement",
	"_VendorCanProposeDiscountRate": "Autoriser les propositions d'escompte",
	"_VendorCanProposeDiscountRate_report": "Autoriser les propositions d'escompte",
	"_VendorCanProposeEarlyPayment": "Autoriser les demandes de paiement anticipé",
	"_VendorCanProposeEarlyPayment_report": "Autoriser les demandes de paiement anticipé",
	"_VendorCanProposeEarlyPaymentTooltip": "Sélectionnez cette option pour permettre aux fournisseurs de demander des paiements anticipés depuis le portail fournisseur.",
	"_View PDF": "Voir le PDF"
}</process_fr>
      <process_nl-NL>{
	"_Company code": "Bedrijfscode",
	"_Description": "Beschrijving",
	"_Discount period": "Kortingsperiode (dagen)",
	"_Discount Rate 30 Days": "Korting op basis van 30 dagen vroegtijdige betaling (%)",
	"_Discount Rate 30 Days_report": "Korting op basis van 30 dagen vroegtijdige betaling (%)",
	"_DiscountRate": "Korting (%)",
	"_Document data": "Betaalgegevens",
	"_Early payment discounting": "Korting vroegtijdige betaling",
	"_End of month": "Einde maand",
	"_Invoice date": "Factuurdatum",
	"_Late payment fee rate": "Potentiële kosten laattijdig (%)",
	"_Payment day": "Dag van de maand",
	"_Payment period": "Betaalperiode (dagen)",
	"_Payment period_report": "Betaalperiode (dagen)",
	"_PaymentDay_report": "Dag van de maand",
	"_Posting date": "Boekingsdatum",
	"_Reference date": "Referentiedatum",
	"_Tooltip enable dynamic discounting": "Deze optie is standaard beschikbaar voor algemene ERP-integraties.&lt;br&gt; Voor andere soorten ERP’s moet u de betaalfunctie inschakelen in de algemene configuratie-instellingen en een betalingsprovider selecteren in de configuratie van de toepassing.",
	"_TooltipDiscountRate": "Voer het toepasselijke kortingspercentage voor de hierboven vermelde kortingsperiode voor vroegtijdige betaling in.",
	"_TooltipDiscountRate30Days": "Voer het kortingspercentage in dat wordt gebruikt als referentiewaarde om de toegepaste korting te berekenen, op basis van het aantal dagen van vroegtijdige betaling.&lt;br&gt; Als het kortingspercentage bijvoorbeeld is ingesteld op 1% op basis van vroegtijdige betaling binnen 30 dagen en de factuur wordt 20 dagen voor de vervaldatum betaald, dan is de toegepaste korting het opgegeven kortingspercentage vermenigvuldigd met het aantal dagen vroegtijdige betaling (20) en gedeeld door 30 (=0,67%).",
	"AP - Payment terms": "P2P - Betalingstermijnen",
	"_Currency": "Valuta",
	"_Days": "Dagen tot betaling",
	"_Discount amount": "Bedrag korting",
	"_Discount amount_report": "Bedrag korting",
	"_Discount limit date": "Vervaldatum korting",
	"_Discount limit date_report": "Vervaldatum korting",
	"_Discount rate": "Kortingspercentage",
	"_Discount rate_report": "Kortingspercentage",
	"_Due date": "Vervaldatum",
	"_EarlyPaymentSettingsPane": "Vroegtijdige betaling",
	"_Enable dynamic discounting": "Dynamische korting inschakelen",
	"_Enable dynamic discounting_report": "Dynamische korting inschakelen",
	"_Invoice amount": "Factuurbedrag",
	"_Invoice number": "Factuurnummer",
	"_Order number": "Bestelnummer",
	"_Payment amount": "Verschuldigd bedrag",
	"_Payment terms": "Betalingstermijnen",
	"_Payment terms_report": "Betalingstermijnen",
	"_Remaining": "Dagen tot vervaldatum",
	"_RequestedPaymentDate": "Gevraagde betaaldatum",
	"_RequestedPaymentDate_report": "Vervaldatum korting",
	"_Summary": "Samenvatting",
	"_Summary selected discount amount": "Bedrag korting",
	"_Summary selected invoices": "Geselecteerde facturen",
	"_Summary selected invoices amount": "Totaal factuurbedrag",
	"_Summary selected payment amount": "Totaal betaling",
	"_VendorCanProposeDiscountRate": "Kortingsvoorstellen toestaan",
	"_VendorCanProposeDiscountRate_report": "Kortingsvoorstellen toestaan",
	"_VendorCanProposeEarlyPayment": "Verzoeken om snelle betaling toestaan",
	"_VendorCanProposeEarlyPayment_report": "Verzoeken om snelle betaling toestaan",
	"_VendorCanProposeEarlyPaymentTooltip": "Selecteer deze optie om leveranciers toe te staan snelle betalingen te vragen via de portal voor leveranciers.",
	"_View PDF": "Bekijk PDF"
}</process_nl-NL>
      <process_it>{
	"_Company code": "Codice società",
	"_Description": "Descrizione",
	"_Discount period": "Periodo sconto (giorni)",
	"_Discount Rate 30 Days": "Sconto base su un pagamento anticipato di 30 giorni (%)",
	"_Discount Rate 30 Days_report": "Sconto base su un pagamento anticipato di 30 giorni (%)",
	"_DiscountRate": "Sconto (%)",
	"_Document data": "Informazioni pagamento",
	"_Early payment discounting": "Sconto per pagamento anticipato",
	"_End of month": "Fine del mese",
	"_Invoice date": "Data fattura",
	"_Late payment fee rate": "Interessi di mora previsionali (%)",
	"_Payment day": "Giorno del mese",
	"_Payment period": "Termine di pagamento (giorni)",
	"_Payment period_report": "Termine di pagamento (giorni)",
	"_PaymentDay_report": "Giorno del mese",
	"_Posting date": "Data registrazione",
	"_Reference date": "Data riferimento",
	"_Tooltip enable dynamic discounting": "Questa opzione è disponibile per impostazione predefinita per le integrazioni di ERP generici.&lt;br&gt;\nPer gli altri tipi di ERP, è necessario attivare la funzionalità di pagamento nelle impostazioni di configurazione globali e selezionare un provider del servizio di pagamento nella configurazione dell'applicazione.",
	"_TooltipDiscountRate": "Immettere il tasso di sconto applicabile al periodo di sconto per pagamento anticipato sopra indicato.",
	"_TooltipDiscountRate30Days": "Immettere il tasso di sconto di riferimento usato per calcolare lo sconto applicato in base al numero di giorni di pagamento anticipato.&lt;br&gt;\nAd esempio, se il tasso di sconto è dell'1% su una base di un pagamento anticipato a 30 giorni e la fattura è pagata 20 giorni prima della data di scadenza, si applica il tasso di sconto specificato (1%) moltiplicato per il numero di giorni di pagamento anticipato (20) e diviso per 30 (=0,67%).",
	"AP - Payment terms": "P2P - Termini di pagamento",
	"_Currency": "Valuta",
	"_Days": "Giorni fino al pagamento",
	"_Discount amount": "Importo dello sconto",
	"_Discount amount_report": "Importo dello sconto",
	"_Discount limit date": "Scadenza sconto",
	"_Discount limit date_report": "Scadenza sconto",
	"_Discount rate": "Tasso di sconto (%)",
	"_Discount rate_report": "Tasso di sconto (%)",
	"_Due date": "Data scadenza",
	"_EarlyPaymentSettingsPane": "Pagamento anticipato",
	"_Enable dynamic discounting": "Attiva gli sconti dinamici",
	"_Enable dynamic discounting_report": "Attiva gli sconti dinamici",
	"_Invoice amount": "Importo totale",
	"_Invoice number": "Numero fattura",
	"_Order number": "Numero ordine",
	"_Payment amount": "Importo dovuto",
	"_Payment terms": "Termini di pagamento",
	"_Payment terms_report": "Termini di pagamento",
	"_Remaining": "Giorni alla scadenza",
	"_RequestedPaymentDate": "Data di pagamento richiesta",
	"_RequestedPaymentDate_report": "Data di pagamento richiesta",
	"_Summary": "Riepilogo",
	"_Summary selected discount amount": "Importo dello sconto",
	"_Summary selected invoices": "Fatture selezionate",
	"_Summary selected invoices amount": "Totale fatture",
	"_Summary selected payment amount": "Totale dovuto",
	"_VendorCanProposeDiscountRate": "Consenti le proposte di sconto",
	"_VendorCanProposeDiscountRate_report": "Consenti le proposte di sconto",
	"_VendorCanProposeEarlyPayment": "Consenti le richieste di pagamento anticipato",
	"_VendorCanProposeEarlyPayment_report": "Consenti le richieste di pagamento anticipato",
	"_VendorCanProposeEarlyPaymentTooltip": "Selezionare questa opzione per consentire ai fornitori di richiedere pagamenti anticipati dal portale fornitori.",
	"_View PDF": "Visualizza PDF"
}</process_it>
      <process_zh-CN>{
	"_Company code": "公司代码",
	"_Description": "说明",
	"_Discount period": "折扣期限（天）",
	"_Discount Rate 30 Days": "提前 30 天付款的折扣基准（%）",
	"_Discount Rate 30 Days_report": "提前 30 天付款的折扣基准（%）",
	"_DiscountRate": "折扣（%）",
	"_Document data": "付款信息",
	"_Early payment discounting": "提前付款折扣",
	"_End of month": "月末",
	"_Invoice date": "发票日期",
	"_Late payment fee rate": "滞纳金预估",
	"_Payment day": "每月的某一天",
	"_Payment period": "付款期限（天）",
	"_Payment period_report": "付款期限（天）",
	"_PaymentDay_report": "每月的某一天",
	"_Posting date": "过账日期",
	"_Reference date": "参考日期",
	"_Tooltip enable dynamic discounting": "此选项默认为常规 ERP 集成可用。&lt;br&gt;\n对于其他 ERP 类型，需要在通用设置中启用付款功能并在应用程序配置中选择付款供应商。",
	"_TooltipDiscountRate": "请输入适用于上面所指定的提前付款折扣期限的折扣率。",
	"_TooltipDiscountRate30Days": "请根据提前付款天数，输入折扣率；该折扣率将作为参考值，用于计算适用折扣。&lt;br&gt;\n例如，如果将以 30 天提前付款为基准的折扣率设置为 1%，且于到期日前 20 天支付了账单发票，则适用折扣为：指定的折扣率乘以提前付款天数（20）再除以 30（=0.67%）。\n",
	"AP - Payment terms": "采购到支付 - 付款条款",
	"_Currency": "货币",
	"_Days": "付款前天数",
	"_Discount amount": "折扣金额",
	"_Discount amount_report": "折扣金额",
	"_Discount limit date": "折扣过期日",
	"_Discount limit date_report": "折扣过期日",
	"_Discount rate": "折扣率（%）",
	"_Discount rate_report": "折扣率（%）",
	"_Due date": "截止日期",
	"_EarlyPaymentSettingsPane": "提前付款",
	"_Enable dynamic discounting": "启用动态贴现",
	"_Enable dynamic discounting_report": "启用动态贴现",
	"_Invoice amount": "发票金额",
	"_Invoice number": "发票编号",
	"_Order number": "订单号",
	"_Payment amount": "到期金额",
	"_Payment terms": "付款周期",
	"_Payment terms_report": "付款周期",
	"_Remaining": "到期前天数",
	"_RequestedPaymentDate": "要求付款日期",
	"_RequestedPaymentDate_report": "要求付款日期",
	"_Summary": "摘要",
	"_Summary selected discount amount": "折扣金额",
	"_Summary selected invoices": "选定账单发票",
	"_Summary selected invoices amount": "账单发票总额",
	"_Summary selected payment amount": "付款总额",
	"_VendorCanProposeDiscountRate": "允许折扣提议",
	"_VendorCanProposeDiscountRate_report": "允许折扣提议",
	"_VendorCanProposeEarlyPayment": "允许提前付款请求",
	"_VendorCanProposeEarlyPayment_report": "允许提前付款请求",
	"_VendorCanProposeEarlyPaymentTooltip": "选择此选项以允许供应商通过供应商门户申请提前付款。",
	"_View PDF": "查看 PDF"
}</process_zh-CN>
      <process_pt-BR>{
	"_Company code": "Código da empresa",
	"_Description": "Descrição",
	"_Discount period": "Período de desconto (dias)",
	"_Discount Rate 30 Days": "Desconto para pagamento antecipado de 30 dias (%)",
	"_Discount Rate 30 Days_report": "Desconto para pagamento antecipado de 30 dias (%)",
	"_DiscountRate": "Desconto (%)",
	"_Document data": "Informação de pagamento",
	"_Early payment discounting": "Desconto por pagamento antecipado",
	"_End of month": "Fim do mês",
	"_Invoice date": "Data da fatura",
	"_Late payment fee rate": "Taxa de atraso em potencial (%)",
	"_Payment day": "Dia do mês",
	"_Payment period": "Período de pagamento (dias)",
	"_Payment period_report": "Período de pagamento (dias)",
	"_PaymentDay_report": "Dia do mês",
	"_Posting date": "Data de lançamento",
	"_Reference date": "Data de referência",
	"_Tooltip enable dynamic discounting": "Esta opção está disponível por padrão para integrações ERP genéricas.&lt;br&gt; Para outros tipos de ERP, você precisa habilitar o recurso de pagamento nas configurações globais e selecionar um provedor de pagamento na configuração do aplicativo.",
	"_TooltipDiscountRate": "Insira a taxa de desconto aplicável ao período de desconto de pagamento antecipado especificado acima.",
	"_TooltipDiscountRate30Days": "Insira a taxa de desconto utilizada como valor de referência para calcular o desconto aplicado, com base no número de dias de pagamento antecipado.&lt;br&gt; Por exemplo, se a taxa de desconto for definida como 1% com base em um pagamento antecipado de 30 dias e a fatura for paga 20 dias antes da data de vencimento, o desconto aplicado será a taxa de desconto especificada multiplicada pelo número de dias de pagamento antecipado (20) e dividida por 30 (=0,67%).",
	"AP - Payment terms": "P2P - Termos de pagamento",
	"_Currency": "Moeda",
	"_Days": "Dias até o pagamento",
	"_Discount amount": "Valor do desconto",
	"_Discount amount_report": "Valor do desconto",
	"_Discount limit date": "Validade de desconto",
	"_Discount limit date_report": "Validade de desconto",
	"_Discount rate": "Taxa de desconto (%)",
	"_Discount rate_report": "Taxa de desconto (%)",
	"_Due date": "Data de vencimento",
	"_EarlyPaymentSettingsPane": "Pagamento antecipado",
	"_Enable dynamic discounting": "Habilitar desconto dinâmico",
	"_Enable dynamic discounting_report": "Habilitar desconto dinâmico",
	"_Invoice amount": "Valor da fatura",
	"_Invoice number": "Número da fatura",
	"_Order number": "Número de pedido",
	"_Payment amount": "Valor a pagar",
	"_Payment terms": "Termos de pagamento",
	"_Payment terms_report": "Termos de pagamento",
	"_Remaining": "Dias até vencimento",
	"_RequestedPaymentDate": "Data de pagamento solicitada",
	"_RequestedPaymentDate_report": "Data de pagamento solicitada",
	"_Summary": "Resumo",
	"_Summary selected discount amount": "Valor do desconto",
	"_Summary selected invoices": "Faturas selecionadas",
	"_Summary selected invoices amount": "Valor das faturas",
	"_Summary selected payment amount": "Total do pagamento",
	"_VendorCanProposeDiscountRate": "Permitir propostas de desconto",
	"_VendorCanProposeDiscountRate_report": "Permitir propostas de desconto",
	"_VendorCanProposeEarlyPayment": "Permitir pedidos de pagamento antecipado",
	"_VendorCanProposeEarlyPayment_report": "Permitir pedidos de pagamento antecipado",
	"_VendorCanProposeEarlyPaymentTooltip": "Selecione esta opção para permitir que os fornecedores solicitem pagamentos antecipados no portal do fornecedor.",
	"_View PDF": "Visualizar PDF"
}</process_pt-BR>
    </lg>
    <process>
      <BUColumn>CompanyCode__</BUColumn>
      <flowtype>processing</flowtype>
      <homepagelabel>AP - Payment terms</homepagelabel>
      <upgradable>yes</upgradable>
      <instanciable>1</instanciable>
      <OverrideAllowedAttachmentExtensions>*</OverrideAllowedAttachmentExtensions>
      <lgpathtomerge>..\..\Application builder\lg2Merge\InvoiceDiscount</lgpathtomerge>
      <AllowUploadAttachment>0</AllowUploadAttachment>
      <AllowUploadReferenceDocument>0</AllowUploadReferenceDocument>
      <shouldRollbackManualRecordEdits>true</shouldRollbackManualRecordEdits>
      <UseCultureFormat>true</UseCultureFormat>
      <TransportName>CustomTable</TransportName>
      <LayoutVersion>1.0</LayoutVersion>
    </process>
    <ui>
      <CustomScript>var customscript;
(function (customscript) {
    function setupDiscountLayout(dynamicDiscount) {
        // Static discount
        Controls.DiscountRate__.Hide(dynamicDiscount);
        Controls.DiscountPeriod__.Hide(dynamicDiscount);
        // Dynamic discount
        Controls.DiscountRate30Days__.Hide(!dynamicDiscount);
        Controls.DiscountRate30Days__.SetRequired(dynamicDiscount);
    }
    Controls.EnableDynamicDiscounting__.OnChange = function () {
        Data.SetValue("DiscountPeriod__", "");
        Data.SetValue("DiscountRate__", "");
        Data.SetValue("DiscountRate30Days__", "");
        setupDiscountLayout(this.GetValue());
    };
    function run() {
        var dynamicDiscount = Controls.EnableDynamicDiscounting__.GetValue();
        setupDiscountLayout(dynamicDiscount);
    }
    customscript.run = run;
    run();
})(customscript || (customscript = {}));
//# sourceMappingURL=customscript.js.map</CustomScript>
      <layout>{
	"*": {
		"Screen": {
			"type": "FlexibleFormLayout",
			"options": {
				"splitterType": "simple-v",
				"version": 0,
				"backColor": "text-backgroundcolor-default",
				"style": null,
				"processHelpId": "5096"
			},
			"*": {
				"form-header": {
					"type": "FlexibleFormHeader",
					"options": {
						"hidePanelsMenu": false,
						"version": 0
					},
					"stamp": 1,
					"data": []
				},
				"form-center": {
					"type": "FlexibleFormCenter",
					"options": {
						"version": 0
					},
					"*": {
						"form-content": {
							"type": "FlexibleFormContent",
							"options": {
								"version": 0
							},
							"*": {
								"form-content-center": {
									"type": "FlexibleFormSplitter",
									"options": {
										"version": 1,
										"box": {
											"top": "0%",
											"left": "0%",
											"width": "100%"
										},
										"hidden": false
									},
									"*": {
										"form-content-center-1": {
											"type": "FlexibleFormLine",
											"data": [],
											"options": {
												"version": 0
											},
											"stamp": 2,
											"*": {
												"DataPanel": {
													"type": "PanelData",
													"options": {
														"border": {},
														"version": 0,
														"labelLength": 300,
														"iconURL": "",
														"TitleFontSize": "S",
														"hideActionButtons": true,
														"hideTitleBar": false,
														"label": "_Document data",
														"backgroundcolor": "default",
														"labelsAlignment": "right",
														"hideTitle": false
													},
													"*": {
														"FieldsManager": {
															"type": "FieldsManager",
															"options": {
																"controlsAssociation": {
																	"CompanyCode__": "LabelCompanyCode__",
																	"LabelCompanyCode__": "CompanyCode__",
																	"PaymentTermCode__": "LabelPaymentTermCode__",
																	"LabelPaymentTermCode__": "PaymentTermCode__",
																	"Description__": "LabelDescription__",
																	"LabelDescription__": "Description__",
																	"DayLimit__": "LabelDayLimit__",
																	"LabelDayLimit__": "DayLimit__",
																	"LatePaymentFeeRate__": "LabelLatePaymentFeeRate__",
																	"LabelLatePaymentFeeRate__": "LatePaymentFeeRate__",
																	"ReferenceDate__": "LabelReferenceDate__",
																	"LabelReferenceDate__": "ReferenceDate__",
																	"EndOfMonth__": "LabelEndOfMonth__",
																	"LabelEndOfMonth__": "EndOfMonth__",
																	"PaymentDay__": "LabelPaymentDay__",
																	"LabelPaymentDay__": "PaymentDay__"
																},
																"version": 0
															},
															"*": {
																"Grid": {
																	"type": "GridLayout",
																	"options": {
																		"lines": 9,
																		"columns": 2,
																		"version": 0,
																		"ctrlsPos": {
																			"CompanyCode__": {
																				"line": 1,
																				"column": 2
																			},
																			"LabelCompanyCode__": {
																				"line": 1,
																				"column": 1
																			},
																			"PaymentTermCode__": {
																				"line": 2,
																				"column": 2
																			},
																			"LabelPaymentTermCode__": {
																				"line": 2,
																				"column": 1
																			},
																			"Description__": {
																				"line": 3,
																				"column": 2
																			},
																			"LabelDescription__": {
																				"line": 3,
																				"column": 1
																			},
																			"DayLimit__": {
																				"line": 4,
																				"column": 2
																			},
																			"LabelDayLimit__": {
																				"line": 4,
																				"column": 1
																			},
																			"LatePaymentFeeRate__": {
																				"line": 5,
																				"column": 2
																			},
																			"LabelLatePaymentFeeRate__": {
																				"line": 5,
																				"column": 1
																			},
																			"ReferenceDate__": {
																				"line": 6,
																				"column": 2
																			},
																			"LabelReferenceDate__": {
																				"line": 6,
																				"column": 1
																			},
																			"PaymentDay__": {
																				"line": 7,
																				"column": 2
																			},
																			"LabelPaymentDay__": {
																				"line": 7,
																				"column": 1
																			},
																			"EndOfMonth__": {
																				"line": 8,
																				"column": 2
																			},
																			"LabelEndOfMonth__": {
																				"line": 8,
																				"column": 1
																			},
																			"Spacer__": {
																				"line": 9,
																				"column": 1
																			}
																		},
																		"colspans": [
																			[],
																			[],
																			[],
																			[],
																			[],
																			[],
																			[],
																			[],
																			[
																				{
																					"index": 0,
																					"length": 2
																				}
																			]
																		]
																	},
																	"data": [
																		"fields"
																	],
																	"*": {
																		"LabelCompanyCode__": {
																			"type": "Label",
																			"data": [
																				"CompanyCode__"
																			],
																			"options": {
																				"label": "_Company code",
																				"version": 0
																			},
																			"stamp": 3
																		},
																		"CompanyCode__": {
																			"type": "DatabaseComboBox",
																			"data": [
																				"CompanyCode__"
																			],
																			"options": {
																				"browsable": true,
																				"label": "_Company code",
																				"activable": true,
																				"width": "400",
																				"PreFillFTS": true,
																				"fTSmaxRecords": "20",
																				"version": 0,
																				"helpURL": "5096",
																				"helpText": "",
																				"helpFormat": "HTML Format",
																				"helpIconPosition": "Right"
																			},
																			"stamp": 4
																		},
																		"LabelPaymentTermCode__": {
																			"type": "Label",
																			"data": [
																				"PaymentTermCode__"
																			],
																			"options": {
																				"label": "_Payment terms",
																				"version": 0
																			},
																			"stamp": 5
																		},
																		"PaymentTermCode__": {
																			"type": "ShortText",
																			"data": [
																				"PaymentTermCode__"
																			],
																			"options": {
																				"label": "_Payment terms",
																				"activable": true,
																				"width": "400",
																				"browsable": false,
																				"version": 0,
																				"textSize": "S",
																				"textAlignment": "left",
																				"textStyle": "default",
																				"textColor": "default"
																			},
																			"stamp": 6
																		},
																		"LabelDescription__": {
																			"type": "Label",
																			"data": [
																				"Description__"
																			],
																			"options": {
																				"label": "_Description",
																				"version": 0
																			},
																			"stamp": 7
																		},
																		"Description__": {
																			"type": "ShortText",
																			"data": [
																				"Description__"
																			],
																			"options": {
																				"label": "_Description",
																				"activable": true,
																				"width": "400",
																				"length": 400,
																				"browsable": false,
																				"version": 0,
																				"textSize": "S",
																				"textAlignment": "left",
																				"textStyle": "default",
																				"textColor": "default"
																			},
																			"stamp": 8
																		},
																		"LabelDayLimit__": {
																			"type": "Label",
																			"data": [
																				"DayLimit__"
																			],
																			"options": {
																				"label": "_Payment period",
																				"version": 0
																			},
																			"stamp": 11
																		},
																		"DayLimit__": {
																			"type": "ShortText",
																			"data": [
																				"DayLimit__"
																			],
																			"options": {
																				"version": 1,
																				"label": "_Payment period",
																				"activable": true,
																				"width": "200",
																				"browsable": false,
																				"textSize": "S",
																				"textAlignment": "right",
																				"textStyle": "default",
																				"textColor": "default"
																			},
																			"stamp": 12
																		},
																		"LabelLatePaymentFeeRate__": {
																			"type": "Label",
																			"data": [
																				"LatePaymentFeeRate__"
																			],
																			"options": {
																				"label": "_Late payment fee rate",
																				"version": 0
																			},
																			"stamp": 15
																		},
																		"LatePaymentFeeRate__": {
																			"type": "ShortText",
																			"data": [
																				"LatePaymentFeeRate__"
																			],
																			"options": {
																				"textSize": "S",
																				"textAlignment": "right",
																				"textStyle": "default",
																				"textColor": "default",
																				"label": "_Late payment fee rate",
																				"activable": true,
																				"width": "200",
																				"helpText": "",
																				"helpURL": "",
																				"helpFormat": "HTML Format",
																				"browsable": false,
																				"version": 0
																			},
																			"stamp": 16
																		},
																		"LabelReferenceDate__": {
																			"type": "Label",
																			"data": [
																				"ReferenceDate__"
																			],
																			"options": {
																				"label": "_Reference date",
																				"version": 0
																			},
																			"stamp": 17
																		},
																		"ReferenceDate__": {
																			"type": "ComboBox",
																			"data": [
																				"ReferenceDate__"
																			],
																			"options": {
																				"possibleValues": {
																					"0": "_Invoice date",
																					"1": "_Posting date"
																				},
																				"keyValueMode": true,
																				"possibleKeys": {
																					"0": "Invoice date",
																					"1": "Posting date"
																				},
																				"label": "_Reference date",
																				"activable": true,
																				"width": "200",
																				"version": 1
																			},
																			"stamp": 18
																		},
																		"LabelPaymentDay__": {
																			"type": "Label",
																			"data": [
																				"PaymentDay__"
																			],
																			"options": {
																				"label": "_Payment day",
																				"version": 0
																			},
																			"stamp": 32
																		},
																		"PaymentDay__": {
																			"type": "Integer",
																			"data": [
																				"PaymentDay__"
																			],
																			"options": {
																				"version": 2,
																				"textSize": "S",
																				"textAlignment": "right",
																				"textStyle": "default",
																				"textColor": "default",
																				"integer": true,
																				"label": "_Payment day",
																				"precision_internal": 0,
																				"precision_current": 0,
																				"activable": true,
																				"width": "200",
																				"helpText": "",
																				"helpURL": "",
																				"helpFormat": "HTML Format",
																				"enablePlusMinus": false,
																				"browsable": false
																			},
																			"stamp": 33
																		},
																		"LabelEndOfMonth__": {
																			"type": "Label",
																			"data": [
																				"EndOfMonth__"
																			],
																			"options": {
																				"label": "_End of month",
																				"version": 0
																			},
																			"stamp": 19
																		},
																		"EndOfMonth__": {
																			"type": "CheckBox",
																			"data": [
																				"EndOfMonth__"
																			],
																			"options": {
																				"label": "_End of month",
																				"activable": true,
																				"version": 0
																			},
																			"stamp": 20
																		},
																		"Spacer__": {
																			"type": "Spacer",
																			"data": false,
																			"options": {
																				"height": "",
																				"width": "",
																				"color": "default",
																				"label": "_Spacer"
																			},
																			"stamp": 38
																		}
																	},
																	"stamp": 21
																}
															},
															"stamp": 22,
															"data": []
														}
													},
													"stamp": 23,
													"data": []
												}
											}
										},
										"form-content-center-2": {
											"type": "FlexibleFormLine",
											"data": [],
											"options": {
												"version": 0
											},
											"stamp": 39,
											"*": {
												"Early_payment_discounting": {
													"type": "PanelData",
													"data": [],
													"options": {
														"border": {},
														"iconURL": "",
														"TitleFontSize": "S",
														"hideActionButtons": true,
														"hideTitleBar": false,
														"hideTitle": false,
														"sameHeightAsSiblings": false,
														"backgroundcolor": "default",
														"labelsAlignment": "right",
														"label": "_Early payment discounting",
														"hidden": false,
														"leftImageURL": "",
														"removeMargins": false,
														"elementsAlignment": "left",
														"version": 0,
														"labelLength": 300
													},
													"stamp": 40,
													"*": {
														"FieldsManager": {
															"type": "FieldsManager",
															"data": [],
															"options": {
																"controlsAssociation": {
																	"LabelEnableDynamicDiscounting__": "EnableDynamicDiscounting__",
																	"EnableDynamicDiscounting__": "LabelEnableDynamicDiscounting__",
																	"LabelDiscountPeriod__": "DiscountPeriod__",
																	"DiscountPeriod__": "LabelDiscountPeriod__",
																	"LabelDiscountRate__": "DiscountRate__",
																	"DiscountRate__": "LabelDiscountRate__",
																	"LabelDiscountRate30Days__": "DiscountRate30Days__",
																	"DiscountRate30Days__": "LabelDiscountRate30Days__"
																},
																"version": 0
															},
															"stamp": 41,
															"*": {
																"Grid": {
																	"type": "GridLayout",
																	"data": [
																		"fields"
																	],
																	"options": {
																		"ctrlsPos": {
																			"LabelEnableDynamicDiscounting__": {
																				"line": 1,
																				"column": 1
																			},
																			"EnableDynamicDiscounting__": {
																				"line": 1,
																				"column": 2
																			},
																			"LabelDiscountPeriod__": {
																				"line": 2,
																				"column": 1
																			},
																			"DiscountPeriod__": {
																				"line": 2,
																				"column": 2
																			},
																			"LabelDiscountRate__": {
																				"line": 3,
																				"column": 1
																			},
																			"DiscountRate__": {
																				"line": 3,
																				"column": 2
																			},
																			"LabelDiscountRate30Days__": {
																				"line": 4,
																				"column": 1
																			},
																			"DiscountRate30Days__": {
																				"line": 4,
																				"column": 2
																			}
																		},
																		"lines": 4,
																		"columns": 2,
																		"colspans": [
																			[],
																			[],
																			[],
																			[]
																		],
																		"version": 0
																	},
																	"stamp": 42,
																	"*": {
																		"LabelDiscountRate30Days__": {
																			"type": "Label",
																			"data": [
																				"DiscountRate30Days__"
																			],
																			"options": {
																				"label": "_Discount Rate 30 Days"
																			},
																			"stamp": 36
																		},
																		"DiscountRate30Days__": {
																			"type": "ShortText",
																			"data": [
																				"DiscountRate30Days__"
																			],
																			"options": {
																				"textSize": "S",
																				"textAlignment": "right",
																				"textStyle": "default",
																				"textColor": "default",
																				"version": 1,
																				"label": "_Discount Rate 30 Days",
																				"activable": true,
																				"width": "200",
																				"helpText": "_TooltipDiscountRate30Days",
																				"helpURL": "5110",
																				"helpFormat": "HTML Format",
																				"helpIconPosition": "Right",
																				"browsable": false
																			},
																			"stamp": 37
																		},
																		"LabelDiscountRate__": {
																			"type": "Label",
																			"data": [
																				"DiscountRate__"
																			],
																			"options": {
																				"label": "_DiscountRate",
																				"version": 0
																			},
																			"stamp": 13
																		},
																		"DiscountRate__": {
																			"type": "ShortText",
																			"data": [
																				"DiscountRate__"
																			],
																			"options": {
																				"textSize": "S",
																				"textAlignment": "right",
																				"textStyle": "default",
																				"textColor": "default",
																				"label": "_DiscountRate",
																				"activable": true,
																				"width": "200",
																				"helpText": "_TooltipDiscountRate",
																				"helpURL": "",
																				"helpFormat": "HTML Format",
																				"browsable": false,
																				"version": 0
																			},
																			"stamp": 14
																		},
																		"LabelDiscountPeriod__": {
																			"type": "Label",
																			"data": [
																				"DiscountPeriod__"
																			],
																			"options": {
																				"label": "_Discount period",
																				"version": 0
																			},
																			"stamp": 9
																		},
																		"DiscountPeriod__": {
																			"type": "ShortText",
																			"data": [
																				"DiscountPeriod__"
																			],
																			"options": {
																				"textSize": "S",
																				"textAlignment": "right",
																				"textStyle": "default",
																				"textColor": "default",
																				"label": "_Discount period",
																				"activable": true,
																				"width": "200",
																				"helpText": "",
																				"helpURL": "",
																				"helpFormat": "HTML Format",
																				"browsable": false,
																				"version": 0
																			},
																			"stamp": 10
																		},
																		"LabelEnableDynamicDiscounting__": {
																			"type": "Label",
																			"data": [
																				"EnableDynamicDiscounting__"
																			],
																			"options": {
																				"label": "_Enable dynamic discounting",
																				"version": 0
																			},
																			"stamp": 34
																		},
																		"EnableDynamicDiscounting__": {
																			"type": "CheckBox",
																			"data": [
																				"EnableDynamicDiscounting__"
																			],
																			"options": {
																				"label": "_Enable dynamic discounting",
																				"activable": true,
																				"width": "30",
																				"helpText": "_Tooltip enable dynamic discounting",
																				"helpURL": "5109",
																				"helpFormat": "HTML Format",
																				"helpIconPosition": "Right",
																				"possibleValues": {},
																				"possibleKeys": {},
																				"version": 0
																			},
																			"stamp": 35
																		}
																	}
																}
															}
														}
													}
												}
											}
										}
									},
									"stamp": 24,
									"data": []
								}
							},
							"stamp": 25,
							"data": []
						}
					},
					"stamp": 26,
					"data": []
				},
				"form-footer": {
					"type": "FlexibleFormFooter",
					"options": {
						"splitterType": "simple-h",
						"version": 0
					},
					"*": {
						"Save": {
							"type": "SubmitButton",
							"options": {
								"label": "_Save",
								"action": "savequit",
								"submit": true,
								"version": 0,
								"shortCut": "S"
							},
							"stamp": 27,
							"data": []
						},
						"Close": {
							"type": "SubmitButton",
							"options": {
								"label": "_Close",
								"action": "cancel",
								"submit": true,
								"version": 0,
								"shortCut": "Q"
							},
							"stamp": 28,
							"data": []
						},
						"Delete": {
							"type": "SubmitButton",
							"options": {
								"label": "_Delete",
								"action": "delete",
								"submit": true,
								"version": 0,
								"disabled": true
							},
							"stamp": 29,
							"data": []
						}
					},
					"stamp": 30,
					"data": []
				}
			},
			"stamp": 31,
			"data": []
		}
	},
	"stamps": 42,
	"data": []
}</layout>
    </ui>
  </properties>
  <field deleted="0" format="" guid="HUME667578" id="RIW552000SG7" label="_Company code" length="150" name="CompanyCode__" originalProcessID="PHQG667577" precision="0" processid="QIW552000SG7" submitable="1" type="STR">
    <properties>
      <db>
        <alias>ARIW552000SG7</alias>
        <index vartype="INT">1</index>
        <noxml>1</noxml>
        <fullname>/job/processfields/CompanyCode__</fullname>
        <defaultvalue>
        </defaultvalue>
        <RecordLastWrite>2022-10-25 17:04:19</RecordLastWrite>
      </db>
      <extrainfo>
        <Label>_Company code</Label>
        <Alias>ARIW552000SG7</Alias>
        <ProcessFieldVersion vartype="INT">1</ProcessFieldVersion>
      </extrainfo>
      <field>
        <Editable>true</Editable>
        <required>false</required>
        <TableName>CT#ECW552000SG7</TableName>
        <SortOrder>
        </SortOrder>
        <DisplayedColumns>CompanyCode__|CompanyName__</DisplayedColumns>
        <DisplayedColumnsIds>
        </DisplayedColumnsIds>
        <SavedColumn>CompanyCode__</SavedColumn>
        <SavedColumnId>HUME134563</SavedColumnId>
        <ProcessName>PurchasingCompanycodes__</ProcessName>
        <CustomFilter>
        </CustomFilter>
      </field>
      <gdr>
        <VarType>Area</VarType>
      </gdr>
      <help>
        <helpData>{"helpText":"","helpURL":"5096","helpFormat":"HTML Format"}</helpData>
      </help>
      <ui>
        <_type>String</_type>
        <automatic>true</automatic>
      </ui>
    </properties>
  </field>
  <field deleted="0" format="" guid="GGBW667583" id="UIW552000SG7" label="_Payment period" length="20" name="DayLimit__" originalProcessID="PHQG667577" precision="0" processid="QIW552000SG7" submitable="1" type="STR">
    <properties>
      <db>
        <alias>AUIW552000SG7</alias>
        <noxml>1</noxml>
        <fullname>/job/processfields/DayLimit__</fullname>
        <defaultvalue>
        </defaultvalue>
        <RecordLastWrite>2022-10-25 17:04:19</RecordLastWrite>
      </db>
      <extrainfo>
        <Label>_Payment period</Label>
        <Alias>AUIW552000SG7</Alias>
        <ProcessFieldVersion vartype="INT">1</ProcessFieldVersion>
      </extrainfo>
      <gdr>
        <VarType>Area</VarType>
      </gdr>
      <ui>
        <_type>String</_type>
        <automatic>true</automatic>
      </ui>
    </properties>
  </field>
  <field deleted="0" format="" guid="FIRC667581" id="SIW552000SG7" label="_Description" length="400" name="Description__" originalProcessID="PHQG667577" precision="0" processid="QIW552000SG7" submitable="1" type="STR">
    <properties>
      <db>
        <alias>ASIW552000SG7</alias>
        <noxml>1</noxml>
        <fullname>/job/processfields/Description__</fullname>
        <defaultvalue>
        </defaultvalue>
        <RecordLastWrite>2022-10-25 17:04:19</RecordLastWrite>
      </db>
      <extrainfo>
        <Label>_Description</Label>
        <Alias>ASIW552000SG7</Alias>
        <ProcessFieldVersion vartype="INT">1</ProcessFieldVersion>
      </extrainfo>
      <gdr>
        <VarType>Area</VarType>
      </gdr>
      <ui>
        <_type>String</_type>
        <automatic>true</automatic>
      </ui>
    </properties>
  </field>
  <field deleted="0" format="" guid="PHQGF8D3D" id="TIW552000SG7" label="_Discount period" length="50" name="DiscountPeriod__" originalProcessID="PHQG667577" precision="0" processid="QIW552000SG7" submitable="1" type="STR">
    <properties>
      <db>
        <alias>ATIW552000SG7</alias>
        <noxml>1</noxml>
        <fullname>/job/processfields/DiscountPeriod__</fullname>
        <defaultvalue>
        </defaultvalue>
        <RecordLastWrite>2022-10-25 17:04:19</RecordLastWrite>
      </db>
      <extrainfo>
        <Label>_Discount period</Label>
        <alias>ATIW552000SG7</alias>
        <ProcessFieldVersion vartype="INT">1</ProcessFieldVersion>
      </extrainfo>
      <gdr>
        <VarType>Area</VarType>
        <DisableAutolearn>1</DisableAutolearn>
      </gdr>
      <help>
        <helpData>{"helpText":"","helpURL":"","helpFormat":"HTML Format"}</helpData>
      </help>
      <ui>
        <_type>String</_type>
        <automatic>true</automatic>
      </ui>
    </properties>
  </field>
  <field deleted="0" format="" guid="O7YIG0000SG1" id="CJW552000SG7" label="_Discount Rate 30 Days_report" length="50" name="DiscountRate30Days__" originalProcessID="PHQG667577" precision="0" processid="QIW552000SG7" submitable="1" type="STR">
    <properties>
      <db>
        <alias>ACJW552000SG7</alias>
        <noxml>1</noxml>
        <fullname>/job/processfields/DiscountRate30Days__</fullname>
        <defaultvalue>
        </defaultvalue>
        <RecordLastWrite>2022-10-25 17:04:20</RecordLastWrite>
      </db>
      <extrainfo>
        <Label>_Discount Rate 30 Days_report</Label>
        <Alias>ACJW552000SG7</Alias>
        <ProcessFieldVersion vartype="INT">1</ProcessFieldVersion>
      </extrainfo>
      <gdr>
        <VarType>Area</VarType>
        <DisableAutolearn>1</DisableAutolearn>
      </gdr>
      <help>
        <helpData>{"helpText":"_TooltipDiscountRate30Days","helpURL":"5110","helpFormat":"HTML Format","helpIconPosition":"Right"}</helpData>
      </help>
      <ui>
        <_type>String</_type>
        <automatic>true</automatic>
      </ui>
    </properties>
  </field>
  <field deleted="0" format="" guid="NAVCF8CBC" id="YIW552000SG7" label="_DiscountRate" length="50" name="DiscountRate__" originalProcessID="PHQG667577" precision="0" processid="QIW552000SG7" submitable="1" type="STR">
    <properties>
      <db>
        <alias>AYIW552000SG7</alias>
        <noxml>1</noxml>
        <fullname>/job/processfields/DiscountRate__</fullname>
        <defaultvalue>
        </defaultvalue>
        <RecordLastWrite>2022-10-25 17:04:19</RecordLastWrite>
      </db>
      <extrainfo>
        <Label>_DiscountRate</Label>
        <alias>AYIW552000SG7</alias>
        <ProcessFieldVersion vartype="INT">1</ProcessFieldVersion>
      </extrainfo>
      <gdr>
        <VarType>Area</VarType>
        <DisableAutolearn>1</DisableAutolearn>
      </gdr>
      <help>
        <helpData>{"helpText":"_TooltipDiscountRate","helpURL":"5096","helpFormat":"HTML Format","helpIconPosition":"Right"}</helpData>
      </help>
      <ui>
        <_type>String</_type>
        <automatic>true</automatic>
      </ui>
    </properties>
  </field>
  <field deleted="0" format="" guid="QSOKG0000SG1" id="BJW552000SG7" label="_Enable dynamic discounting_report" length="0" name="EnableDynamicDiscounting__" originalProcessID="PHQG667577" precision="0" processid="QIW552000SG7" submitable="1" type="BOOL">
    <properties>
      <db>
        <alias>ABJW552000SG7</alias>
        <noxml>1</noxml>
        <fullname>/job/processfields/EnableDynamicDiscounting__</fullname>
        <defaultvalue>false</defaultvalue>
        <RecordLastWrite>2022-10-25 17:04:20</RecordLastWrite>
      </db>
      <extrainfo>
        <Label>_Enable dynamic discounting_report</Label>
        <Alias>ABJW552000SG7</Alias>
        <ProcessFieldVersion vartype="INT">1</ProcessFieldVersion>
      </extrainfo>
      <gdr>
        <DisableAutolearn>1</DisableAutolearn>
      </gdr>
      <help>
        <helpData>{"helpText":"_Tooltip enable dynamic discounting","helpURL":"5109","helpFormat":"HTML Format","helpIconPosition":"Right"}</helpData>
      </help>
      <ui>
        <_type>Boolean</_type>
        <automatic>true</automatic>
      </ui>
    </properties>
  </field>
  <field deleted="0" format="" guid="UYHN217757" id="XIW552000SG7" label="_End of month" length="0" name="EndOfMonth__" originalProcessID="PHQG667577" precision="0" processid="QIW552000SG7" submitable="1" type="BOOL">
    <properties>
      <db>
        <alias>AXIW552000SG7</alias>
        <noxml>1</noxml>
        <fullname>/job/processfields/EndOfMonth__</fullname>
        <defaultvalue>false</defaultvalue>
        <RecordLastWrite>2022-10-25 17:04:19</RecordLastWrite>
      </db>
      <extrainfo>
        <Label>_End of month</Label>
        <Alias>AXIW552000SG7</Alias>
        <ProcessFieldVersion vartype="INT">1</ProcessFieldVersion>
      </extrainfo>
      <ui>
        <_type>Boolean</_type>
        <automatic>true</automatic>
      </ui>
    </properties>
  </field>
  <field deleted="0" format="" guid="JDECF8CBC" id="ZIW552000SG7" label="_Late payment fee rate" length="50" name="LatePaymentFeeRate__" originalProcessID="PHQG667577" precision="0" processid="QIW552000SG7" submitable="1" type="STR">
    <properties>
      <db>
        <alias>AZIW552000SG7</alias>
        <noxml>1</noxml>
        <fullname>/job/processfields/LatePaymentFeeRate__</fullname>
        <defaultvalue>
        </defaultvalue>
        <RecordLastWrite>2022-10-25 17:04:19</RecordLastWrite>
      </db>
      <extrainfo>
        <Label>_Late payment fee rate</Label>
        <alias>AZIW552000SG7</alias>
        <ProcessFieldVersion vartype="INT">1</ProcessFieldVersion>
      </extrainfo>
      <gdr>
        <VarType>Area</VarType>
        <DisableAutolearn>1</DisableAutolearn>
      </gdr>
      <help>
        <helpData>{"helpText":"","helpURL":"","helpFormat":"HTML Format"}</helpData>
      </help>
      <ui>
        <_type>String</_type>
        <automatic>true</automatic>
      </ui>
    </properties>
  </field>
  <field deleted="0" format="" guid="PHQG37677F3" id="AJW552000SG7" label="_PaymentDay_report" length="0" name="PaymentDay__" originalProcessID="PHQG667577" precision="0" processid="QIW552000SG7" submitable="1" type="INT">
    <properties>
      <db>
        <alias>AAJW552000SG7</alias>
        <noxml>1</noxml>
        <fullname>/job/processfields/PaymentDay__</fullname>
        <defaultvalue>
        </defaultvalue>
        <RecordLastWrite>2022-10-25 17:04:20</RecordLastWrite>
      </db>
      <extrainfo>
        <Label>_PaymentDay_report</Label>
        <Alias>AAJW552000SG7</Alias>
        <ProcessFieldVersion vartype="INT">1</ProcessFieldVersion>
      </extrainfo>
      <gdr>
        <VarType>Area</VarType>
        <DisableAutolearn>1</DisableAutolearn>
      </gdr>
      <help>
        <helpData>{"helpText":"","helpURL":"","helpFormat":"HTML Format"}</helpData>
      </help>
      <ui>
        <_type>Number</_type>
        <automatic>true</automatic>
      </ui>
    </properties>
  </field>
  <field deleted="0" format="" guid="LFDX667580" id="VIW552000SG7" label="_Payment terms" length="50" name="PaymentTermCode__" originalProcessID="PHQG667577" precision="0" processid="QIW552000SG7" submitable="1" type="STR">
    <properties>
      <db>
        <alias>AVIW552000SG7</alias>
        <index vartype="INT">1</index>
        <noxml>1</noxml>
        <fullname>/job/processfields/PaymentTermCode__</fullname>
        <defaultvalue>
        </defaultvalue>
        <RecordLastWrite>2022-10-25 17:04:19</RecordLastWrite>
      </db>
      <extrainfo>
        <Label>_Payment terms</Label>
        <Alias>AVIW552000SG7</Alias>
        <ProcessFieldVersion vartype="INT">1</ProcessFieldVersion>
      </extrainfo>
      <gdr>
        <VarType>Area</VarType>
      </gdr>
      <ui>
        <_type>String</_type>
        <automatic>true</automatic>
      </ui>
    </properties>
  </field>
  <field deleted="0" format="" guid="VSCX667582" id="WIW552000SG7" label="_Reference date" length="50" name="ReferenceDate__" originalProcessID="PHQG667577" precision="0" processid="QIW552000SG7" submitable="1" type="STR">
    <properties>
      <db>
        <alias>AWIW552000SG7</alias>
        <noxml>1</noxml>
        <fullname>/job/processfields/ReferenceDate__</fullname>
        <defaultvalue>Invoice date</defaultvalue>
        <RecordLastWrite>2022-10-25 17:04:19</RecordLastWrite>
      </db>
      <extrainfo>
        <Type>webaccess.Process.Columns.WithPossibleValues</Type>
        <Label>_Reference date</Label>
        <Alias>AWIW552000SG7</Alias>
        <ProcessFieldVersion vartype="INT">1</ProcessFieldVersion>
      </extrainfo>
      <field>
        <required>false</required>
        <possibleKeys>Invoice date
Posting date</possibleKeys>
        <possibleValues>_Invoice date
_Posting date</possibleValues>
      </field>
      <ui>
        <_type>String</_type>
        <automatic>true</automatic>
      </ui>
    </properties>
  </field>
  <type id="JLLP13130F1" name="CT">
  </type>
</process>