﻿<?xml version="1.0" encoding="UTF-8" standalone="no"?>
<process accountid="20063076" allowrepairprocess="0" builtin="0" builtinversion="0" carriesapplicationversion="0" creationdatetime="2022-10-25 17:06:27" deleted="0" eskerapplication="" global="0" id="L8Z552000SG7" keepcustomization="0" keepfieldsonly="0" keepfieldsproperties="0" keepnewcontroloptions="0" migrationversion="4" name="PurchasingShipTo__" needvalidation="1" ootofilter="" ootoversion="0" originalProcessID="PHQG132937" ownerid="cn=admin_p2p@paragon-cc.fr,ou=DEV,ou=TrainingP2P,ou=DEMO_JULIEN,ou=05284299,ou=ESK,s=eoo" ownerpb="OnDemand AddressBook" public="1" pushnotification="0" reuseengine="0" sprintversion="5.261.0" transportname="CustomTable" upgradable="1" userid="0" version="1" visibility="0">
  <properties>
    <dataConditions>
      <listDataConditions>
			&lt;dataCondition&gt;
			&lt;tableName&gt;P2P - Global Application Settings__&lt;/tableName&gt;
			&lt;filter&gt;msnex=*&lt;/filter&gt;
			&lt;labelKey&gt;_Purchasing disabled&lt;/labelKey&gt;
			&lt;conditions&gt;
			&lt;allowCondition&gt;
			&lt;fieldName&gt;EnablePurchasingGlobalSetting__&lt;/fieldName&gt;
			&lt;fieldValue&gt;1&lt;/fieldValue&gt;
			&lt;/allowCondition&gt;
			&lt;/conditions&gt;
			&lt;/dataCondition&gt;
			</listDataConditions>
    </dataConditions>
    <dbIndex>
      <AUTO_AM8Z552000SG7A>&lt;Index&gt;&lt;Ref Name="AM8Z552000SG7" Option="ASC"/&gt;&lt;/Index&gt;</AUTO_AM8Z552000SG7A>
      <AUTO_AP8Z552000SG7A>&lt;Index&gt;&lt;Ref Name="AP8Z552000SG7" Option="ASC"/&gt;&lt;/Index&gt;</AUTO_AP8Z552000SG7A>
    </dbIndex>
    <gdr>
    </gdr>
    <lg>
      <process_de>{
	"_AddressInfo": "Adresse",
	"_Company code": "Buchungskreis",
	"_Company code report": "Buchungskreis",
	"_DeliveryAddressFormated": "Adressvorschau",
	"_Document data": "Dokumentdaten",
	"_GeneralInfo": "Allgemeine Informationen",
	"_ID": "ID",
	"_ID_report": "ID",
	"_Ship to city": "Ort",
	"_Ship to city report": "Ort",
	"_Ship to company": "Firma",
	"_Ship to company report": "Firma",
	"_Ship to contact": "Kontakt",
	"_Ship to contact report": "Kontakt",
	"_Ship to country": "Ländercode",
	"_Ship to country report": "Ländercode",
	"_Ship to email": "E-Mail-Adresse",
	"_Ship to email report": "E-Mail-Adresse",
	"_Ship to phone": "Telefonnummer",
	"_Ship to phone report": "Telefonnummer",
	"_Ship to region": "Bundesland/Region",
	"_Ship to region report": "Bundesland/Region",
	"_Ship to street": "Straße",
	"_Ship to street report": "Straße",
	"_Ship to sub": "Gebäude, Industriegebiet, Dienst...",
	"_Ship to sub report": "Gebäude, Industriegebiet, Dienst...",
	"_Ship to zip code": "PLZ",
	"_Ship to zip code report": "PLZ",
	"Purchasing - ShipTo": "P2P - Lieferadressen",
	"PurchasingShipTo": "P2P - Lieferadressen",
	"PurchasingShipTo__": "P2P - Lieferadressen",
	"_CompanyAddress": "Firmenandresse",
	"_CompanyAddressFormated": "Adressvorschau",
	"_CompanyInfo": "Firmeninformationen",
	"_DefaultConfiguration": "Standard-Konfiguration",
	"_DefaultConfiguration_report": "Standard-Konfiguration",
	"_DefaultExpenseReportType": "Standard-Ausgabenberichtstyp",
	"_DefaultExpenseReportType_report": "Standard-Ausgabenberichtstyp",
	"_DeliveryAddressID": "ID der Standardlieferadresse",
	"_DeliveryAddressID_report": "ID der Standardlieferadresse",
	"_DeterminationKeyword": "Schlüsselwörter für automatische Buchungskreisermittlung",
	"_DeterminationKeyword_report": "Schlüsselwörter für automatische Buchungskreisermittlung",
	"_ERP": "ERP",
	"_errorExistingCompanyCode": "Dieser Buchungskreis ist bereits in der Tabelle enthalten.",
	"_PurchasingGroup": "Einkäufergruppe",
	"_PurchasingGroup_report": "Einkäufergruppe",
	"_PurchasingOrganization": "Einkaufsorganisation",
	"_PurchasingOrganization_report": "Einkaufsorganisation",
	"_Sub": "Gebäude, Industriegebiet, Dienst...",
	"_Sub report": "Gebäude, Industriegebiet, Dienst...",
	"_WorkingDays": "Werktage",
	"_WorkingDays_report": "Werktage",
	"City": "Ort",
	"Company code": "Buchungskreis",
	"Company name": "Firmenname",
	"Contact email": "E-Mail-Adresse",
	"Country": "Ländercode",
	"Currency": "Währung",
	"Fax number": "Faxnummer",
	"P2P - Company codes": "Buchungskreis",
	"P2P - Company codes__": "Buchungskreis",
	"Phone number": "Telefonnummer",
	"Postal code": "PLZ",
	"PostOfficeBox": "Ort oder Postfach",
	"PurchasingCompanycodes": "P2P - Buchungskreise",
	"Region": "Bundesland/Region",
	"SIRET": "Steuernummer",
	"Street": "Straße",
	"VAT number": "Umsatzsteuernummer"
}</process_de>
      <process_JA>{
	"_AddressInfo": "住所",
	"_Company code": "会社コード",
	"_Company code report": "会社コード",
	"_DeliveryAddressFormated": "住所プレビュー",
	"_Document data": "文書データ",
	"_GeneralInfo": "全般情報",
	"_ID": "ID",
	"_ID_report": "ID",
	"_Ship to city": "市区町村",
	"_Ship to city report": "市区町村",
	"_Ship to company": "会社",
	"_Ship to company report": "会社",
	"_Ship to contact": "連絡先",
	"_Ship to contact report": "連絡先",
	"_Ship to country": "国コード",
	"_Ship to country report": "国コード",
	"_Ship to email": "Emailアドレス",
	"_Ship to email report": "Emailアドレス",
	"_Ship to phone": "電話番号",
	"_Ship to phone report": "電話番号",
	"_Ship to region": "都道府県",
	"_Ship to region report": "都道府県",
	"_Ship to street": "番地",
	"_Ship to street report": "番地",
	"_Ship to sub": "建物、IA、サービス...",
	"_Ship to sub report": "建物、IA、サービス...",
	"_Ship to zip code": "郵便番号",
	"_Ship to zip code report": "郵便番号",
	"Purchasing - ShipTo": "P2P - 納品先住所",
	"PurchasingShipTo": "P2P - 納品先住所",
	"PurchasingShipTo__": "P2P - 納品先住所",
	"_CompanyAddress": "会社住所",
	"_CompanyAddressFormated": "住所プレビュー",
	"_CompanyInfo": "会社情報",
	"_DefaultConfiguration": "既定の設定",
	"_DefaultConfiguration_report": "既定の設定",
	"_DefaultExpenseReportType": "既定の費用レポート種別",
	"_DefaultExpenseReportType_report": "既定の費用レポート種別",
	"_DeliveryAddressID": "既定の納品先住所ID",
	"_DeliveryAddressID_report": "既定の納品先住所ID",
	"_DeterminationKeyword": "自動決定用キーワード",
	"_DeterminationKeyword_report": "自動決定用キーワード",
	"_ERP": "ERP",
	"_errorExistingCompanyCode": "この会社カードはテーブルに存在します",
	"_PurchasingGroup": "購買グループ",
	"_PurchasingGroup_report": "購買グループ",
	"_PurchasingOrganization": "購買組織",
	"_PurchasingOrganization_report": "購買組織",
	"_Sub": "建物、IA、サービス...",
	"_Sub report": "建物、IA、サービス...",
	"_WorkingDays": "営業日",
	"_WorkingDays_report": "営業日",
	"City": "市区町村",
	"Company code": "会社コード",
	"Company name": "会社名",
	"Contact email": "電子メール",
	"Country": "国コード",
	"Currency": "通貨",
	"Fax number": "Fax番号",
	"P2P - Company codes": "会社コード",
	"P2P - Company codes__": "会社コード",
	"Phone number": "電話番号",
	"Postal code": "郵便番号",
	"PostOfficeBox": "私書箱",
	"PurchasingCompanycodes": "P2P - 会社コード",
	"Region": "都道府県/地域",
	"SIRET": "納税者識別番号",
	"Street": "番地",
	"VAT number": "付加価値税登録番号"
}</process_JA>
      <process_en>{
	"_AddressInfo": "Address",
	"_Company code": "Company code",
	"_Company code report": "Company code",
	"_DeliveryAddressFormated": "Address preview",
	"_Document data": "Document data",
	"_GeneralInfo": "General Information",
	"_ID": "ID",
	"_ID_report": "ID",
	"_Ship to city": "City",
	"_Ship to city report": "City",
	"_Ship to company": "Company",
	"_Ship to company report": "Company",
	"_Ship to contact": "Contact",
	"_Ship to contact report": "Contact",
	"_Ship to country": "Country code",
	"_Ship to country report": "Country code",
	"_Ship to email": "Email address",
	"_Ship to email report": "Email address",
	"_Ship to phone": "Phone number",
	"_Ship to phone report": "Phone number",
	"_Ship to region": "State/Region",
	"_Ship to region report": "State/Region",
	"_Ship to street": "Street",
	"_Ship to street report": "Street",
	"_Ship to sub": "Building, IA, Service...",
	"_Ship to sub report": "Building, IA, Service...",
	"_Ship to zip code": "Postal code",
	"_Ship to zip code report": "Postal code",
	"Purchasing - ShipTo": "P2P - Delivery addresses",
	"PurchasingShipTo": "P2P - Delivery addresses",
	"PurchasingShipTo__": "P2P - Delivery addresses",
	"_CompanyAddress": "Company Address",
	"_CompanyAddressFormated": "Address preview",
	"_CompanyInfo": "Company Information",
	"_DefaultConfiguration": "Default configuration",
	"_DefaultConfiguration_report": "Default configuration",
	"_DefaultExpenseReportType": "Default expense report type",
	"_DefaultExpenseReportType_report": "Default expense report type",
	"_DeliveryAddressID": "ID of default delivery address",
	"_DeliveryAddressID_report": "ID of default delivery address",
	"_DeterminationKeyword": "Keywords used for automatic determination",
	"_DeterminationKeyword_report": "Keywords used for automatic determination",
	"_ERP": "ERP",
	"_errorExistingCompanyCode": "This company code already exists in the table",
	"_PurchasingGroup": "Purchasing group",
	"_PurchasingGroup_report": "Purchasing group",
	"_PurchasingOrganization": "Purchasing organization",
	"_PurchasingOrganization_report": "Purchasing organization",
	"_Sub": "Building, IA, Service...",
	"_Sub report": "Building, IA, Service...",
	"_WorkingDays": "Working days",
	"_WorkingDays_report": "Working days",
	"City": "City",
	"Company code": "Company code",
	"Company name": "Company name",
	"Contact email": "Email",
	"Country": "Country code",
	"Currency": "Currency",
	"Fax number": "Fax number",
	"P2P - Company codes": "Company code",
	"P2P - Company codes__": "Company code",
	"Phone number": "Phone number",
	"Postal code": "Postal code",
	"PostOfficeBox": "Locality or P.O. Box",
	"PurchasingCompanycodes": "P2P - Company codes",
	"Region": "State/Region",
	"SIRET": "Tax identification number",
	"Street": "Street",
	"VAT number": "VAT number"
}</process_en>
      <process_es>{
	"_AddressInfo": "Dirección",
	"_Company code": "Código de empresa",
	"_Company code report": "Código de empresa",
	"_DeliveryAddressFormated": "Vista previa de la dirección",
	"_Document data": "Datos del documento",
	"_GeneralInfo": "Información general",
	"_ID": "ID",
	"_ID_report": "ID",
	"_Ship to city": "Ciudad",
	"_Ship to city report": "Ciudad",
	"_Ship to company": "Empresa",
	"_Ship to company report": "Empresa",
	"_Ship to contact": "Contacto",
	"_Ship to contact report": "Contacto",
	"_Ship to country": "Código de país",
	"_Ship to country report": "Código de país",
	"_Ship to email": "Dirección de e-mail",
	"_Ship to email report": "Dirección de e-mail",
	"_Ship to phone": "Número de teléfono",
	"_Ship to phone report": "Número de teléfono",
	"_Ship to region": "Estado/Provincia",
	"_Ship to region report": "Estado/Provincia",
	"_Ship to street": "Calle",
	"_Ship to street report": "Calle",
	"_Ship to sub": "Edificio, P.I., Servicio...",
	"_Ship to sub report": "Edificio, P.I., Servicio...",
	"_Ship to zip code": "Código postal",
	"_Ship to zip code report": "Código postal",
	"Purchasing - ShipTo": "P2P - Direcciones de entrega",
	"PurchasingShipTo": "P2P - Direcciones de entrega",
	"PurchasingShipTo__": "P2P - Direcciones de entrega",
	"_CompanyAddress": "Dirección de la empresa",
	"_CompanyAddressFormated": "Vista previa de la dirección",
	"_CompanyInfo": "Información de la empresa",
	"_DefaultConfiguration": "Configuración predeterminada",
	"_DefaultConfiguration_report": "Configuración predeterminada",
	"_DefaultExpenseReportType": "Tipo de informe de gastos predeterminado",
	"_DefaultExpenseReportType_report": "Tipo de informe de gastos predeterminado",
	"_DeliveryAddressID": "ID de dirección de entrega predeterminada",
	"_DeliveryAddressID_report": "ID de dirección de entrega predeterminada",
	"_DeterminationKeyword": "Palabras clave usadas para la determinación automática",
	"_DeterminationKeyword_report": "Palabras clave usadas para la determinación automática",
	"_ERP": "ERP",
	"_errorExistingCompanyCode": "Este código de empresa ya existe en la tabla",
	"_PurchasingGroup": "Grupo de compras",
	"_PurchasingGroup_report": "Grupo de compras",
	"_PurchasingOrganization": "Organización de compras",
	"_PurchasingOrganization_report": "Organización de compras",
	"_Sub": "Edificio, P.I., Servicio...",
	"_Sub report": "Edificio, P.I., Servicio...",
	"_WorkingDays": "Días laborables",
	"_WorkingDays_report": "Días laborables",
	"City": "Ciudad",
	"Company code": "Código de empresa",
	"Company name": "Nombre de la empresa",
	"Contact email": "Dirección de e-mail",
	"Country": "Código de país",
	"Currency": "Divisa",
	"Fax number": "Número de fax",
	"P2P - Company codes": "Código de empresa",
	"P2P - Company codes__": "Código de empresa",
	"Phone number": "Número de teléfono",
	"Postal code": "Código postal",
	"PostOfficeBox": "Localidad o apartado postal",
	"PurchasingCompanycodes": "P2P - Códigos de empresa",
	"Region": "Estado/Provincia",
	"SIRET": "N° ident. fiscal",
	"Street": "Calle",
	"VAT number": "Nº de IVA"
}</process_es>
      <process_fr>{
	"_AddressInfo": "Adresse",
	"_Company code": "Code société",
	"_Company code report": "Code société",
	"_DeliveryAddressFormated": "Aperçu de l'adresse",
	"_Document data": "Données du document",
	"_GeneralInfo": "Informations générales",
	"_ID": "Identifiant",
	"_ID_report": "Identifiant",
	"_Ship to city": "Ville",
	"_Ship to city report": "Ville",
	"_Ship to company": "Société",
	"_Ship to company report": "Société",
	"_Ship to contact": "Contact",
	"_Ship to contact report": "Contact",
	"_Ship to country": "Code pays",
	"_Ship to country report": "Code pays",
	"_Ship to email": "Adresse e-mail",
	"_Ship to email report": "Adresse e-mail",
	"_Ship to phone": "Numéro de téléphone",
	"_Ship to phone report": "Numéro de téléphone",
	"_Ship to region": "État/Région",
	"_Ship to region report": "État/Région",
	"_Ship to street": "Rue",
	"_Ship to street report": "Rue",
	"_Ship to sub": "Bâtiment, ZI, Service...",
	"_Ship to sub report": "Bâtiment, ZI, Service...",
	"_Ship to zip code": "Code postal",
	"_Ship to zip code report": "Code postal",
	"Purchasing - ShipTo": "P2P - Adresses de livraison",
	"PurchasingShipTo": "P2P - Adresses de livraison",
	"PurchasingShipTo__": "P2P - Adresses de livraison",
	"_CompanyAddress": "Adresse de la société",
	"_CompanyAddressFormated": "Aperçu de l'adresse",
	"_CompanyInfo": "Informations sur la société",
	"_DefaultConfiguration": "Configuration par défaut",
	"_DefaultConfiguration_report": "Configuration par défaut",
	"_DefaultExpenseReportType": "Type de note de frais par défaut",
	"_DefaultExpenseReportType_report": "Type de note de frais par défaut",
	"_DeliveryAddressID": "Identifiant de l'adresse de livraison par défaut",
	"_DeliveryAddressID_report": "Identifiant de l'adresse de livraison par défaut",
	"_DeterminationKeyword": "Mots-clés utilisés pour la détermination automatique",
	"_DeterminationKeyword_report": "Mots-clés utilisés pour la détermination automatique",
	"_ERP": "ERP",
	"_errorExistingCompanyCode": "Ce code société existe déjà dans la table",
	"_PurchasingGroup": "Groupe d'acheteurs",
	"_PurchasingGroup_report": "Groupe d'acheteurs",
	"_PurchasingOrganization": "Organisation d'achats",
	"_PurchasingOrganization_report": "Organisation d'achats",
	"_Sub": "Bâtiment, ZI, Service...",
	"_Sub report": "Bâtiment, ZI, Service...",
	"_WorkingDays": "Jours ouvrés",
	"_WorkingDays_report": "Jours ouvrés",
	"City": "Ville",
	"Company code": "Code société",
	"Company name": "Nom de la société",
	"Contact email": "Adresse e-mail",
	"Country": "Code pays",
	"Currency": "Devise",
	"Fax number": "Numéro de fax",
	"P2P - Company codes": "Code société",
	"P2P - Company codes__": "Code société",
	"Phone number": "Numéro de téléphone",
	"Postal code": "Code postal",
	"PostOfficeBox": "Lieu-dit ou boîte postale",
	"PurchasingCompanycodes": "P2P - Codes société",
	"Region": "État/Région",
	"SIRET": "SIRET",
	"Street": "Rue",
	"VAT number": "Numéro de TVA"
}</process_fr>
      <process_nl-NL>{
	"_AddressInfo": "Adres",
	"_Company code": "Bedrijfscode",
	"_Company code report": "Bedrijfscode",
	"_DeliveryAddressFormated": "Voorbeeldweergave adres",
	"_Document data": "Documentgegevens",
	"_GeneralInfo": "Algemene informatie",
	"_ID": "ID",
	"_ID_report": "ID",
	"_Ship to city": "Stad",
	"_Ship to city report": "Stad",
	"_Ship to company": "Bedrijf",
	"_Ship to company report": "Bedrijf",
	"_Ship to contact": "Contact",
	"_Ship to contact report": "Contact",
	"_Ship to country": "Landcode",
	"_Ship to country report": "Landcode",
	"_Ship to email": "E-mailadres",
	"_Ship to email report": "E-mailadres",
	"_Ship to phone": "Telefoonnummer",
	"_Ship to phone report": "Telefoonnummer",
	"_Ship to region": "Staat/Regio",
	"_Ship to region report": "Staat/Regio",
	"_Ship to street": "Straat",
	"_Ship to street report": "Straat",
	"_Ship to sub": "Gebouw, IZ, service",
	"_Ship to sub report": "Gebouw, IZ, service",
	"_Ship to zip code": "Postcode",
	"_Ship to zip code report": "Postcode",
	"Purchasing - ShipTo": "P2P - Afleveringsadres",
	"PurchasingShipTo": "P2P - Afleveringsadres",
	"PurchasingShipTo__": "P2P - Afleveringsadres",
	"_CompanyAddress": "Adres bedrijf",
	"_CompanyAddressFormated": "Voorbeeldweergave adres",
	"_CompanyInfo": "Informatie bedrijf",
	"_DefaultConfiguration": "Standaardconfiguratie",
	"_DefaultConfiguration_report": "Standaardconfiguratie",
	"_DefaultExpenseReportType": "Standaardtype uitgavenstaat",
	"_DefaultExpenseReportType_report": "Standaardtype uitgavenstaat",
	"_DeliveryAddressID": "ID van standaard leveringsadres",
	"_DeliveryAddressID_report": "ID van standaard leveringsadres",
	"_DeterminationKeyword": "Trefwoorden gebruikt voor automatische bepaling",
	"_DeterminationKeyword_report": "Trefwoorden gebruikt voor automatische bepaling",
	"_ERP": "ERP",
	"_errorExistingCompanyCode": "Deze bedrijfscode bestaat al in de tabel",
	"_PurchasingGroup": "Inkoopgroep",
	"_PurchasingGroup_report": "Inkoopgroep",
	"_PurchasingOrganization": "Inkooporganisatie",
	"_PurchasingOrganization_report": "Inkooporganisatie",
	"_Sub": "Gebouw, IZ, service",
	"_Sub report": "Gebouw, IZ, service",
	"_WorkingDays": "Werkdagen",
	"_WorkingDays_report": "Werkdagen",
	"City": "Stad",
	"Company code": "Bedrijfscode",
	"Company name": "Bedrijfsnaam",
	"Contact email": "E-mail",
	"Country": "Landcode",
	"Currency": "Valuta",
	"Fax number": "Faxnummer",
	"P2P - Company codes": "Bedrijfscode",
	"P2P - Company codes__": "Bedrijfscode",
	"Phone number": "Telefoonnummer",
	"Postal code": "Postcode",
	"PostOfficeBox": "Locatie of postbus",
	"PurchasingCompanycodes": "P2P - Bedrijfscodes",
	"Region": "Staat/Regio",
	"SIRET": "Belastingnummer",
	"Street": "Straat",
	"VAT number": "Btw-nummer"
}</process_nl-NL>
      <process_it>{
	"_AddressInfo": "Indirizzo",
	"_Company code": "Codice società",
	"_Company code report": "Codice società",
	"_DeliveryAddressFormated": "Anteprima indirizzo",
	"_Document data": "Dati documento",
	"_GeneralInfo": "Informazioni generali",
	"_ID": "ID",
	"_ID_report": "ID",
	"_Ship to city": "Città",
	"_Ship to city report": "Città",
	"_Ship to company": "Società",
	"_Ship to company report": "Società",
	"_Ship to contact": "Contatto",
	"_Ship to contact report": "Contatto",
	"_Ship to country": "Codice paese",
	"_Ship to country report": "Codice paese",
	"_Ship to email": "Indirizzo e-mail",
	"_Ship to email report": "Indirizzo e-mail",
	"_Ship to phone": "Numero di telefono",
	"_Ship to phone report": "Numero di telefono",
	"_Ship to region": "Stato/Regione",
	"_Ship to region report": "Stato/Regione",
	"_Ship to street": "Via",
	"_Ship to street report": "Via",
	"_Ship to sub": "Edificio, ZI, Servizio...",
	"_Ship to sub report": "Edificio, ZI, Servizio...",
	"_Ship to zip code": "CAP",
	"_Ship to zip code report": "CAP",
	"Purchasing - ShipTo": "P2P - Indirizzi di spedizione",
	"PurchasingShipTo": "P2P - Indirizzi di spedizione",
	"PurchasingShipTo__": "P2P - Indirizzi di spedizione",
	"_CompanyAddress": "Indirizzo società",
	"_CompanyAddressFormated": "Anteprima indirizzo",
	"_CompanyInfo": "Informazioni società",
	"_DefaultConfiguration": "Configurazione predefinita",
	"_DefaultConfiguration_report": "Configurazione predefinita",
	"_DefaultExpenseReportType": "Tipo di nota spese predefinito",
	"_DefaultExpenseReportType_report": "Tipo di nota spese predefinito",
	"_DeliveryAddressID": "ID indirizzo di spedizione predefinito",
	"_DeliveryAddressID_report": "ID indirizzo di spedizione predefinito",
	"_DeterminationKeyword": "Parole chiave per la determinazione automatica del codice società",
	"_DeterminationKeyword_report": "Parole chiave per la determinazione automatica del codice società",
	"_ERP": "ERP",
	"_errorExistingCompanyCode": "Questo codice società esiste già nella tabella",
	"_PurchasingGroup": "Gruppo acquisti",
	"_PurchasingGroup_report": "Gruppo acquisti",
	"_PurchasingOrganization": "Organizzazione acquisti",
	"_PurchasingOrganization_report": "Organizzazione acquisti",
	"_Sub": "Edificio, ZI, Servizio...",
	"_Sub report": "Edificio, ZI, Servizio...",
	"_WorkingDays": "Giorni lavorativi",
	"_WorkingDays_report": "Giorni lavorativi",
	"City": "Città",
	"Company code": "Codice società",
	"Company name": "Nome società",
	"Contact email": "Indirizzo e-mail",
	"Country": "Codice paese",
	"Currency": "Valuta",
	"Fax number": "Numero fax",
	"P2P - Company codes": "Codice società",
	"P2P - Company codes__": "Codice società",
	"Phone number": "Numero di telefono",
	"Postal code": "CAP",
	"PostOfficeBox": "Località o casella postale",
	"PurchasingCompanycodes": "P2P - Codici società",
	"Region": "Stato/Regione",
	"SIRET": "Codice di identificazione fiscale",
	"Street": "Via",
	"VAT number": "Partita IVA"
}</process_it>
      <process_zh-CN>{
	"_AddressInfo": "地址",
	"_Company code": "公司代码",
	"_Company code report": "公司代码",
	"_DeliveryAddressFormated": "地址预览",
	"_Document data": "文档数据",
	"_GeneralInfo": "常规信息",
	"_ID": "ID",
	"_ID_report": "ID",
	"_Ship to city": "城市",
	"_Ship to city report": "城市",
	"_Ship to company": "公司",
	"_Ship to company report": "公司",
	"_Ship to contact": "联系人",
	"_Ship to contact report": "联系人",
	"_Ship to country": "国家/地区",
	"_Ship to country report": "国家/地区",
	"_Ship to email": "电子邮件",
	"_Ship to email report": "电子邮件",
	"_Ship to phone": "电话号码",
	"_Ship to phone report": "电话号码",
	"_Ship to region": "州/省/大区",
	"_Ship to region report": "州/省/大区",
	"_Ship to street": "街道地址",
	"_Ship to street report": "街道地址",
	"_Ship to sub": "楼号、工业区、部门……",
	"_Ship to sub report": "楼号、工业区、部门……",
	"_Ship to zip code": "邮政编码",
	"_Ship to zip code report": "邮政编码",
	"Purchasing - ShipTo": "采购到支付 - 交付地址",
	"PurchasingShipTo": "采购到支付 - 交付地址",
	"PurchasingShipTo__": "采购到支付 - 交付地址",
	"_CompanyAddress": "公司地址",
	"_CompanyAddressFormated": "地址预览",
	"_CompanyInfo": "公司信息",
	"_DefaultConfiguration": "默认配置",
	"_DefaultConfiguration_report": "默认配置",
	"_DefaultExpenseReportType": "默认费用报销单类型",
	"_DefaultExpenseReportType_report": "默认费用报销单类型",
	"_DeliveryAddressID": "默认交付地址的ID",
	"_DeliveryAddressID_report": "默认交付地址的ID",
	"_DeterminationKeyword": "自动决定使用的关键字",
	"_DeterminationKeyword_report": "自动决定使用的关键字",
	"_ERP": "ERP",
	"_errorExistingCompanyCode": "此公司代码已存在于表中",
	"_PurchasingGroup": "采购组",
	"_PurchasingGroup_report": "采购组",
	"_PurchasingOrganization": "采购组织",
	"_PurchasingOrganization_report": "采购组织",
	"_Sub": "楼号、工业区、部门……",
	"_Sub report": "楼号、工业区、部门……",
	"_WorkingDays": "工作日",
	"_WorkingDays_report": "工作日",
	"City": "城市",
	"Company code": "公司代码",
	"Company name": "公司名",
	"Contact email": "电子邮件",
	"Country": "国家/地区代码",
	"Currency": "货币",
	"Fax number": "传真号码",
	"P2P - Company codes": "公司代码",
	"P2P - Company codes__": "公司代码",
	"Phone number": "电话号码",
	"Postal code": "邮政编码",
	"PostOfficeBox": "地点或邮政信箱",
	"PurchasingCompanycodes": "采购到支付 - 公司代码",
	"Region": "州/省/大区",
	"SIRET": "税务识别号",
	"Street": "街道地址",
	"VAT number": "增值税号(VAT)"
}</process_zh-CN>
      <process_pt-BR>{
	"_AddressInfo": "Morada",
	"_Company code": "Código da empresa",
	"_Company code report": "Código da empresa",
	"_DeliveryAddressFormated": "Visualização do endereço",
	"_Document data": "Informação de documento",
	"_GeneralInfo": "Informação geral",
	"_ID": "ID",
	"_ID_report": "ID",
	"_Ship to city": "Cidade",
	"_Ship to city report": "Cidade",
	"_Ship to company": "Empresa",
	"_Ship to company report": "Empresa",
	"_Ship to contact": "Contato",
	"_Ship to contact report": "Contato",
	"_Ship to country": "Código do país",
	"_Ship to country report": "Código do país",
	"_Ship to email": "Endereço de e-mail",
	"_Ship to email report": "Endereço de e-mail",
	"_Ship to phone": "Número de telefone",
	"_Ship to phone report": "Número de telefone",
	"_Ship to region": "Estado/Região",
	"_Ship to region report": "Estado/Região",
	"_Ship to street": "Rua",
	"_Ship to street report": "Rua",
	"_Ship to sub": "Edifício, IA, Serviço...",
	"_Ship to sub report": "Edifício, IA, Serviço...",
	"_Ship to zip code": "Código postal",
	"_Ship to zip code report": "Código postal",
	"Purchasing - ShipTo": "P2P - Endereços de entrega",
	"PurchasingShipTo": "P2P - Endereços de entrega",
	"PurchasingShipTo__": "P2P - Endereços de entrega",
	"_CompanyAddress": "Endereço da empresa",
	"_CompanyAddressFormated": "Visualização do endereço",
	"_CompanyInfo": "Informações sobre a empresa",
	"_DefaultConfiguration": "Configuração padrão",
	"_DefaultConfiguration_report": "Configuração padrão",
	"_DefaultExpenseReportType": "Tipo de relatório de despesas padrão",
	"_DefaultExpenseReportType_report": "Tipo de relatório de despesas padrão",
	"_DeliveryAddressID": "ID do endereço de entrega padrão",
	"_DeliveryAddressID_report": "ID do endereço de entrega padrão",
	"_DeterminationKeyword": "Palavras-chave usadas para determinação automática",
	"_DeterminationKeyword_report": "Palavras-chave usadas para determinação automática",
	"_ERP": "ERP",
	"_errorExistingCompanyCode": "Essa empresa já existe na tabela",
	"_PurchasingGroup": "Grupo de compras",
	"_PurchasingGroup_report": "Grupo de compras",
	"_PurchasingOrganization": "Organização de compras",
	"_PurchasingOrganization_report": "Organização de compras",
	"_Sub": "Edifício, IA, Serviço...",
	"_Sub report": "Edifício, IA, Serviço...",
	"_WorkingDays": "Dias úteis",
	"_WorkingDays_report": "Dias úteis",
	"City": "Cidade",
	"Company code": "Código da empresa",
	"Company name": "Nome da empresa",
	"Contact email": "E-mail",
	"Country": "Código do país",
	"Currency": "Moeda",
	"Fax number": "Número de fax",
	"P2P - Company codes": "Código da empresa",
	"P2P - Company codes__": "Código da empresa",
	"Phone number": "Número de telefone",
	"Postal code": "Código postal",
	"PostOfficeBox": "Localidade ou apartado",
	"PurchasingCompanycodes": "P2P - Códigos da empresa",
	"Region": "Estado/Região",
	"SIRET": "Número de identificação fiscal",
	"Street": "Rua",
	"VAT number": "Número de IVA"
}</process_pt-BR>
    </lg>
    <process>
      <BUColumn>CompanyCode__</BUColumn>
      <flowtype>processing</flowtype>
      <homepagelabel>Purchasing - ShipTo</homepagelabel>
      <upgradable>yes</upgradable>
      <instanciable>1</instanciable>
      <OverrideAllowedAttachmentExtensions>*</OverrideAllowedAttachmentExtensions>
      <lgpathtomerge>..\table - PurchasingCompanycodes\lg</lgpathtomerge>
      <AllowUploadAttachment>0</AllowUploadAttachment>
      <AllowUploadReferenceDocument>0</AllowUploadReferenceDocument>
      <shouldRollbackManualRecordEdits>true</shouldRollbackManualRecordEdits>
      <UseCultureFormat>true</UseCultureFormat>
      <TransportName>CustomTable</TransportName>
      <LayoutVersion>1.0</LayoutVersion>
    </process>
    <ui>
      <CustomScriptDebug>false</CustomScriptDebug>
      <customscriptIncludedScripts>Lib_P2P_Address_V12.0.461.0</customscriptIncludedScripts>
      <CustomScriptReadonly>true</CustomScriptReadonly>
      <CustomScript>///#GLOBALS Lib Sys
Lib.P2P.Address.SetFormattedAddressControl(Controls.DeliveryAddress__);
function ComputeDeliveryAddress() {
    var options = {
        "isVariablesAddress": true,
        "address": {
            "ToName": "ToRemove",
            "ToSub": Controls.ShipToSub__.GetValue(),
            "ToMail": Controls.ShipToStreet__.GetValue(),
            "ToPostal": Controls.ShipToZipCode__.GetValue(),
            "ToCountryCode": Controls.ShipToCountry__.GetValue(),
            "ToState": Controls.ShipToRegion__.GetValue(),
            "ToCity": Controls.ShipToCity__.GetValue(),
            "ForceCountry": true
        },
        "countryCode": Controls.ShipToCountry__.GetValue()
    };
    Lib.P2P.Address.ComputeFormattedAddressWithOptions(options);
}
Controls.ShipToStreet__.OnChange = ComputeDeliveryAddress;
Controls.ShipToZipCode__.OnChange = ComputeDeliveryAddress;
Controls.ShipToCountry__.OnChange = ComputeDeliveryAddress;
Controls.ShipToRegion__.OnChange = ComputeDeliveryAddress;
Controls.ShipToCity__.OnChange = ComputeDeliveryAddress;
Controls.ShipToSub__.OnChange = ComputeDeliveryAddress;
ComputeDeliveryAddress();
</CustomScript>
      <layout>{
	"*": {
		"Screen": {
			"type": "FlexibleFormLayout",
			"options": {
				"splitterType": "simple-v",
				"version": 0,
				"processHelpId": "5089"
			},
			"*": {
				"form-header": {
					"type": "FlexibleFormHeader",
					"options": {
						"hidePanelsMenu": false,
						"version": 0
					},
					"stamp": 2,
					"data": []
				},
				"form-center": {
					"type": "FlexibleFormCenter",
					"options": {
						"version": 0
					},
					"*": {
						"form-content": {
							"type": "FlexibleFormContent",
							"options": {
								"version": 0
							},
							"*": {
								"form-content-center": {
									"type": "FlexibleFormSplitter",
									"options": {
										"version": 1,
										"box": {
											"top": "0%",
											"left": "0%",
											"width": "100%"
										},
										"hidden": false
									},
									"*": {
										"form-content-center-1": {
											"type": "FlexibleFormLine",
											"data": [],
											"options": {
												"version": 0
											},
											"stamp": 9,
											"*": {
												"GeneralInfo": {
													"type": "PanelData",
													"options": {
														"border": {},
														"version": 0,
														"labelLength": 0,
														"label": "_GeneralInfo",
														"iconURL": "",
														"TitleFontSize": "M",
														"hideActionButtons": true,
														"hideTitleBar": false,
														"hideTitle": false,
														"backgroundcolor": "default",
														"labelsAlignment": "right",
														"leftImageURL": "",
														"removeMargins": false,
														"elementsAlignment": "left"
													},
													"*": {
														"FieldsManager": {
															"type": "FieldsManager",
															"options": {
																"controlsAssociation": {
																	"ShipToCompany__": "LabelShip_to_company__",
																	"LabelShip_to_company__": "ShipToCompany__",
																	"ShipToContact__": "LabelShip_to_contact__",
																	"LabelShip_to_contact__": "ShipToContact__",
																	"CompanyCode__": "LabelCompany_code__",
																	"LabelCompany_code__": "CompanyCode__",
																	"ID__": "LabelID__",
																	"LabelID__": "ID__",
																	"ShipToPhone__": "LabelShipToPhone__",
																	"LabelShipToPhone__": "ShipToPhone__",
																	"ShipToEmail__": "LabelShipToEmail__",
																	"LabelShipToEmail__": "ShipToEmail__"
																},
																"version": 0
															},
															"*": {
																"Grid": {
																	"type": "GridLayout",
																	"options": {
																		"lines": 6,
																		"columns": 2,
																		"version": 0,
																		"ctrlsPos": {
																			"ShipToCompany__": {
																				"line": 3,
																				"column": 2
																			},
																			"LabelShip_to_company__": {
																				"line": 3,
																				"column": 1
																			},
																			"ShipToContact__": {
																				"line": 4,
																				"column": 2
																			},
																			"LabelShip_to_contact__": {
																				"line": 4,
																				"column": 1
																			},
																			"CompanyCode__": {
																				"line": 1,
																				"column": 2
																			},
																			"LabelCompany_code__": {
																				"line": 1,
																				"column": 1
																			},
																			"ID__": {
																				"line": 2,
																				"column": 2
																			},
																			"LabelID__": {
																				"line": 2,
																				"column": 1
																			},
																			"ShipToPhone__": {
																				"line": 5,
																				"column": 2
																			},
																			"LabelShipToPhone__": {
																				"line": 5,
																				"column": 1
																			},
																			"ShipToEmail__": {
																				"line": 6,
																				"column": 2
																			},
																			"LabelShipToEmail__": {
																				"line": 6,
																				"column": 1
																			}
																		},
																		"colspans": [
																			[],
																			[],
																			[],
																			[],
																			[],
																			[]
																		]
																	},
																	"data": [
																		"fields"
																	],
																	"*": {
																		"LabelCompany_code__": {
																			"type": "Label",
																			"data": [
																				"CompanyCode__"
																			],
																			"options": {
																				"label": "_Company code",
																				"version": 0
																			},
																			"stamp": 28
																		},
																		"CompanyCode__": {
																			"type": "DatabaseComboBox",
																			"data": [
																				"CompanyCode__"
																			],
																			"options": {
																				"browsable": true,
																				"label": "_Company code",
																				"activable": true,
																				"width": 230,
																				"fTSmaxRecords": "20",
																				"version": 0,
																				"PreFillFTS": true
																			},
																			"stamp": 29
																		},
																		"LabelID__": {
																			"type": "Label",
																			"data": [
																				"ID__"
																			],
																			"options": {
																				"label": "_ID",
																				"version": 0
																			},
																			"stamp": 30
																		},
																		"ID__": {
																			"type": "ShortText",
																			"data": [
																				"ID__"
																			],
																			"options": {
																				"textSize": "S",
																				"textAlignment": "left",
																				"textStyle": "default",
																				"textColor": "default",
																				"label": "_ID",
																				"activable": true,
																				"width": 230,
																				"version": 0,
																				"browsable": false
																			},
																			"stamp": 31
																		},
																		"LabelShip_to_company__": {
																			"type": "Label",
																			"data": [
																				"ShipToCompany__"
																			],
																			"options": {
																				"label": "_Ship to company",
																				"version": 0
																			},
																			"stamp": 14
																		},
																		"ShipToCompany__": {
																			"type": "ShortText",
																			"data": [
																				"ShipToCompany__"
																			],
																			"options": {
																				"label": "_Ship to company",
																				"activable": true,
																				"width": 230,
																				"version": 0,
																				"textSize": "S",
																				"textAlignment": "left",
																				"textStyle": "default",
																				"textColor": "default"
																			},
																			"stamp": 15
																		},
																		"LabelShip_to_contact__": {
																			"type": "Label",
																			"data": [
																				"ShipToContact__"
																			],
																			"options": {
																				"label": "_Ship to contact",
																				"version": 0
																			},
																			"stamp": 16
																		},
																		"ShipToContact__": {
																			"type": "ShortText",
																			"data": [
																				"ShipToContact__"
																			],
																			"options": {
																				"label": "_Ship to contact",
																				"activable": true,
																				"width": 230,
																				"version": 0,
																				"textSize": "S",
																				"textAlignment": "left",
																				"textStyle": "default",
																				"textColor": "default"
																			},
																			"stamp": 17
																		},
																		"LabelShipToPhone__": {
																			"type": "Label",
																			"data": [
																				"ShipToPhone__"
																			],
																			"options": {
																				"label": "_Ship to phone"
																			},
																			"stamp": 34
																		},
																		"ShipToPhone__": {
																			"type": "ShortText",
																			"data": [
																				"ShipToPhone__"
																			],
																			"options": {
																				"textSize": "S",
																				"textAlignment": "left",
																				"textStyle": "default",
																				"textColor": "default",
																				"version": 1,
																				"label": "_Ship to phone",
																				"activable": true,
																				"width": 230,
																				"helpText": "",
																				"helpURL": "",
																				"helpFormat": "HTML Format",
																				"browsable": false
																			},
																			"stamp": 35
																		},
																		"LabelShipToEmail__": {
																			"type": "Label",
																			"data": [
																				"ShipToEmail__"
																			],
																			"options": {
																				"label": "_Ship to email",
																				"version": 0
																			},
																			"stamp": 36
																		},
																		"ShipToEmail__": {
																			"type": "ShortText",
																			"data": [
																				"ShipToEmail__"
																			],
																			"options": {
																				"textSize": "S",
																				"textAlignment": "left",
																				"textStyle": "default",
																				"textColor": "default",
																				"version": 1,
																				"label": "_Ship to email",
																				"activable": true,
																				"width": 230,
																				"helpText": "",
																				"helpURL": "",
																				"helpFormat": "HTML Format",
																				"browsable": false
																			},
																			"stamp": 37
																		}
																	},
																	"stamp": 8
																}
															},
															"stamp": 7,
															"data": []
														}
													},
													"stamp": 6,
													"data": []
												},
												"AddressInfo": {
													"type": "PanelData",
													"data": [],
													"options": {
														"border": {},
														"labelLength": 0,
														"iconURL": "",
														"TitleFontSize": "M",
														"hideActionButtons": true,
														"hideTitleBar": false,
														"hideTitle": false,
														"backgroundcolor": "default",
														"labelsAlignment": "right",
														"label": "_AddressInfo",
														"hidden": false,
														"leftImageURL": "",
														"removeMargins": false,
														"elementsAlignment": "left"
													},
													"stamp": 39,
													"*": {
														"FieldsManager": {
															"type": "FieldsManager",
															"data": [],
															"options": {
																"controlsAssociation": {
																	"LabelShipToSub__": "ShipToSub__",
																	"ShipToSub__": "LabelShipToSub__",
																	"LabelShip_to_street__": "ShipToStreet__",
																	"ShipToStreet__": "LabelShip_to_street__",
																	"LabelShip_to_city__": "ShipToCity__",
																	"ShipToCity__": "LabelShip_to_city__",
																	"LabelShip_to_zip_code__": "ShipToZipCode__",
																	"ShipToZipCode__": "LabelShip_to_zip_code__",
																	"LabelShip_to_region__": "ShipToRegion__",
																	"ShipToRegion__": "LabelShip_to_region__",
																	"LabelShip_to_country__": "ShipToCountry__",
																	"ShipToCountry__": "LabelShip_to_country__",
																	"DeliveryAddress__": "LabelDeliveryAddress__",
																	"LabelDeliveryAddress__": "DeliveryAddress__"
																}
															},
															"stamp": 40,
															"*": {
																"Grid": {
																	"type": "GridLayout",
																	"data": [
																		"fields"
																	],
																	"options": {
																		"ctrlsPos": {
																			"LabelShipToSub__": {
																				"line": 1,
																				"column": 1
																			},
																			"ShipToSub__": {
																				"line": 1,
																				"column": 2
																			},
																			"LabelShip_to_street__": {
																				"line": 2,
																				"column": 1
																			},
																			"ShipToStreet__": {
																				"line": 2,
																				"column": 2
																			},
																			"LabelShip_to_city__": {
																				"line": 3,
																				"column": 1
																			},
																			"ShipToCity__": {
																				"line": 3,
																				"column": 2
																			},
																			"LabelShip_to_zip_code__": {
																				"line": 4,
																				"column": 1
																			},
																			"ShipToZipCode__": {
																				"line": 4,
																				"column": 2
																			},
																			"LabelShip_to_region__": {
																				"line": 5,
																				"column": 1
																			},
																			"ShipToRegion__": {
																				"line": 5,
																				"column": 2
																			},
																			"LabelShip_to_country__": {
																				"line": 6,
																				"column": 1
																			},
																			"ShipToCountry__": {
																				"line": 6,
																				"column": 2
																			},
																			"DeliveryAddress__": {
																				"line": 7,
																				"column": 2
																			},
																			"LabelDeliveryAddress__": {
																				"line": 7,
																				"column": 1
																			}
																		},
																		"lines": 7,
																		"columns": 2,
																		"colspans": [
																			[],
																			[],
																			[],
																			[],
																			[],
																			[],
																			[]
																		]
																	},
																	"stamp": 41,
																	"*": {
																		"ShipToCountry__": {
																			"type": "ShortText",
																			"data": [
																				"ShipToCountry__"
																			],
																			"options": {
																				"label": "_Ship to country",
																				"activable": true,
																				"width": 230,
																				"version": 0,
																				"textSize": "S",
																				"textAlignment": "left",
																				"textStyle": "default",
																				"textColor": "default"
																			},
																			"stamp": 27
																		},
																		"LabelShip_to_country__": {
																			"type": "Label",
																			"data": [
																				"ShipToCountry__"
																			],
																			"options": {
																				"label": "_Ship to country",
																				"version": 0
																			},
																			"stamp": 26
																		},
																		"ShipToRegion__": {
																			"type": "ShortText",
																			"data": [
																				"ShipToRegion__"
																			],
																			"options": {
																				"label": "_Ship to region",
																				"activable": true,
																				"width": 230,
																				"version": 0,
																				"textSize": "S",
																				"textAlignment": "left",
																				"textStyle": "default",
																				"textColor": "default"
																			},
																			"stamp": 25
																		},
																		"LabelShip_to_region__": {
																			"type": "Label",
																			"data": [
																				"ShipToRegion__"
																			],
																			"options": {
																				"label": "_Ship to region",
																				"version": 0
																			},
																			"stamp": 24
																		},
																		"ShipToZipCode__": {
																			"type": "ShortText",
																			"data": [
																				"ShipToZipCode__"
																			],
																			"options": {
																				"label": "_Ship to zip code",
																				"activable": true,
																				"width": 230,
																				"version": 0,
																				"textSize": "S",
																				"textAlignment": "left",
																				"textStyle": "default",
																				"textColor": "default"
																			},
																			"stamp": 23
																		},
																		"LabelShip_to_zip_code__": {
																			"type": "Label",
																			"data": [
																				"ShipToZipCode__"
																			],
																			"options": {
																				"label": "_Ship to zip code",
																				"version": 0
																			},
																			"stamp": 22
																		},
																		"ShipToCity__": {
																			"type": "ShortText",
																			"data": [
																				"ShipToCity__"
																			],
																			"options": {
																				"label": "_Ship to city",
																				"activable": true,
																				"width": 230,
																				"version": 0,
																				"textSize": "S",
																				"textAlignment": "left",
																				"textStyle": "default",
																				"textColor": "default"
																			},
																			"stamp": 21
																		},
																		"LabelShip_to_city__": {
																			"type": "Label",
																			"data": [
																				"ShipToCity__"
																			],
																			"options": {
																				"label": "_Ship to city",
																				"version": 0
																			},
																			"stamp": 20
																		},
																		"ShipToStreet__": {
																			"type": "ShortText",
																			"data": [
																				"ShipToStreet__"
																			],
																			"options": {
																				"label": "_Ship to street",
																				"activable": true,
																				"width": 230,
																				"version": 0,
																				"textSize": "S",
																				"textAlignment": "left",
																				"textStyle": "default",
																				"textColor": "default"
																			},
																			"stamp": 19
																		},
																		"LabelShip_to_street__": {
																			"type": "Label",
																			"data": [
																				"ShipToStreet__"
																			],
																			"options": {
																				"label": "_Ship to street",
																				"version": 0
																			},
																			"stamp": 18
																		},
																		"ShipToSub__": {
																			"type": "ShortText",
																			"data": [
																				"ShipToSub__"
																			],
																			"options": {
																				"textSize": "S",
																				"textAlignment": "left",
																				"textStyle": "default",
																				"textColor": "default",
																				"version": 1,
																				"label": "_Ship to sub",
																				"activable": true,
																				"width": 230,
																				"helpText": "",
																				"helpURL": "",
																				"helpFormat": "HTML Format",
																				"browsable": false
																			},
																			"stamp": 33
																		},
																		"LabelShipToSub__": {
																			"type": "Label",
																			"data": [
																				"ShipToSub__"
																			],
																			"options": {
																				"label": "_Ship to sub",
																				"version": 0
																			},
																			"stamp": 32
																		},
																		"LabelDeliveryAddress__": {
																			"type": "Label",
																			"data": null,
																			"options": {
																				"label": "_DeliveryAddressFormated"
																			},
																			"stamp": 44
																		},
																		"DeliveryAddress__": {
																			"type": "LongText",
																			"data": null,
																			"options": {
																				"textSize": "S",
																				"textAlignment": "left",
																				"textStyle": "default",
																				"textColor": "default",
																				"version": 1,
																				"minNbLines": 5,
																				"label": "_DeliveryAddressFormated",
																				"activable": true,
																				"width": 230,
																				"helpText": "",
																				"helpURL": "",
																				"helpFormat": "HTML Format",
																				"numberOfLines": 5,
																				"readonly": true,
																				"notInDB": true,
																				"dataType": "String",
																				"browsable": false
																			},
																			"stamp": 45
																		}
																	}
																}
															}
														}
													}
												}
											}
										}
									},
									"stamp": 5,
									"data": []
								}
							},
							"stamp": 4,
							"data": []
						}
					},
					"stamp": 3,
					"data": []
				},
				"form-footer": {
					"type": "FlexibleFormFooter",
					"options": {
						"splitterType": "simple-h",
						"version": 0
					},
					"*": {
						"Save": {
							"type": "SubmitButton",
							"options": {
								"label": "_Save",
								"action": "savequit",
								"submit": true,
								"version": 0,
								"shortCut": "S"
							},
							"stamp": 11,
							"data": []
						},
						"Close": {
							"type": "SubmitButton",
							"options": {
								"label": "_Close",
								"action": "cancel",
								"submit": true,
								"version": 0,
								"shortCut": "Q"
							},
							"stamp": 12,
							"data": []
						},
						"Delete": {
							"type": "SubmitButton",
							"options": {
								"label": "_Delete",
								"action": "delete",
								"submit": true,
								"version": 0,
								"disabled": true
							},
							"stamp": 13,
							"data": []
						}
					},
					"stamp": 10,
					"data": []
				}
			},
			"stamp": 1,
			"data": []
		}
	},
	"stamps": 45,
	"data": []
}</layout>
    </ui>
  </properties>
  <field deleted="0" format="" guid="PZWW135023" id="M8Z552000SG7" label="_Company code report" length="50" name="CompanyCode__" originalProcessID="PHQG132937" precision="0" processid="L8Z552000SG7" submitable="1" type="STR">
    <properties>
      <db>
        <alias>AM8Z552000SG7</alias>
        <index vartype="INT">1</index>
        <noxml>1</noxml>
        <fullname>/job/processfields/CompanyCode__</fullname>
        <jointable>PurchasingCompanycodes__</jointable>
        <jointableid>CT#ECW552000SG7</jointableid>
        <defaultvalue>
        </defaultvalue>
        <joincondition>(source.CompanyCode__=dest.CompanyCode__)</joincondition>
        <RecordLastWrite>2014-04-17 17:15:09</RecordLastWrite>
      </db>
      <extrainfo>
        <Label>_Company code report</Label>
        <Alias>AM8Z552000SG7</Alias>
        <ProcessFieldVersion vartype="INT">1</ProcessFieldVersion>
      </extrainfo>
      <field>
        <Editable>true</Editable>
        <required>false</required>
        <TableName>CT#ECW552000SG7</TableName>
        <SortOrder>
        </SortOrder>
        <DisplayedColumns>CompanyCode__|CompanyName__</DisplayedColumns>
        <DisplayedColumnsIds>
        </DisplayedColumnsIds>
        <SavedColumn>CompanyCode__</SavedColumn>
        <SavedColumnId>HUME134563</SavedColumnId>
        <ProcessName>PurchasingCompanycodes__</ProcessName>
        <CustomFilter>
        </CustomFilter>
      </field>
      <gdr>
        <VarType>Area</VarType>
      </gdr>
      <ui>
        <_type>String</_type>
        <automatic>true</automatic>
      </ui>
    </properties>
  </field>
  <field deleted="0" format="" guid="PHQG138659" id="N8Z552000SG7" label="_ID_report" length="50" name="ID__" originalProcessID="PHQG132937" precision="0" processid="L8Z552000SG7" submitable="1" type="STR">
    <properties>
      <db>
        <alias>AN8Z552000SG7</alias>
        <noxml>1</noxml>
        <fullname>/job/processfields/ID__</fullname>
        <defaultvalue>
        </defaultvalue>
        <RecordLastWrite>2015-12-24 14:32:23</RecordLastWrite>
      </db>
      <extrainfo>
        <Label>_ID_report</Label>
        <Alias>AN8Z552000SG7</Alias>
        <ProcessFieldVersion vartype="INT">1</ProcessFieldVersion>
      </extrainfo>
      <gdr>
        <VarType>Area</VarType>
      </gdr>
      <ui>
        <_type>String</_type>
        <automatic>true</automatic>
      </ui>
    </properties>
  </field>
  <field deleted="0" format="" guid="HTXI132941" id="O8Z552000SG7" label="_Ship to city report" length="50" name="ShipToCity__" originalProcessID="PHQG132937" precision="0" processid="L8Z552000SG7" submitable="1" type="STR">
    <properties>
      <db>
        <alias>AO8Z552000SG7</alias>
        <noxml>1</noxml>
        <fullname>/job/processfields/ShipToCity__</fullname>
        <defaultvalue>
        </defaultvalue>
        <RecordLastWrite>2014-01-22 09:55:04</RecordLastWrite>
      </db>
      <extrainfo>
        <Label>_Ship to city report</Label>
        <Alias>AO8Z552000SG7</Alias>
        <ProcessFieldVersion vartype="INT">1</ProcessFieldVersion>
      </extrainfo>
      <field>
        <required>false</required>
      </field>
      <gdr>
        <VarType>Area</VarType>
      </gdr>
      <ui>
        <_type>String</_type>
        <automatic>true</automatic>
      </ui>
    </properties>
  </field>
  <field deleted="0" format="" guid="RWEE132938" id="P8Z552000SG7" label="_Ship to company report" length="50" name="ShipToCompany__" originalProcessID="PHQG132937" precision="0" processid="L8Z552000SG7" submitable="1" type="STR">
    <properties>
      <db>
        <alias>AP8Z552000SG7</alias>
        <index vartype="INT">1</index>
        <noxml>1</noxml>
        <fullname>/job/processfields/ShipToCompany__</fullname>
        <defaultvalue>
        </defaultvalue>
        <RecordLastWrite>2014-01-22 10:17:01</RecordLastWrite>
      </db>
      <extrainfo>
        <Label>_Ship to company report</Label>
        <Alias>AP8Z552000SG7</Alias>
        <ProcessFieldVersion vartype="INT">1</ProcessFieldVersion>
      </extrainfo>
      <field>
        <required>false</required>
      </field>
      <gdr>
        <VarType>Area</VarType>
      </gdr>
      <ui>
        <_type>String</_type>
        <automatic>true</automatic>
      </ui>
    </properties>
  </field>
  <field deleted="0" format="" guid="XWZS132939" id="Q8Z552000SG7" label="_Ship to contact report" length="50" name="ShipToContact__" originalProcessID="PHQG132937" precision="0" processid="L8Z552000SG7" submitable="1" type="STR">
    <properties>
      <db>
        <alias>AQ8Z552000SG7</alias>
        <noxml>1</noxml>
        <fullname>/job/processfields/ShipToContact__</fullname>
        <defaultvalue>
        </defaultvalue>
        <RecordLastWrite>2014-01-22 09:55:04</RecordLastWrite>
      </db>
      <extrainfo>
        <Label>_Ship to contact report</Label>
        <Alias>AQ8Z552000SG7</Alias>
        <ProcessFieldVersion vartype="INT">1</ProcessFieldVersion>
      </extrainfo>
      <field>
        <required>false</required>
      </field>
      <gdr>
        <VarType>Area</VarType>
      </gdr>
      <ui>
        <_type>String</_type>
        <automatic>true</automatic>
      </ui>
    </properties>
  </field>
  <field deleted="0" format="" guid="IHYB132944" id="R8Z552000SG7" label="_Ship to country report" length="80" name="ShipToCountry__" originalProcessID="PHQG132937" precision="0" processid="L8Z552000SG7" submitable="1" type="STR">
    <properties>
      <db>
        <alias>AR8Z552000SG7</alias>
        <noxml>1</noxml>
        <fullname>/job/processfields/ShipToCountry__</fullname>
        <defaultvalue>
        </defaultvalue>
        <RecordLastWrite>2014-01-22 09:55:04</RecordLastWrite>
      </db>
      <extrainfo>
        <Label>_Ship to country report</Label>
        <Alias>AR8Z552000SG7</Alias>
        <ProcessFieldVersion vartype="INT">1</ProcessFieldVersion>
      </extrainfo>
      <field>
        <required>false</required>
      </field>
      <gdr>
        <VarType>Area</VarType>
      </gdr>
      <ui>
        <_type>String</_type>
        <automatic>true</automatic>
      </ui>
    </properties>
  </field>
  <field deleted="0" format="" guid="XY62FP000FSX" id="S8Z552000SG7" label="_Ship to email report" length="250" name="ShipToEmail__" originalProcessID="PHQG132937" precision="0" processid="L8Z552000SG7" submitable="1" type="STR">
    <properties>
      <db>
        <alias>AS8Z552000SG7</alias>
        <noxml>1</noxml>
        <fullname>/job/processfields/ShipToEmail__</fullname>
        <defaultvalue>
        </defaultvalue>
        <RecordLastWrite>2022-10-25 17:06:26</RecordLastWrite>
      </db>
      <extrainfo>
        <Label>_Ship to email report</Label>
        <Alias>AS8Z552000SG7</Alias>
        <ProcessFieldVersion vartype="INT">1</ProcessFieldVersion>
      </extrainfo>
      <gdr>
        <VarType>Area</VarType>
        <DisableAutolearn>1</DisableAutolearn>
      </gdr>
      <help>
        <helpData>{"helpText":"","helpURL":"","helpFormat":"HTML Format"}</helpData>
      </help>
      <ui>
        <_type>String</_type>
        <automatic>true</automatic>
      </ui>
    </properties>
  </field>
  <field deleted="0" format="" guid="WY62FP000FSX" id="T8Z552000SG7" label="_Ship to phone report" length="50" name="ShipToPhone__" originalProcessID="PHQG132937" precision="0" processid="L8Z552000SG7" submitable="1" type="STR">
    <properties>
      <db>
        <alias>AT8Z552000SG7</alias>
        <noxml>1</noxml>
        <fullname>/job/processfields/ShipToPhone__</fullname>
        <defaultvalue>
        </defaultvalue>
        <RecordLastWrite>2022-10-25 17:06:26</RecordLastWrite>
      </db>
      <extrainfo>
        <Label>_Ship to phone report</Label>
        <Alias>AT8Z552000SG7</Alias>
        <ProcessFieldVersion vartype="INT">1</ProcessFieldVersion>
      </extrainfo>
      <gdr>
        <VarType>Area</VarType>
        <DisableAutolearn>1</DisableAutolearn>
      </gdr>
      <help>
        <helpData>{"helpText":"","helpURL":"","helpFormat":"HTML Format"}</helpData>
      </help>
      <ui>
        <_type>String</_type>
        <automatic>true</automatic>
      </ui>
    </properties>
  </field>
  <field deleted="0" format="" guid="WLVX132943" id="U8Z552000SG7" label="_Ship to region report" length="50" name="ShipToRegion__" originalProcessID="PHQG132937" precision="0" processid="L8Z552000SG7" submitable="1" type="STR">
    <properties>
      <db>
        <alias>AU8Z552000SG7</alias>
        <noxml>1</noxml>
        <fullname>/job/processfields/ShipToRegion__</fullname>
        <defaultvalue>
        </defaultvalue>
        <RecordLastWrite>2014-01-22 09:55:04</RecordLastWrite>
      </db>
      <extrainfo>
        <Label>_Ship to region report</Label>
        <Alias>AU8Z552000SG7</Alias>
        <ProcessFieldVersion vartype="INT">1</ProcessFieldVersion>
      </extrainfo>
      <field>
        <required>false</required>
      </field>
      <gdr>
        <VarType>Area</VarType>
      </gdr>
      <ui>
        <_type>String</_type>
        <automatic>true</automatic>
      </ui>
    </properties>
  </field>
  <field deleted="0" format="" guid="TPKD132940" id="V8Z552000SG7" label="_Ship to street report" length="50" name="ShipToStreet__" originalProcessID="PHQG132937" precision="0" processid="L8Z552000SG7" submitable="1" type="STR">
    <properties>
      <db>
        <alias>AV8Z552000SG7</alias>
        <noxml>1</noxml>
        <fullname>/job/processfields/ShipToStreet__</fullname>
        <defaultvalue>
        </defaultvalue>
        <RecordLastWrite>2014-01-22 09:55:04</RecordLastWrite>
      </db>
      <extrainfo>
        <Label>_Ship to street report</Label>
        <Alias>AV8Z552000SG7</Alias>
        <ProcessFieldVersion vartype="INT">1</ProcessFieldVersion>
      </extrainfo>
      <field>
        <required>false</required>
      </field>
      <gdr>
        <VarType>Area</VarType>
      </gdr>
      <ui>
        <_type>String</_type>
        <automatic>true</automatic>
      </ui>
    </properties>
  </field>
  <field deleted="0" format="" guid="VY62FP000FSX" id="W8Z552000SG7" label="_Ship to sub report" length="50" name="ShipToSub__" originalProcessID="PHQG132937" precision="0" processid="L8Z552000SG7" submitable="1" type="STR">
    <properties>
      <db>
        <alias>AW8Z552000SG7</alias>
        <noxml>1</noxml>
        <fullname>/job/processfields/ShipToSub__</fullname>
        <defaultvalue>
        </defaultvalue>
        <RecordLastWrite>2022-10-25 17:06:26</RecordLastWrite>
      </db>
      <extrainfo>
        <Label>_Ship to sub report</Label>
        <Alias>AW8Z552000SG7</Alias>
        <ProcessFieldVersion vartype="INT">1</ProcessFieldVersion>
      </extrainfo>
      <gdr>
        <VarType>Area</VarType>
        <DisableAutolearn>1</DisableAutolearn>
      </gdr>
      <help>
        <helpData>{"helpText":"","helpURL":"","helpFormat":"HTML Format"}</helpData>
      </help>
      <ui>
        <_type>String</_type>
        <automatic>true</automatic>
      </ui>
    </properties>
  </field>
  <field deleted="0" format="" guid="RYCM132942" id="X8Z552000SG7" label="_Ship to zip code report" length="50" name="ShipToZipCode__" originalProcessID="PHQG132937" precision="0" processid="L8Z552000SG7" submitable="1" type="STR">
    <properties>
      <db>
        <alias>AX8Z552000SG7</alias>
        <noxml>1</noxml>
        <fullname>/job/processfields/ShipToZipCode__</fullname>
        <defaultvalue>
        </defaultvalue>
        <RecordLastWrite>2014-01-22 09:55:04</RecordLastWrite>
      </db>
      <extrainfo>
        <Label>_Ship to zip code report</Label>
        <Alias>AX8Z552000SG7</Alias>
        <ProcessFieldVersion vartype="INT">1</ProcessFieldVersion>
      </extrainfo>
      <field>
        <required>false</required>
      </field>
      <gdr>
        <VarType>Area</VarType>
      </gdr>
      <ui>
        <_type>String</_type>
        <automatic>true</automatic>
      </ui>
    </properties>
  </field>
  <type id="JLLP13130F1" name="CT">
  </type>
</process>