﻿<?xml version="1.0" encoding="UTF-8" standalone="no"?>
<process accountid="20063076" allowrepairprocess="0" builtin="0" builtinversion="0" carriesapplicationversion="0" creationdatetime="2022-10-25 17:09:41" deleted="0" eskerapplication="" global="0" id="AZ3652000SG7" keepcustomization="0" keepfieldsonly="0" keepfieldsproperties="0" keepnewcontroloptions="0" migrationversion="4" name="P2P - Forecast Inventory movements__" needvalidation="0" ootofilter="" ootoversion="1" originalProcessID="ZOL4FP000PA9" ownerid="cn=admin_p2p@paragon-cc.fr,ou=DEV,ou=TrainingP2P,ou=DEMO_JULIEN,ou=05284299,ou=ESK,s=eoo" ownerpb="OnDemand AddressBook" public="1" pushnotification="0" reuseengine="0" sprintversion="5.261.0" transportname="CustomTable" upgradable="1" userid="0" version="1" visibility="0">
  <properties>
    <dataConditions>
      <listDataConditions>&lt;dataCondition&gt;
					&lt;tableName&gt;P2P - Global Application Settings__&lt;/tableName&gt;
					&lt;filter&gt;msnex=*&lt;/filter&gt;
					&lt;labelKey&gt;_Purchasing disabled&lt;/labelKey&gt;
					&lt;multipleConditionsLink&gt;and&lt;/multipleConditionsLink&gt;
					&lt;conditions&gt;
						&lt;allowCondition&gt;
							&lt;fieldName&gt;EnablePurchasingGlobalSetting__&lt;/fieldName&gt;
							&lt;fieldValue&gt;1&lt;/fieldValue&gt;
						&lt;/allowCondition&gt;
						&lt;allowCondition&gt;
							&lt;fieldName&gt;EnableInventoryManagement__&lt;/fieldName&gt;
							&lt;fieldValue&gt;1&lt;/fieldValue&gt;
						&lt;/allowCondition&gt;
					&lt;/conditions&gt;
				&lt;/dataCondition&gt;</listDataConditions>
    </dataConditions>
    <dbIndex>
      <AUTO_ABZ3652000SG7A>&lt;Index&gt;&lt;Ref Name="ABZ3652000SG7" Option="ASC"/&gt;&lt;/Index&gt;</AUTO_ABZ3652000SG7A>
      <AUTO_ACZ3652000SG7A>&lt;Index&gt;&lt;Ref Name="ACZ3652000SG7" Option="ASC"/&gt;&lt;/Index&gt;</AUTO_ACZ3652000SG7A>
      <AUTO_AJZ3652000SG7A>&lt;Index&gt;&lt;Ref Name="AJZ3652000SG7" Option="ASC"/&gt;&lt;/Index&gt;</AUTO_AJZ3652000SG7A>
    </dbIndex>
    <gdr>
    </gdr>
    <lg>
      <process_de>{
	"_CompanyCode": "Buchungskreis",
	"_CompanyCode_report": "Buchungskreis",
	"_ItemNumber": "Artikelkennung",
	"_ItemNumber_report": "Artikelkennung",
	"_LineNumber": "Zeilennummer",
	"_LineNumber_report": "Zeilennummer",
	"_MovementDateTime": "Bewegungsdatum",
	"_MovementDateTime_report": "Bewegungsdatum",
	"_MovementOrigin": "Ursprung der Bewegung",
	"_MovementOrigin_report": "Ursprung der Bewegung",
	"_ReplenishValue": "Menge Bestandsauffüllung",
	"_ReplenishValue_report": "Menge Bestandsauffüllung",
	"_ReservedValue": "Reservierte Menge",
	"_ReservedValue_report": "Reservierte Menge",
	"_UnitOfMeasure": "Maßeinheit",
	"_UnitOfMeasure_report": "Maßeinheit",
	"_WarehouseID": "Lagerkennung",
	"_WarehouseID_report": "Lagerkennung",
	"P2P - Forecast Inventory movements": "P2P - Prognostizierte Bestandsbewegungen",
	"P2P - Forecast Inventory movements__": "P2P - Prognostizierte Bestandsbewegungen"
}</process_de>
      <process_ja>{
	"_CompanyCode": "会社コード",
	"_CompanyCode_report": "会社コード",
	"_ItemNumber": "アイテムID",
	"_ItemNumber_report": "アイテムID",
	"_LineNumber": "明細番号",
	"_LineNumber_report": "明細番号",
	"_MovementDateTime": "移動日",
	"_MovementDateTime_report": "移動日",
	"_MovementOrigin": "移動元",
	"_MovementOrigin_report": "移動元",
	"_ReplenishValue": "補充数量",
	"_ReplenishValue_report": "補充数量",
	"_ReservedValue": "予約数量",
	"_ReservedValue_report": "予約数量",
	"_UnitOfMeasure": "計量単位",
	"_UnitOfMeasure_report": "計量単位",
	"_WarehouseID": "倉庫ID",
	"_WarehouseID_report": "倉庫ID",
	"P2P - Forecast Inventory movements": "P2P - 在庫移動予定",
	"P2P - Forecast Inventory movements__": "P2P - 在庫移動予定"
}</process_ja>
      <process_en>{
	"_CompanyCode": "Company code",
	"_CompanyCode_report": "Company code",
	"_ItemNumber": "Item ID",
	"_ItemNumber_report": "Item ID",
	"_LineNumber": "Line number",
	"_LineNumber_report": "Line number",
	"_MovementDateTime": "Movement date",
	"_MovementDateTime_report": "Movement date",
	"_MovementOrigin": "Movement origin",
	"_MovementOrigin_report": "Movement origin",
	"_ReplenishValue": "Replenishment quantity",
	"_ReplenishValue_report": "Replenishment quantity",
	"_ReservedValue": "Reserved quantity",
	"_ReservedValue_report": "Reserved quantity",
	"_UnitOfMeasure": "Unit of measure",
	"_UnitOfMeasure_report": "Unit of measure",
	"_WarehouseID": "Warehouse ID",
	"_WarehouseID_report": "Warehouse ID",
	"P2P - Forecast Inventory movements": "P2P - Projected stock movements",
	"P2P - Forecast Inventory movements__": "P2P - Projected stock movements"
}</process_en>
      <process_es>{
	"_CompanyCode": "Código de empresa",
	"_CompanyCode_report": "Código de empresa",
	"_ItemNumber": "Identificador del artículo",
	"_ItemNumber_report": "Identificador del artículo",
	"_LineNumber": "Número de línea",
	"_LineNumber_report": "Número de línea",
	"_MovementDateTime": "Fecha del movimiento",
	"_MovementDateTime_report": "Fecha del movimiento",
	"_MovementOrigin": "Origen del movimiento",
	"_MovementOrigin_report": "Origen del movimiento",
	"_ReplenishValue": "Cantidad de reposición",
	"_ReplenishValue_report": "Cantidad de reposición",
	"_ReservedValue": "Cantidad reservada",
	"_ReservedValue_report": "Cantidad reservada",
	"_UnitOfMeasure": "Unidad de medida",
	"_UnitOfMeasure_report": "Unidad de medida",
	"_WarehouseID": "Identificador de almacén",
	"_WarehouseID_report": "Identificador de almacén",
	"P2P - Forecast Inventory movements": "P2P - Previsiones de movimientos de stock",
	"P2P - Forecast Inventory movements__": "P2P - Previsiones de movimientos de stock"
}</process_es>
      <process_fr>{
	"_CompanyCode": "Code société",
	"_CompanyCode_report": "Code société",
	"_ItemNumber": "ID de l'article",
	"_ItemNumber_report": "ID de l'article",
	"_LineNumber": "Numéro de ligne",
	"_LineNumber_report": "Numéro de ligne",
	"_MovementDateTime": "Date du mouvement",
	"_MovementDateTime_report": "Date du mouvement",
	"_MovementOrigin": "Origine du mouvement",
	"_MovementOrigin_report": "Origine du mouvement",
	"_ReplenishValue": "Quantité de réapprovisionnement",
	"_ReplenishValue_report": "Quantité de réapprovisionnement",
	"_ReservedValue": "Quantité réservée",
	"_ReservedValue_report": "Quantité réservée",
	"_UnitOfMeasure": "Unité de mesure",
	"_UnitOfMeasure_report": "Unité de mesure",
	"_WarehouseID": "Identifiant de l'entrepôt",
	"_WarehouseID_report": "Identifiant de l'entrepôt",
	"P2P - Forecast Inventory movements": "P2P - Mouvements de stock prévisionnels",
	"P2P - Forecast Inventory movements__": "P2P - Mouvements de stock prévisionnels"
}</process_fr>
      <process_nl-NL>{
	"_CompanyCode": "Bedrijfscode",
	"_CompanyCode_report": "Bedrijfscode",
	"_ItemNumber": "Item-ID",
	"_ItemNumber_report": "Item-ID",
	"_LineNumber": "Regelnummer",
	"_LineNumber_report": "Regelnummer",
	"_MovementDateTime": "Datum beweging",
	"_MovementDateTime_report": "Datum beweging",
	"_MovementOrigin": "Oorsprong beweging",
	"_MovementOrigin_report": "Oorsprong beweging",
	"_ReplenishValue": "Hoeveelheid aanvulling",
	"_ReplenishValue_report": "Hoeveelheid aanvulling",
	"_ReservedValue": "Voorbehouden hoeveelheid",
	"_ReservedValue_report": "Voorbehouden hoeveelheid",
	"_UnitOfMeasure": "Maateenheid",
	"_UnitOfMeasure_report": "Maateenheid",
	"_WarehouseID": "Magazijn-ID",
	"_WarehouseID_report": "Magazijn-ID",
	"P2P - Forecast Inventory movements": "P2P - Prognose voorraadbewegingen",
	"P2P - Forecast Inventory movements__": "P2P - Prognose voorraadbewegingen"
}</process_nl-NL>
      <process_it>{
	"_CompanyCode": "Codice società",
	"_CompanyCode_report": "Codice società",
	"_ItemNumber": "ID articolo",
	"_ItemNumber_report": "ID articolo",
	"_LineNumber": "Numero di riga",
	"_LineNumber_report": "Numero di riga",
	"_MovementDateTime": "Data movimento",
	"_MovementDateTime_report": "Data movimento",
	"_MovementOrigin": "Origine movimento",
	"_MovementOrigin_report": "Origine movimento",
	"_ReplenishValue": "Quantità rifornimento",
	"_ReplenishValue_report": "Quantità rifornimento",
	"_ReservedValue": "Quantità impegnata",
	"_ReservedValue_report": "Quantità impegnata",
	"_UnitOfMeasure": "Unità di misura",
	"_UnitOfMeasure_report": "Unità di misura",
	"_WarehouseID": "ID magazzino",
	"_WarehouseID_report": "ID magazzino",
	"P2P - Forecast Inventory movements": "P2P - Previsione movimenti stock",
	"P2P - Forecast Inventory movements__": "P2P - Previsione movimenti stock"
}</process_it>
      <process_zh-cn>{
	"_CompanyCode": "公司代码",
	"_CompanyCode_report": "公司代码",
	"_ItemNumber": "物品 ID",
	"_ItemNumber_report": "物品 ID",
	"_LineNumber": "行数",
	"_LineNumber_report": "行数",
	"_MovementDateTime": "移动日期",
	"_MovementDateTime_report": "移动日期",
	"_MovementOrigin": "移动来源",
	"_MovementOrigin_report": "移动来源",
	"_ReplenishValue": "补货数量",
	"_ReplenishValue_report": "补货数量",
	"_ReservedValue": "预留数量",
	"_ReservedValue_report": "预留数量",
	"_UnitOfMeasure": "度量单位",
	"_UnitOfMeasure_report": "度量单位",
	"_WarehouseID": "仓库标识",
	"_WarehouseID_report": "仓库标识",
	"P2P - Forecast Inventory movements": "采购到支付 - 预期库存走势",
	"P2P - Forecast Inventory movements__": "采购到支付 - 预期库存走势"
}</process_zh-cn>
      <process_pt-br>{
	"_CompanyCode": "Código da empresa",
	"_CompanyCode_report": "Código da empresa",
	"_ItemNumber": "ID do item",
	"_ItemNumber_report": "ID do item",
	"_MovementDateTime": "Data do movimento",
	"_MovementDateTime_report": "Data do movimento",
	"_MovementOrigin": "Origem do movimento",
	"_MovementOrigin_report": "Origem do movimento",
	"_ReplenishValue": "Quantidade de reabastecimento",
	"_ReplenishValue_report": "Quantidade de reabastecimento",
	"_ReservedValue": "Quantidade reservada",
	"_ReservedValue_report": "Quantidade reservada",
	"_UnitOfMeasure": "Unidade de medida",
	"_UnitOfMeasure_report": "Unidade de medida",
	"_WarehouseID": "ID de armazém",
	"_WarehouseID_report": "ID de armazém",
	"P2P - Forecast Inventory movements": "P2P - Movimentos de estoque projetados",
	"P2P - Forecast Inventory movements__": "P2P - Movimentos de estoque projetados"
}</process_pt-br>
    </lg>
    <process>
      <BUColumn>CompanyCode__</BUColumn>
      <flowtype>processing</flowtype>
      <EnableNegativeNumbersBetweenBrackets>true</EnableNegativeNumbersBetweenBrackets>
      <homepagelabel>P2P - Forecast Inventory movements</homepagelabel>
      <instanciable>1</instanciable>
      <enablerounddecimal>true</enablerounddecimal>
      <OverrideAllowedAttachmentExtensions>*</OverrideAllowedAttachmentExtensions>
      <UseActionNameWithScriptApproval>true</UseActionNameWithScriptApproval>
      <AllowUploadAttachment>0</AllowUploadAttachment>
      <AllowUploadReferenceDocument>0</AllowUploadReferenceDocument>
      <shouldRollbackManualRecordEdits>true</shouldRollbackManualRecordEdits>
      <shouldShowManualEditsWarning>false</shouldShowManualEditsWarning>
      <UseCultureFormat>true</UseCultureFormat>
      <TransportName>CustomTable</TransportName>
      <LayoutVersion>1.0</LayoutVersion>
    </process>
    <ui>
      <layout>{
	"*": {
		"Screen": {
			"type": "FlexibleFormLayout",
			"options": {
				"splitterType": "simple-v",
				"version": 0,
				"backColor": "text-backgroundcolor-default",
				"style": null,
				"footerStyle": "default"
			},
			"*": {
				"form-header": {
					"type": "FlexibleFormHeader",
					"options": {
						"hidePanelsMenu": false,
						"version": 0
					},
					"stamp": 1,
					"data": []
				},
				"form-center": {
					"type": "FlexibleFormCenter",
					"options": {
						"version": 0
					},
					"*": {
						"form-content": {
							"type": "FlexibleFormContent",
							"options": {
								"version": 0
							},
							"*": {
								"form-content-center": {
									"type": "FlexibleFormSplitter",
									"options": {
										"version": 1,
										"box": {
											"top": "0%",
											"left": "0%",
											"width": "100%"
										},
										"hidden": false,
										"hideSeparator": true
									},
									"*": {
										"form-content-center-1": {
											"type": "FlexibleFormLine",
											"data": [],
											"options": {
												"version": 0
											},
											"stamp": 2,
											"*": {
												"DataPanel": {
													"type": "PanelData",
													"options": {
														"border": {},
														"version": 0,
														"labelLength": 0,
														"iconURL": "",
														"TitleFontSize": "S",
														"hideActionButtons": false,
														"hideTitleBar": false,
														"hideTitle": false,
														"sameHeightAsSiblings": false,
														"backgroundcolor": "default",
														"labelsAlignment": "right",
														"label": "_Document data"
													},
													"*": {
														"FieldsManager": {
															"type": "FieldsManager",
															"options": {
																"controlsAssociation": {
																	"WarehouseID__": "LabelWarehouseID__",
																	"LabelWarehouseID__": "WarehouseID__",
																	"MovementDateTime__": "LabelMovementDateTime__",
																	"LabelMovementDateTime__": "MovementDateTime__",
																	"UnitOfMeasure__": "LabelUnitOfMeasure__",
																	"LabelUnitOfMeasure__": "UnitOfMeasure__",
																	"MovementOrigin__": "LabelMovementOrigin__",
																	"LabelMovementOrigin__": "MovementOrigin__",
																	"ItemNumber__": "LabelItemNumber__",
																	"LabelItemNumber__": "ItemNumber__",
																	"CompanyCode__": "LabelCompanyCode__",
																	"LabelCompanyCode__": "CompanyCode__",
																	"LineNumber__": "LabelLineNumber__",
																	"LabelLineNumber__": "LineNumber__",
																	"ReservedValue__": "LabelReservedValue__",
																	"LabelReservedValue__": "ReservedValue__",
																	"ReplenishValue__": "LabelReplenishValue__",
																	"LabelReplenishValue__": "ReplenishValue__"
																},
																"version": 0
															},
															"*": {
																"Grid": {
																	"type": "GridLayout",
																	"options": {
																		"lines": 9,
																		"columns": 2,
																		"version": 0,
																		"ctrlsPos": {
																			"WarehouseID__": {
																				"line": 3,
																				"column": 2
																			},
																			"LabelWarehouseID__": {
																				"line": 3,
																				"column": 1
																			},
																			"MovementDateTime__": {
																				"line": 6,
																				"column": 2
																			},
																			"LabelMovementDateTime__": {
																				"line": 6,
																				"column": 1
																			},
																			"UnitOfMeasure__": {
																				"line": 7,
																				"column": 2
																			},
																			"LabelUnitOfMeasure__": {
																				"line": 7,
																				"column": 1
																			},
																			"MovementOrigin__": {
																				"line": 8,
																				"column": 2
																			},
																			"LabelMovementOrigin__": {
																				"line": 8,
																				"column": 1
																			},
																			"ItemNumber__": {
																				"line": 2,
																				"column": 2
																			},
																			"LabelItemNumber__": {
																				"line": 2,
																				"column": 1
																			},
																			"CompanyCode__": {
																				"line": 1,
																				"column": 2
																			},
																			"LabelCompanyCode__": {
																				"line": 1,
																				"column": 1
																			},
																			"LineNumber__": {
																				"line": 9,
																				"column": 2
																			},
																			"LabelLineNumber__": {
																				"line": 9,
																				"column": 1
																			},
																			"ReservedValue__": {
																				"line": 4,
																				"column": 2
																			},
																			"LabelReservedValue__": {
																				"line": 4,
																				"column": 1
																			},
																			"ReplenishValue__": {
																				"line": 5,
																				"column": 2
																			},
																			"LabelReplenishValue__": {
																				"line": 5,
																				"column": 1
																			}
																		},
																		"colspans": [
																			[],
																			[],
																			[],
																			[],
																			[],
																			[],
																			[],
																			[],
																			[]
																		]
																	},
																	"data": [
																		"fields"
																	],
																	"*": {
																		"LabelCompanyCode__": {
																			"type": "Label",
																			"data": [
																				"DatabaseComboBox__"
																			],
																			"options": {
																				"label": "_CompanyCode",
																				"version": 0
																			},
																			"stamp": 28
																		},
																		"CompanyCode__": {
																			"type": "DatabaseComboBox",
																			"data": [
																				"CompanyCode__"
																			],
																			"options": {
																				"version": 1,
																				"autoCompleteSearchMode": "contains",
																				"searchMode": "contains",
																				"label": "_CompanyCode",
																				"activable": true,
																				"width": 230,
																				"helpText": "",
																				"helpURL": "",
																				"helpFormat": "HTML Format",
																				"helpIconPosition": "Right",
																				"minNbLines": 1,
																				"maxNbLines": 1,
																				"PreFillFTS": true,
																				"RestrictSearch": true,
																				"fTSmaxRecords": "20",
																				"browsable": true
																			},
																			"stamp": 29
																		},
																		"LabelItemNumber__": {
																			"type": "Label",
																			"data": [
																				"ItemNumber__"
																			],
																			"options": {
																				"label": "_ItemNumber",
																				"version": 0
																			},
																			"stamp": 3
																		},
																		"ItemNumber__": {
																			"type": "DatabaseComboBox",
																			"data": [
																				"ItemNumber__"
																			],
																			"options": {
																				"version": 1,
																				"autoCompleteSearchMode": "contains",
																				"searchMode": "contains",
																				"label": "_ItemNumber",
																				"activable": true,
																				"width": 230,
																				"helpText": "",
																				"helpURL": "",
																				"helpFormat": "HTML Format",
																				"helpIconPosition": "Right",
																				"minNbLines": 1,
																				"maxNbLines": 1,
																				"fTSmaxRecords": "20",
																				"browsable": true,
																				"PreFillFTS": true,
																				"RestrictSearch": true
																			},
																			"stamp": 4
																		},
																		"LabelWarehouseID__": {
																			"type": "Label",
																			"data": [
																				"WarehouseID__"
																			],
																			"options": {
																				"label": "_WarehouseID",
																				"version": 0
																			},
																			"stamp": 5
																		},
																		"WarehouseID__": {
																			"type": "DatabaseComboBox",
																			"data": [
																				"WarehouseID__"
																			],
																			"options": {
																				"version": 1,
																				"autoCompleteSearchMode": "startswith",
																				"searchMode": "matches",
																				"label": "_WarehouseID",
																				"activable": true,
																				"width": 230,
																				"helpText": "",
																				"helpURL": "",
																				"helpFormat": "HTML Format",
																				"helpIconPosition": "Right",
																				"minNbLines": 1,
																				"maxNbLines": 1,
																				"fTSmaxRecords": "20",
																				"browsable": true,
																				"PreFillFTS": true
																			},
																			"stamp": 6
																		},
																		"LabelReservedValue__": {
																			"type": "Label",
																			"data": [
																				"ReservedValue__"
																			],
																			"options": {
																				"label": "_ReservedValue",
																				"version": 0
																			},
																			"stamp": 7
																		},
																		"ReservedValue__": {
																			"type": "Decimal",
																			"data": [
																				"ReservedValue__"
																			],
																			"options": {
																				"version": 2,
																				"textSize": "S",
																				"textAlignment": "right",
																				"textStyle": "default",
																				"textColor": "default",
																				"integer": false,
																				"label": "_ReservedValue",
																				"precision_internal": 2,
																				"precision_current": 2,
																				"activable": true,
																				"width": 230,
																				"helpText": "",
																				"helpURL": "",
																				"helpFormat": "HTML Format",
																				"helpIconPosition": "Right",
																				"enablePlusMinus": false,
																				"enableRoundedStyle": false,
																				"forceRoundCurrencyPrecision": false
																			},
																			"stamp": 8
																		},
																		"LabelReplenishValue__": {
																			"type": "Label",
																			"data": [
																				"ReplenishValue__"
																			],
																			"options": {
																				"label": "_ReplenishValue"
																			},
																			"stamp": 36
																		},
																		"ReplenishValue__": {
																			"type": "Decimal",
																			"data": [
																				"ReplenishValue__"
																			],
																			"options": {
																				"version": 2,
																				"textSize": "S",
																				"textAlignment": "right",
																				"textStyle": "default",
																				"textColor": "default",
																				"integer": false,
																				"label": "_ReplenishValue",
																				"precision_internal": 2,
																				"precision_current": 2,
																				"activable": true,
																				"width": 230,
																				"helpText": "",
																				"helpURL": "",
																				"helpFormat": "HTML Format",
																				"helpIconPosition": "Right",
																				"enableRoundedStyle": false,
																				"forceRoundCurrencyPrecision": false,
																				"enablePlusMinus": false
																			},
																			"stamp": 37
																		},
																		"LabelMovementDateTime__": {
																			"type": "Label",
																			"data": [
																				"MovementDateTime__"
																			],
																			"options": {
																				"label": "_MovementDateTime",
																				"version": 0
																			},
																			"stamp": 9
																		},
																		"MovementDateTime__": {
																			"type": "RealDateTime",
																			"data": [
																				"MovementDateTime__"
																			],
																			"options": {
																				"readonly": true,
																				"displayLongFormat": false,
																				"label": "_MovementDateTime",
																				"activable": true,
																				"width": 230,
																				"helpText": "",
																				"helpURL": "",
																				"helpFormat": "HTML Format",
																				"helpIconPosition": "Right",
																				"version": 0
																			},
																			"stamp": 10
																		},
																		"LabelUnitOfMeasure__": {
																			"type": "Label",
																			"data": [
																				"DatabaseComboBox__"
																			],
																			"options": {
																				"label": "_UnitOfMeasure",
																				"version": 0
																			},
																			"stamp": 11
																		},
																		"UnitOfMeasure__": {
																			"type": "DatabaseComboBox",
																			"data": [
																				"UnitOfMeasure__"
																			],
																			"options": {
																				"version": 1,
																				"autoCompleteSearchMode": "startswith",
																				"searchMode": "matches",
																				"label": "_UnitOfMeasure",
																				"activable": true,
																				"width": 230,
																				"helpText": "",
																				"helpURL": "",
																				"helpFormat": "HTML Format",
																				"helpIconPosition": "Right",
																				"minNbLines": 1,
																				"maxNbLines": 1,
																				"fTSmaxRecords": "20",
																				"browsable": true
																			},
																			"stamp": 12
																		},
																		"LabelMovementOrigin__": {
																			"type": "Label",
																			"data": [
																				"MovementOrigin__"
																			],
																			"options": {
																				"label": "_MovementOrigin",
																				"version": 0
																			},
																			"stamp": 13
																		},
																		"MovementOrigin__": {
																			"type": "ShortText",
																			"data": [
																				"MovementOrigin__"
																			],
																			"options": {
																				"textSize": "S",
																				"textAlignment": "left",
																				"textStyle": "default",
																				"textColor": "default",
																				"version": 1,
																				"label": "_MovementOrigin",
																				"activable": true,
																				"width": 230,
																				"helpText": "",
																				"helpURL": "",
																				"helpFormat": "HTML Format",
																				"helpIconPosition": "Right",
																				"browsable": false
																			},
																			"stamp": 14
																		},
																		"LabelLineNumber__": {
																			"type": "Label",
																			"data": [
																				"LineNumber__"
																			],
																			"options": {
																				"label": "_LineNumber",
																				"version": 0
																			},
																			"stamp": 30
																		},
																		"LineNumber__": {
																			"type": "ShortText",
																			"data": [
																				"LineNumber__"
																			],
																			"options": {
																				"textSize": "S",
																				"textAlignment": "left",
																				"textStyle": "default",
																				"textColor": "default",
																				"version": 1,
																				"label": "_LineNumber",
																				"activable": true,
																				"width": 230,
																				"helpText": "",
																				"helpURL": "",
																				"helpFormat": "HTML Format",
																				"helpIconPosition": "Right",
																				"browsable": false,
																				"autocompletable": false
																			},
																			"stamp": 31
																		}
																	},
																	"stamp": 17
																}
															},
															"stamp": 18,
															"data": []
														}
													},
													"stamp": 19,
													"data": []
												}
											}
										}
									},
									"stamp": 20,
									"data": []
								}
							},
							"stamp": 21,
							"data": []
						}
					},
					"stamp": 22,
					"data": []
				},
				"form-footer": {
					"type": "FlexibleFormFooter",
					"options": {
						"splitterType": "simple-h",
						"version": 0
					},
					"*": {
						"Save": {
							"type": "SubmitButton",
							"options": {
								"label": "_Save",
								"action": "savequit",
								"submit": true,
								"version": 0,
								"shortCut": "S",
								"textSize": "S"
							},
							"stamp": 23,
							"data": []
						},
						"Close": {
							"type": "SubmitButton",
							"options": {
								"label": "_Close",
								"action": "cancel",
								"submit": true,
								"version": 0,
								"shortCut": "Q",
								"textSize": "S"
							},
							"stamp": 24,
							"data": []
						},
						"Delete": {
							"type": "SubmitButton",
							"options": {
								"label": "_Delete",
								"action": "delete",
								"submit": true,
								"version": 0,
								"disabled": true,
								"textSize": "S"
							},
							"stamp": 25,
							"data": []
						}
					},
					"stamp": 26,
					"data": []
				}
			},
			"stamp": 27,
			"data": []
		}
	},
	"stamps": 37,
	"data": []
}</layout>
    </ui>
  </properties>
  <field deleted="0" format="" guid="FW45FP000PA9" id="BZ3652000SG7" label="_CompanyCode" length="50" name="CompanyCode__" originalProcessID="ZOL4FP000PA9" precision="0" processid="AZ3652000SG7" submitable="1" type="STR">
    <properties>
      <db>
        <alias>ABZ3652000SG7</alias>
        <index vartype="INT">1</index>
        <noxml>1</noxml>
        <fullname>/job/processfields/CompanyCode__</fullname>
        <defaultvalue>
        </defaultvalue>
        <RecordLastWrite>2022-10-25 17:09:40</RecordLastWrite>
      </db>
      <extrainfo>
        <Label>_CompanyCode</Label>
        <Alias>ABZ3652000SG7</Alias>
        <ProcessFieldVersion vartype="INT">1</ProcessFieldVersion>
      </extrainfo>
      <field>
        <Editable>false</Editable>
        <TableName>CT#ECW552000SG7</TableName>
        <SortOrder>
        </SortOrder>
        <DisplayedColumns>CompanyCode__|CompanyName__</DisplayedColumns>
        <DisplayedColumnsIds>
        </DisplayedColumnsIds>
        <UseTableForAutolearn>false</UseTableForAutolearn>
        <SavedColumn>CompanyCode__</SavedColumn>
        <SavedColumnId>
        </SavedColumnId>
        <ExposedColumns>
        </ExposedColumns>
        <ProcessName>PurchasingCompanycodes__</ProcessName>
        <KeyColumnId>
        </KeyColumnId>
        <KeyAttribute>
        </KeyAttribute>
        <CustomFilter>
        </CustomFilter>
      </field>
      <gdr>
        <DisableAutolearn>1</DisableAutolearn>
      </gdr>
      <help>
        <helpData>{"helpText":"","helpURL":"","helpFormat":"HTML Format","helpIconPosition":"Right"}</helpData>
      </help>
      <ui>
        <_type>String</_type>
        <automatic>true</automatic>
      </ui>
    </properties>
  </field>
  <field deleted="0" format="" guid="LMG4FP000PA9" id="CZ3652000SG7" label="_ItemNumber" length="50" name="ItemNumber__" originalProcessID="IPL4FP000PA9" precision="0" processid="AZ3652000SG7" submitable="1" type="STR">
    <properties>
      <db>
        <alias>ACZ3652000SG7</alias>
        <index vartype="INT">1</index>
        <noxml>1</noxml>
        <fullname>/job/processfields/ItemNumber__</fullname>
        <jointable>PurchasingOrderedItems__</jointable>
        <jointableid>CT#NBZ552000SG7</jointableid>
        <defaultvalue>
        </defaultvalue>
        <joincondition>(&amp;(source.ItemNumber__=dest.ItemNumber__)(source.CompanyCode__=dest.ItemCompanyCode__))</joincondition>
        <RecordLastWrite>2022-10-25 17:09:40</RecordLastWrite>
      </db>
      <extrainfo>
        <Label>_ItemNumber</Label>
        <Alias>ACZ3652000SG7</Alias>
        <ProcessFieldVersion vartype="INT">1</ProcessFieldVersion>
      </extrainfo>
      <field>
        <Editable>false</Editable>
        <TableName>CT#QEZ552000SG7</TableName>
        <SortOrder>
        </SortOrder>
        <DisplayedColumns>Description__|CompanyCode__</DisplayedColumns>
        <DisplayedColumnsIds>
        </DisplayedColumnsIds>
        <UseTableForAutolearn>false</UseTableForAutolearn>
        <SavedColumn>ItemNumber__</SavedColumn>
        <SavedColumnId>
        </SavedColumnId>
        <ExposedColumns>
        </ExposedColumns>
        <ProcessName>P2P - CatalogItems__</ProcessName>
        <KeyColumnId>
        </KeyColumnId>
        <KeyAttribute>
        </KeyAttribute>
        <CustomFilter>
        </CustomFilter>
      </field>
      <gdr>
        <DisableAutolearn>1</DisableAutolearn>
      </gdr>
      <help>
        <helpData>{"helpText":"","helpURL":"","helpFormat":"HTML Format","helpIconPosition":"Right"}</helpData>
      </help>
      <ui>
        <_type>String</_type>
        <automatic>true</automatic>
      </ui>
    </properties>
  </field>
  <field deleted="0" format="" guid="SK05FP000PA9" id="DZ3652000SG7" label="_LineNumber_report" length="50" name="LineNumber__" originalProcessID="ZOL4FP000PA9" precision="0" processid="AZ3652000SG7" submitable="1" type="STR">
    <properties>
      <db>
        <alias>ADZ3652000SG7</alias>
        <noxml>1</noxml>
        <fullname>/job/processfields/LineNumber__</fullname>
        <defaultvalue>
        </defaultvalue>
        <RecordLastWrite>2022-10-25 17:09:40</RecordLastWrite>
      </db>
      <extrainfo>
        <Label>_LineNumber_report</Label>
        <Alias>ADZ3652000SG7</Alias>
        <ProcessFieldVersion vartype="INT">1</ProcessFieldVersion>
      </extrainfo>
      <gdr>
        <VarType>Area</VarType>
        <DisableAutolearn>1</DisableAutolearn>
      </gdr>
      <help>
        <helpData>{"helpText":"","helpURL":"","helpFormat":"HTML Format","helpIconPosition":"Right"}</helpData>
      </help>
      <ui>
        <_type>String</_type>
        <automatic>true</automatic>
      </ui>
    </properties>
  </field>
  <field deleted="0" format="" guid="UOL4FP000PA9" id="EZ3652000SG7" label="_MovementDateTime_report" length="0" name="MovementDateTime__" originalProcessID="ZOL4FP000PA9" precision="0" processid="AZ3652000SG7" submitable="1" type="DATETIME">
    <properties>
      <db>
        <alias>AEZ3652000SG7</alias>
        <noxml>1</noxml>
        <fullname>/job/processfields/MovementDateTime__</fullname>
        <defaultvalue>
        </defaultvalue>
        <RecordLastWrite>2022-10-25 17:09:40</RecordLastWrite>
      </db>
      <extrainfo>
        <Label>_MovementDateTime_report</Label>
        <Alias>AEZ3652000SG7</Alias>
        <ProcessFieldVersion vartype="INT">1</ProcessFieldVersion>
      </extrainfo>
      <gdr>
        <DisableAutolearn>1</DisableAutolearn>
      </gdr>
      <help>
        <helpData>{"helpText":"","helpURL":"","helpFormat":"HTML Format","helpIconPosition":"Right"}</helpData>
      </help>
      <ui>
        <_type>Date</_type>
        <automatic>true</automatic>
      </ui>
    </properties>
  </field>
  <field deleted="0" format="" guid="WOL4FP000PA9" id="FZ3652000SG7" label="_MovementOrigin_report" length="50" name="MovementOrigin__" originalProcessID="ZOL4FP000PA9" precision="0" processid="AZ3652000SG7" submitable="1" type="STR">
    <properties>
      <db>
        <alias>AFZ3652000SG7</alias>
        <noxml>1</noxml>
        <fullname>/job/processfields/MovementOrigin__</fullname>
        <defaultvalue>
        </defaultvalue>
        <RecordLastWrite>2022-10-25 17:09:40</RecordLastWrite>
      </db>
      <extrainfo>
        <Label>_MovementOrigin_report</Label>
        <Alias>AFZ3652000SG7</Alias>
        <ProcessFieldVersion vartype="INT">1</ProcessFieldVersion>
      </extrainfo>
      <gdr>
        <VarType>Area</VarType>
        <DisableAutolearn>1</DisableAutolearn>
      </gdr>
      <help>
        <helpData>{"helpText":"","helpURL":"","helpFormat":"HTML Format","helpIconPosition":"Right"}</helpData>
      </help>
      <ui>
        <_type>String</_type>
        <automatic>true</automatic>
      </ui>
    </properties>
  </field>
  <field deleted="0" format="" guid="JHBIG0000SG1" id="GZ3652000SG7" label="_ReplenishValue_report" length="17" name="ReplenishValue__" originalProcessID="ZOL4FP000PA9" precision="2" processid="AZ3652000SG7" submitable="1" type="DECIMAL">
    <properties>
      <db>
        <alias>AGZ3652000SG7</alias>
        <noxml>1</noxml>
        <fullname>/job/processfields/ReplenishValue__</fullname>
        <defaultvalue>
        </defaultvalue>
        <RecordLastWrite>2022-10-25 17:09:40</RecordLastWrite>
      </db>
      <extrainfo>
        <Label>_ReplenishValue_report</Label>
        <Alias>AGZ3652000SG7</Alias>
        <DecimalPrecision vartype="INT">2</DecimalPrecision>
        <ProcessFieldVersion vartype="INT">1</ProcessFieldVersion>
      </extrainfo>
      <gdr>
        <VarType>Area</VarType>
        <DisableAutolearn>1</DisableAutolearn>
      </gdr>
      <help>
        <helpData>{"helpText":"","helpURL":"","helpFormat":"HTML Format","helpIconPosition":"Right"}</helpData>
      </help>
      <ui>
        <_type>Number</_type>
        <automatic>true</automatic>
      </ui>
    </properties>
  </field>
  <field deleted="0" format="" guid="TOL4FP000PA9" id="HZ3652000SG7" label="_ReservedValue_report" length="17" name="ReservedValue__" originalProcessID="ZOL4FP000PA9" precision="2" processid="AZ3652000SG7" submitable="1" type="DECIMAL">
    <properties>
      <db>
        <alias>AHZ3652000SG7</alias>
        <noxml>1</noxml>
        <fullname>/job/processfields/ReservedValue__</fullname>
        <defaultvalue>
        </defaultvalue>
        <RecordLastWrite>2022-10-25 17:09:41</RecordLastWrite>
      </db>
      <extrainfo>
        <Label>_ReservedValue_report</Label>
        <Alias>AHZ3652000SG7</Alias>
        <DecimalPrecision vartype="INT">2</DecimalPrecision>
        <ProcessFieldVersion vartype="INT">1</ProcessFieldVersion>
      </extrainfo>
      <gdr>
        <VarType>Area</VarType>
        <DisableAutolearn>1</DisableAutolearn>
      </gdr>
      <help>
        <helpData>{"helpText":"","helpURL":"","helpFormat":"HTML Format","helpIconPosition":"Right"}</helpData>
      </help>
      <ui>
        <_type>Number</_type>
        <automatic>true</automatic>
      </ui>
    </properties>
  </field>
  <field deleted="0" format="" guid="VOL4FP000PA9" id="IZ3652000SG7" label="_UnitOfMeasure" length="50" name="UnitOfMeasure__" originalProcessID="ZOL4FP000PA9" precision="0" processid="AZ3652000SG7" submitable="1" type="STR">
    <properties>
      <db>
        <alias>AIZ3652000SG7</alias>
        <noxml>1</noxml>
        <fullname>/job/processfields/UnitOfMeasure__</fullname>
        <defaultvalue>
        </defaultvalue>
        <RecordLastWrite>2022-10-25 17:09:41</RecordLastWrite>
      </db>
      <extrainfo>
        <Label>_UnitOfMeasure</Label>
        <Alias>AIZ3652000SG7</Alias>
        <ProcessFieldVersion vartype="INT">1</ProcessFieldVersion>
      </extrainfo>
      <field>
        <Editable>false</Editable>
        <TableName>CT#GAZ552000SG7</TableName>
        <SortOrder>
        </SortOrder>
        <DisplayedColumns>CompanyCode__</DisplayedColumns>
        <DisplayedColumnsIds>
        </DisplayedColumnsIds>
        <UseTableForAutolearn>false</UseTableForAutolearn>
        <SavedColumn>UnitOfMeasure__</SavedColumn>
        <SavedColumnId>
        </SavedColumnId>
        <ExposedColumns>
        </ExposedColumns>
        <ProcessName>P2P - UnitOfMeasure__</ProcessName>
        <KeyColumnId>
        </KeyColumnId>
        <KeyAttribute>
        </KeyAttribute>
        <CustomFilter>
        </CustomFilter>
      </field>
      <gdr>
        <DisableAutolearn>1</DisableAutolearn>
      </gdr>
      <help>
        <helpData>{"helpText":"","helpURL":"","helpFormat":"HTML Format","helpIconPosition":"Right"}</helpData>
      </help>
      <ui>
        <_type>String</_type>
        <automatic>true</automatic>
      </ui>
    </properties>
  </field>
  <field deleted="0" format="" guid="KPL4FP000PA9" id="JZ3652000SG7" label="_WarehouseID_report" length="50" name="WarehouseID__" originalProcessID="IPL4FP000PA9" precision="0" processid="AZ3652000SG7" submitable="1" type="STR">
    <properties>
      <db>
        <alias>AJZ3652000SG7</alias>
        <index vartype="INT">1</index>
        <noxml>1</noxml>
        <fullname>/job/processfields/WarehouseID__</fullname>
        <jointable>P2P - Warehouse__</jointable>
        <jointableid>CT#HGW552000SG7</jointableid>
        <defaultvalue>
        </defaultvalue>
        <joincondition>(&amp;(source.CompanyCode__=dest.CompanyCode__)(source.WarehouseID__=dest.WarehouseID__))</joincondition>
        <RecordLastWrite>2022-10-25 17:09:41</RecordLastWrite>
      </db>
      <extrainfo>
        <Label>_WarehouseID_report</Label>
        <Alias>AJZ3652000SG7</Alias>
        <ProcessFieldVersion vartype="INT">1</ProcessFieldVersion>
      </extrainfo>
      <field>
        <Editable>false</Editable>
        <TableName>CT#HGW552000SG7</TableName>
        <SortOrder>
        </SortOrder>
        <DisplayedColumns>WarehouseID__|Name__</DisplayedColumns>
        <DisplayedColumnsIds>
        </DisplayedColumnsIds>
        <UseTableForAutolearn>false</UseTableForAutolearn>
        <SavedColumn>WarehouseID__</SavedColumn>
        <SavedColumnId>
        </SavedColumnId>
        <ExposedColumns>
        </ExposedColumns>
        <ProcessName>P2P - Warehouse__</ProcessName>
        <KeyColumnId>
        </KeyColumnId>
        <KeyAttribute>
        </KeyAttribute>
        <CustomFilter>
        </CustomFilter>
      </field>
      <gdr>
        <DisableAutolearn>1</DisableAutolearn>
      </gdr>
      <help>
        <helpData>{"helpText":"","helpURL":"","helpFormat":"HTML Format","helpIconPosition":"Right"}</helpData>
      </help>
      <ui>
        <_type>String</_type>
        <automatic>true</automatic>
      </ui>
    </properties>
  </field>
  <type id="JLLP13130F1" name="CT">
  </type>
</process>