﻿<?xml version="1.0" encoding="UTF-8" standalone="no"?>
<process accountid="20063076" allowrepairprocess="0" builtin="0" builtinversion="0" carriesapplicationversion="0" creationdatetime="2022-10-25 17:06:54" deleted="0" eskerapplication="" global="0" id="EM0652000SG7" keepcustomization="0" keepfieldsonly="0" keepfieldsproperties="0" keepnewcontroloptions="0" migrationversion="4" name="P2P - Additional Fee__" needvalidation="0" ootofilter="" ootoversion="1" originalProcessID="P6E2FP000FSX" ownerid="cn=admin_p2p@paragon-cc.fr,ou=DEV,ou=TrainingP2P,ou=DEMO_JULIEN,ou=05284299,ou=ESK,s=eoo" ownerpb="OnDemand AddressBook" public="1" pushnotification="0" reuseengine="0" sprintversion="5.261.0" transportname="CustomTable" upgradable="1" userid="0" version="1" visibility="1">
  <properties>
    <dataConditions>
      <listDataConditions>
				&lt;dataCondition&gt;
					&lt;tableName&gt;P2P - Global Application Settings__&lt;/tableName&gt;
					&lt;filter&gt;msnex=*&lt;/filter&gt;
					&lt;labelKey&gt;_Purchasing disabled&lt;/labelKey&gt;
					&lt;conditions&gt;
						&lt;allowCondition&gt;
							&lt;fieldName&gt;EnablePurchasingGlobalSetting__&lt;/fieldName&gt;
							&lt;fieldValue&gt;1&lt;/fieldValue&gt;
						&lt;/allowCondition&gt;
					&lt;/conditions&gt;
				&lt;/dataCondition&gt;
			</listDataConditions>
    </dataConditions>
    <dbIndex>
      <AUTO_AGM0652000SG7A>&lt;Index&gt;&lt;Ref Name="AGM0652000SG7" Option="ASC"/&gt;&lt;/Index&gt;</AUTO_AGM0652000SG7A>
    </dbIndex>
    <gdr>
    </gdr>
    <lg>
      <process_DE>{
	"_AdditionalFeeID": "ID",
	"_AdditionalFeeID report": "ID",
	"_CompanyCode": "Buchungskreis",
	"_CompanyCode report": "Buchungskreis",
	"_Description": "Beschreibung",
	"_Description report": "Beschreibung",
	"_MaxAmount": "Zulässiger Höchstbetrag",
	"_MaxAmount report": "Zulässiger Höchstbetrag",
	"P2P - Additional Fee__": "P2P - Zusätzliche Gebühren",
	"P2P - Additional Fee": "P2P - Zusätzliche Gebühren"
}</process_DE>
      <process_JA>{
	"_AdditionalFeeID": "ID",
	"_AdditionalFeeID report": "ID",
	"_CompanyCode": "会社コード",
	"_CompanyCode report": "会社コード",
	"_Description": "説明",
	"_Description report": "説明",
	"_MaxAmount": "最大許容量",
	"_MaxAmount report": "最大許容量",
	"P2P - Additional Fee": "P2P - 追加料金",
	"P2P - Additional Fee__": "P2P - 追加料金"
}</process_JA>
      <process_en>{
	"_AdditionalFeeID": "ID",
	"_AdditionalFeeID report": "ID",
	"_CompanyCode": "Company code",
	"_CompanyCode report": "Company code",
	"_Description": "Description",
	"_Description report": "Description",
	"_MaxAmount": "Maximum allowed amount",
	"_MaxAmount report": "Maximum allowed amount",
	"P2P - Additional Fee__": "P2P - Additional charges",
	"P2P - Additional Fee": "P2P - Additional charges"
}</process_en>
      <process_ES>{
	"_AdditionalFeeID": "ID",
	"_AdditionalFeeID report": "ID",
	"_CompanyCode": "Código de empresa",
	"_CompanyCode report": "Código de empresa",
	"_Description": "Descripción",
	"_Description report": "Descripción",
	"_MaxAmount": "Importe máximo permitido",
	"_MaxAmount report": "Importe máximo permitido",
	"P2P - Additional Fee__": "P2P - Cargos adicionales",
	"P2P - Additional Fee": "P2P - Cargos adicionales"
}</process_ES>
      <process_FR>{
	"_AdditionalFeeID": "Identifiant",
	"_AdditionalFeeID report": "Identifiant",
	"_CompanyCode": "Code société",
	"_CompanyCode report": "Code société",
	"_Description": "Description",
	"_Description report": "Description",
	"_MaxAmount": "Montant maximum autorisé",
	"_MaxAmount report": "Montant maximum autorisé",
	"P2P - Additional Fee__": "P2P - Frais supplémentaires",
	"P2P - Additional Fee": "P2P - Frais supplémentaires"
}</process_FR>
      <process_nl-NL>{
	"_AdditionalFeeID": "ID",
	"_AdditionalFeeID report": "ID",
	"_CompanyCode": "Bedrijfscode",
	"_CompanyCode report": "Bedrijfscode",
	"_Description": "Beschrijving",
	"_Description report": "Beschrijving",
	"_MaxAmount": "Maximaal toegestaan bedrag",
	"_MaxAmount report": "Maximaal toegestaan bedrag",
	"P2P - Additional Fee": "P2P - Extra kosten",
	"P2P - Additional Fee__": "P2P - Extra kosten"
}</process_nl-NL>
      <process_IT>{
	"_AdditionalFeeID": "ID",
	"_AdditionalFeeID report": "ID",
	"_CompanyCode": "Codice società",
	"_CompanyCode report": "Codice società",
	"_Description": "Descrizione",
	"_Description report": "Descrizione",
	"_MaxAmount": "Importo massimo consentito",
	"_MaxAmount report": "Importo massimo consentito",
	"P2P - Additional Fee__": "P2P - Spese aggiuntive",
	"P2P - Additional Fee": "P2P - Spese aggiuntive"
}</process_IT>
      <process_zh-CN>{
	"_AdditionalFeeID": "ID",
	"_AdditionalFeeID report": "ID",
	"_CompanyCode": "公司代码",
	"_CompanyCode report": "公司代码",
	"_Description": "名称/描述",
	"_Description report": "名称/描述",
	"_MaxAmount": "金额上限",
	"_MaxAmount report": "金额上限",
	"P2P - Additional Fee": "采购到支付 - 额外费用",
	"P2P - Additional Fee__": "采购到支付 - 额外费用"
}</process_zh-CN>
      <process_pt-BR>{
	"_AdditionalFeeID": "ID",
	"_AdditionalFeeID report": "ID",
	"_CompanyCode": "Código da empresa",
	"_CompanyCode report": "Código da empresa",
	"_Description": "Descrição",
	"_Description report": "Descrição",
	"_MaxAmount": "Valor máximo permitido",
	"_MaxAmount report": "Valor máximo permitido",
	"P2P - Additional Fee": "P2P - Encargos adicionais",
	"P2P - Additional Fee__": "P2P - Encargos adicionais"
}</process_pt-BR>
    </lg>
    <process>
      <BUColumn>CompanyCode__</BUColumn>
      <flowtype>processing</flowtype>
      <homepagelabel>_P2P - AdditionalFee</homepagelabel>
      <instanciable>1</instanciable>
      <enablerounddecimal>true</enablerounddecimal>
      <OverrideAllowedAttachmentExtensions>*</OverrideAllowedAttachmentExtensions>
      <UseActionNameWithScriptApproval>true</UseActionNameWithScriptApproval>
      <AllowUploadAttachment>0</AllowUploadAttachment>
      <AllowUploadReferenceDocument>0</AllowUploadReferenceDocument>
      <shouldRollbackManualRecordEdits>true</shouldRollbackManualRecordEdits>
      <UseCultureFormat>true</UseCultureFormat>
      <TransportName>CustomTable</TransportName>
      <LayoutVersion>1.0</LayoutVersion>
    </process>
    <ui>
      <layout>{
	"*": {
		"Screen": {
			"type": "FlexibleFormLayout",
			"options": {
				"splitterType": "simple-v",
				"version": 0,
				"processHelpId": "5081"
			},
			"*": {
				"form-header": {
					"type": "FlexibleFormHeader",
					"options": {
						"hidePanelsMenu": false,
						"version": 0
					},
					"stamp": 2,
					"data": []
				},
				"form-center": {
					"type": "FlexibleFormCenter",
					"options": {
						"version": 0
					},
					"*": {
						"form-content": {
							"type": "FlexibleFormContent",
							"options": {
								"version": 0
							},
							"*": {
								"form-content-center": {
									"type": "FlexibleFormSplitter",
									"options": {
										"version": 1,
										"box": {
											"top": "0%",
											"left": "0%",
											"width": "100%"
										},
										"hidden": false
									},
									"*": {
										"form-content-center-1": {
											"type": "FlexibleFormLine",
											"data": [],
											"options": {
												"version": 0
											},
											"stamp": 9,
											"*": {
												"DataPanel": {
													"type": "PanelData",
													"options": {
														"border": {},
														"version": 0,
														"labelLength": 0,
														"iconURL": "",
														"TitleFontSize": "S",
														"hideActionButtons": false,
														"hideTitleBar": false,
														"hideTitle": false,
														"backgroundcolor": "default",
														"labelsAlignment": "right",
														"label": "_Document data"
													},
													"*": {
														"FieldsManager": {
															"type": "FieldsManager",
															"options": {
																"controlsAssociation": {
																	"CompanyCode__": "LabelCompanyCode__",
																	"LabelCompanyCode__": "CompanyCode__",
																	"AdditionalFeeID__": "LabelAdditionalFeeID__",
																	"LabelAdditionalFeeID__": "AdditionalFeeID__",
																	"Description__": "LabelDescription__",
																	"LabelDescription__": "Description__",
																	"MaxAmount__": "LabelMaxAmount__",
																	"LabelMaxAmount__": "MaxAmount__"
																},
																"version": 0
															},
															"*": {
																"Grid": {
																	"type": "GridLayout",
																	"options": {
																		"lines": 4,
																		"columns": 2,
																		"version": 0,
																		"ctrlsPos": {
																			"CompanyCode__": {
																				"line": 1,
																				"column": 2
																			},
																			"LabelCompanyCode__": {
																				"line": 1,
																				"column": 1
																			},
																			"AdditionalFeeID__": {
																				"line": 2,
																				"column": 2
																			},
																			"LabelAdditionalFeeID__": {
																				"line": 2,
																				"column": 1
																			},
																			"Description__": {
																				"line": 3,
																				"column": 2
																			},
																			"LabelDescription__": {
																				"line": 3,
																				"column": 1
																			},
																			"MaxAmount__": {
																				"line": 4,
																				"column": 2
																			},
																			"LabelMaxAmount__": {
																				"line": 4,
																				"column": 1
																			}
																		},
																		"colspans": [
																			[],
																			[],
																			[],
																			[]
																		]
																	},
																	"data": [
																		"fields"
																	],
																	"*": {
																		"LabelCompanyCode__": {
																			"type": "Label",
																			"data": [
																				"CompanyCode__"
																			],
																			"options": {
																				"label": "_CompanyCode",
																				"version": 0
																			},
																			"stamp": 16
																		},
																		"CompanyCode__": {
																			"type": "DatabaseComboBox",
																			"data": [
																				"CompanyCode__"
																			],
																			"options": {
																				"version": 1,
																				"label": "_CompanyCode",
																				"activable": true,
																				"width": 230,
																				"helpText": "",
																				"helpURL": "",
																				"helpFormat": "HTML Format",
																				"minNbLines": 1,
																				"maxNbLines": 1,
																				"PreFillFTS": true,
																				"fTSmaxRecords": "20",
																				"browsable": true
																			},
																			"stamp": 17
																		},
																		"LabelAdditionalFeeID__": {
																			"type": "Label",
																			"data": [
																				"AdditionalFeeID__"
																			],
																			"options": {
																				"label": "_AdditionalFeeID",
																				"version": 0
																			},
																			"stamp": 18
																		},
																		"AdditionalFeeID__": {
																			"type": "ShortText",
																			"data": [
																				"AdditionalFeeID__"
																			],
																			"options": {
																				"textSize": "S",
																				"textAlignment": "left",
																				"textStyle": "default",
																				"textColor": "default",
																				"version": 1,
																				"label": "_AdditionalFeeID",
																				"activable": true,
																				"width": 230
																			},
																			"stamp": 19
																		},
																		"LabelDescription__": {
																			"type": "Label",
																			"data": [
																				"Description__"
																			],
																			"options": {
																				"label": "_Description",
																				"version": 0
																			},
																			"stamp": 20
																		},
																		"Description__": {
																			"type": "ShortText",
																			"data": [
																				"Description__"
																			],
																			"options": {
																				"textSize": "S",
																				"textAlignment": "left",
																				"textStyle": "default",
																				"textColor": "default",
																				"version": 1,
																				"label": "_Description",
																				"activable": true,
																				"width": 230
																			},
																			"stamp": 21
																		},
																		"LabelMaxAmount__": {
																			"type": "Label",
																			"data": [
																				"MaxAmount__"
																			],
																			"options": {
																				"label": "_MaxAmount",
																				"version": 0
																			},
																			"stamp": 22
																		},
																		"MaxAmount__": {
																			"type": "Decimal",
																			"data": [
																				"MaxAmount__"
																			],
																			"options": {
																				"version": 2,
																				"textSize": "S",
																				"textAlignment": "right",
																				"textStyle": "default",
																				"textColor": "default",
																				"integer": false,
																				"label": "_MaxAmount",
																				"precision_internal": 2,
																				"precision_current": 2,
																				"activable": true,
																				"width": 230
																			},
																			"stamp": 23
																		}
																	},
																	"stamp": 8
																}
															},
															"stamp": 7,
															"data": []
														}
													},
													"stamp": 6,
													"data": []
												}
											}
										}
									},
									"stamp": 5,
									"data": []
								}
							},
							"stamp": 4,
							"data": []
						}
					},
					"stamp": 3,
					"data": []
				},
				"form-footer": {
					"type": "FlexibleFormFooter",
					"options": {
						"splitterType": "simple-h",
						"version": 0
					},
					"*": {
						"Save": {
							"type": "SubmitButton",
							"options": {
								"label": "_Save",
								"action": "savequit",
								"submit": true,
								"version": 0,
								"shortCut": "S"
							},
							"stamp": 11,
							"data": []
						},
						"Close": {
							"type": "SubmitButton",
							"options": {
								"label": "_Close",
								"action": "cancel",
								"submit": true,
								"version": 0,
								"shortCut": "Q"
							},
							"stamp": 12,
							"data": []
						},
						"Delete": {
							"type": "SubmitButton",
							"options": {
								"label": "_Delete",
								"action": "delete",
								"submit": true,
								"version": 0,
								"disabled": true
							},
							"stamp": 13,
							"data": []
						}
					},
					"stamp": 10,
					"data": []
				}
			},
			"stamp": 1,
			"data": []
		}
	},
	"stamps": 23,
	"data": []
}</layout>
    </ui>
  </properties>
  <field deleted="0" format="" guid="R6E2FP000FSX" id="FM0652000SG7" label="_AdditionalFeeID" length="50" name="AdditionalFeeID__" originalProcessID="P6E2FP000FSX" precision="0" processid="EM0652000SG7" submitable="1" type="STR">
    <properties>
      <db>
        <alias>AFM0652000SG7</alias>
        <noxml>1</noxml>
        <fullname>/job/processfields/AdditionalFeeID__</fullname>
        <defaultvalue>
        </defaultvalue>
        <RecordLastWrite>2022-10-25 17:06:53</RecordLastWrite>
      </db>
      <extrainfo>
        <Label>_AdditionalFeeID</Label>
        <Alias>AFM0652000SG7</Alias>
        <ProcessFieldVersion vartype="INT">1</ProcessFieldVersion>
      </extrainfo>
      <gdr>
        <VarType>Area</VarType>
        <DisableAutolearn>1</DisableAutolearn>
      </gdr>
      <ui>
        <_type>String</_type>
        <automatic>true</automatic>
      </ui>
    </properties>
  </field>
  <field deleted="0" format="" guid="Q6E2FP000FSX" id="GM0652000SG7" label="_CompanyCode" length="50" name="CompanyCode__" originalProcessID="P6E2FP000FSX" precision="0" processid="EM0652000SG7" submitable="1" type="STR">
    <properties>
      <db>
        <alias>AGM0652000SG7</alias>
        <index vartype="INT">1</index>
        <noxml>1</noxml>
        <fullname>/job/processfields/CompanyCode__</fullname>
        <defaultvalue>
        </defaultvalue>
        <RecordLastWrite>2022-10-25 17:06:53</RecordLastWrite>
      </db>
      <extrainfo>
        <Label>_CompanyCode</Label>
        <Alias>AGM0652000SG7</Alias>
        <ProcessFieldVersion vartype="INT">1</ProcessFieldVersion>
      </extrainfo>
      <field>
        <Editable>false</Editable>
        <TableName>CT#ECW552000SG7</TableName>
        <SortOrder>ASC</SortOrder>
        <DisplayedColumns>CompanyCode__|CompanyName__</DisplayedColumns>
        <DisplayedColumnsIds>
        </DisplayedColumnsIds>
        <UseTableForAutolearn>false</UseTableForAutolearn>
        <SavedColumn>CompanyCode__</SavedColumn>
        <SavedColumnId>
        </SavedColumnId>
        <ProcessName>PurchasingCompanycodes__</ProcessName>
        <KeyColumnId>
        </KeyColumnId>
        <KeyAttribute>
        </KeyAttribute>
        <CustomFilter>
        </CustomFilter>
      </field>
      <gdr>
        <DisableAutolearn>1</DisableAutolearn>
      </gdr>
      <help>
        <helpData>{"helpText":"","helpURL":"","helpFormat":"HTML Format"}</helpData>
      </help>
      <ui>
        <_type>String</_type>
        <automatic>true</automatic>
      </ui>
    </properties>
  </field>
  <field deleted="0" format="" guid="S6E2FP000FSX" id="HM0652000SG7" label="_Description" length="50" name="Description__" originalProcessID="P6E2FP000FSX" precision="0" processid="EM0652000SG7" submitable="1" type="STR">
    <properties>
      <db>
        <alias>AHM0652000SG7</alias>
        <noxml>1</noxml>
        <fullname>/job/processfields/Description__</fullname>
        <defaultvalue>
        </defaultvalue>
        <RecordLastWrite>2022-10-25 17:06:53</RecordLastWrite>
      </db>
      <extrainfo>
        <Label>_Description</Label>
        <Alias>AHM0652000SG7</Alias>
        <ProcessFieldVersion vartype="INT">1</ProcessFieldVersion>
      </extrainfo>
      <gdr>
        <VarType>Area</VarType>
        <DisableAutolearn>1</DisableAutolearn>
      </gdr>
      <ui>
        <_type>String</_type>
        <automatic>true</automatic>
      </ui>
    </properties>
  </field>
  <field deleted="0" format="" guid="T6E2FP000FSX" id="IM0652000SG7" label="_MaxAmount" length="17" name="MaxAmount__" originalProcessID="P6E2FP000FSX" precision="2" processid="EM0652000SG7" submitable="1" type="DECIMAL">
    <properties>
      <db>
        <alias>AIM0652000SG7</alias>
        <noxml>1</noxml>
        <fullname>/job/processfields/MaxAmount__</fullname>
        <defaultvalue>
        </defaultvalue>
        <RecordLastWrite>2022-10-25 17:06:53</RecordLastWrite>
      </db>
      <extrainfo>
        <Label>_MaxAmount</Label>
        <Alias>AIM0652000SG7</Alias>
        <DecimalPrecision vartype="INT">2</DecimalPrecision>
        <ProcessFieldVersion vartype="INT">1</ProcessFieldVersion>
      </extrainfo>
      <gdr>
        <VarType>Area</VarType>
        <DisableAutolearn>1</DisableAutolearn>
      </gdr>
      <ui>
        <_type>Number</_type>
        <automatic>true</automatic>
      </ui>
    </properties>
  </field>
  <type id="JLLP13130F1" name="CT">
  </type>
</process>