﻿<?xml version="1.0" encoding="UTF-8" standalone="no"?>
<process accountid="20063076" allowrepairprocess="0" builtin="0" builtinversion="0" carriesapplicationversion="0" creationdatetime="2022-10-25 17:06:14" deleted="0" eskerapplication="" global="0" id="M2Z552000SG7" keepcustomization="0" keepfieldsonly="0" keepfieldsproperties="0" keepnewcontroloptions="0" migrationversion="4" name="P2P - Statistics__" needvalidation="0" ootofilter="" ootoversion="1" originalProcessID="U7ZB77100SG1" ownerid="cn=admin_p2p@paragon-cc.fr,ou=DEV,ou=TrainingP2P,ou=DEMO_JULIEN,ou=05284299,ou=ESK,s=eoo" ownerpb="OnDemand AddressBook" public="1" pushnotification="0" reuseengine="0" sprintversion="5.261.0" transportname="CustomTable" upgradable="1" userid="0" version="1" visibility="0">
  <properties>
    <dbIndex>
      <AUTO_AO2Z552000SG7A>&lt;Index&gt;&lt;Ref Name="AO2Z552000SG7" Option="ASC"/&gt;&lt;/Index&gt;</AUTO_AO2Z552000SG7A>
      <AUTO_AP2Z552000SG7A>&lt;Index&gt;&lt;Ref Name="AP2Z552000SG7" Option="ASC"/&gt;&lt;/Index&gt;</AUTO_AP2Z552000SG7A>
      <AUTO_AQ2Z552000SG7A>&lt;Index&gt;&lt;Ref Name="AQ2Z552000SG7" Option="ASC"/&gt;&lt;/Index&gt;</AUTO_AQ2Z552000SG7A>
    </dbIndex>
    <gdr>
    </gdr>
    <lg>
      <process_de>{
	"_AvgProcessingTimeByMonth": "Durchschnittliche Verarbeitungszeit nach Monat",
	"_AvgProcessingTimeByMonth_report": "Durchschnittliche Verarbeitungszeit nach Monat",
	"_CompanyCode": "Buchungskreis",
	"_CompanyCode_report": "Buchungskreis",
	"_InvoiceType": "Rechnungsart",
	"_InvoiceType_report": "Rechnungsart",
	"_MasterDataStatisticsPane": "Stammdaten &amp; wichtige Maßnahmen",
	"_VendorNumber": "Lieferantennummer",
	"_VendorNumber_report": "Lieferantennummer",
	"P2P - Statistics": "P2P - Data for predictive analytics",
	"P2P - Statistics__": "P2P - Daten für Prädiktive Analytik"
}</process_de>
      <process_ja>{
	"_AvgProcessingTimeByMonth": "月毎の平均処理時間",
	"_AvgProcessingTimeByMonth_report": "月毎の平均処理時間",
	"_CompanyCode": "会社コード",
	"_CompanyCode_report": "会社コード",
	"_InvoiceType": "請求書種別",
	"_InvoiceType_report": "請求書種別",
	"_MasterDataStatisticsPane": "マスターデータと主な基準",
	"_VendorNumber": "仕入先番号",
	"_VendorNumber_report": "仕入先番号",
	"P2P - Statistics": "P2P - Data for predictive analytics",
	"P2P - Statistics__": "P2P - 予測分析のためのデータ"
}</process_ja>
      <process_en>{
	"_AvgProcessingTimeByMonth": "Average processing time by month",
	"_AvgProcessingTimeByMonth_report": "Average processing time by month",
	"_CompanyCode": "Company code",
	"_CompanyCode_report": "Company code",
	"_InvoiceType": "Invoice type",
	"_InvoiceType_report": "Invoice type",
	"_MasterDataStatisticsPane": "Master Data &amp; Key Measures",
	"_VendorNumber": "Vendor number",
	"_VendorNumber_report": "Vendor number",
	"P2P - Statistics": "P2P - Data for predictive analytics",
	"P2P - Statistics__": "P2P - Data for predictive analytics"
}</process_en>
      <process_es>{
	"_AvgProcessingTimeByMonth": "Tiempo promedio de procesamiento por mes",
	"_AvgProcessingTimeByMonth_report": "Tiempo promedio de procesamiento por mes",
	"_CompanyCode": "Código de empresa",
	"_CompanyCode_report": "Código de empresa",
	"_InvoiceType": "Tipo de factura",
	"_InvoiceType_report": "Tipo de factura",
	"_MasterDataStatisticsPane": "Datos maestros y medidas principales",
	"_VendorNumber": "Número de proveedor",
	"_VendorNumber_report": "Número de proveedor",
	"P2P - Statistics": "P2P - Datos para el análisis predictivo",
	"P2P - Statistics__": "P2P - Datos para el análisis predictivo"
}</process_es>
      <process_fr>{
	"_AvgProcessingTimeByMonth": "Délai moyen de traitement par mois",
	"_AvgProcessingTimeByMonth_report": "Délai moyen de traitement par mois",
	"_CompanyCode": "Code société",
	"_CompanyCode_report": "Code société",
	"_InvoiceType": "Type de facture",
	"_InvoiceType_report": "Type de facture",
	"_MasterDataStatisticsPane": "Données de référence &amp; mesures clés",
	"_VendorNumber": "Numéro fournisseur",
	"_VendorNumber_report": "Numéro fournisseur",
	"P2P - Statistics": "P2P - Données pour l'analyse prédictive",
	"P2P - Statistics__": "P2P - Données pour l'analyse prédictive"
}</process_fr>
      <process_nl-NL>{
	"_AvgProcessingTimeByMonth": "Gemiddelde verwerkingstijd per maand",
	"_AvgProcessingTimeByMonth_report": "Gemiddelde doorlooptijd per maand",
	"_CompanyCode": "Bedrijfscode",
	"_CompanyCode_report": "Bedrijfscode",
	"_InvoiceType": "Type factuur",
	"_InvoiceType_report": "Type factuur",
	"_MasterDataStatisticsPane": "Hoofdgegevens en belangrijke maatregelen",
	"_VendorNumber": "Nummer leverancier",
	"_VendorNumber_report": "Nummer leverancier",
	"P2P - Statistics": "P2P - Data for predictive analytics",
	"P2P - Statistics__": "P2P - Gegevens voor voorspellende analyse"
}</process_nl-NL>
      <process_it>{
	"_AvgProcessingTimeByMonth": "Tempo medio di elaborazione per mese",
	"_AvgProcessingTimeByMonth_report": "Tempo medio di elaborazione per mese",
	"_CompanyCode": "Codice società",
	"_CompanyCode_report": "Codice società",
	"_InvoiceType": "Tipo fattura",
	"_InvoiceType_report": "Tipo fattura",
	"_MasterDataStatisticsPane": "Dati di base &amp; dati chiave",
	"_VendorNumber": "Numero fornitore",
	"_VendorNumber_report": "Numero fornitore",
	"P2P - Statistics": "P2P - Dati per l'analisi predittiva",
	"P2P - Statistics__": "P2P - Dati per l'analisi predittiva"
}</process_it>
      <process_zh-CN>{
	"_AvgProcessingTimeByMonth": "按月分组的平均处理时间",
	"_AvgProcessingTimeByMonth_report": "按月分组的平均处理时间",
	"_CompanyCode": "公司代码",
	"_CompanyCode_report": "公司代码",
	"_InvoiceType": "发票类型",
	"_InvoiceType_report": "发票类型",
	"_MasterDataStatisticsPane": "主数据与关键措施",
	"_VendorNumber": "供应商编号",
	"_VendorNumber_report": "供应商编号",
	"P2P - Statistics": "P2P - Data for predictive analytics",
	"P2P - Statistics__": "采购到支付 - 预测分析用数据"
}</process_zh-CN>
      <process_pt-BR>{
	"_AvgProcessingTimeByMonth": "Tempo médio de processamento por mês",
	"_AvgProcessingTimeByMonth_report": "Tempo médio de processamento por mês",
	"_CompanyCode": "Código de empresa",
	"_CompanyCode_report": "Código de empresa",
	"_InvoiceType": "Tipo de fatura",
	"_InvoiceType_report": "Tipo de fatura",
	"_MasterDataStatisticsPane": "Dados mestres e medidas-chave",
	"_VendorNumber": "Número do fornecedor",
	"_VendorNumber_report": "Número do fornecedor",
	"P2P - Statistics": "P2P - Data for predictive analytics",
	"P2P - Statistics__": "P2P - Dados para análise preditiva"
}</process_pt-BR>
    </lg>
    <process>
      <flowtype>processing</flowtype>
      <EnableNegativeNumbersBetweenBrackets>true</EnableNegativeNumbersBetweenBrackets>
      <homepagelabel>P2P - Statistics</homepagelabel>
      <enableflexiblewalkme>
      </enableflexiblewalkme>
      <enablefullaudit>false</enablefullaudit>
      <instanciable>1</instanciable>
      <ESDirectIndexing>1</ESDirectIndexing>
      <enablerounddecimal>true</enablerounddecimal>
      <OverrideAllowedAttachmentExtensions>*</OverrideAllowedAttachmentExtensions>
      <UseActionNameWithScriptApproval>true</UseActionNameWithScriptApproval>
      <AllowUploadAttachment>0</AllowUploadAttachment>
      <AllowUploadReferenceDocument>0</AllowUploadReferenceDocument>
      <RemovePointWhenCastingIntToString>true</RemovePointWhenCastingIntToString>
      <shouldRollbackManualRecordEdits>true</shouldRollbackManualRecordEdits>
      <shouldShowManualEditsWarning>false</shouldShowManualEditsWarning>
      <UseCultureFormat>true</UseCultureFormat>
      <TransportName>CustomTable</TransportName>
      <LayoutVersion>1.0</LayoutVersion>
    </process>
    <ui>
      <layout>{
	"*": {
		"Screen": {
			"type": "FlexibleFormLayout",
			"options": {
				"splitterType": "simple-v",
				"style": null,
				"version": 0,
				"backColor": "text-backgroundcolor-default",
				"footerStyle": "default"
			},
			"*": {
				"form-header": {
					"type": "FlexibleFormHeader",
					"options": {
						"hidePanelsMenu": false,
						"version": 0
					},
					"stamp": 2,
					"data": []
				},
				"form-center": {
					"type": "FlexibleFormCenter",
					"options": {
						"version": 0
					},
					"*": {
						"form-content": {
							"type": "FlexibleFormContent",
							"options": {
								"version": 0
							},
							"*": {
								"form-content-center": {
									"type": "FlexibleFormSplitter",
									"options": {
										"version": 1,
										"box": {
											"top": "0%",
											"left": "0%",
											"width": "100%"
										},
										"hidden": false,
										"hideSeparator": true
									},
									"*": {
										"form-content-center-1": {
											"type": "FlexibleFormLine",
											"data": [],
											"options": {
												"version": 0
											},
											"stamp": 9,
											"*": {
												"MasterDataStatisticsPane__": {
													"type": "PanelData",
													"options": {
														"border": {},
														"version": 0,
														"iconURL": "",
														"TitleFontSize": "M",
														"hideActionButtons": true,
														"hideTitleBar": false,
														"hideTitle": false,
														"sameHeightAsSiblings": false,
														"backgroundcolor": "default",
														"labelsAlignment": "right",
														"label": "_MasterDataStatisticsPane",
														"leftImageURL": "",
														"removeMargins": false,
														"elementsAlignment": "left",
														"labelLength": 0
													},
													"*": {
														"FieldsManager": {
															"type": "FieldsManager",
															"options": {
																"controlsAssociation": {
																	"CompanyCode__": "LabelCompanyCode__",
																	"LabelCompanyCode__": "CompanyCode__",
																	"VendorNumber__": "LabelVendorNumber__",
																	"LabelVendorNumber__": "VendorNumber__",
																	"InvoiceType__": "LabelInvoiceType__",
																	"LabelInvoiceType__": "InvoiceType__",
																	"AvgProcessingTimeByMonth__": "LabelAvgProcessingTimeByMonth__",
																	"LabelAvgProcessingTimeByMonth__": "AvgProcessingTimeByMonth__"
																},
																"version": 0
															},
															"*": {
																"Grid": {
																	"type": "GridLayout",
																	"options": {
																		"lines": 4,
																		"columns": 2,
																		"version": 0,
																		"ctrlsPos": {
																			"CompanyCode__": {
																				"line": 1,
																				"column": 2
																			},
																			"LabelCompanyCode__": {
																				"line": 1,
																				"column": 1
																			},
																			"VendorNumber__": {
																				"line": 2,
																				"column": 2
																			},
																			"LabelVendorNumber__": {
																				"line": 2,
																				"column": 1
																			},
																			"InvoiceType__": {
																				"line": 3,
																				"column": 2
																			},
																			"LabelInvoiceType__": {
																				"line": 3,
																				"column": 1
																			},
																			"AvgProcessingTimeByMonth__": {
																				"line": 4,
																				"column": 2
																			},
																			"LabelAvgProcessingTimeByMonth__": {
																				"line": 4,
																				"column": 1
																			}
																		},
																		"colspans": [
																			[],
																			[],
																			[],
																			[]
																		]
																	},
																	"data": [
																		"fields"
																	],
																	"*": {
																		"LabelCompanyCode__": {
																			"type": "Label",
																			"data": [
																				"CompanyCode__"
																			],
																			"options": {
																				"label": "_CompanyCode",
																				"version": 0
																			},
																			"stamp": 14
																		},
																		"CompanyCode__": {
																			"type": "ShortText",
																			"data": [
																				"CompanyCode__"
																			],
																			"options": {
																				"textSize": "S",
																				"textAlignment": "left",
																				"textStyle": "default",
																				"textColor": "default",
																				"version": 1,
																				"label": "_CompanyCode",
																				"activable": true,
																				"width": 230,
																				"helpText": "",
																				"helpURL": "",
																				"helpFormat": "HTML Format",
																				"helpIconPosition": "Right",
																				"browsable": false,
																				"readonly": true
																			},
																			"stamp": 15
																		},
																		"LabelVendorNumber__": {
																			"type": "Label",
																			"data": [
																				"VendorNumber__"
																			],
																			"options": {
																				"label": "_VendorNumber",
																				"version": 0
																			},
																			"stamp": 16
																		},
																		"VendorNumber__": {
																			"type": "ShortText",
																			"data": [
																				"VendorNumber__"
																			],
																			"options": {
																				"textSize": "S",
																				"textAlignment": "left",
																				"textStyle": "default",
																				"textColor": "default",
																				"version": 1,
																				"label": "_VendorNumber",
																				"activable": true,
																				"width": 230,
																				"helpText": "",
																				"helpURL": "",
																				"helpFormat": "HTML Format",
																				"helpIconPosition": "Right",
																				"browsable": false,
																				"readonly": true
																			},
																			"stamp": 17
																		},
																		"LabelInvoiceType__": {
																			"type": "Label",
																			"data": [
																				"InvoiceType__"
																			],
																			"options": {
																				"label": "_InvoiceType",
																				"version": 0
																			},
																			"stamp": 18
																		},
																		"InvoiceType__": {
																			"type": "ShortText",
																			"data": [
																				"InvoiceType__"
																			],
																			"options": {
																				"textSize": "S",
																				"textAlignment": "left",
																				"textStyle": "default",
																				"textColor": "default",
																				"version": 1,
																				"label": "_InvoiceType",
																				"activable": true,
																				"width": 230,
																				"helpText": "",
																				"helpURL": "",
																				"helpFormat": "HTML Format",
																				"helpIconPosition": "Right",
																				"browsable": false,
																				"readonly": true
																			},
																			"stamp": 19
																		},
																		"LabelAvgProcessingTimeByMonth__": {
																			"type": "Label",
																			"data": [
																				"AvgProcessingTimeByMonth__"
																			],
																			"options": {
																				"label": "_AvgProcessingTimeByMonth"
																			},
																			"stamp": 26
																		},
																		"AvgProcessingTimeByMonth__": {
																			"type": "LongText",
																			"data": [
																				"AvgProcessingTimeByMonth__"
																			],
																			"options": {
																				"textSize": "S",
																				"textAlignment": "left",
																				"textStyle": "default",
																				"textColor": "default",
																				"version": 1,
																				"minNbLines": 3,
																				"label": "_AvgProcessingTimeByMonth",
																				"activable": true,
																				"width": 230,
																				"helpText": "",
																				"helpURL": "",
																				"helpFormat": "HTML Format",
																				"helpIconPosition": "Right",
																				"browsable": false
																			},
																			"stamp": 27
																		}
																	},
																	"stamp": 8
																}
															},
															"stamp": 7,
															"data": []
														}
													},
													"stamp": 6,
													"data": []
												}
											}
										}
									},
									"stamp": 5,
									"data": []
								}
							},
							"stamp": 4,
							"data": []
						}
					},
					"stamp": 3,
					"data": []
				},
				"form-footer": {
					"type": "FlexibleFormFooter",
					"options": {
						"splitterType": "simple-h",
						"version": 0
					},
					"*": {
						"Save": {
							"type": "SubmitButton",
							"options": {
								"label": "_Save",
								"action": "savequit",
								"submit": true,
								"version": 0,
								"textSize": "S",
								"shortCut": "S"
							},
							"stamp": 11,
							"data": []
						},
						"Close": {
							"type": "SubmitButton",
							"options": {
								"label": "_Close",
								"action": "cancel",
								"submit": true,
								"version": 0,
								"textSize": "S",
								"shortCut": "Q"
							},
							"stamp": 12,
							"data": []
						},
						"Delete": {
							"type": "SubmitButton",
							"options": {
								"label": "_Delete",
								"action": "delete",
								"submit": true,
								"version": 0,
								"textSize": "S",
								"disabled": true
							},
							"stamp": 13,
							"data": []
						}
					},
					"stamp": 10,
					"data": []
				}
			},
			"stamp": 1,
			"data": []
		}
	},
	"stamps": 27,
	"data": []
}</layout>
    </ui>
  </properties>
  <field deleted="0" format="" guid="C8ZB77100SG1" id="N2Z552000SG7" label="_AvgProcessingTimeByMonth_report" length="32766" name="AvgProcessingTimeByMonth__" originalProcessID="U7ZB77100SG1" precision="0" processid="M2Z552000SG7" submitable="1" type="STR">
    <properties>
      <db>
        <alias>AN2Z552000SG7</alias>
        <noxml>1</noxml>
        <fullname>/job/processfields/AvgProcessingTimeByMonth__</fullname>
        <defaultvalue>
        </defaultvalue>
        <RecordLastWrite>2022-10-25 17:06:14</RecordLastWrite>
      </db>
      <extrainfo>
        <Label>_AvgProcessingTimeByMonth_report</Label>
        <Alias>AN2Z552000SG7</Alias>
        <ProcessFieldVersion vartype="INT">1</ProcessFieldVersion>
      </extrainfo>
      <gdr>
        <DisableAutolearn>1</DisableAutolearn>
      </gdr>
      <help>
        <helpData>{"helpText":"","helpURL":"","helpFormat":"HTML Format","helpIconPosition":"Right"}</helpData>
      </help>
      <ui>
        <_type>String</_type>
        <automatic>true</automatic>
      </ui>
    </properties>
  </field>
  <field deleted="0" format="" guid="V7ZB77100SG1" id="O2Z552000SG7" label="_CompanyCode_report" length="50" name="CompanyCode__" originalProcessID="U7ZB77100SG1" precision="0" processid="M2Z552000SG7" submitable="1" type="STR">
    <properties>
      <db>
        <alias>AO2Z552000SG7</alias>
        <index vartype="INT">1</index>
        <noxml>1</noxml>
        <fullname>/job/processfields/CompanyCode__</fullname>
        <defaultvalue>
        </defaultvalue>
        <RecordLastWrite>2022-10-25 17:06:14</RecordLastWrite>
      </db>
      <extrainfo>
        <Label>_CompanyCode_report</Label>
        <Alias>AO2Z552000SG7</Alias>
        <ProcessFieldVersion vartype="INT">1</ProcessFieldVersion>
      </extrainfo>
      <gdr>
        <VarType>Area</VarType>
        <DisableAutolearn>1</DisableAutolearn>
      </gdr>
      <help>
        <helpData>{"helpText":"","helpURL":"","helpFormat":"HTML Format","helpIconPosition":"Right"}</helpData>
      </help>
      <ui>
        <_type>String</_type>
        <automatic>true</automatic>
      </ui>
    </properties>
  </field>
  <field deleted="0" format="" guid="X7ZB77100SG1" id="P2Z552000SG7" label="_InvoiceType_report" length="50" name="InvoiceType__" originalProcessID="U7ZB77100SG1" precision="0" processid="M2Z552000SG7" submitable="1" type="STR">
    <properties>
      <db>
        <alias>AP2Z552000SG7</alias>
        <index vartype="INT">1</index>
        <noxml>1</noxml>
        <fullname>/job/processfields/InvoiceType__</fullname>
        <defaultvalue>
        </defaultvalue>
        <RecordLastWrite>2022-10-25 17:06:14</RecordLastWrite>
      </db>
      <extrainfo>
        <Label>_InvoiceType_report</Label>
        <Alias>AP2Z552000SG7</Alias>
        <ProcessFieldVersion vartype="INT">1</ProcessFieldVersion>
      </extrainfo>
      <gdr>
        <VarType>Area</VarType>
        <DisableAutolearn>1</DisableAutolearn>
      </gdr>
      <help>
        <helpData>{"helpText":"","helpURL":"","helpFormat":"HTML Format","helpIconPosition":"Right"}</helpData>
      </help>
      <ui>
        <_type>String</_type>
        <automatic>true</automatic>
      </ui>
    </properties>
  </field>
  <field deleted="0" format="" guid="W7ZB77100SG1" id="Q2Z552000SG7" label="_VendorNumber_report" length="50" name="VendorNumber__" originalProcessID="U7ZB77100SG1" precision="0" processid="M2Z552000SG7" submitable="1" type="STR">
    <properties>
      <db>
        <alias>AQ2Z552000SG7</alias>
        <index vartype="INT">1</index>
        <noxml>1</noxml>
        <fullname>/job/processfields/VendorNumber__</fullname>
        <defaultvalue>
        </defaultvalue>
        <RecordLastWrite>2022-10-25 17:06:14</RecordLastWrite>
      </db>
      <extrainfo>
        <Label>_VendorNumber_report</Label>
        <Alias>AQ2Z552000SG7</Alias>
        <ProcessFieldVersion vartype="INT">1</ProcessFieldVersion>
      </extrainfo>
      <gdr>
        <VarType>Area</VarType>
        <DisableAutolearn>1</DisableAutolearn>
      </gdr>
      <help>
        <helpData>{"helpText":"","helpURL":"","helpFormat":"HTML Format","helpIconPosition":"Right"}</helpData>
      </help>
      <ui>
        <_type>String</_type>
        <automatic>true</automatic>
      </ui>
    </properties>
  </field>
  <type id="JLLP13130F1" name="CT">
  </type>
</process>