﻿<?xml version="1.0" encoding="UTF-8" standalone="no"?>
<process accountid="20063076" allowrepairprocess="0" builtin="0" builtinversion="0" carriesapplicationversion="0" creationdatetime="2022-10-25 17:19:21" deleted="0" eskerapplication="" global="0" id="H94652000SG7" keepcustomization="0" keepfieldsonly="0" keepfieldsproperties="0" keepnewcontroloptions="0" migrationversion="4" name="P2P - Demo - Process Duration__" needvalidation="0" ootofilter="" ootoversion="1" originalProcessID="AXF4FP000PA9" ownerid="cn=admin_p2p@paragon-cc.fr,ou=DEV,ou=TrainingP2P,ou=DEMO_JULIEN,ou=05284299,ou=ESK,s=eoo" ownerpb="OnDemand AddressBook" public="1" pushnotification="0" reuseengine="0" sprintversion="5.261.0" transportname="CustomTable" upgradable="1" userid="0" version="1" visibility="1">
  <properties>
    <gdr>
    </gdr>
    <process>
      <flowtype>processing</flowtype>
      <EnableNegativeNumbersBetweenBrackets>true</EnableNegativeNumbersBetweenBrackets>
      <homepagelabel>P2P - Demo - Process Duration</homepagelabel>
      <instanciable>1</instanciable>
      <enablerounddecimal>true</enablerounddecimal>
      <OverrideAllowedAttachmentExtensions>*</OverrideAllowedAttachmentExtensions>
      <UseActionNameWithScriptApproval>true</UseActionNameWithScriptApproval>
      <AllowUploadAttachment>0</AllowUploadAttachment>
      <AllowUploadReferenceDocument>0</AllowUploadReferenceDocument>
      <isImportedInDiffMode>true</isImportedInDiffMode>
      <shouldRollbackManualRecordEdits>true</shouldRollbackManualRecordEdits>
      <shouldShowManualEditsWarning>true</shouldShowManualEditsWarning>
      <UseCultureFormat>true</UseCultureFormat>
      <TransportName>CustomTable</TransportName>
      <LayoutVersion>1.0</LayoutVersion>
    </process>
    <ui>
      <layout>{
	"*": {
		"Screen": {
			"type": "FlexibleFormLayout",
			"options": {
				"splitterType": "simple-v",
				"version": 0,
				"backColor": "text-backgroundcolor-default",
				"style": null
			},
			"*": {
				"form-header": {
					"type": "FlexibleFormHeader",
					"options": {
						"hidePanelsMenu": false,
						"version": 0
					},
					"stamp": 2,
					"data": []
				},
				"form-center": {
					"type": "FlexibleFormCenter",
					"options": {
						"version": 0
					},
					"*": {
						"form-content": {
							"type": "FlexibleFormContent",
							"options": {
								"version": 0
							},
							"*": {
								"form-content-center": {
									"type": "FlexibleFormSplitter",
									"options": {
										"version": 1,
										"box": {
											"top": "0%",
											"left": "0%",
											"width": "100%"
										},
										"hidden": false,
										"hideSeparator": true
									},
									"*": {
										"form-content-center-1": {
											"type": "FlexibleFormLine",
											"data": [],
											"options": {
												"version": 0
											},
											"stamp": 9,
											"*": {
												"DataPanel": {
													"type": "PanelData",
													"options": {
														"border": {},
														"version": 0,
														"labelLength": 0,
														"iconURL": "",
														"TitleFontSize": "S",
														"hideActionButtons": false,
														"hideTitleBar": false,
														"hideTitle": false,
														"sameHeightAsSiblings": false,
														"backgroundcolor": "default",
														"labelsAlignment": "right",
														"label": "_Document data"
													},
													"*": {
														"FieldsManager": {
															"type": "FieldsManager",
															"options": {
																"controlsAssociation": {
																	"LineNumber__": "LabelLineNumber__",
																	"LabelLineNumber__": "LineNumber__",
																	"CompanyCode__": "LabelCompanyCode__",
																	"LabelCompanyCode__": "CompanyCode__",
																	"OrderDate__": "LabelOrderDate__",
																	"LabelOrderDate__": "OrderDate__",
																	"ApprovalDuration__": "LabelApprovalDuration__",
																	"LabelApprovalDuration__": "ApprovalDuration__",
																	"OrderDuration__": "LabelOrderDuration__",
																	"LabelOrderDuration__": "OrderDuration__",
																	"RequestToOrderDuration__": "LabelRequestToOrderDuration__",
																	"LabelRequestToOrderDuration__": "RequestToOrderDuration__",
																	"FullDeliveryDuration__": "LabelFullDeliveryDuration__",
																	"LabelFullDeliveryDuration__": "FullDeliveryDuration__",
																	"TotalFulfillementDuration__": "LabelTotalFulfillementDuration__",
																	"LabelTotalFulfillementDuration__": "TotalFulfillementDuration__",
																	"OrderAmount__": "LabelOrderAmount__",
																	"LabelOrderAmount__": "OrderAmount__",
																	"RevisedOrder__": "LabelRevisedOrder__",
																	"LabelRevisedOrder__": "RevisedOrder__",
																	"NumberOrders__": "LabelNumberOrders__",
																	"LabelNumberOrders__": "NumberOrders__"
																},
																"version": 0
															},
															"*": {
																"Grid": {
																	"type": "GridLayout",
																	"options": {
																		"lines": 11,
																		"columns": 2,
																		"version": 0,
																		"ctrlsPos": {
																			"LineNumber__": {
																				"line": 1,
																				"column": 2
																			},
																			"LabelLineNumber__": {
																				"line": 1,
																				"column": 1
																			},
																			"CompanyCode__": {
																				"line": 2,
																				"column": 2
																			},
																			"LabelCompanyCode__": {
																				"line": 2,
																				"column": 1
																			},
																			"OrderDate__": {
																				"line": 3,
																				"column": 2
																			},
																			"LabelOrderDate__": {
																				"line": 3,
																				"column": 1
																			},
																			"ApprovalDuration__": {
																				"line": 4,
																				"column": 2
																			},
																			"LabelApprovalDuration__": {
																				"line": 4,
																				"column": 1
																			},
																			"OrderDuration__": {
																				"line": 5,
																				"column": 2
																			},
																			"LabelOrderDuration__": {
																				"line": 5,
																				"column": 1
																			},
																			"RequestToOrderDuration__": {
																				"line": 6,
																				"column": 2
																			},
																			"LabelRequestToOrderDuration__": {
																				"line": 6,
																				"column": 1
																			},
																			"FullDeliveryDuration__": {
																				"line": 7,
																				"column": 2
																			},
																			"LabelFullDeliveryDuration__": {
																				"line": 7,
																				"column": 1
																			},
																			"TotalFulfillementDuration__": {
																				"line": 8,
																				"column": 2
																			},
																			"LabelTotalFulfillementDuration__": {
																				"line": 8,
																				"column": 1
																			},
																			"OrderAmount__": {
																				"line": 9,
																				"column": 2
																			},
																			"LabelOrderAmount__": {
																				"line": 9,
																				"column": 1
																			},
																			"RevisedOrder__": {
																				"line": 11,
																				"column": 2
																			},
																			"LabelRevisedOrder__": {
																				"line": 11,
																				"column": 1
																			},
																			"NumberOrders__": {
																				"line": 10,
																				"column": 2
																			},
																			"LabelNumberOrders__": {
																				"line": 10,
																				"column": 1
																			}
																		},
																		"colspans": [
																			[],
																			[],
																			[],
																			[],
																			[],
																			[],
																			[],
																			[],
																			[],
																			[],
																			[]
																		]
																	},
																	"data": [
																		"fields"
																	],
																	"*": {
																		"LabelLineNumber__": {
																			"type": "Label",
																			"data": [
																				"LineNumber__"
																			],
																			"options": {
																				"label": "Line number",
																				"version": 0
																			},
																			"stamp": 14
																		},
																		"LineNumber__": {
																			"type": "ShortText",
																			"data": [
																				"LineNumber__"
																			],
																			"options": {
																				"textSize": "S",
																				"textAlignment": "left",
																				"textStyle": "default",
																				"textColor": "default",
																				"version": 1,
																				"label": "Line number",
																				"activable": true,
																				"width": "500",
																				"helpText": "",
																				"helpURL": "",
																				"helpFormat": "HTML Format",
																				"helpIconPosition": "Right",
																				"browsable": false
																			},
																			"stamp": 15
																		},
																		"LabelCompanyCode__": {
																			"type": "Label",
																			"data": [
																				"CompanyCode__"
																			],
																			"options": {
																				"label": "Company code"
																			},
																			"stamp": 16
																		},
																		"CompanyCode__": {
																			"type": "ShortText",
																			"data": [
																				"CompanyCode__"
																			],
																			"options": {
																				"textSize": "S",
																				"textAlignment": "left",
																				"textStyle": "default",
																				"textColor": "default",
																				"version": 1,
																				"label": "Company code",
																				"activable": true,
																				"width": "500",
																				"helpText": "",
																				"helpURL": "",
																				"helpFormat": "HTML Format",
																				"helpIconPosition": "Right",
																				"browsable": false
																			},
																			"stamp": 17
																		},
																		"LabelOrderDate__": {
																			"type": "Label",
																			"data": [
																				"OrderDate__"
																			],
																			"options": {
																				"label": "Order date"
																			},
																			"stamp": 18
																		},
																		"OrderDate__": {
																			"type": "DateTime",
																			"data": [
																				"OrderDate__"
																			],
																			"options": {
																				"displayLongFormat": false,
																				"label": "Order date",
																				"activable": true,
																				"width": "500",
																				"helpText": "",
																				"helpURL": "",
																				"helpFormat": "HTML Format",
																				"helpIconPosition": "Right"
																			},
																			"stamp": 19
																		},
																		"LabelApprovalDuration__": {
																			"type": "Label",
																			"data": [
																				"ApprovalDuration__"
																			],
																			"options": {
																				"label": "Approval duration"
																			},
																			"stamp": 20
																		},
																		"ApprovalDuration__": {
																			"type": "Decimal",
																			"data": [
																				"ApprovalDuration__"
																			],
																			"options": {
																				"version": 2,
																				"textSize": "S",
																				"textAlignment": "right",
																				"textStyle": "default",
																				"textColor": "default",
																				"integer": false,
																				"label": "Approval duration",
																				"precision_internal": 2,
																				"precision_current": 2,
																				"activable": true,
																				"width": "500",
																				"helpText": "",
																				"helpURL": "",
																				"helpFormat": "HTML Format",
																				"helpIconPosition": "Right",
																				"enablePlusMinus": false
																			},
																			"stamp": 21
																		},
																		"LabelOrderDuration__": {
																			"type": "Label",
																			"data": [
																				"OrderDuration__"
																			],
																			"options": {
																				"label": "Order duration"
																			},
																			"stamp": 22
																		},
																		"OrderDuration__": {
																			"type": "Decimal",
																			"data": [
																				"OrderDuration__"
																			],
																			"options": {
																				"version": 2,
																				"textSize": "S",
																				"textAlignment": "right",
																				"textStyle": "default",
																				"textColor": "default",
																				"integer": false,
																				"label": "Order duration",
																				"precision_internal": 2,
																				"precision_current": 2,
																				"activable": true,
																				"width": "500",
																				"helpText": "",
																				"helpURL": "",
																				"helpFormat": "HTML Format",
																				"helpIconPosition": "Right",
																				"enablePlusMinus": false
																			},
																			"stamp": 23
																		},
																		"LabelRequestToOrderDuration__": {
																			"type": "Label",
																			"data": [
																				"RequestToOrderDuration__"
																			],
																			"options": {
																				"label": "Request to order duration"
																			},
																			"stamp": 24
																		},
																		"RequestToOrderDuration__": {
																			"type": "Decimal",
																			"data": [
																				"RequestToOrderDuration__"
																			],
																			"options": {
																				"version": 2,
																				"textSize": "S",
																				"textAlignment": "right",
																				"textStyle": "default",
																				"textColor": "default",
																				"integer": false,
																				"label": "Request to order duration",
																				"precision_internal": 2,
																				"precision_current": 2,
																				"activable": true,
																				"width": "500",
																				"helpText": "",
																				"helpURL": "",
																				"helpFormat": "HTML Format",
																				"helpIconPosition": "Right",
																				"enablePlusMinus": false
																			},
																			"stamp": 25
																		},
																		"LabelFullDeliveryDuration__": {
																			"type": "Label",
																			"data": [
																				"FullDeliveryDuration__"
																			],
																			"options": {
																				"label": "Full delivery duration"
																			},
																			"stamp": 26
																		},
																		"FullDeliveryDuration__": {
																			"type": "Decimal",
																			"data": [
																				"FullDeliveryDuration__"
																			],
																			"options": {
																				"version": 2,
																				"textSize": "S",
																				"textAlignment": "right",
																				"textStyle": "default",
																				"textColor": "default",
																				"integer": false,
																				"label": "Full delivery duration",
																				"precision_internal": 2,
																				"precision_current": 2,
																				"activable": true,
																				"width": "500",
																				"helpText": "",
																				"helpURL": "",
																				"helpFormat": "HTML Format",
																				"helpIconPosition": "Right",
																				"enablePlusMinus": false
																			},
																			"stamp": 27
																		},
																		"LabelTotalFulfillementDuration__": {
																			"type": "Label",
																			"data": [
																				"TotalFulfillementDuration__"
																			],
																			"options": {
																				"label": "Total fulfillement duration"
																			},
																			"stamp": 28
																		},
																		"TotalFulfillementDuration__": {
																			"type": "Decimal",
																			"data": [
																				"TotalFulfillementDuration__"
																			],
																			"options": {
																				"version": 2,
																				"textSize": "S",
																				"textAlignment": "right",
																				"textStyle": "default",
																				"textColor": "default",
																				"integer": false,
																				"label": "Total fulfillement duration",
																				"precision_internal": 2,
																				"precision_current": 2,
																				"activable": true,
																				"width": "500",
																				"helpText": "",
																				"helpURL": "",
																				"helpFormat": "HTML Format",
																				"helpIconPosition": "Right",
																				"enablePlusMinus": false
																			},
																			"stamp": 29
																		},
																		"LabelOrderAmount__": {
																			"type": "Label",
																			"data": [
																				"OrderAmount__"
																			],
																			"options": {
																				"label": "Order amount"
																			},
																			"stamp": 30
																		},
																		"OrderAmount__": {
																			"type": "Decimal",
																			"data": [
																				"OrderAmount__"
																			],
																			"options": {
																				"version": 2,
																				"textSize": "S",
																				"textAlignment": "right",
																				"textStyle": "default",
																				"textColor": "default",
																				"integer": false,
																				"label": "Order amount",
																				"precision_internal": 2,
																				"precision_current": 2,
																				"activable": true,
																				"width": "500",
																				"helpText": "",
																				"helpURL": "",
																				"helpFormat": "HTML Format",
																				"helpIconPosition": "Right",
																				"enablePlusMinus": false
																			},
																			"stamp": 31
																		},
																		"LabelNumberOrders__": {
																			"type": "Label",
																			"data": [
																				"NumberOrders__"
																			],
																			"options": {
																				"label": "Orders number",
																				"version": 0
																			},
																			"stamp": 32
																		},
																		"NumberOrders__": {
																			"type": "Integer",
																			"data": [
																				"NumberOrders__"
																			],
																			"options": {
																				"version": 2,
																				"textSize": "S",
																				"textAlignment": "right",
																				"textStyle": "default",
																				"textColor": "default",
																				"integer": true,
																				"label": "Orders number",
																				"precision_internal": 0,
																				"precision_current": 0,
																				"activable": true,
																				"width": "500",
																				"helpText": "",
																				"helpURL": "",
																				"helpFormat": "HTML Format",
																				"helpIconPosition": "Right",
																				"enablePlusMinus": false,
																				"browsable": false
																			},
																			"stamp": 33
																		},
																		"LabelRevisedOrder__": {
																			"type": "Label",
																			"data": [
																				"RevisedOrder__"
																			],
																			"options": {
																				"label": "Revised order",
																				"version": 0
																			},
																			"stamp": 34
																		},
																		"RevisedOrder__": {
																			"type": "CheckBox",
																			"data": [
																				"RevisedOrder__"
																			],
																			"options": {
																				"label": "Revised order",
																				"activable": true,
																				"width": 230,
																				"helpText": "",
																				"helpURL": "",
																				"helpFormat": "HTML Format",
																				"helpIconPosition": "Right",
																				"possibleValues": {
																					"0": "Not revised",
																					"1": "Revised"
																				},
																				"possibleKeys": {
																					"0": "0",
																					"1": "1"
																				},
																				"version": 0
																			},
																			"stamp": 35
																		}
																	},
																	"stamp": 8
																}
															},
															"stamp": 7,
															"data": []
														}
													},
													"stamp": 6,
													"data": []
												}
											}
										}
									},
									"stamp": 5,
									"data": []
								}
							},
							"stamp": 4,
							"data": []
						}
					},
					"stamp": 3,
					"data": []
				},
				"form-footer": {
					"type": "FlexibleFormFooter",
					"options": {
						"splitterType": "simple-h",
						"version": 0
					},
					"*": {
						"Save": {
							"type": "SubmitButton",
							"options": {
								"label": "_Save",
								"action": "savequit",
								"submit": true,
								"version": 0,
								"shortCut": "S"
							},
							"stamp": 11,
							"data": []
						},
						"Close": {
							"type": "SubmitButton",
							"options": {
								"label": "_Close",
								"action": "cancel",
								"submit": true,
								"version": 0,
								"shortCut": "Q"
							},
							"stamp": 12,
							"data": []
						},
						"Delete": {
							"type": "SubmitButton",
							"options": {
								"label": "_Delete",
								"action": "delete",
								"submit": true,
								"version": 0,
								"disabled": true
							},
							"stamp": 13,
							"data": []
						}
					},
					"stamp": 10,
					"data": []
				}
			},
			"stamp": 1,
			"data": []
		}
	},
	"stamps": 35,
	"data": []
}</layout>
    </ui>
  </properties>
  <field deleted="0" format="" guid="FXF4FP000PA9" id="I94652000SG7" label="Approval duration" length="17" name="ApprovalDuration__" originalProcessID="AXF4FP000PA9" precision="2" processid="H94652000SG7" submitable="1" type="DECIMAL">
    <properties>
      <db>
        <alias>AI94652000SG7</alias>
        <noxml>1</noxml>
        <fullname>/job/processfields/ApprovalDuration__</fullname>
        <defaultvalue>
        </defaultvalue>
        <RecordLastWrite>2022-10-25 17:19:20</RecordLastWrite>
      </db>
      <extrainfo>
        <Label>Approval duration</Label>
        <Alias>AI94652000SG7</Alias>
        <DecimalPrecision vartype="INT">2</DecimalPrecision>
        <ProcessFieldVersion vartype="INT">1</ProcessFieldVersion>
      </extrainfo>
      <gdr>
        <VarType>Area</VarType>
        <DisableAutolearn>1</DisableAutolearn>
      </gdr>
      <help>
        <helpData>{"helpText":"","helpURL":"","helpFormat":"HTML Format","helpIconPosition":"Right"}</helpData>
      </help>
      <ui>
        <_type>Number</_type>
        <automatic>true</automatic>
      </ui>
    </properties>
  </field>
  <field deleted="0" format="" guid="DXF4FP000PA9" id="J94652000SG7" label="Company code" length="50" name="CompanyCode__" originalProcessID="AXF4FP000PA9" precision="0" processid="H94652000SG7" submitable="1" type="STR">
    <properties>
      <db>
        <alias>AJ94652000SG7</alias>
        <noxml>1</noxml>
        <fullname>/job/processfields/CompanyCode__</fullname>
        <defaultvalue>
        </defaultvalue>
        <RecordLastWrite>2022-10-25 17:19:20</RecordLastWrite>
      </db>
      <extrainfo>
        <Label>Company code</Label>
        <Alias>AJ94652000SG7</Alias>
        <ProcessFieldVersion vartype="INT">1</ProcessFieldVersion>
      </extrainfo>
      <gdr>
        <VarType>Area</VarType>
        <DisableAutolearn>1</DisableAutolearn>
      </gdr>
      <help>
        <helpData>{"helpText":"","helpURL":"","helpFormat":"HTML Format","helpIconPosition":"Right"}</helpData>
      </help>
      <ui>
        <_type>String</_type>
        <automatic>true</automatic>
      </ui>
    </properties>
  </field>
  <field deleted="0" format="" guid="IXF4FP000PA9" id="K94652000SG7" label="Full delivery duration" length="17" name="FullDeliveryDuration__" originalProcessID="AXF4FP000PA9" precision="2" processid="H94652000SG7" submitable="1" type="DECIMAL">
    <properties>
      <db>
        <alias>AK94652000SG7</alias>
        <noxml>1</noxml>
        <fullname>/job/processfields/FullDeliveryDuration__</fullname>
        <defaultvalue>
        </defaultvalue>
        <RecordLastWrite>2022-10-25 17:19:20</RecordLastWrite>
      </db>
      <extrainfo>
        <Label>Full delivery duration</Label>
        <Alias>AK94652000SG7</Alias>
        <DecimalPrecision vartype="INT">2</DecimalPrecision>
        <ProcessFieldVersion vartype="INT">1</ProcessFieldVersion>
      </extrainfo>
      <gdr>
        <VarType>Area</VarType>
        <DisableAutolearn>1</DisableAutolearn>
      </gdr>
      <help>
        <helpData>{"helpText":"","helpURL":"","helpFormat":"HTML Format","helpIconPosition":"Right"}</helpData>
      </help>
      <ui>
        <_type>Number</_type>
        <automatic>true</automatic>
      </ui>
    </properties>
  </field>
  <field deleted="0" format="" guid="BXF4FP000PA9" id="L94652000SG7" label="Line number" length="50" name="LineNumber__" originalProcessID="AXF4FP000PA9" precision="0" processid="H94652000SG7" submitable="1" type="STR">
    <properties>
      <db>
        <alias>AL94652000SG7</alias>
        <noxml>1</noxml>
        <fullname>/job/processfields/LineNumber__</fullname>
        <defaultvalue>
        </defaultvalue>
        <RecordLastWrite>2022-10-25 17:19:20</RecordLastWrite>
      </db>
      <extrainfo>
        <Label>Line number</Label>
        <Alias>AL94652000SG7</Alias>
        <ProcessFieldVersion vartype="INT">1</ProcessFieldVersion>
      </extrainfo>
      <gdr>
        <VarType>Area</VarType>
        <DisableAutolearn>1</DisableAutolearn>
      </gdr>
      <help>
        <helpData>{"helpText":"","helpURL":"","helpFormat":"HTML Format","helpIconPosition":"Right"}</helpData>
      </help>
      <ui>
        <_type>String</_type>
        <automatic>true</automatic>
      </ui>
    </properties>
  </field>
  <field deleted="0" format="" guid="KZX4FP000PA9" id="M94652000SG7" label="Orders number" length="0" name="NumberOrders__" originalProcessID="AXF4FP000PA9" precision="0" processid="H94652000SG7" submitable="1" type="INT">
    <properties>
      <db>
        <alias>AM94652000SG7</alias>
        <noxml>1</noxml>
        <fullname>/job/processfields/NumberOrders__</fullname>
        <defaultvalue>
        </defaultvalue>
        <RecordLastWrite>2022-10-25 17:19:20</RecordLastWrite>
      </db>
      <extrainfo>
        <Label>Orders number</Label>
        <Alias>AM94652000SG7</Alias>
        <ProcessFieldVersion vartype="INT">1</ProcessFieldVersion>
      </extrainfo>
      <gdr>
        <VarType>Area</VarType>
        <DisableAutolearn>1</DisableAutolearn>
      </gdr>
      <help>
        <helpData>{"helpText":"","helpURL":"","helpFormat":"HTML Format","helpIconPosition":"Right"}</helpData>
      </help>
      <ui>
        <_type>Number</_type>
        <automatic>true</automatic>
      </ui>
    </properties>
  </field>
  <field deleted="0" format="" guid="JZX4FP000PA9" id="N94652000SG7" label="Order amount" length="17" name="OrderAmount__" originalProcessID="AXF4FP000PA9" precision="2" processid="H94652000SG7" submitable="1" type="DECIMAL">
    <properties>
      <db>
        <alias>AN94652000SG7</alias>
        <noxml>1</noxml>
        <fullname>/job/processfields/OrderAmount__</fullname>
        <defaultvalue>
        </defaultvalue>
        <RecordLastWrite>2022-10-25 17:19:20</RecordLastWrite>
      </db>
      <extrainfo>
        <Label>Order amount</Label>
        <Alias>AN94652000SG7</Alias>
        <DecimalPrecision vartype="INT">2</DecimalPrecision>
        <ProcessFieldVersion vartype="INT">1</ProcessFieldVersion>
      </extrainfo>
      <gdr>
        <VarType>Area</VarType>
        <DisableAutolearn>1</DisableAutolearn>
      </gdr>
      <help>
        <helpData>{"helpText":"","helpURL":"","helpFormat":"HTML Format","helpIconPosition":"Right"}</helpData>
      </help>
      <ui>
        <_type>Number</_type>
        <automatic>true</automatic>
      </ui>
    </properties>
  </field>
  <field deleted="0" format="" guid="EXF4FP000PA9" id="O94652000SG7" label="Order date" length="0" name="OrderDate__" originalProcessID="AXF4FP000PA9" precision="0" processid="H94652000SG7" submitable="1" type="DATE">
    <properties>
      <db>
        <alias>AO94652000SG7</alias>
        <noxml>1</noxml>
        <fullname>/job/processfields/OrderDate__</fullname>
        <defaultvalue>
        </defaultvalue>
        <RecordLastWrite>2022-10-25 17:19:20</RecordLastWrite>
      </db>
      <extrainfo>
        <Label>Order date</Label>
        <Alias>AO94652000SG7</Alias>
        <ProcessFieldVersion vartype="INT">1</ProcessFieldVersion>
      </extrainfo>
      <gdr>
        <VarType>Area</VarType>
        <DisableAutolearn>1</DisableAutolearn>
      </gdr>
      <help>
        <helpData>{"helpText":"","helpURL":"","helpFormat":"HTML Format","helpIconPosition":"Right"}</helpData>
      </help>
      <ui>
        <_type>Date</_type>
        <automatic>true</automatic>
      </ui>
    </properties>
  </field>
  <field deleted="0" format="" guid="GXF4FP000PA9" id="P94652000SG7" label="Order duration" length="17" name="OrderDuration__" originalProcessID="AXF4FP000PA9" precision="2" processid="H94652000SG7" submitable="1" type="DECIMAL">
    <properties>
      <db>
        <alias>AP94652000SG7</alias>
        <noxml>1</noxml>
        <fullname>/job/processfields/OrderDuration__</fullname>
        <defaultvalue>
        </defaultvalue>
        <RecordLastWrite>2022-10-25 17:19:20</RecordLastWrite>
      </db>
      <extrainfo>
        <Label>Order duration</Label>
        <Alias>AP94652000SG7</Alias>
        <DecimalPrecision vartype="INT">2</DecimalPrecision>
        <ProcessFieldVersion vartype="INT">1</ProcessFieldVersion>
      </extrainfo>
      <gdr>
        <VarType>Area</VarType>
        <DisableAutolearn>1</DisableAutolearn>
      </gdr>
      <help>
        <helpData>{"helpText":"","helpURL":"","helpFormat":"HTML Format","helpIconPosition":"Right"}</helpData>
      </help>
      <ui>
        <_type>Number</_type>
        <automatic>true</automatic>
      </ui>
    </properties>
  </field>
  <field deleted="0" format="" guid="HXF4FP000PA9" id="Q94652000SG7" label="Request to order duration" length="17" name="RequestToOrderDuration__" originalProcessID="AXF4FP000PA9" precision="2" processid="H94652000SG7" submitable="1" type="DECIMAL">
    <properties>
      <db>
        <alias>AQ94652000SG7</alias>
        <noxml>1</noxml>
        <fullname>/job/processfields/RequestToOrderDuration__</fullname>
        <defaultvalue>
        </defaultvalue>
        <RecordLastWrite>2022-10-25 17:19:20</RecordLastWrite>
      </db>
      <extrainfo>
        <Label>Request to order duration</Label>
        <Alias>AQ94652000SG7</Alias>
        <DecimalPrecision vartype="INT">2</DecimalPrecision>
        <ProcessFieldVersion vartype="INT">1</ProcessFieldVersion>
      </extrainfo>
      <gdr>
        <VarType>Area</VarType>
        <DisableAutolearn>1</DisableAutolearn>
      </gdr>
      <help>
        <helpData>{"helpText":"","helpURL":"","helpFormat":"HTML Format","helpIconPosition":"Right"}</helpData>
      </help>
      <ui>
        <_type>Number</_type>
        <automatic>true</automatic>
      </ui>
    </properties>
  </field>
  <field deleted="0" format="" guid="CCX4FP000PA9" id="R94652000SG7" label="Revised order" length="0" name="RevisedOrder__" originalProcessID="AXF4FP000PA9" precision="0" processid="H94652000SG7" submitable="1" type="BOOL">
    <properties>
      <db>
        <alias>AR94652000SG7</alias>
        <noxml>1</noxml>
        <fullname>/job/processfields/RevisedOrder__</fullname>
        <defaultvalue>false</defaultvalue>
        <RecordLastWrite>2022-10-25 17:19:20</RecordLastWrite>
      </db>
      <extrainfo>
        <Type>webaccess.Process.Columns.WithPossibleValues</Type>
        <Label>Revised order</Label>
        <Alias>AR94652000SG7</Alias>
        <ProcessFieldVersion vartype="INT">1</ProcessFieldVersion>
      </extrainfo>
      <field>
        <possibleKeys>0
1</possibleKeys>
        <possibleValues>Not revised
Revised</possibleValues>
      </field>
      <gdr>
        <DisableAutolearn>1</DisableAutolearn>
      </gdr>
      <help>
        <helpData>{"helpText":"","helpURL":"","helpFormat":"HTML Format","helpIconPosition":"Right"}</helpData>
      </help>
      <ui>
        <_type>Boolean</_type>
        <automatic>true</automatic>
      </ui>
    </properties>
  </field>
  <field deleted="0" format="" guid="JXF4FP000PA9" id="S94652000SG7" label="Total fulfillement duration" length="17" name="TotalFulfillementDuration__" originalProcessID="AXF4FP000PA9" precision="2" processid="H94652000SG7" submitable="1" type="DECIMAL">
    <properties>
      <db>
        <alias>AS94652000SG7</alias>
        <noxml>1</noxml>
        <fullname>/job/processfields/TotalFulfillementDuration__</fullname>
        <defaultvalue>
        </defaultvalue>
        <RecordLastWrite>2022-10-25 17:19:20</RecordLastWrite>
      </db>
      <extrainfo>
        <Label>Total fulfillement duration</Label>
        <Alias>AS94652000SG7</Alias>
        <DecimalPrecision vartype="INT">2</DecimalPrecision>
        <ProcessFieldVersion vartype="INT">1</ProcessFieldVersion>
      </extrainfo>
      <gdr>
        <VarType>Area</VarType>
        <DisableAutolearn>1</DisableAutolearn>
      </gdr>
      <help>
        <helpData>{"helpText":"","helpURL":"","helpFormat":"HTML Format","helpIconPosition":"Right"}</helpData>
      </help>
      <ui>
        <_type>Number</_type>
        <automatic>true</automatic>
      </ui>
    </properties>
  </field>
  <type id="JLLP13130F1" name="CT">
  </type>
</process>