﻿<?xml version="1.0" encoding="UTF-8" standalone="no"?>
<process accountid="20063076" allowrepairprocess="0" builtin="0" builtinversion="0" carriesapplicationversion="0" creationdatetime="2022-10-25 17:04:42" deleted="0" eskerapplication="" global="0" id="YSW552000SG7" keepcustomization="0" keepfieldsonly="0" keepfieldsproperties="0" keepnewcontroloptions="0" migrationversion="4" name="AP - Last used values__" needvalidation="1" ootofilter="" ootoversion="0" originalProcessID="YVQC45221" ownerid="cn=admin_p2p@paragon-cc.fr,ou=DEV,ou=TrainingP2P,ou=DEMO_JULIEN,ou=05284299,ou=ESK,s=eoo" ownerpb="OnDemand AddressBook" public="1" pushnotification="0" reuseengine="0" sprintversion="5.261.0" transportname="CustomTable" upgradable="1" userid="0" version="1" visibility="0">
  <properties>
    <dataConditions>
      <listDataConditions>
				&lt;dataCondition&gt;
					&lt;tableName&gt;P2P - Global Application Settings__&lt;/tableName&gt;
					&lt;filter&gt;msnex=*&lt;/filter&gt;
					&lt;labelKey&gt;_AP disabled&lt;/labelKey&gt;
					&lt;conditions&gt;
						&lt;allowCondition&gt;
							&lt;fieldName&gt;EnableAccountPayableGlobalSetting__&lt;/fieldName&gt;
							&lt;fieldValue&gt;1&lt;/fieldValue&gt;
						&lt;/allowCondition&gt;
					&lt;/conditions&gt;
				&lt;/dataCondition&gt;
			</listDataConditions>
    </dataConditions>
    <dbIndex>
      <AUTO_AATW552000SG7A>&lt;Index&gt;&lt;Ref Name="AATW552000SG7" Option="ASC"/&gt;&lt;/Index&gt;</AUTO_AATW552000SG7A>
      <AUTO_ADTW552000SG7A>&lt;Index&gt;&lt;Ref Name="ADTW552000SG7" Option="ASC"/&gt;&lt;/Index&gt;</AUTO_ADTW552000SG7A>
      <AUTO_AFTW552000SG7A>&lt;Index&gt;&lt;Ref Name="AFTW552000SG7" Option="ASC"/&gt;&lt;/Index&gt;</AUTO_AFTW552000SG7A>
    </dbIndex>
    <gdr>
    </gdr>
    <lg>
      <process_de>{
	"_CompanyCode": "Buchungskreis",
	"_CompanyCode_report": "Buchungskreis",
	"_CostCenter": "Kostenstelle",
	"_CostCenter_report": "Kostenstelle",
	"_GLAccount": "Sachkonto",
	"_GLAccount_report": "Sachkonto",
	"_LineNumber": "Zeilennummer",
	"_LineNumber_report": "Zeilennummer",
	"_PercentageAmount": "Betrag (%)",
	"_PercentageAmount_report": "Betrag (%)",
	"_TaxCode": "Steuerkennzeichen",
	"_TaxCode_report": "Steuerkennzeichen",
	"_VendorNumber": "Lieferantennummer",
	"_VendorNumber_report": "Lieferantennummer",
	"AP - Last used values": "P2P - Kontierungsstandardwerte"
}</process_de>
      <process_JA>{
	"_CompanyCode": "会社コード",
	"_CompanyCode_report": "会社コード",
	"_CostCenter": "コストセンター",
	"_CostCenter_report": "コストセンター",
	"_GLAccount": "勘定科目",
	"_GLAccount_report": "勘定科目",
	"_LineNumber": "明細番号",
	"_LineNumber_report": "明細番号",
	"_PercentageAmount": "金額 (%)",
	"_PercentageAmount_report": "金額 (%)",
	"_TaxCode": "税コード",
	"_TaxCode_report": "税コード",
	"_VendorNumber": "仕入先番号",
	"_VendorNumber_report": "仕入先番号",
	"AP - Last used values": "P2P - 既定の勘定割当値"
}</process_JA>
      <process_en>{
	"_CompanyCode": "Company code",
	"_CompanyCode_report": "Company code",
	"_CostCenter": "Cost center",
	"_CostCenter_report": "Cost center",
	"_GLAccount": "G/L account",
	"_GLAccount_report": "G/L account",
	"_LineNumber": "Line number",
	"_LineNumber_report": "Line number",
	"_PercentageAmount": "Amount (%)",
	"_PercentageAmount_report": "Amount (%)",
	"_TaxCode": "Tax code",
	"_TaxCode_report": "Tax code",
	"_VendorNumber": "Vendor number",
	"_VendorNumber_report": "Vendor number",
	"AP - Last used values": "P2P - Default account assignment values"
}</process_en>
      <process_es>{
	"_CompanyCode": "Código de empresa",
	"_CompanyCode_report": "Código de empresa",
	"_CostCenter": "Centro de costes",
	"_CostCenter_report": "Centro de costes",
	"_GLAccount": "Cuenta de mayor",
	"_GLAccount_report": "Cuenta de mayor",
	"_LineNumber": "Número de línea",
	"_LineNumber_report": "Número de línea",
	"_PercentageAmount": "Importe (%)",
	"_PercentageAmount_report": "Importe (%)",
	"_TaxCode": "Código de impuesto",
	"_TaxCode_report": "Código de impuesto",
	"_VendorNumber": "Número de proveedor",
	"_VendorNumber_report": "Número de proveedor",
	"AP - Last used values": "P2P - Valores predeterminados de imputación"
}</process_es>
      <process_fr>{
	"_CompanyCode": "Code société",
	"_CompanyCode_report": "Code société",
	"_CostCenter": "Centre de coût",
	"_CostCenter_report": "Centre de coût",
	"_GLAccount": "Compte général",
	"_GLAccount_report": "Compte général",
	"_LineNumber": "Numéro de ligne",
	"_LineNumber_report": "Numéro de ligne",
	"_PercentageAmount": "Montant (%)",
	"_PercentageAmount_report": "Montant (%)",
	"_TaxCode": "Code TVA",
	"_TaxCode_report": "Code TVA",
	"_VendorNumber": "Numéro fournisseur",
	"_VendorNumber_report": "Numéro fournisseur",
	"AP - Last used values": "P2P - Valeurs d'imputation par défaut"
}</process_fr>
      <process_nl-NL>{
	"_CompanyCode": "Bedrijfscode",
	"_CompanyCode_report": "Bedrijfscode",
	"_CostCenter": "Kostenplaats",
	"_CostCenter_report": "Kostenplaats",
	"_GLAccount": "Grootboekrekening",
	"_GLAccount_report": "Grootboekrekening",
	"_LineNumber": "Regelnummer",
	"_LineNumber_report": "Regelnummer",
	"_PercentageAmount": "Bedrag (%)",
	"_PercentageAmount_report": "Bedrag (%)",
	"_TaxCode": "Belastingcode",
	"_TaxCode_report": "Belastingcode",
	"_VendorNumber": "Nummer leverancier",
	"_VendorNumber_report": "Nummer leverancier",
	"AP - Last used values": "P2P - Standaard accountwaarden  toewijzen"
}</process_nl-NL>
      <process_it>{
	"_CompanyCode": "Codice società",
	"_CompanyCode_report": "Codice società",
	"_CostCenter": "Centro di costo",
	"_CostCenter_report": "Centro di costo",
	"_GLAccount": "Conto generale",
	"_GLAccount_report": "Conto generale",
	"_LineNumber": "Numero di riga",
	"_LineNumber_report": "Numero di riga",
	"_PercentageAmount": "Importo (%)",
	"_PercentageAmount_report": "Importo (%)",
	"_TaxCode": "Codice IVA",
	"_TaxCode_report": "Codice IVA",
	"_VendorNumber": "Numero fornitore",
	"_VendorNumber_report": "Numero fornitore",
	"AP - Last used values": "P2P - Valori di contabilizzazione predefiniti"
}</process_it>
      <process_zh-CN>{
	"_CompanyCode": "公司代码",
	"_CompanyCode_report": "公司代码",
	"_CostCenter": "成本中心",
	"_CostCenter_report": "成本中心",
	"_GLAccount": "总账科目",
	"_GLAccount_report": "总账科目",
	"_LineNumber": "行数",
	"_LineNumber_report": "行数",
	"_PercentageAmount": "金额（%）",
	"_PercentageAmount_report": "金额（%）",
	"_TaxCode": "税码",
	"_TaxCode_report": "税码",
	"_VendorNumber": "供应商编号",
	"_VendorNumber_report": "供应商编号",
	"AP - Last used values": "采购到支付 - 默认账户分配值"
}</process_zh-CN>
      <process_pt-BR>{
	"_CompanyCode": "Código da empresa",
	"_CompanyCode_report": "Código da empresa",
	"_CostCenter": "Centro de custo",
	"_CostCenter_report": "Centro de custo",
	"_GLAccount": "Conta do Razão",
	"_GLAccount_report": "Conta do Razão",
	"_LineNumber": "Número de linha",
	"_LineNumber_report": "Número de linha",
	"_PercentageAmount": "Valor (%)",
	"_PercentageAmount_report": "Valor (%)",
	"_TaxCode": "Código de imposto",
	"_TaxCode_report": "Código de imposto",
	"_VendorNumber": "Número do fornecedor",
	"_VendorNumber_report": "Número do fornecedor",
	"AP - Last used values": "P2P - Valores de classificação contábil padrão"
}</process_pt-BR>
    </lg>
    <process>
      <BUColumn>CompanyCode__</BUColumn>
      <flowtype>processing</flowtype>
      <homepagelabel>AP - Last used values</homepagelabel>
      <upgradable>yes</upgradable>
      <instanciable>1</instanciable>
      <OverrideAllowedAttachmentExtensions>*</OverrideAllowedAttachmentExtensions>
      <AllowUploadAttachment>0</AllowUploadAttachment>
      <AllowUploadReferenceDocument>0</AllowUploadReferenceDocument>
      <shouldRollbackManualRecordEdits>true</shouldRollbackManualRecordEdits>
      <UseCultureFormat>true</UseCultureFormat>
      <TransportName>CustomTable</TransportName>
      <LayoutVersion>1.0</LayoutVersion>
    </process>
    <ui>
      <layout>{
	"*": {
		"Screen": {
			"type": "FlexibleFormLayout",
			"options": {
				"splitterType": "simple-v",
				"version": 0
			},
			"*": {
				"form-header": {
					"type": "FlexibleFormHeader",
					"options": {
						"hidePanelsMenu": false,
						"version": 0
					},
					"stamp": 1,
					"data": []
				},
				"form-center": {
					"type": "FlexibleFormCenter",
					"options": {
						"version": 0
					},
					"*": {
						"form-content": {
							"type": "FlexibleFormContent",
							"options": {
								"version": 0
							},
							"*": {
								"form-content-center": {
									"type": "FlexibleFormSplitter",
									"options": {
										"version": 1,
										"box": {
											"top": "0%",
											"left": "0%",
											"width": "100%"
										},
										"hidden": false
									},
									"*": {
										"form-content-center-1": {
											"type": "FlexibleFormLine",
											"data": [],
											"options": {
												"version": 0
											},
											"stamp": 2,
											"*": {
												"DataPanel": {
													"type": "PanelData",
													"options": {
														"border": {},
														"version": 0,
														"labelLength": 0,
														"label": "_Document data",
														"iconURL": "",
														"TitleFontSize": "S",
														"hideActionButtons": true,
														"hideTitleBar": true,
														"backgroundcolor": "default",
														"labelsAlignment": "right",
														"hideTitle": true,
														"leftImageURL": ""
													},
													"*": {
														"FieldsManager": {
															"type": "FieldsManager",
															"options": {
																"controlsAssociation": {
																	"LineNumber__": "LabelLineNumber__",
																	"LabelLineNumber__": "LineNumber__",
																	"AmountPercent__": "LabelAmountPercent__",
																	"LabelAmountPercent__": "AmountPercent__",
																	"CompanyCode__": "LabelCompanyCode__",
																	"LabelCompanyCode__": "CompanyCode__",
																	"GLAccount__": "LabelGLAccount__",
																	"LabelGLAccount__": "GLAccount__",
																	"CostCenter__": "LabelCostCenter__",
																	"LabelCostCenter__": "CostCenter__",
																	"TaxCode__": "LabelTaxCode__",
																	"LabelTaxCode__": "TaxCode__",
																	"VendorNumber__": "LabelVendorNumber__",
																	"LabelVendorNumber__": "VendorNumber__"
																},
																"version": 0
															},
															"*": {
																"Grid": {
																	"type": "GridLayout",
																	"options": {
																		"lines": 7,
																		"columns": 2,
																		"version": 0,
																		"ctrlsPos": {
																			"LineNumber__": {
																				"line": 3,
																				"column": 2
																			},
																			"LabelLineNumber__": {
																				"line": 3,
																				"column": 1
																			},
																			"AmountPercent__": {
																				"line": 7,
																				"column": 2
																			},
																			"LabelAmountPercent__": {
																				"line": 7,
																				"column": 1
																			},
																			"CompanyCode__": {
																				"line": 1,
																				"column": 2
																			},
																			"LabelCompanyCode__": {
																				"line": 1,
																				"column": 1
																			},
																			"GLAccount__": {
																				"line": 4,
																				"column": 2
																			},
																			"LabelGLAccount__": {
																				"line": 4,
																				"column": 1
																			},
																			"CostCenter__": {
																				"line": 5,
																				"column": 2
																			},
																			"LabelCostCenter__": {
																				"line": 5,
																				"column": 1
																			},
																			"TaxCode__": {
																				"line": 6,
																				"column": 2
																			},
																			"LabelTaxCode__": {
																				"line": 6,
																				"column": 1
																			},
																			"VendorNumber__": {
																				"line": 2,
																				"column": 2
																			},
																			"LabelVendorNumber__": {
																				"line": 2,
																				"column": 1
																			}
																		},
																		"colspans": [
																			[],
																			[],
																			[],
																			[],
																			[],
																			[],
																			[]
																		]
																	},
																	"data": [
																		"fields"
																	],
																	"*": {
																		"LabelCompanyCode__": {
																			"type": "Label",
																			"data": [
																				"CompanyCode__"
																			],
																			"options": {
																				"label": "_CompanyCode",
																				"version": 0
																			},
																			"stamp": 30
																		},
																		"CompanyCode__": {
																			"type": "DatabaseComboBox",
																			"data": [
																				"CompanyCode__"
																			],
																			"options": {
																				"label": "_CompanyCode",
																				"activable": true,
																				"width": "500",
																				"fTSmaxRecords": "20",
																				"length": 20,
																				"browsable": true,
																				"version": 0
																			},
																			"stamp": 31
																		},
																		"LabelVendorNumber__": {
																			"type": "Label",
																			"data": [
																				"VendorNumber__"
																			],
																			"options": {
																				"label": "_VendorNumber",
																				"version": 0
																			},
																			"stamp": 40
																		},
																		"VendorNumber__": {
																			"type": "DatabaseComboBox",
																			"data": [
																				"VendorNumber__"
																			],
																			"options": {
																				"label": "_VendorNumber",
																				"activable": true,
																				"width": "500",
																				"fTSmaxRecords": "20",
																				"browsable": true,
																				"version": 0
																			},
																			"stamp": 41
																		},
																		"LabelLineNumber__": {
																			"type": "Label",
																			"data": [
																				"LineNumber__"
																			],
																			"options": {
																				"label": "_LineNumber",
																				"version": 0
																			},
																			"stamp": 7
																		},
																		"LineNumber__": {
																			"type": "Integer",
																			"data": [
																				"LineNumber__"
																			],
																			"options": {
																				"version": 1,
																				"textSize": "S",
																				"textAlignment": "left",
																				"textStyle": "default",
																				"textColor": "default",
																				"integer": true,
																				"label": "_LineNumber",
																				"precision_internal": 0,
																				"activable": true,
																				"width": "500",
																				"browsable": false
																			},
																			"stamp": 8
																		},
																		"LabelGLAccount__": {
																			"type": "Label",
																			"data": [
																				"GLAccount__"
																			],
																			"options": {
																				"label": "_GLAccount",
																				"version": 0
																			},
																			"stamp": 34
																		},
																		"GLAccount__": {
																			"type": "DatabaseComboBox",
																			"data": [
																				"GLAccount__"
																			],
																			"options": {
																				"label": "_GLAccount",
																				"activable": true,
																				"width": "500",
																				"fTSmaxRecords": "20",
																				"length": 30,
																				"browsable": true,
																				"version": 0
																			},
																			"stamp": 35
																		},
																		"LabelCostCenter__": {
																			"type": "Label",
																			"data": [
																				"CostCenter__"
																			],
																			"options": {
																				"label": "_CostCenter",
																				"version": 0
																			},
																			"stamp": 36
																		},
																		"CostCenter__": {
																			"type": "DatabaseComboBox",
																			"data": [
																				"CostCenter__"
																			],
																			"options": {
																				"label": "_CostCenter",
																				"activable": true,
																				"width": "500",
																				"fTSmaxRecords": "20",
																				"browsable": true,
																				"length": 20,
																				"version": 0
																			},
																			"stamp": 37
																		},
																		"LabelTaxCode__": {
																			"type": "Label",
																			"data": [
																				"TaxCode__"
																			],
																			"options": {
																				"label": "_TaxCode",
																				"version": 0
																			},
																			"stamp": 38
																		},
																		"TaxCode__": {
																			"type": "DatabaseComboBox",
																			"data": [
																				"TaxCode__"
																			],
																			"options": {
																				"label": "_TaxCode",
																				"activable": true,
																				"width": "500",
																				"fTSmaxRecords": "20",
																				"browsable": true,
																				"length": 10,
																				"version": 0
																			},
																			"stamp": 39
																		},
																		"LabelAmountPercent__": {
																			"type": "Label",
																			"data": [
																				"AmountPercent__"
																			],
																			"options": {
																				"label": "_PercentageAmount",
																				"version": 0
																			},
																			"stamp": 15
																		},
																		"AmountPercent__": {
																			"type": "Decimal",
																			"data": [
																				"AmountPercent__"
																			],
																			"options": {
																				"version": 1,
																				"textSize": "S",
																				"textAlignment": "left",
																				"textStyle": "default",
																				"textColor": "default",
																				"integer": false,
																				"label": "_PercentageAmount",
																				"precision_internal": 5,
																				"activable": true,
																				"width": "500"
																			},
																			"stamp": 16
																		}
																	},
																	"stamp": 17
																}
															},
															"stamp": 18,
															"data": []
														}
													},
													"stamp": 19,
													"data": []
												}
											}
										}
									},
									"stamp": 20,
									"data": []
								}
							},
							"stamp": 21,
							"data": []
						}
					},
					"stamp": 22,
					"data": []
				},
				"form-footer": {
					"type": "FlexibleFormFooter",
					"options": {
						"splitterType": "simple-h",
						"version": 0
					},
					"*": {
						"Save": {
							"type": "SubmitButton",
							"options": {
								"label": "_Save",
								"action": "savequit",
								"submit": true,
								"version": 0
							},
							"stamp": 23,
							"data": []
						},
						"Close": {
							"type": "SubmitButton",
							"options": {
								"label": "_Close",
								"action": "cancel",
								"submit": true,
								"version": 0
							},
							"stamp": 24,
							"data": []
						},
						"Delete": {
							"type": "SubmitButton",
							"options": {
								"label": "_Delete",
								"action": "delete",
								"submit": true,
								"version": 0,
								"disabled": true
							},
							"stamp": 25,
							"data": []
						}
					},
					"stamp": 26,
					"data": []
				}
			},
			"stamp": 27,
			"data": []
		}
	},
	"stamps": 41,
	"data": []
}</layout>
    </ui>
  </properties>
  <field deleted="0" format="" guid="AYLN103814" id="ZSW552000SG7" label="_PercentageAmount_report" length="17" name="AmountPercent__" originalProcessID="YVQC45221" precision="5" processid="YSW552000SG7" submitable="1" type="DECIMAL">
    <properties>
      <db>
        <alias>AZSW552000SG7</alias>
        <noxml>1</noxml>
        <fullname>/job/processfields/AmountPercent__</fullname>
        <defaultvalue>
        </defaultvalue>
        <RecordLastWrite>2015-04-27 12:05:03</RecordLastWrite>
      </db>
      <extrainfo>
        <Label>_PercentageAmount_report</Label>
        <Alias>AZSW552000SG7</Alias>
        <DecimalPrecision vartype="INT">5</DecimalPrecision>
        <ProcessFieldVersion vartype="INT">1</ProcessFieldVersion>
      </extrainfo>
      <gdr>
        <VarType>Area</VarType>
      </gdr>
      <ui>
        <_type>Number</_type>
        <automatic>true</automatic>
      </ui>
    </properties>
  </field>
  <field deleted="0" format="" guid="WZCA86557834" id="ATW552000SG7" label="_CompanyCode_report" length="50" name="CompanyCode__" originalProcessID="YVQC45221" precision="0" processid="YSW552000SG7" submitable="1" type="STR">
    <properties>
      <db>
        <alias>AATW552000SG7</alias>
        <index vartype="INT">1</index>
        <noxml>1</noxml>
        <fullname>/job/processfields/CompanyCode__</fullname>
        <defaultvalue>
        </defaultvalue>
        <RecordLastWrite>2015-06-03 14:39:45</RecordLastWrite>
      </db>
      <extrainfo>
        <Label>_CompanyCode_report</Label>
        <Alias>AATW552000SG7</Alias>
        <ProcessFieldVersion vartype="INT">1</ProcessFieldVersion>
      </extrainfo>
      <field>
        <Editable>true</Editable>
        <required>true</required>
        <TableName>CT#ECW552000SG7</TableName>
        <SortOrder>ASC</SortOrder>
        <DisplayedColumns>CompanyCode__|CompanyName__</DisplayedColumns>
        <DisplayedColumnsIds>
        </DisplayedColumnsIds>
        <SavedColumn>CompanyCode__</SavedColumn>
        <SavedColumnId>HUME134563</SavedColumnId>
        <ProcessName>PurchasingCompanycodes__</ProcessName>
        <CustomFilter>
        </CustomFilter>
      </field>
      <ui>
        <_type>String</_type>
        <automatic>true</automatic>
      </ui>
    </properties>
  </field>
  <field deleted="0" format="" guid="UOBA86557835" id="BTW552000SG7" label="_CostCenter_report" length="20" name="CostCenter__" originalProcessID="YVQC45221" precision="0" processid="YSW552000SG7" submitable="1" type="STR">
    <properties>
      <db>
        <alias>ABTW552000SG7</alias>
        <noxml>1</noxml>
        <fullname>/job/processfields/CostCenter__</fullname>
        <defaultvalue>
        </defaultvalue>
        <RecordLastWrite>2015-06-03 14:39:46</RecordLastWrite>
      </db>
      <extrainfo>
        <Label>_CostCenter_report</Label>
        <Alias>ABTW552000SG7</Alias>
        <ProcessFieldVersion vartype="INT">1</ProcessFieldVersion>
      </extrainfo>
      <field>
        <Editable>true</Editable>
        <TableName>CT#CFW552000SG7</TableName>
        <SortOrder>ASC</SortOrder>
        <DisplayedColumns>CostCenter__|Description__|CompanyCode__</DisplayedColumns>
        <DisplayedColumnsIds>
        </DisplayedColumnsIds>
        <SavedColumn>CostCenter__</SavedColumn>
        <SavedColumnId>HUME13697</SavedColumnId>
        <ProcessName>AP - Cost centers__</ProcessName>
        <CustomFilter>(|(CompanyCode__=%[CompanyCode__])(CompanyCode__=)(!(CompanyCode__=*)))</CustomFilter>
      </field>
      <ui>
        <_type>String</_type>
        <automatic>true</automatic>
      </ui>
    </properties>
  </field>
  <field deleted="0" format="" guid="DLJC86557836" id="CTW552000SG7" label="_GLAccount_report" length="30" name="GLAccount__" originalProcessID="YVQC45221" precision="0" processid="YSW552000SG7" submitable="1" type="STR">
    <properties>
      <db>
        <alias>ACTW552000SG7</alias>
        <noxml>1</noxml>
        <fullname>/job/processfields/GLAccount__</fullname>
        <defaultvalue>
        </defaultvalue>
        <RecordLastWrite>2015-06-03 14:39:46</RecordLastWrite>
      </db>
      <extrainfo>
        <Label>_GLAccount_report</Label>
        <Alias>ACTW552000SG7</Alias>
        <ProcessFieldVersion vartype="INT">1</ProcessFieldVersion>
      </extrainfo>
      <field>
        <Editable>true</Editable>
        <TableName>CT#UHW552000SG7</TableName>
        <SortOrder>ASC</SortOrder>
        <DisplayedColumns>Account__|Description__|CompanyCode__</DisplayedColumns>
        <DisplayedColumnsIds>
        </DisplayedColumnsIds>
        <SavedColumn>Account__</SavedColumn>
        <SavedColumnId>IENM780</SavedColumnId>
        <ProcessName>AP - G/L accounts__</ProcessName>
        <CustomFilter>(|(CompanyCode__=%[CompanyCode__])(CompanyCode__=)(!(CompanyCode__=*)))</CustomFilter>
      </field>
      <ui>
        <_type>String</_type>
        <automatic>true</automatic>
      </ui>
    </properties>
  </field>
  <field deleted="0" format="" guid="POAM103544" id="DTW552000SG7" label="_LineNumber_report" length="0" name="LineNumber__" originalProcessID="YVQC45221" precision="0" processid="YSW552000SG7" submitable="1" type="INT">
    <properties>
      <db>
        <alias>ADTW552000SG7</alias>
        <index vartype="INT">1</index>
        <noxml>1</noxml>
        <fullname>/job/processfields/LineNumber__</fullname>
        <defaultvalue>
        </defaultvalue>
        <RecordLastWrite>2015-04-24 16:33:14</RecordLastWrite>
      </db>
      <extrainfo>
        <Label>_LineNumber_report</Label>
        <Alias>ADTW552000SG7</Alias>
        <ProcessFieldVersion vartype="INT">1</ProcessFieldVersion>
      </extrainfo>
      <gdr>
        <VarType>Area</VarType>
      </gdr>
      <ui>
        <_type>Number</_type>
        <automatic>true</automatic>
      </ui>
    </properties>
  </field>
  <field deleted="0" format="" guid="XKFB86557837" id="ETW552000SG7" label="_TaxCode_report" length="115" name="TaxCode__" originalProcessID="YVQC45221" precision="0" processid="YSW552000SG7" submitable="1" type="STR">
    <properties>
      <db>
        <alias>AETW552000SG7</alias>
        <noxml>1</noxml>
        <fullname>/job/processfields/TaxCode__</fullname>
        <defaultvalue>
        </defaultvalue>
        <RecordLastWrite>2015-06-03 14:39:46</RecordLastWrite>
      </db>
      <extrainfo>
        <Label>_TaxCode_report</Label>
        <Alias>AETW552000SG7</Alias>
        <ProcessFieldVersion vartype="INT">1</ProcessFieldVersion>
      </extrainfo>
      <field>
        <Editable>true</Editable>
        <TableName>CT#DLW552000SG7</TableName>
        <SortOrder>ASC</SortOrder>
        <DisplayedColumns>TaxCode__|Description__|TaxRate__|CompanyCode__</DisplayedColumns>
        <DisplayedColumnsIds>
        </DisplayedColumnsIds>
        <SavedColumn>TaxCode__</SavedColumn>
        <SavedColumnId>KDAU667268</SavedColumnId>
        <ProcessName>AP - Tax codes__</ProcessName>
        <CustomFilter>(|(CompanyCode__=%[CompanyCode__])(CompanyCode__=)(!(CompanyCode__=*)))</CustomFilter>
      </field>
      <ui>
        <_type>String</_type>
        <automatic>true</automatic>
      </ui>
    </properties>
  </field>
  <field deleted="0" format="" guid="YWXX86558356" id="FTW552000SG7" label="_VendorNumber_report" length="50" name="VendorNumber__" originalProcessID="YVQC45221" precision="0" processid="YSW552000SG7" submitable="1" type="STR">
    <properties>
      <db>
        <alias>AFTW552000SG7</alias>
        <index vartype="INT">1</index>
        <noxml>1</noxml>
        <fullname>/job/processfields/VendorNumber__</fullname>
        <defaultvalue>
        </defaultvalue>
        <RecordLastWrite>2015-06-03 14:57:23</RecordLastWrite>
      </db>
      <extrainfo>
        <Label>_VendorNumber_report</Label>
        <Alias>AFTW552000SG7</Alias>
        <ProcessFieldVersion vartype="INT">1</ProcessFieldVersion>
      </extrainfo>
      <field>
        <Editable>true</Editable>
        <required>true</required>
        <TableName>CT#ZLW552000SG7</TableName>
        <SortOrder>ASC</SortOrder>
        <DisplayedColumns>Number__|Name__|CompanyCode__</DisplayedColumns>
        <DisplayedColumnsIds>
        </DisplayedColumnsIds>
        <SavedColumn>Number__</SavedColumn>
        <SavedColumnId>WRZN86557125</SavedColumnId>
        <ProcessName>AP - Vendors__</ProcessName>
        <CustomFilter>(|(CompanyCode__=%[CompanyCode__])(CompanyCode__=)(!(CompanyCode__=*)))</CustomFilter>
      </field>
      <ui>
        <_type>String</_type>
        <automatic>true</automatic>
      </ui>
    </properties>
  </field>
  <type id="JLLP13130F1" name="CT">
  </type>
</process>