﻿<?xml version="1.0" encoding="UTF-8" standalone="no"?>
<process accountid="20063076" allowrepairprocess="0" builtin="0" builtinversion="0" carriesapplicationversion="0" creationdatetime="2022-10-25 17:04:48" deleted="0" eskerapplication="" global="0" id="TVW552000SG7" keepcustomization="0" keepfieldsonly="0" keepfieldsproperties="0" keepnewcontroloptions="0" migrationversion="4" name="AP - Extended Withholding Tax__" needvalidation="0" ootofilter="" ootoversion="1" originalProcessID="PHQGF4C64" ownerid="cn=admin_p2p@paragon-cc.fr,ou=DEV,ou=TrainingP2P,ou=DEMO_JULIEN,ou=05284299,ou=ESK,s=eoo" ownerpb="OnDemand AddressBook" public="1" pushnotification="0" reuseengine="0" sprintversion="5.261.0" transportname="CustomTable" upgradable="1" userid="0" version="1" visibility="0">
  <properties>
    <dbIndex>
      <AUTO_AUVW552000SG7A>&lt;Index&gt;&lt;Ref Name="AUVW552000SG7" Option="ASC"/&gt;&lt;/Index&gt;</AUTO_AUVW552000SG7A>
      <AUTO_AVVW552000SG7A>&lt;Index&gt;&lt;Ref Name="AVVW552000SG7" Option="ASC"/&gt;&lt;/Index&gt;</AUTO_AVVW552000SG7A>
    </dbIndex>
    <gdr>
    </gdr>
    <lg>
      <process_de>{
	"_Company Code": "Buchungskreis",
	"_Company Code_report": "Buchungskreis",
	"_Vendor Number": "Lieferantennummer",
	"_Vendor Number_report": "Lieferantennummer",
	"_WHT Code": "QSt.Kz.",
	"_WHT Code_report": "Quellensteuerkennzeichen",
	"_WHT Description": "Beschreibung",
	"_WHT Description_report": "Quellensteuerbeschreibung",
	"_WHT Type": "QSt.Typ",
	"_WHT Type_report": "Quellensteuertyp",
	"AP - Extended Withholding Tax": "P2P - Erweiterte Quellensteuern"
}</process_de>
      <process_JA>{
	"_Company Code": "会社コード",
	"_Company Code_report": "会社コード",
	"_Vendor Number": "仕入先番号",
	"_Vendor Number_report": "仕入先番号",
	"_WHT Code": "WHTコード",
	"_WHT Code_report": "WHTコード",
	"_WHT Description": "説明",
	"_WHT Description_report": "WHT説明",
	"_WHT Type": "WHT種別",
	"_WHT Type_report": "WHT種別",
	"AP - Extended Withholding Tax": "P2P - 拡張源泉徴収税"
}</process_JA>
      <process_en>{
	"_Company Code": "Company code",
	"_Company Code_report": "Company code",
	"_Vendor Number": "Vendor number",
	"_Vendor Number_report": "Vendor number",
	"_WHT Code": "WHT Code",
	"_WHT Code_report": "WHT Code",
	"_WHT Description": "Description",
	"_WHT Description_report": "WHT Description",
	"_WHT Type": "WHT type",
	"_WHT Type_report": "WHT type",
	"AP - Extended Withholding Tax": "P2P - Extended Withholding Taxes"
}</process_en>
      <process_es>{
	"_Company Code": "Código de empresa",
	"_Company Code_report": "Código de empresa",
	"_Vendor Number": "Número de proveedor",
	"_Vendor Number_report": "Número de proveedor",
	"_WHT Code": "Código retenc.",
	"_WHT Code_report": "Código de retención",
	"_WHT Description": "Descripción",
	"_WHT Description_report": "Descripción de la retención",
	"_WHT Type": "Tipo retenc.",
	"_WHT Type_report": "Tipo de retención",
	"AP - Extended Withholding Tax": "P2P - Retenciones de impuestos ampliadas"
}</process_es>
      <process_fr>{
	"_Company Code": "Code société",
	"_Company Code_report": "Code société",
	"_Vendor Number": "Numéro fournisseur",
	"_Vendor Number_report": "Numéro fournisseur",
	"_WHT Code": "Code DH",
	"_WHT Code_report": "Code de la déclaration d'honoraires",
	"_WHT Description": "Description",
	"_WHT Description_report": "Description de la déclaration d'honoraires",
	"_WHT Type": "Type DH",
	"_WHT Type_report": "Type de la déclaration d'honoraires",
	"AP - Extended Withholding Tax": "P2P - Déclarations étendues d'honoraires"
}</process_fr>
      <process_nl-NL>{
	"_Company Code": "Bedrijfscode",
	"_Company Code_report": "Bedrijfscode",
	"_Vendor Number": "Nummer leverancier",
	"_Vendor Number_report": "Nummer leverancier",
	"_WHT Code": "WHT-code",
	"_WHT Code_report": "WHT-code",
	"_WHT Description": "Beschrijving",
	"_WHT Description_report": "Beschrijving WHT",
	"_WHT Type": "Type WHT",
	"_WHT Type_report": "Type WHT",
	"AP - Extended Withholding Tax": "P2P - Uitgebreide bronbelasting"
}</process_nl-NL>
      <process_it>{
	"_Company Code": "Codice società",
	"_Company Code_report": "Codice società",
	"_Vendor Number": "Numero fornitore",
	"_Vendor Number_report": "Numero fornitore",
	"_WHT Code": "Codice RA",
	"_WHT Code_report": "Codice ritenuta d'acconto",
	"_WHT Description": "Descrizione",
	"_WHT Description_report": "Descrizione ritenuta d'acconto",
	"_WHT Type": "Tipo RA",
	"_WHT Type_report": "Tipo ritenuta d'acconto",
	"AP - Extended Withholding Tax": "P2P - Ritenute d'acconto ampliate"
}</process_it>
      <process_zh-CN>{
	"_Company Code": "公司代码",
	"_Company Code_report": "公司代码",
	"_Vendor Number": "供应商编号",
	"_Vendor Number_report": "供应商编号",
	"_WHT Code": "代扣税代码",
	"_WHT Code_report": "代扣税代码",
	"_WHT Description": "名称",
	"_WHT Description_report": "代扣税名称",
	"_WHT Type": "代扣税类型",
	"_WHT Type_report": "代扣税类型",
	"AP - Extended Withholding Tax": "采购到支付 - 扩展代扣税"
}</process_zh-CN>
      <process_pt-BR>{
	"_Company Code": "Código da empresa",
	"_Company Code_report": "Código da empresa",
	"_Vendor Number": "Número do fornecedor",
	"_Vendor Number_report": "Número do fornecedor",
	"_WHT Code": "Código WHT",
	"_WHT Code_report": "Código WHT",
	"_WHT Description": "Descrição",
	"_WHT Description_report": "Descrição do WHT",
	"_WHT Type": "Tipo de WHT",
	"_WHT Type_report": "Tipo de WHT",
	"AP - Extended Withholding Tax": "P2P - Impostos retidos na fonte alargados"
}</process_pt-BR>
    </lg>
    <process>
      <flowtype>processing</flowtype>
      <homepagelabel>AP - Extended Withholding Tax</homepagelabel>
      <upgradable>yes</upgradable>
      <instanciable>1</instanciable>
      <enablerounddecimal>true</enablerounddecimal>
      <OverrideAllowedAttachmentExtensions>*</OverrideAllowedAttachmentExtensions>
      <UseActionNameWithScriptApproval>true</UseActionNameWithScriptApproval>
      <AllowUploadAttachment>0</AllowUploadAttachment>
      <AllowUploadReferenceDocument>0</AllowUploadReferenceDocument>
      <shouldRollbackManualRecordEdits>true</shouldRollbackManualRecordEdits>
      <UseCultureFormat>true</UseCultureFormat>
      <TransportName>CustomTable</TransportName>
      <LayoutVersion>1.0</LayoutVersion>
    </process>
    <ui>
      <layout>{
	"*": {
		"Screen": {
			"type": "FlexibleFormLayout",
			"options": {
				"splitterType": "simple-v",
				"version": 0
			},
			"*": {
				"form-header": {
					"type": "FlexibleFormHeader",
					"options": {
						"hidePanelsMenu": false,
						"version": 0
					},
					"stamp": 2,
					"data": []
				},
				"form-center": {
					"type": "FlexibleFormCenter",
					"options": {
						"version": 0
					},
					"*": {
						"form-content": {
							"type": "FlexibleFormContent",
							"options": {
								"version": 0
							},
							"*": {
								"form-content-center": {
									"type": "FlexibleFormSplitter",
									"options": {
										"version": 1,
										"box": {
											"top": "0%",
											"left": "0%",
											"width": "100%"
										},
										"hidden": false
									},
									"*": {
										"form-content-center-1": {
											"type": "FlexibleFormLine",
											"data": [],
											"options": {
												"version": 0
											},
											"stamp": 9,
											"*": {
												"DataPanel": {
													"type": "PanelData",
													"options": {
														"border": {},
														"version": 0,
														"labelLength": 0,
														"iconURL": "",
														"TitleFontSize": "S",
														"hideActionButtons": false,
														"hideTitleBar": false,
														"hideTitle": false,
														"backgroundcolor": "default",
														"labelsAlignment": "right",
														"label": "_Document data"
													},
													"*": {
														"FieldsManager": {
															"type": "FieldsManager",
															"options": {
																"controlsAssociation": {
																	"WHTType__": "LabelWHTType__",
																	"LabelWHTType__": "WHTType__",
																	"WHTCode__": "LabelWHTCode__",
																	"LabelWHTCode__": "WHTCode__",
																	"WHTDescription__": "LabelWHTDescription__",
																	"LabelWHTDescription__": "WHTDescription__",
																	"CompanyCode__": "LabelCompanyCode__",
																	"LabelCompanyCode__": "CompanyCode__",
																	"VendorNumber__": "LabelVendorNumber__",
																	"LabelVendorNumber__": "VendorNumber__"
																},
																"version": 0
															},
															"*": {
																"Grid": {
																	"type": "GridLayout",
																	"options": {
																		"lines": 5,
																		"columns": 2,
																		"version": 0,
																		"ctrlsPos": {
																			"WHTType__": {
																				"line": 3,
																				"column": 2
																			},
																			"LabelWHTType__": {
																				"line": 3,
																				"column": 1
																			},
																			"WHTCode__": {
																				"line": 4,
																				"column": 2
																			},
																			"LabelWHTCode__": {
																				"line": 4,
																				"column": 1
																			},
																			"WHTDescription__": {
																				"line": 5,
																				"column": 2
																			},
																			"LabelWHTDescription__": {
																				"line": 5,
																				"column": 1
																			},
																			"CompanyCode__": {
																				"line": 1,
																				"column": 2
																			},
																			"LabelCompanyCode__": {
																				"line": 1,
																				"column": 1
																			},
																			"VendorNumber__": {
																				"line": 2,
																				"column": 2
																			},
																			"LabelVendorNumber__": {
																				"line": 2,
																				"column": 1
																			}
																		},
																		"colspans": [
																			[],
																			[],
																			[],
																			[],
																			[]
																		]
																	},
																	"data": [
																		"fields"
																	],
																	"*": {
																		"LabelCompanyCode__": {
																			"type": "Label",
																			"data": [
																				"CompanyCode__"
																			],
																			"options": {
																				"label": "_Company Code",
																				"version": 0
																			},
																			"stamp": 26
																		},
																		"CompanyCode__": {
																			"type": "DatabaseComboBox",
																			"data": [
																				"CompanyCode__"
																			],
																			"options": {
																				"version": 1,
																				"label": "_Company Code",
																				"activable": true,
																				"width": 230,
																				"helpText": "",
																				"helpURL": "",
																				"helpFormat": "HTML Format",
																				"fTSmaxRecords": "20",
																				"browsable": true,
																				"PreFillFTS": true
																			},
																			"stamp": 27
																		},
																		"LabelVendorNumber__": {
																			"type": "Label",
																			"data": [
																				"VendorNumber__"
																			],
																			"options": {
																				"label": "_Vendor Number",
																				"version": 0
																			},
																			"stamp": 28
																		},
																		"VendorNumber__": {
																			"type": "ShortText",
																			"data": [
																				"VendorNumber__"
																			],
																			"options": {
																				"textSize": "S",
																				"textAlignment": "left",
																				"textStyle": "default",
																				"textColor": "default",
																				"label": "_Vendor Number",
																				"activable": true,
																				"width": 230,
																				"helpText": "",
																				"helpURL": "",
																				"helpFormat": "HTML Format",
																				"browsable": false,
																				"version": 0
																			},
																			"stamp": 29
																		},
																		"LabelWHTType__": {
																			"type": "Label",
																			"data": [
																				"WHTType__"
																			],
																			"options": {
																				"label": "_WHT Type",
																				"version": 0
																			},
																			"stamp": 14
																		},
																		"WHTType__": {
																			"type": "ShortText",
																			"data": [
																				"WHTType__"
																			],
																			"options": {
																				"textSize": "S",
																				"textAlignment": "left",
																				"textStyle": "default",
																				"textColor": "default",
																				"label": "_WHT Type",
																				"activable": true,
																				"width": 230,
																				"helpText": "",
																				"helpURL": "",
																				"helpFormat": "HTML Format",
																				"browsable": false,
																				"version": 0
																			},
																			"stamp": 15
																		},
																		"LabelWHTCode__": {
																			"type": "Label",
																			"data": [
																				"WHTCode__"
																			],
																			"options": {
																				"label": "_WHT Code",
																				"version": 0
																			},
																			"stamp": 16
																		},
																		"WHTCode__": {
																			"type": "ShortText",
																			"data": [
																				"WHTCode__"
																			],
																			"options": {
																				"textSize": "S",
																				"textAlignment": "left",
																				"textStyle": "default",
																				"textColor": "default",
																				"label": "_WHT Code",
																				"activable": true,
																				"width": 230,
																				"helpText": "",
																				"helpURL": "",
																				"helpFormat": "HTML Format",
																				"browsable": false,
																				"version": 0
																			},
																			"stamp": 17
																		},
																		"LabelWHTDescription__": {
																			"type": "Label",
																			"data": [
																				"WHTDescription__"
																			],
																			"options": {
																				"label": "_WHT Description",
																				"version": 0
																			},
																			"stamp": 18
																		},
																		"WHTDescription__": {
																			"type": "ShortText",
																			"data": [
																				"WHTDescription__"
																			],
																			"options": {
																				"textSize": "S",
																				"textAlignment": "left",
																				"textStyle": "default",
																				"textColor": "default",
																				"label": "_WHT Description",
																				"activable": true,
																				"width": 230,
																				"helpText": "",
																				"helpURL": "",
																				"helpFormat": "HTML Format",
																				"browsable": false,
																				"version": 0
																			},
																			"stamp": 19
																		}
																	},
																	"stamp": 8
																}
															},
															"stamp": 7,
															"data": []
														}
													},
													"stamp": 6,
													"data": []
												}
											}
										}
									},
									"stamp": 5,
									"data": []
								}
							},
							"stamp": 4,
							"data": []
						}
					},
					"stamp": 3,
					"data": []
				},
				"form-footer": {
					"type": "FlexibleFormFooter",
					"options": {
						"splitterType": "simple-h",
						"version": 0
					},
					"*": {
						"Save": {
							"type": "SubmitButton",
							"options": {
								"label": "_Save",
								"action": "savequit",
								"submit": true,
								"version": 0,
								"shortCut": "S"
							},
							"stamp": 11,
							"data": []
						},
						"Close": {
							"type": "SubmitButton",
							"options": {
								"label": "_Close",
								"action": "cancel",
								"submit": true,
								"version": 0,
								"shortCut": "Q"
							},
							"stamp": 12,
							"data": []
						},
						"Delete": {
							"type": "SubmitButton",
							"options": {
								"label": "_Delete",
								"action": "delete",
								"submit": true,
								"version": 0,
								"disabled": true
							},
							"stamp": 13,
							"data": []
						}
					},
					"stamp": 10,
					"data": []
				}
			},
			"stamp": 1,
			"data": []
		}
	},
	"stamps": 29,
	"data": []
}</layout>
    </ui>
  </properties>
  <field deleted="0" format="" guid="NDIKF4D13" id="UVW552000SG7" label="_Company Code_report" length="50" name="CompanyCode__" originalProcessID="PHQGF4C64" precision="0" processid="TVW552000SG7" submitable="1" type="STR">
    <properties>
      <db>
        <alias>AUVW552000SG7</alias>
        <index vartype="INT">1</index>
        <noxml>1</noxml>
        <fullname>/job/processfields/CompanyCode__</fullname>
        <defaultvalue>
        </defaultvalue>
        <RecordLastWrite>2022-10-25 17:04:47</RecordLastWrite>
      </db>
      <extrainfo>
        <Label>_Company Code_report</Label>
        <Alias>AUVW552000SG7</Alias>
        <ProcessFieldVersion vartype="INT">1</ProcessFieldVersion>
      </extrainfo>
      <field>
        <Editable>false</Editable>
        <TableName>CT#ECW552000SG7</TableName>
        <SortOrder>
        </SortOrder>
        <DisplayedColumns>CompanyCode__|CompanyName__</DisplayedColumns>
        <DisplayedColumnsIds>
        </DisplayedColumnsIds>
        <UseTableForAutolearn>false</UseTableForAutolearn>
        <SavedColumn>CompanyCode__</SavedColumn>
        <SavedColumnId>
        </SavedColumnId>
        <ProcessName>PurchasingCompanycodes__</ProcessName>
        <CustomFilter>
        </CustomFilter>
      </field>
      <gdr>
        <DisableAutolearn>1</DisableAutolearn>
      </gdr>
      <help>
        <helpData>{"helpText":"","helpURL":"","helpFormat":"HTML Format"}</helpData>
      </help>
      <ui>
        <_type>String</_type>
        <automatic>true</automatic>
      </ui>
    </properties>
  </field>
  <field deleted="0" format="" guid="NEWXF4D14" id="VVW552000SG7" label="_Vendor Number_report" length="50" name="VendorNumber__" originalProcessID="PHQGF4C64" precision="0" processid="TVW552000SG7" submitable="1" type="STR">
    <properties>
      <db>
        <alias>AVVW552000SG7</alias>
        <index vartype="INT">1</index>
        <noxml>1</noxml>
        <fullname>/job/processfields/VendorNumber__</fullname>
        <defaultvalue>
        </defaultvalue>
        <RecordLastWrite>2022-10-25 17:04:47</RecordLastWrite>
      </db>
      <extrainfo>
        <Label>_Vendor Number_report</Label>
        <Alias>AVVW552000SG7</Alias>
        <ProcessFieldVersion vartype="INT">1</ProcessFieldVersion>
      </extrainfo>
      <gdr>
        <VarType>Area</VarType>
        <DisableAutolearn>1</DisableAutolearn>
      </gdr>
      <help>
        <helpData>{"helpText":"","helpURL":"","helpFormat":"HTML Format"}</helpData>
      </help>
      <ui>
        <_type>String</_type>
        <automatic>true</automatic>
      </ui>
    </properties>
  </field>
  <field deleted="0" format="" guid="HUMEF4C66" id="WVW552000SG7" label="_WHT Code_report" length="50" name="WHTCode__" originalProcessID="PHQGF4C64" precision="0" processid="TVW552000SG7" submitable="1" type="STR">
    <properties>
      <db>
        <alias>AWVW552000SG7</alias>
        <noxml>1</noxml>
        <fullname>/job/processfields/WHTCode__</fullname>
        <defaultvalue>
        </defaultvalue>
        <RecordLastWrite>2022-10-25 17:04:47</RecordLastWrite>
      </db>
      <extrainfo>
        <Label>_WHT Code_report</Label>
        <Alias>AWVW552000SG7</Alias>
        <ProcessFieldVersion vartype="INT">1</ProcessFieldVersion>
      </extrainfo>
      <gdr>
        <VarType>Area</VarType>
        <DisableAutolearn>1</DisableAutolearn>
      </gdr>
      <help>
        <helpData>{"helpText":"","helpURL":"","helpFormat":"HTML Format"}</helpData>
      </help>
      <ui>
        <_type>String</_type>
        <automatic>true</automatic>
      </ui>
    </properties>
  </field>
  <field deleted="0" format="" guid="AYLNF4C67" id="XVW552000SG7" label="_WHT Description_report" length="50" name="WHTDescription__" originalProcessID="PHQGF4C64" precision="0" processid="TVW552000SG7" submitable="1" type="STR">
    <properties>
      <db>
        <alias>AXVW552000SG7</alias>
        <noxml>1</noxml>
        <fullname>/job/processfields/WHTDescription__</fullname>
        <defaultvalue>
        </defaultvalue>
        <RecordLastWrite>2022-10-25 17:04:47</RecordLastWrite>
      </db>
      <extrainfo>
        <Label>_WHT Description_report</Label>
        <Alias>AXVW552000SG7</Alias>
        <ProcessFieldVersion vartype="INT">1</ProcessFieldVersion>
      </extrainfo>
      <gdr>
        <VarType>Area</VarType>
        <DisableAutolearn>1</DisableAutolearn>
      </gdr>
      <help>
        <helpData>{"helpText":"","helpURL":"","helpFormat":"HTML Format"}</helpData>
      </help>
      <ui>
        <_type>String</_type>
        <automatic>true</automatic>
      </ui>
    </properties>
  </field>
  <field deleted="0" format="" guid="PHQGF4C65" id="YVW552000SG7" label="_WHT Type_report" length="50" name="WHTType__" originalProcessID="PHQGF4C64" precision="0" processid="TVW552000SG7" submitable="1" type="STR">
    <properties>
      <db>
        <alias>AYVW552000SG7</alias>
        <noxml>1</noxml>
        <fullname>/job/processfields/WHTType__</fullname>
        <defaultvalue>
        </defaultvalue>
        <RecordLastWrite>2022-10-25 17:04:48</RecordLastWrite>
      </db>
      <extrainfo>
        <Label>_WHT Type_report</Label>
        <Alias>AYVW552000SG7</Alias>
        <ProcessFieldVersion vartype="INT">1</ProcessFieldVersion>
      </extrainfo>
      <gdr>
        <VarType>Area</VarType>
        <DisableAutolearn>1</DisableAutolearn>
      </gdr>
      <help>
        <helpData>{"helpText":"","helpURL":"","helpFormat":"HTML Format"}</helpData>
      </help>
      <ui>
        <_type>String</_type>
        <automatic>true</automatic>
      </ui>
    </properties>
  </field>
  <type id="JLLP13130F1" name="CT">
  </type>
</process>