﻿<?xml version="1.0" encoding="UTF-8" standalone="no"?>
<process accountid="20063076" allowrepairprocess="0" builtin="0" builtinversion="0" carriesapplicationversion="0" creationdatetime="2022-10-25 17:09:38" deleted="0" eskerapplication="" global="0" id="JX3652000SG7" keepcustomization="0" keepfieldsonly="0" keepfieldsproperties="0" keepnewcontroloptions="0" migrationversion="4" name="WorkingDays__" needvalidation="0" ootofilter="" ootoversion="1" originalProcessID="R9PIWM000M4H" ownerid="cn=admin_p2p@paragon-cc.fr,ou=DEV,ou=TrainingP2P,ou=DEMO_JULIEN,ou=05284299,ou=ESK,s=eoo" ownerpb="OnDemand AddressBook" public="1" pushnotification="0" reuseengine="0" sprintversion="5.261.0" transportname="CustomTable" upgradable="1" userid="0" version="1" visibility="1">
  <properties>
    <dbIndex>
      <AUTO_ALX3652000SG7A>&lt;Index&gt;&lt;Ref Name="ALX3652000SG7" Option="ASC"/&gt;&lt;/Index&gt;</AUTO_ALX3652000SG7A>
    </dbIndex>
    <gdr>
    </gdr>
    <lg>
      <process_de>{
	"_action_createflexible:New working days": "Hinzufügen...",
	"_action_openInProcess:WorkingDaysManagement__": "Details anzeigen",
	"_ConfigDescription": "Beschreibung",
	"_ConfigDescription_report": "Beschreibung",
	"_ConfigName": "Name",
	"_ConfigName_report": "Name",
	"_Friday": "Freitag",
	"_jsonDaysOff": "Arbeitsfreie Tage im JSON-Format",
	"_Monday": "Montag",
	"_PanelDaysOff": "Arbeitsfreie Tage",
	"_PanelGeneral": "Allgemein",
	"_PanelWorkingDays": "Werktage",
	"_Saturday": "Samstag",
	"_Sunday": "Sonntag",
	"_Thursday": "Donnerstag",
	"_Tuesday": "Dienstag",
	"_Wednesday": "Mittwoch",
	"WorkingDays": "Werktage",
	"WorkingDays__": "Werktage"
}</process_de>
      <process_ja>{
	"_action_createflexible:New working days": "追加...",
	"_action_openInProcess:WorkingDaysManagement__": "詳細を表示",
	"_ConfigDescription": "説明",
	"_ConfigDescription_report": "説明",
	"_ConfigName": "名前",
	"_ConfigName_report": "名前",
	"_Friday": "金曜日",
	"_jsonDaysOff": "JSON形式の休日",
	"_Monday": "月曜日",
	"_PanelDaysOff": "休日",
	"_PanelGeneral": "全般",
	"_PanelWorkingDays": "営業日",
	"_Saturday": "土曜日",
	"_Sunday": "日曜日",
	"_Thursday": "木曜日",
	"_Tuesday": "火曜日",
	"_Wednesday": "水曜日",
	"WorkingDays": "営業日",
	"WorkingDays__": "営業日"
}</process_ja>
      <process_en>{
	"_action_createflexible:New working days": "Add...",
	"_action_openInProcess:WorkingDaysManagement__": "View details",
	"_ConfigDescription": "Description",
	"_ConfigDescription_report": "Description",
	"_ConfigName": "Name",
	"_ConfigName_report": "Name",
	"_Friday": "Friday",
	"_jsonDaysOff": "Days off in JSON format",
	"_Monday": "Monday",
	"_PanelDaysOff": "Days Off",
	"_PanelGeneral": "General",
	"_PanelWorkingDays": "Working Days",
	"_Saturday": "Saturday",
	"_Sunday": "Sunday",
	"_Thursday": "Thursday",
	"_Tuesday": "Tuesday",
	"_Wednesday": "Wednesday",
	"WorkingDays": "Working Days",
	"WorkingDays__": "Working Days"
}</process_en>
      <process_es>{
	"_action_createflexible:New working days": "Añadir...",
	"_action_openInProcess:WorkingDaysManagement__": "Ver detalles",
	"_ConfigDescription": "Descripción",
	"_ConfigDescription_report": "Descripción",
	"_ConfigName": "Nombre",
	"_ConfigName_report": "Nombre",
	"_Friday": "Viernes",
	"_jsonDaysOff": "Días no laborables en formato JSON",
	"_Monday": "Lunes",
	"_PanelDaysOff": "Días no laborables",
	"_PanelGeneral": "General",
	"_PanelWorkingDays": "Días laborables",
	"_Saturday": "Sábado",
	"_Sunday": "Domingo",
	"_Thursday": "Jueves",
	"_Tuesday": "Martes",
	"_Wednesday": "Miércoles",
	"WorkingDays": "Días laborables",
	"WorkingDays__": "Días laborables"
}</process_es>
      <process_fr>{
	"_action_createflexible:New working days": "Ajouter...",
	"_action_openInProcess:WorkingDaysManagement__": "Voir les détails",
	"_ConfigDescription": "Description",
	"_ConfigDescription_report": "Description",
	"_ConfigName": "Nom",
	"_ConfigName_report": "Nom",
	"_Friday": "Vendredi",
	"_jsonDaysOff": "Jours de congé au format JSON",
	"_Monday": "Lundi",
	"_PanelDaysOff": "Jours de congé",
	"_PanelGeneral": "Général",
	"_PanelWorkingDays": "Jours ouvrés",
	"_Saturday": "Samedi",
	"_Sunday": "Dimanche",
	"_Thursday": "Jeudi",
	"_Tuesday": "Mardi",
	"_Wednesday": "Mercredi",
	"WorkingDays": "Jours ouvrés",
	"WorkingDays__": "Jours ouvrés"
}</process_fr>
      <process_it>{
	"_action_createflexible:New working days": "Aggiungi...",
	"_action_openInProcess:WorkingDaysManagement__": "Visualizza dettagli",
	"_ConfigDescription": "Descrizione",
	"_ConfigDescription_report": "Descrizione",
	"_ConfigName": "Nome",
	"_ConfigName_report": "Nome",
	"_Friday": "Venerdì",
	"_jsonDaysOff": "Giorni liberi in formato JSON",
	"_Monday": "Lunedì",
	"_PanelDaysOff": "Giorni liberi",
	"_PanelGeneral": "Generale",
	"_PanelWorkingDays": "Giorni lavorativi",
	"_Saturday": "Sabato",
	"_Sunday": "Domenica",
	"_Thursday": "Giovedì",
	"_Tuesday": "Martedì",
	"_Wednesday": "Mercoledì",
	"WorkingDays": "Giorni lavorativi",
	"WorkingDays__": "Giorni lavorativi"
}</process_it>
      <process_zh-CN>{
	"_action_createflexible:New working days": "添加...",
	"_action_openInProcess:WorkingDaysManagement__": "查看",
	"_ConfigDescription": "说明/描述",
	"_ConfigDescription_report": "说明/描述",
	"_ConfigName": "名称",
	"_ConfigName_report": "名称",
	"_Friday": "星期五",
	"_jsonDaysOff": "JSON 格式休息日",
	"_Monday": "星期一",
	"_PanelDaysOff": "休息日",
	"_PanelGeneral": "通用",
	"_PanelWorkingDays": "工作日",
	"_Saturday": "星期六",
	"_Sunday": "星期日",
	"_Thursday": "星期四",
	"_Tuesday": "星期二",
	"_Wednesday": "星期三",
	"WorkingDays": "工作日",
	"WorkingDays__": "工作日"
}</process_zh-CN>
      <process_pt-BR>{
	"_action_createflexible:New working days": "Adicionar...",
	"_action_openInProcess:WorkingDaysManagement__": "Ver informações",
	"_ConfigDescription": "Descrição",
	"_ConfigDescription_report": "Descrição",
	"_ConfigName": "Nome",
	"_ConfigName_report": "Nome",
	"_Friday": "Sexta-feira",
	"_jsonDaysOff": "Dias de folga em formato JSON",
	"_Monday": "Segunda-feira",
	"_PanelDaysOff": "Dias de folga",
	"_PanelGeneral": "Geral",
	"_PanelWorkingDays": "Dias úteis",
	"_Saturday": "Sábado",
	"_Sunday": "Domingo",
	"_Thursday": "Quinta-feira",
	"_Tuesday": "Terça-feira",
	"_Wednesday": "Quarta-feira",
	"WorkingDays": "Dias úteis",
	"WorkingDays__": "Dias úteis"
}</process_pt-BR>
    </lg>
    <process>
      <flowtype>processing</flowtype>
      <homepagelabel>WorkingDays</homepagelabel>
      <enableflexiblewalkme>
      </enableflexiblewalkme>
      <instanciable>1</instanciable>
      <enablerounddecimal>true</enablerounddecimal>
      <OverrideAllowedAttachmentExtensions>*</OverrideAllowedAttachmentExtensions>
      <UseActionNameWithScriptApproval>true</UseActionNameWithScriptApproval>
      <AllowUploadAttachment>0</AllowUploadAttachment>
      <AllowUploadReferenceDocument>0</AllowUploadReferenceDocument>
      <shouldRollbackManualRecordEdits>true</shouldRollbackManualRecordEdits>
      <shouldShowManualEditsWarning>false</shouldShowManualEditsWarning>
      <UseCultureFormat>true</UseCultureFormat>
      <TransportName>CustomTable</TransportName>
      <LayoutVersion>1.0</LayoutVersion>
    </process>
    <ui>
      <CustomScriptDebug>false</CustomScriptDebug>
      <CustomScriptReadonly>true</CustomScriptReadonly>
      <CustomScript>
      </CustomScript>
      <layout>{
	"*": {
		"Screen": {
			"type": "FlexibleFormLayout",
			"options": {
				"splitterType": "simple-v",
				"version": 0,
				"backColor": "text-backgroundcolor-default",
				"maxwidth": 1024,
				"style": null
			},
			"*": {
				"form-header": {
					"type": "FlexibleFormHeader",
					"options": {
						"hidePanelsMenu": false,
						"maxwidth": 1024,
						"version": 0
					},
					"stamp": 2,
					"data": []
				},
				"form-center": {
					"type": "FlexibleFormCenter",
					"options": {
						"maxwidth": 1024,
						"version": 0
					},
					"*": {
						"form-content": {
							"type": "FlexibleFormContent",
							"options": {
								"version": 0
							},
							"*": {
								"form-content-center": {
									"type": "FlexibleFormSplitter",
									"options": {
										"version": 1,
										"box": {
											"top": "0%",
											"left": "0%",
											"width": "100%"
										},
										"hidden": false
									},
									"*": {
										"form-content-center-3": {
											"type": "FlexibleFormLine",
											"data": [],
											"options": {
												"width": "400",
												"version": 0
											},
											"stamp": 41,
											"*": {
												"PanelGeneral": {
													"type": "PanelData",
													"data": [],
													"options": {
														"border": {},
														"iconURL": "",
														"TitleFontSize": "S",
														"hideActionButtons": true,
														"hideTitleBar": false,
														"hideTitle": false,
														"sameHeightAsSiblings": false,
														"backgroundcolor": "default",
														"labelsAlignment": "right",
														"label": "_PanelGeneral",
														"hidden": false,
														"leftImageURL": "",
														"removeMargins": false,
														"elementsAlignment": "left",
														"version": 0,
														"labelLength": "100px"
													},
													"stamp": 21,
													"*": {
														"FieldsManager": {
															"type": "FieldsManager",
															"data": [],
															"options": {
																"controlsAssociation": {
																	"ConfigName__": "LabelConfigName__",
																	"LabelConfigName__": "ConfigName__",
																	"ConfigDescription__": "LabelConfigDescription__",
																	"LabelConfigDescription__": "ConfigDescription__"
																},
																"version": 0
															},
															"stamp": 22,
															"*": {
																"Grid": {
																	"type": "GridLayout",
																	"data": [
																		"fields"
																	],
																	"options": {
																		"ctrlsPos": {
																			"ConfigName__": {
																				"line": 1,
																				"column": 2
																			},
																			"LabelConfigName__": {
																				"line": 1,
																				"column": 1
																			},
																			"ConfigDescription__": {
																				"line": 2,
																				"column": 2
																			},
																			"LabelConfigDescription__": {
																				"line": 2,
																				"column": 1
																			}
																		},
																		"lines": 2,
																		"columns": 2,
																		"colspans": [
																			[],
																			[]
																		],
																		"version": 0
																	},
																	"stamp": 23,
																	"*": {
																		"LabelConfigName__": {
																			"type": "Label",
																			"data": [
																				"ConfigName__"
																			],
																			"options": {
																				"label": "_ConfigName",
																				"version": 0
																			},
																			"stamp": 37
																		},
																		"ConfigName__": {
																			"type": "ShortText",
																			"data": [
																				"ConfigName__"
																			],
																			"options": {
																				"textSize": "S",
																				"textAlignment": "left",
																				"textStyle": "default",
																				"textColor": "default",
																				"version": 1,
																				"label": "_ConfigName",
																				"activable": true,
																				"width": "350",
																				"helpText": "",
																				"helpURL": "",
																				"helpFormat": "HTML Format",
																				"helpIconPosition": "Right",
																				"browsable": false,
																				"length": 100
																			},
																			"stamp": 38
																		},
																		"LabelConfigDescription__": {
																			"type": "Label",
																			"data": [
																				"ConfigDescription__"
																			],
																			"options": {
																				"label": "_ConfigDescription",
																				"version": 0
																			},
																			"stamp": 39
																		},
																		"ConfigDescription__": {
																			"type": "LongText",
																			"data": [
																				"ConfigDescription__"
																			],
																			"options": {
																				"textSize": "S",
																				"textAlignment": "left",
																				"textStyle": "default",
																				"textColor": "default",
																				"version": 1,
																				"minNbLines": 3,
																				"label": "_ConfigDescription",
																				"activable": true,
																				"width": "350",
																				"helpText": "",
																				"helpURL": "",
																				"helpFormat": "HTML Format",
																				"helpIconPosition": "Right",
																				"browsable": false
																			},
																			"stamp": 40
																		}
																	}
																}
															}
														}
													}
												},
												"PanelWorkingDays": {
													"type": "PanelData",
													"data": [],
													"options": {
														"border": {},
														"iconURL": "",
														"TitleFontSize": "S",
														"hideActionButtons": true,
														"hideTitleBar": false,
														"hideTitle": false,
														"sameHeightAsSiblings": false,
														"backgroundcolor": "default",
														"labelsAlignment": "right",
														"label": "_PanelWorkingDays",
														"hidden": false,
														"leftImageURL": "",
														"removeMargins": false,
														"elementsAlignment": "left",
														"version": 0,
														"labelLength": "100px"
													},
													"stamp": 62,
													"*": {
														"FieldsManager": {
															"type": "FieldsManager",
															"data": [],
															"options": {
																"controlsAssociation": {
																	"Weekday1__": "LabelWeekday1__",
																	"LabelWeekday1__": "Weekday1__",
																	"Weekday2__": "LabelWeekday2__",
																	"LabelWeekday2__": "Weekday2__",
																	"Weekday3__": "LabelWeekday3__",
																	"LabelWeekday3__": "Weekday3__",
																	"Weekday4__": "LabelWeekday4__",
																	"LabelWeekday4__": "Weekday4__",
																	"Weekday6__": "LabelWeekday6__",
																	"LabelWeekday6__": "Weekday6__",
																	"Weekday5__": "LabelWeekday5__",
																	"LabelWeekday5__": "Weekday5__",
																	"Weekday0__": "LabelWeekday0__",
																	"LabelWeekday0__": "Weekday0__"
																},
																"version": 0
															},
															"stamp": 63,
															"*": {
																"Grid": {
																	"type": "GridLayout",
																	"data": [
																		"fields"
																	],
																	"options": {
																		"ctrlsPos": {
																			"Weekday1__": {
																				"line": 1,
																				"column": 2
																			},
																			"LabelWeekday1__": {
																				"line": 1,
																				"column": 1
																			},
																			"Weekday2__": {
																				"line": 2,
																				"column": 2
																			},
																			"LabelWeekday2__": {
																				"line": 2,
																				"column": 1
																			},
																			"Weekday3__": {
																				"line": 3,
																				"column": 2
																			},
																			"LabelWeekday3__": {
																				"line": 3,
																				"column": 1
																			},
																			"Weekday4__": {
																				"line": 4,
																				"column": 2
																			},
																			"LabelWeekday4__": {
																				"line": 4,
																				"column": 1
																			},
																			"Weekday6__": {
																				"line": 6,
																				"column": 2
																			},
																			"LabelWeekday6__": {
																				"line": 6,
																				"column": 1
																			},
																			"Weekday5__": {
																				"line": 5,
																				"column": 2
																			},
																			"LabelWeekday5__": {
																				"line": 5,
																				"column": 1
																			},
																			"Weekday0__": {
																				"line": 7,
																				"column": 2
																			},
																			"LabelWeekday0__": {
																				"line": 7,
																				"column": 1
																			}
																		},
																		"lines": 7,
																		"columns": 2,
																		"colspans": [
																			[],
																			[],
																			[],
																			[],
																			[],
																			[],
																			[]
																		],
																		"version": 0
																	},
																	"stamp": 64,
																	"*": {
																		"LabelWeekday1__": {
																			"type": "Label",
																			"data": [
																				"Weekday1__"
																			],
																			"options": {
																				"label": "_Monday",
																				"version": 0
																			},
																			"stamp": 70
																		},
																		"Weekday1__": {
																			"type": "CheckBox",
																			"data": [
																				"Weekday1__"
																			],
																			"options": {
																				"label": "_Monday",
																				"activable": true,
																				"width": "",
																				"version": 0,
																				"helpText": "",
																				"helpURL": "",
																				"helpFormat": "HTML Format",
																				"helpIconPosition": "Right",
																				"defaultValue": true
																			},
																			"stamp": 71
																		},
																		"LabelWeekday2__": {
																			"type": "Label",
																			"data": [
																				"Weekday2__"
																			],
																			"options": {
																				"label": "_Tuesday",
																				"version": 0
																			},
																			"stamp": 72
																		},
																		"Weekday2__": {
																			"type": "CheckBox",
																			"data": [
																				"Weekday2__"
																			],
																			"options": {
																				"label": "_Tuesday",
																				"activable": true,
																				"width": "",
																				"version": 0,
																				"helpText": "",
																				"helpURL": "",
																				"helpFormat": "HTML Format",
																				"helpIconPosition": "Right",
																				"defaultValue": true
																			},
																			"stamp": 73
																		},
																		"LabelWeekday3__": {
																			"type": "Label",
																			"data": [
																				"Weekday3__"
																			],
																			"options": {
																				"label": "_Wednesday",
																				"version": 0
																			},
																			"stamp": 74
																		},
																		"Weekday3__": {
																			"type": "CheckBox",
																			"data": [
																				"Weekday3__"
																			],
																			"options": {
																				"label": "_Wednesday",
																				"activable": true,
																				"width": "",
																				"version": 0,
																				"helpText": "",
																				"helpURL": "",
																				"helpFormat": "HTML Format",
																				"helpIconPosition": "Right",
																				"defaultValue": true
																			},
																			"stamp": 75
																		},
																		"LabelWeekday4__": {
																			"type": "Label",
																			"data": [
																				"Weekday4__"
																			],
																			"options": {
																				"label": "_Thursday",
																				"version": 0
																			},
																			"stamp": 76
																		},
																		"Weekday4__": {
																			"type": "CheckBox",
																			"data": [
																				"Weekday4__"
																			],
																			"options": {
																				"label": "_Thursday",
																				"activable": true,
																				"width": "",
																				"version": 0,
																				"helpText": "",
																				"helpURL": "",
																				"helpFormat": "HTML Format",
																				"helpIconPosition": "Right",
																				"defaultValue": true
																			},
																			"stamp": 77
																		},
																		"LabelWeekday5__": {
																			"type": "Label",
																			"data": [
																				"Weekday5__"
																			],
																			"options": {
																				"label": "_Friday",
																				"version": 0
																			},
																			"stamp": 78
																		},
																		"Weekday5__": {
																			"type": "CheckBox",
																			"data": [
																				"Weekday5__"
																			],
																			"options": {
																				"label": "_Friday",
																				"activable": true,
																				"width": "",
																				"version": 0,
																				"helpText": "",
																				"helpURL": "",
																				"helpFormat": "HTML Format",
																				"helpIconPosition": "Right",
																				"defaultValue": true
																			},
																			"stamp": 79
																		},
																		"LabelWeekday6__": {
																			"type": "Label",
																			"data": [
																				"Weekday6__"
																			],
																			"options": {
																				"label": "_Saturday",
																				"version": 0
																			},
																			"stamp": 80
																		},
																		"Weekday6__": {
																			"type": "CheckBox",
																			"data": [
																				"Weekday6__"
																			],
																			"options": {
																				"label": "_Saturday",
																				"activable": true,
																				"width": "",
																				"version": 0,
																				"helpText": "",
																				"helpURL": "",
																				"helpFormat": "HTML Format",
																				"helpIconPosition": "Right"
																			},
																			"stamp": 81
																		},
																		"LabelWeekday0__": {
																			"type": "Label",
																			"data": [
																				"Weekday0__"
																			],
																			"options": {
																				"label": "_Sunday",
																				"version": 0
																			},
																			"stamp": 68
																		},
																		"Weekday0__": {
																			"type": "CheckBox",
																			"data": [
																				"Weekday0__"
																			],
																			"options": {
																				"label": "_Sunday",
																				"activable": true,
																				"width": "",
																				"version": 0,
																				"helpText": "",
																				"helpURL": "",
																				"helpFormat": "HTML Format",
																				"helpIconPosition": "Right"
																			},
																			"stamp": 69
																		}
																	}
																}
															}
														}
													}
												}
											}
										},
										"form-content-center-2": {
											"type": "FlexibleFormLine",
											"data": [],
											"options": {
												"version": 0
											},
											"stamp": 84,
											"*": {
												"PanelDaysOff": {
													"type": "PanelData",
													"data": [],
													"options": {
														"border": {},
														"iconURL": "",
														"TitleFontSize": "S",
														"hideActionButtons": true,
														"hideTitleBar": false,
														"hideTitle": false,
														"sameHeightAsSiblings": false,
														"backgroundcolor": "default",
														"labelsAlignment": "right",
														"label": "_PanelDaysOff",
														"hidden": false,
														"leftImageURL": "",
														"removeMargins": false,
														"elementsAlignment": "left",
														"version": 0,
														"labelLength": "100px"
													},
													"stamp": 85,
													"*": {
														"FieldsManager": {
															"type": "FieldsManager",
															"data": [],
															"options": {
																"controlsAssociation": {
																	"LabeljsonDaysOff__": "jsonDaysOff__",
																	"jsonDaysOff__": "LabeljsonDaysOff__"
																},
																"version": 0
															},
															"stamp": 86,
															"*": {
																"Grid": {
																	"type": "GridLayout",
																	"data": [
																		"fields"
																	],
																	"options": {
																		"ctrlsPos": {
																			"LabeljsonDaysOff__": {
																				"line": 1,
																				"column": 1
																			},
																			"jsonDaysOff__": {
																				"line": 1,
																				"column": 2
																			}
																		},
																		"lines": 1,
																		"columns": 2,
																		"colspans": [
																			[]
																		],
																		"version": 0
																	},
																	"stamp": 87,
																	"*": {
																		"jsonDaysOff__": {
																			"type": "LongText",
																			"data": [
																				"jsonDaysOff__"
																			],
																			"options": {
																				"textSize": "S",
																				"textAlignment": "left",
																				"textStyle": "default",
																				"textColor": "default",
																				"version": 1,
																				"minNbLines": 5,
																				"label": "_jsonDaysOff",
																				"activable": true,
																				"width": "800",
																				"helpText": "",
																				"helpURL": "",
																				"helpFormat": "HTML Format",
																				"helpIconPosition": "Right",
																				"browsable": false,
																				"numberOfLines": 20
																			},
																			"stamp": 83
																		},
																		"LabeljsonDaysOff__": {
																			"type": "Label",
																			"data": [
																				"jsonDaysOff__"
																			],
																			"options": {
																				"label": "_jsonDaysOff",
																				"version": 0
																			},
																			"stamp": 82
																		}
																	}
																}
															}
														}
													}
												}
											}
										}
									},
									"stamp": 5,
									"data": []
								}
							},
							"stamp": 4,
							"data": []
						}
					},
					"stamp": 3,
					"data": []
				},
				"form-footer": {
					"type": "FlexibleFormFooter",
					"options": {
						"splitterType": "simple-h",
						"maxwidth": 1024,
						"version": 0
					},
					"*": {
						"Save": {
							"type": "SubmitButton",
							"options": {
								"label": "_Save",
								"action": "savequit",
								"submit": true,
								"version": 0,
								"shortCut": "S",
								"textPosition": "text-right",
								"textSize": "MS",
								"textStyle": "default",
								"textColor": "default",
								"nextprocess": {
									"processName": {
										"processName": "",
										"attachmentsMode": "all",
										"willBeChild": true,
										"returnToOriginalUrl": false
									},
									"attachmentsMode": "all",
									"willBeChild": true,
									"returnToOriginalUrl": false
								}
							},
							"stamp": 11,
							"data": []
						},
						"Close": {
							"type": "SubmitButton",
							"options": {
								"label": "_Close",
								"action": "cancel",
								"submit": true,
								"version": 0,
								"shortCut": "Q"
							},
							"stamp": 12,
							"data": []
						},
						"Delete": {
							"type": "SubmitButton",
							"options": {
								"label": "_Delete",
								"action": "delete",
								"submit": true,
								"version": 0,
								"disabled": true
							},
							"stamp": 13,
							"data": []
						}
					},
					"stamp": 10,
					"data": []
				}
			},
			"stamp": 1,
			"data": []
		}
	},
	"stamps": 90,
	"data": []
}</layout>
    </ui>
  </properties>
  <field deleted="0" format="" guid="W9PIWM000M4H" id="KX3652000SG7" label="_ConfigDescription_report" length="32766" name="ConfigDescription__" originalProcessID="R9PIWM000M4H" precision="0" processid="JX3652000SG7" submitable="1" type="STR">
    <properties>
      <db>
        <alias>AKX3652000SG7</alias>
        <noxml>1</noxml>
        <fullname>/job/processfields/ConfigDescription__</fullname>
        <defaultvalue>
        </defaultvalue>
        <RecordLastWrite>2020-12-03 17:26:43</RecordLastWrite>
      </db>
      <extrainfo>
        <Label>_ConfigDescription_report</Label>
        <alias>AKX3652000SG7</alias>
        <ProcessFieldVersion vartype="INT">1</ProcessFieldVersion>
      </extrainfo>
      <gdr>
        <DisableAutolearn>1</DisableAutolearn>
      </gdr>
      <help>
        <helpData>{"helpText":"","helpURL":"","helpFormat":"HTML Format","helpIconPosition":"Right"}</helpData>
      </help>
      <ui>
        <_type>String</_type>
        <automatic>true</automatic>
      </ui>
    </properties>
  </field>
  <field deleted="0" format="" guid="V9PIWM000M4H" id="LX3652000SG7" label="_ConfigName_report" length="100" name="ConfigName__" originalProcessID="R9PIWM000M4H" precision="0" processid="JX3652000SG7" submitable="1" type="STR">
    <properties>
      <db>
        <alias>ALX3652000SG7</alias>
        <index vartype="INT">1</index>
        <noxml>1</noxml>
        <fullname>/job/processfields/ConfigName__</fullname>
        <defaultvalue>
        </defaultvalue>
        <RecordLastWrite>2020-12-03 17:26:43</RecordLastWrite>
      </db>
      <extrainfo>
        <Label>_ConfigName_report</Label>
        <alias>ALX3652000SG7</alias>
        <ProcessFieldVersion vartype="INT">1</ProcessFieldVersion>
      </extrainfo>
      <field>
        <required>true</required>
      </field>
      <gdr>
        <VarType>Area</VarType>
        <DisableAutolearn>1</DisableAutolearn>
      </gdr>
      <help>
        <helpData>{"helpText":"","helpURL":"","helpFormat":"HTML Format","helpIconPosition":"Right"}</helpData>
      </help>
      <ui>
        <_type>String</_type>
        <automatic>true</automatic>
      </ui>
    </properties>
  </field>
  <field deleted="0" format="" guid="PUOIWM000M4H" id="NX3652000SG7" label="_jsonDaysOff" length="32766" name="jsonDaysOff__" originalProcessID="R9PIWM000M4H" precision="0" processid="JX3652000SG7" submitable="1" type="STR">
    <properties>
      <db>
        <alias>ANX3652000SG7</alias>
        <noxml>1</noxml>
        <fullname>/job/processfields/jsonDaysOff__</fullname>
        <defaultvalue>
        </defaultvalue>
        <RecordLastWrite>2020-12-11 15:50:57</RecordLastWrite>
      </db>
      <extrainfo>
        <Label>_jsonDaysOff</Label>
        <Alias>ANX3652000SG7</Alias>
        <ProcessFieldVersion vartype="INT">1</ProcessFieldVersion>
      </extrainfo>
      <gdr>
        <DisableAutolearn>1</DisableAutolearn>
      </gdr>
      <help>
        <helpData>{"helpText":"","helpURL":"","helpFormat":"HTML Format","helpIconPosition":"Right"}</helpData>
      </help>
      <ui>
        <_type>String</_type>
        <automatic>true</automatic>
      </ui>
    </properties>
  </field>
  <field deleted="0" format="" guid="GAPIWM000M4H" id="QX3652000SG7" label="_Sunday" length="0" name="Weekday0__" originalProcessID="R9PIWM000M4H" precision="0" processid="JX3652000SG7" submitable="1" type="BOOL">
    <properties>
      <db>
        <alias>AQX3652000SG7</alias>
        <noxml>1</noxml>
        <fullname>/job/processfields/Weekday0__</fullname>
        <defaultvalue>false</defaultvalue>
        <RecordLastWrite>2020-12-04 12:25:21</RecordLastWrite>
      </db>
      <extrainfo>
        <Label>_Sunday</Label>
        <alias>AQX3652000SG7</alias>
        <ProcessFieldVersion vartype="INT">1</ProcessFieldVersion>
      </extrainfo>
      <gdr>
        <DisableAutolearn>1</DisableAutolearn>
      </gdr>
      <help>
        <helpData>{"helpText":"","helpURL":"","helpFormat":"HTML Format","helpIconPosition":"Right"}</helpData>
      </help>
      <ui>
        <_type>Boolean</_type>
        <automatic>true</automatic>
      </ui>
    </properties>
  </field>
  <field deleted="0" format="" guid="HAPIWM000M4H" id="OX3652000SG7" label="_Monday" length="0" name="Weekday1__" originalProcessID="R9PIWM000M4H" precision="0" processid="JX3652000SG7" submitable="1" type="BOOL">
    <properties>
      <db>
        <alias>AOX3652000SG7</alias>
        <noxml>1</noxml>
        <fullname>/job/processfields/Weekday1__</fullname>
        <defaultvalue>true</defaultvalue>
        <RecordLastWrite>2020-12-04 12:25:21</RecordLastWrite>
      </db>
      <extrainfo>
        <Label>_Monday</Label>
        <alias>AOX3652000SG7</alias>
        <ProcessFieldVersion vartype="INT">1</ProcessFieldVersion>
      </extrainfo>
      <gdr>
        <DisableAutolearn>1</DisableAutolearn>
      </gdr>
      <help>
        <helpData>{"helpText":"","helpURL":"","helpFormat":"HTML Format","helpIconPosition":"Right"}</helpData>
      </help>
      <ui>
        <_type>Boolean</_type>
        <automatic>true</automatic>
      </ui>
    </properties>
  </field>
  <field deleted="0" format="" guid="IAPIWM000M4H" id="SX3652000SG7" label="_Tuesday" length="0" name="Weekday2__" originalProcessID="R9PIWM000M4H" precision="0" processid="JX3652000SG7" submitable="1" type="BOOL">
    <properties>
      <db>
        <alias>ASX3652000SG7</alias>
        <noxml>1</noxml>
        <fullname>/job/processfields/Weekday2__</fullname>
        <defaultvalue>true</defaultvalue>
        <RecordLastWrite>2020-12-04 12:25:21</RecordLastWrite>
      </db>
      <extrainfo>
        <Label>_Tuesday</Label>
        <alias>ASX3652000SG7</alias>
        <ProcessFieldVersion vartype="INT">1</ProcessFieldVersion>
      </extrainfo>
      <gdr>
        <DisableAutolearn>1</DisableAutolearn>
      </gdr>
      <help>
        <helpData>{"helpText":"","helpURL":"","helpFormat":"HTML Format","helpIconPosition":"Right"}</helpData>
      </help>
      <ui>
        <_type>Boolean</_type>
        <automatic>true</automatic>
      </ui>
    </properties>
  </field>
  <field deleted="0" format="" guid="MAPIWM000M4H" id="TX3652000SG7" label="_Wednesday" length="0" name="Weekday3__" originalProcessID="R9PIWM000M4H" precision="0" processid="JX3652000SG7" submitable="1" type="BOOL">
    <properties>
      <db>
        <alias>ATX3652000SG7</alias>
        <noxml>1</noxml>
        <fullname>/job/processfields/Weekday3__</fullname>
        <defaultvalue>true</defaultvalue>
        <RecordLastWrite>2020-12-04 12:25:21</RecordLastWrite>
      </db>
      <extrainfo>
        <Label>_Wednesday</Label>
        <alias>ATX3652000SG7</alias>
        <ProcessFieldVersion vartype="INT">1</ProcessFieldVersion>
      </extrainfo>
      <gdr>
        <DisableAutolearn>1</DisableAutolearn>
      </gdr>
      <help>
        <helpData>{"helpText":"","helpURL":"","helpFormat":"HTML Format","helpIconPosition":"Right"}</helpData>
      </help>
      <ui>
        <_type>Boolean</_type>
        <automatic>true</automatic>
      </ui>
    </properties>
  </field>
  <field deleted="0" format="" guid="JAPIWM000M4H" id="RX3652000SG7" label="_Thursday" length="0" name="Weekday4__" originalProcessID="R9PIWM000M4H" precision="0" processid="JX3652000SG7" submitable="1" type="BOOL">
    <properties>
      <db>
        <alias>ARX3652000SG7</alias>
        <noxml>1</noxml>
        <fullname>/job/processfields/Weekday4__</fullname>
        <defaultvalue>true</defaultvalue>
        <RecordLastWrite>2020-12-04 12:25:21</RecordLastWrite>
      </db>
      <extrainfo>
        <Label>_Thursday</Label>
        <alias>ARX3652000SG7</alias>
        <ProcessFieldVersion vartype="INT">1</ProcessFieldVersion>
      </extrainfo>
      <gdr>
        <DisableAutolearn>1</DisableAutolearn>
      </gdr>
      <help>
        <helpData>{"helpText":"","helpURL":"","helpFormat":"HTML Format","helpIconPosition":"Right"}</helpData>
      </help>
      <ui>
        <_type>Boolean</_type>
        <automatic>true</automatic>
      </ui>
    </properties>
  </field>
  <field deleted="0" format="" guid="KAPIWM000M4H" id="MX3652000SG7" label="_Friday" length="0" name="Weekday5__" originalProcessID="R9PIWM000M4H" precision="0" processid="JX3652000SG7" submitable="1" type="BOOL">
    <properties>
      <db>
        <alias>AMX3652000SG7</alias>
        <noxml>1</noxml>
        <fullname>/job/processfields/Weekday5__</fullname>
        <defaultvalue>true</defaultvalue>
        <RecordLastWrite>2020-12-04 12:25:21</RecordLastWrite>
      </db>
      <extrainfo>
        <Label>_Friday</Label>
        <alias>AMX3652000SG7</alias>
        <ProcessFieldVersion vartype="INT">1</ProcessFieldVersion>
      </extrainfo>
      <gdr>
        <DisableAutolearn>1</DisableAutolearn>
      </gdr>
      <help>
        <helpData>{"helpText":"","helpURL":"","helpFormat":"HTML Format","helpIconPosition":"Right"}</helpData>
      </help>
      <ui>
        <_type>Boolean</_type>
        <automatic>true</automatic>
      </ui>
    </properties>
  </field>
  <field deleted="0" format="" guid="LAPIWM000M4H" id="PX3652000SG7" label="_Saturday" length="0" name="Weekday6__" originalProcessID="R9PIWM000M4H" precision="0" processid="JX3652000SG7" submitable="1" type="BOOL">
    <properties>
      <db>
        <alias>APX3652000SG7</alias>
        <noxml>1</noxml>
        <fullname>/job/processfields/Weekday6__</fullname>
        <defaultvalue>false</defaultvalue>
        <RecordLastWrite>2020-12-04 12:25:21</RecordLastWrite>
      </db>
      <extrainfo>
        <Label>_Saturday</Label>
        <alias>APX3652000SG7</alias>
        <ProcessFieldVersion vartype="INT">1</ProcessFieldVersion>
      </extrainfo>
      <gdr>
        <DisableAutolearn>1</DisableAutolearn>
      </gdr>
      <help>
        <helpData>{"helpText":"","helpURL":"","helpFormat":"HTML Format","helpIconPosition":"Right"}</helpData>
      </help>
      <ui>
        <_type>Boolean</_type>
        <automatic>true</automatic>
      </ui>
    </properties>
  </field>
  <type id="JLLP13130F1" name="CT">
  </type>
</process>