﻿<?xml version="1.0" encoding="UTF-8" standalone="no"?>
<process accountid="20063076" allowrepairprocess="0" builtin="0" builtinversion="0" carriesapplicationversion="0" creationdatetime="2022-10-25 17:04:34" deleted="0" eskerapplication="" global="0" id="ROW552000SG7" keepcustomization="0" keepfieldsonly="0" keepfieldsproperties="0" keepnewcontroloptions="0" migrationversion="4" name="AP - Purchase order - Headers__" needvalidation="1" ootofilter="" ootoversion="0" originalProcessID="PHQG1696" ownerid="cn=admin_p2p@paragon-cc.fr,ou=DEV,ou=TrainingP2P,ou=DEMO_JULIEN,ou=05284299,ou=ESK,s=eoo" ownerpb="OnDemand AddressBook" public="1" pushnotification="0" reuseengine="0" sprintversion="5.261.0" transportname="CustomTable" upgradable="1" userid="0" version="1" visibility="0">
  <properties>
    <dbIndex>
      <AUTO_ABPW552000SG7A>&lt;Index&gt;&lt;Ref Name="ABPW552000SG7" Option="ASC"/&gt;&lt;/Index&gt;</AUTO_ABPW552000SG7A>
      <AUTO_ADPW552000SG7A>&lt;Index&gt;&lt;Ref Name="ADPW552000SG7" Option="ASC"/&gt;&lt;/Index&gt;</AUTO_ADPW552000SG7A>
      <AUTO_AFPW552000SG7A>&lt;Index&gt;&lt;Ref Name="AFPW552000SG7" Option="ASC"/&gt;&lt;/Index&gt;</AUTO_AFPW552000SG7A>
      <AUTO_ATOW552000SG7A>&lt;Index&gt;&lt;Ref Name="ATOW552000SG7" Option="ASC"/&gt;&lt;/Index&gt;</AUTO_ATOW552000SG7A>
    </dbIndex>
    <gdr>
    </gdr>
    <lg>
      <process_de>{
	"_NoMoreInvoiceExpected": "Rechnungsstellung abgeschlossen",
	"_NoMoreInvoiceExpected_report__": "Rechnungsstellung abgeschlossen",
	"AP - Purchase order - Headers": "P2P - Bestellung - Kopfzeile",
	"Buyer": "Einkäufer",
	"Company code": "Buchungskreis",
	"Currency": "Währung",
	"Delivered amount": "Gelieferter Betrag",
	"Different invoicing party": "Abweichender Rechnungssteller",
	"Invoiced amount": "Rechnungsbetrag",
	"Is created in ERP": "Bestellung im ERP erstellt",
	"Is local PO_V2": "Bestellung im Modul 'Einkauf' erzeugt",
	"Order date": "Bestelldatum",
	"Order number": "Bestellnummer",
	"Ordered amount": "Bestellbetrag",
	"Receiver": "Empfänger",
	"Vendor number": "Lieferantennummer"
}</process_de>
      <process_JA>{
	"_NoMoreInvoiceExpected": "請求済み",
	"_NoMoreInvoiceExpected_report__": "請求済み",
	"AP - Purchase order - Headers": "P2P - 発注書 - ヘッダー",
	"Buyer": "購入者",
	"Company code": "会社コード",
	"Currency": "通貨",
	"Delivered amount": "納品金額",
	"Different invoicing party": "別の請求者",
	"Invoiced amount": "請求金額",
	"Is created in ERP": "ERPで作成されたPO",
	"Is local PO_V2": "「調達」モジュールで作成されたPO",
	"Order date": "注文日",
	"Order number": "注文番号",
	"Ordered amount": "注文金額",
	"Receiver": "受信者",
	"Vendor number": "仕入先番号"
}</process_JA>
      <process_en>{
	"_NoMoreInvoiceExpected": "Billing completed",
	"_NoMoreInvoiceExpected_report__": "Billing completed",
	"AP - Purchase order - Headers": "P2P - Purchase order - Header",
	"Buyer": "Buyer",
	"Company code": "Company code",
	"Currency": "Currency",
	"Delivered amount": "Delivered amount",
	"Different invoicing party": "Different invoicing party",
	"Invoiced amount": "Invoiced amount",
	"Is created in ERP": "PO created in ERP",
	"Is local PO_V2": "PO created in 'Procurement' module",
	"Order date": "Order date",
	"Order number": "Order number",
	"Ordered amount": "Ordered amount",
	"Receiver": "Recipient",
	"Vendor number": "Vendor number"
}</process_en>
      <process_es>{
	"_NoMoreInvoiceExpected": "Facturación finalizada",
	"_NoMoreInvoiceExpected_report__": "Facturación finalizada",
	"AP - Purchase order - Headers": "P2P - Pedido de compra - Encabezado",
	"Buyer": "Comprador",
	"Company code": "Código de empresa",
	"Currency": "Divisa",
	"Delivered amount": "Importe entregado",
	"Different invoicing party": "Emisor de factura diferente",
	"Invoiced amount": "Importe facturado",
	"Is created in ERP": "Pedido creado en el ERP",
	"Is local PO_V2": "Pedido creado en el módulo 'Compras'",
	"Order date": "Fecha de pedido",
	"Order number": "Número de pedido",
	"Ordered amount": "Importe pedido",
	"Receiver": "Destinatario",
	"Vendor number": "Número de proveedor"
}</process_es>
      <process_fr>{
	"_NoMoreInvoiceExpected": "Facturation terminée",
	"_NoMoreInvoiceExpected_report__": "Facturation terminée",
	"AP - Purchase order - Headers": "P2P - Commande fournisseur - En-tête",
	"Buyer": "Acheteur",
	"Company code": "Code société",
	"Currency": "Devise",
	"Delivered amount": "Montant livré",
	"Different invoicing party": "Autre auteur de la facture",
	"Invoiced amount": "Montant facturé",
	"Is created in ERP": "Commande créée dans l'ERP",
	"Is local PO_V2": "Commande créée dans le module 'Achats'",
	"Order date": "Date de commande",
	"Order number": "Numéro de commande",
	"Ordered amount": "Montant commandé",
	"Receiver": "Réceptionnaire",
	"Vendor number": "Numéro du fournisseur"
}</process_fr>
      <process_nl-NL>{
	"_NoMoreInvoiceExpected": "Facturatie voltooid",
	"_NoMoreInvoiceExpected_report__": "Facturatie voltooid",
	"AP - Purchase order - Headers": "P2P - Kooporder - Koptekst",
	"Buyer": "Koper",
	"Company code": "Bedrijfscode",
	"Currency": "Valuta",
	"Delivered amount": "Bedrag geleverd",
	"Different invoicing party": "Verschillende partij facturering",
	"Invoiced amount": "Gefactureerd bedrag",
	"Is created in ERP": "PO aangemaakt in ERP",
	"Is local PO_V2": "PO aangemaakt in module ‘Inkoop’",
	"Order date": "Besteldatum",
	"Order number": "Bestelnummer",
	"Ordered amount": "Besteld bedrag",
	"Receiver": "Ontvanger",
	"Vendor number": "Nummer leverancier"
}</process_nl-NL>
      <process_it>{
	"_NoMoreInvoiceExpected": "Fatturazione completata",
	"_NoMoreInvoiceExpected_report__": "Fatturazione completatad",
	"AP - Purchase order - Headers": "P2P - Ordine di acquisto - Intestazione",
	"Buyer": "Compratore",
	"Company code": "Codice società",
	"Currency": "Valuta",
	"Delivered amount": "Importo recapitato",
	"Different invoicing party": "Emittente fattura differente",
	"Invoiced amount": "Importo fatturato",
	"Is created in ERP": "Ordine creato nell'ERP",
	"Is local PO_V2": "Ordine creato nel modulo 'Acquisti'",
	"Order date": "Data ordine",
	"Order number": "Numero ordine",
	"Ordered amount": "Importo ordinato",
	"Receiver": "Destinatario",
	"Vendor number": "Numero fornitore"
}</process_it>
      <process_zh-CN>{
	"_NoMoreInvoiceExpected": "结算完成",
	"_NoMoreInvoiceExpected_report__": "结算完成",
	"AP - Purchase order - Headers": "采购到支付 - 采购订单 - 标题",
	"Buyer": "买家",
	"Company code": "公司代码",
	"Currency": "货币",
	"Delivered amount": "交付金额",
	"Different invoicing party": "不同开票方",
	"Invoiced amount": "开票金额",
	"Is created in ERP": "ERP中创建的订单",
	"Is local PO_V2": "在“采购”模块中创建的采购订单",
	"Order date": "订单日期",
	"Order number": "订单号",
	"Ordered amount": "订购金额",
	"Receiver": "收货人",
	"Vendor number": "供应商编号"
}</process_zh-CN>
      <process_pt-BR>{
	"_NoMoreInvoiceExpected": "Faturamento concluído",
	"_NoMoreInvoiceExpected_report__": "Faturamento concluído",
	"AP - Purchase order - Headers": "P2P - Pedido de compra - Cabeçalho",
	"Buyer": "Comprador",
	"Company code": "Código da empresa",
	"Currency": "Moeda",
	"Delivered amount": "Valor entregue",
	"Different invoicing party": "Participante de faturamento diferente",
	"Invoiced amount": "Valor faturado",
	"Is created in ERP": "Pedido criado no ERP",
	"Is local PO_V2": "Pedido criado no módulo 'Compras'",
	"Order date": "Data do pedido",
	"Order number": "Número de pedido",
	"Ordered amount": "Valor pedido",
	"Receiver": "Destinatário",
	"Vendor number": "Número do fornecedor"
}</process_pt-BR>
    </lg>
    <process>
      <BUColumn>CompanyCode__</BUColumn>
      <flowtype>processing</flowtype>
      <homepagelabel>AP - Purchase order - Headers</homepagelabel>
      <upgradable>yes</upgradable>
      <instanciable>1</instanciable>
      <OverrideAllowedAttachmentExtensions>*</OverrideAllowedAttachmentExtensions>
      <AllowUploadAttachment>0</AllowUploadAttachment>
      <AllowUploadReferenceDocument>0</AllowUploadReferenceDocument>
      <shouldRollbackManualRecordEdits>true</shouldRollbackManualRecordEdits>
      <shouldShowManualEditsWarning>false</shouldShowManualEditsWarning>
      <UseCultureFormat>true</UseCultureFormat>
      <TransportName>CustomTable</TransportName>
      <LayoutVersion>1.0</LayoutVersion>
    </process>
    <ui>
      <CustomScriptDebug>false</CustomScriptDebug>
      <CustomScriptReadonly>false</CustomScriptReadonly>
      <CustomScript>function Main()
{
	if (Data.GetValue("IsLocalPO__"))
	{
		Controls.DataPanel.SetReadOnly(true);
	}
}

Main();</CustomScript>
      <layout>{
	"*": {
		"Screen": {
			"type": "FlexibleFormLayout",
			"options": {
				"splitterType": "simple-v",
				"version": 0,
				"processHelpId": "5099"
			},
			"*": {
				"form-header": {
					"type": "FlexibleFormHeader",
					"options": {
						"hidePanelsMenu": false,
						"version": 0
					},
					"stamp": 1,
					"data": []
				},
				"form-center": {
					"type": "FlexibleFormCenter",
					"options": {
						"version": 0
					},
					"*": {
						"form-content": {
							"type": "FlexibleFormContent",
							"options": {
								"version": 0
							},
							"*": {
								"form-content-center": {
									"type": "FlexibleFormSplitter",
									"options": {
										"version": 1,
										"box": {
											"top": "0%",
											"left": "0%",
											"width": "100%"
										},
										"hidden": false
									},
									"*": {
										"form-content-center-1": {
											"type": "FlexibleFormLine",
											"data": [],
											"options": {
												"version": 0
											},
											"stamp": 2,
											"*": {
												"DataPanel": {
													"type": "PanelData",
													"options": {
														"border": {},
														"version": 0,
														"labelLength": 0,
														"label": "_Document data",
														"iconURL": "",
														"TitleFontSize": "S",
														"hideActionButtons": false,
														"hideTitleBar": false,
														"hideTitle": false,
														"backgroundcolor": "default",
														"labelsAlignment": "right"
													},
													"*": {
														"FieldsManager": {
															"type": "FieldsManager",
															"options": {
																"controlsAssociation": {
																	"VendorNumber__": "LabelVendorNumber__",
																	"LabelVendorNumber__": "VendorNumber__",
																	"OrderNumber__": "LabelOrderNumber__",
																	"LabelOrderNumber__": "OrderNumber__",
																	"OrderDate__": "LabelOrderDate__",
																	"LabelOrderDate__": "OrderDate__",
																	"InvoicedAmount__": "LabelInvoicedAmount__",
																	"LabelInvoicedAmount__": "InvoicedAmount__",
																	"OrderedAmount__": "LabelOrderedAmount__",
																	"LabelOrderedAmount__": "OrderedAmount__",
																	"CompanyCode__": "LabelCompanyCode__",
																	"LabelCompanyCode__": "CompanyCode__",
																	"DeliveredAmount__": "LabelDeliveredAmount__",
																	"LabelDeliveredAmount__": "DeliveredAmount__",
																	"Buyer__": "LabelBuyer__",
																	"LabelBuyer__": "Buyer__",
																	"Receiver__": "LabelReceiver__",
																	"LabelReceiver__": "Receiver__",
																	"IsLocalPO__": "LabelIsLocalPO__",
																	"LabelIsLocalPO__": "IsLocalPO__",
																	"IsCreatedInERP__": "LabelIsCreatedInERP__",
																	"LabelIsCreatedInERP__": "IsCreatedInERP__",
																	"DiffernetInvoicingParty__": "LabelDiffernetInvoicingParty__",
																	"LabelDiffernetInvoicingParty__": "DiffernetInvoicingParty__",
																	"NoMoreInvoiceExpected__": "LabelNoMoreInvoiceExpected__",
																	"LabelNoMoreInvoiceExpected__": "NoMoreInvoiceExpected__",
																	"Currency__": "LabelCurrency__",
																	"LabelCurrency__": "Currency__"
																},
																"version": 0
															},
															"*": {
																"Grid": {
																	"type": "GridLayout",
																	"options": {
																		"lines": 14,
																		"columns": 2,
																		"version": 0,
																		"ctrlsPos": {
																			"CompanyCode__": {
																				"line": 1,
																				"column": 2
																			},
																			"LabelCompanyCode__": {
																				"line": 1,
																				"column": 1
																			},
																			"VendorNumber__": {
																				"line": 2,
																				"column": 2
																			},
																			"LabelVendorNumber__": {
																				"line": 2,
																				"column": 1
																			},
																			"DifferentInvoicingParty__": {
																				"line": 3,
																				"column": 2
																			},
																			"LabelDifferentInvoicingParty__": {
																				"line": 3,
																				"column": 1
																			},
																			"OrderNumber__": {
																				"line": 4,
																				"column": 2
																			},
																			"LabelOrderNumber__": {
																				"line": 4,
																				"column": 1
																			},
																			"OrderDate__": {
																				"line": 5,
																				"column": 2
																			},
																			"LabelOrderDate__": {
																				"line": 5,
																				"column": 1
																			},
																			"OrderedAmount__": {
																				"line": 6,
																				"column": 2
																			},
																			"LabelOrderedAmount__": {
																				"line": 6,
																				"column": 1
																			},
																			"DeliveredAmount__": {
																				"line": 7,
																				"column": 2
																			},
																			"LabelDeliveredAmount__": {
																				"line": 7,
																				"column": 1
																			},
																			"InvoicedAmount__": {
																				"line": 8,
																				"column": 2
																			},
																			"LabelInvoicedAmount__": {
																				"line": 8,
																				"column": 1
																			},
																			"Buyer__": {
																				"line": 10,
																				"column": 2
																			},
																			"LabelBuyer__": {
																				"line": 10,
																				"column": 1
																			},
																			"Receiver__": {
																				"line": 11,
																				"column": 2
																			},
																			"LabelReceiver__": {
																				"line": 11,
																				"column": 1
																			},
																			"IsLocalPO__": {
																				"line": 12,
																				"column": 2
																			},
																			"LabelIsLocalPO__": {
																				"line": 12,
																				"column": 1
																			},
																			"IsCreatedInERP__": {
																				"line": 13,
																				"column": 2
																			},
																			"LabelIsCreatedInERP__": {
																				"line": 13,
																				"column": 1
																			},
																			"NoMoreInvoiceExpected__": {
																				"line": 14,
																				"column": 2
																			},
																			"LabelNoMoreInvoiceExpected__": {
																				"line": 14,
																				"column": 1
																			},
																			"Currency__": {
																				"line": 9,
																				"column": 2
																			},
																			"LabelCurrency__": {
																				"line": 9,
																				"column": 1
																			}
																		},
																		"colspans": [
																			[],
																			[],
																			[],
																			[],
																			[],
																			[],
																			[],
																			[],
																			[],
																			[],
																			[],
																			[],
																			[],
																			[]
																		]
																	},
																	"data": [
																		"fields"
																	],
																	"*": {
																		"LabelCompanyCode__": {
																			"type": "Label",
																			"data": [
																				"CompanyCode__"
																			],
																			"options": {
																				"label": "Company code",
																				"version": 0
																			},
																			"stamp": 3
																		},
																		"CompanyCode__": {
																			"type": "ShortText",
																			"data": [
																				"CompanyCode__"
																			],
																			"options": {
																				"label": "Company code",
																				"activable": true,
																				"width": "500",
																				"length": 20,
																				"version": 0,
																				"textSize": "S",
																				"textAlignment": "left",
																				"textStyle": "default",
																				"textColor": "default",
																				"helpURL": "5099",
																				"helpText": "",
																				"helpFormat": "HTML Format",
																				"helpIconPosition": "Right"
																			},
																			"stamp": 4
																		},
																		"LabelVendorNumber__": {
																			"type": "Label",
																			"data": [
																				"VendorNumber__"
																			],
																			"options": {
																				"label": "Vendor number",
																				"version": 0
																			},
																			"stamp": 5
																		},
																		"VendorNumber__": {
																			"type": "ShortText",
																			"data": [
																				"VendorNumber__"
																			],
																			"options": {
																				"label": "Vendor number",
																				"activable": true,
																				"width": "500",
																				"version": 0,
																				"length": 50,
																				"textSize": "S",
																				"textAlignment": "left",
																				"textStyle": "default",
																				"textColor": "default"
																			},
																			"stamp": 6
																		},
																		"LabelDifferentInvoicingParty__": {
																			"type": "Label",
																			"data": [
																				"DifferentInvoicingParty__"
																			],
																			"options": {
																				"label": "Different invoicing party",
																				"version": 0
																			},
																			"stamp": 36
																		},
																		"DifferentInvoicingParty__": {
																			"type": "ShortText",
																			"data": [
																				"DifferentInvoicingParty__"
																			],
																			"options": {
																				"textSize": "S",
																				"textAlignment": "left",
																				"textStyle": "default",
																				"textColor": "default",
																				"label": "Different invoicing party",
																				"activable": true,
																				"width": "500",
																				"helpText": "",
																				"helpURL": "",
																				"helpFormat": "HTML Format",
																				"browsable": false,
																				"version": 0
																			},
																			"stamp": 37
																		},
																		"LabelOrderNumber__": {
																			"type": "Label",
																			"data": [
																				"OrderNumber__"
																			],
																			"options": {
																				"label": "Order number",
																				"version": 0
																			},
																			"stamp": 7
																		},
																		"OrderNumber__": {
																			"type": "ShortText",
																			"data": [
																				"OrderNumber__"
																			],
																			"options": {
																				"label": "Order number",
																				"activable": true,
																				"width": "500",
																				"version": 0,
																				"length": 50,
																				"textSize": "S",
																				"textAlignment": "left",
																				"textStyle": "default",
																				"textColor": "default"
																			},
																			"stamp": 8
																		},
																		"LabelOrderDate__": {
																			"type": "Label",
																			"data": [
																				"OrderDate__"
																			],
																			"options": {
																				"label": "Order date",
																				"version": 0
																			},
																			"stamp": 9
																		},
																		"OrderDate__": {
																			"type": "DateTime",
																			"data": [
																				"OrderDate__"
																			],
																			"options": {
																				"label": "Order date",
																				"activable": true,
																				"width": "500",
																				"displayLongFormat": false,
																				"version": 0
																			},
																			"stamp": 10
																		},
																		"LabelOrderedAmount__": {
																			"type": "Label",
																			"data": [
																				"OrderedAmount__"
																			],
																			"options": {
																				"label": "Ordered amount",
																				"version": 0
																			},
																			"stamp": 11
																		},
																		"OrderedAmount__": {
																			"type": "Decimal",
																			"data": [
																				"OrderedAmount__"
																			],
																			"options": {
																				"integer": false,
																				"label": "Ordered amount",
																				"precision_internal": 2,
																				"activable": true,
																				"width": "500",
																				"version": 0,
																				"textSize": "S",
																				"textAlignment": "right",
																				"textStyle": "default",
																				"textColor": "default",
																				"precision_current": 2
																			},
																			"stamp": 12
																		},
																		"LabelInvoicedAmount__": {
																			"type": "Label",
																			"data": [
																				"InvoicedAmount__"
																			],
																			"options": {
																				"label": "Invoiced amount",
																				"version": 0
																			},
																			"stamp": 13
																		},
																		"InvoicedAmount__": {
																			"type": "Decimal",
																			"data": [
																				"InvoicedAmount__"
																			],
																			"options": {
																				"integer": false,
																				"label": "Invoiced amount",
																				"precision_internal": 2,
																				"activable": true,
																				"width": "500",
																				"version": 0,
																				"textSize": "S",
																				"textAlignment": "right",
																				"textStyle": "default",
																				"textColor": "default",
																				"precision_current": 2
																			},
																			"stamp": 14
																		},
																		"LabelDeliveredAmount__": {
																			"type": "Label",
																			"data": [
																				"DeliveredAmount__"
																			],
																			"options": {
																				"label": "Delivered amount",
																				"version": 0
																			},
																			"stamp": 15
																		},
																		"DeliveredAmount__": {
																			"type": "Decimal",
																			"data": [
																				"DeliveredAmount__"
																			],
																			"options": {
																				"integer": false,
																				"label": "Delivered amount",
																				"precision_internal": 2,
																				"activable": true,
																				"width": "500",
																				"version": 0,
																				"textSize": "S",
																				"textAlignment": "right",
																				"textStyle": "default",
																				"textColor": "default",
																				"precision_current": 2
																			},
																			"stamp": 16
																		},
																		"LabelCurrency__": {
																			"type": "Label",
																			"data": [
																				"Currency__"
																			],
																			"options": {
																				"label": "Currency",
																				"version": 0
																			},
																			"stamp": 40
																		},
																		"Currency__": {
																			"type": "DatabaseComboBox",
																			"data": [
																				"Currency__"
																			],
																			"options": {
																				"version": 1,
																				"label": "Currency",
																				"activable": true,
																				"width": "500",
																				"helpText": "",
																				"helpURL": "",
																				"helpFormat": "HTML Format",
																				"minNbLines": 1,
																				"maxNbLines": 1,
																				"PreFillFTS": true,
																				"fTSmaxRecords": "20",
																				"browsable": true
																			},
																			"stamp": 41
																		},
																		"LabelBuyer__": {
																			"type": "Label",
																			"data": [
																				"Buyer__"
																			],
																			"options": {
																				"label": "Buyer",
																				"version": 0
																			},
																			"stamp": 28
																		},
																		"Buyer__": {
																			"type": "ShortText",
																			"data": [
																				"Buyer__"
																			],
																			"options": {
																				"textSize": "S",
																				"textAlignment": "left",
																				"textStyle": "default",
																				"textColor": "default",
																				"label": "Buyer",
																				"activable": true,
																				"width": "500",
																				"browsable": false,
																				"version": 0
																			},
																			"stamp": 29
																		},
																		"LabelReceiver__": {
																			"type": "Label",
																			"data": [
																				"Receiver__"
																			],
																			"options": {
																				"label": "Receiver",
																				"version": 0
																			},
																			"stamp": 30
																		},
																		"Receiver__": {
																			"type": "ShortText",
																			"data": [
																				"Receiver__"
																			],
																			"options": {
																				"textSize": "S",
																				"textAlignment": "left",
																				"textStyle": "default",
																				"textColor": "default",
																				"label": "Receiver",
																				"activable": true,
																				"width": "500",
																				"browsable": false,
																				"version": 0
																			},
																			"stamp": 31
																		},
																		"LabelIsLocalPO__": {
																			"type": "Label",
																			"data": [
																				"IsLocalPO__"
																			],
																			"options": {
																				"label": "Is local PO_V2",
																				"version": 0
																			},
																			"stamp": 32
																		},
																		"IsLocalPO__": {
																			"type": "CheckBox",
																			"data": [
																				"IsLocalPO__"
																			],
																			"options": {
																				"label": "Is local PO_V2",
																				"activable": true,
																				"width": 230,
																				"version": 0
																			},
																			"stamp": 33
																		},
																		"LabelIsCreatedInERP__": {
																			"type": "Label",
																			"data": [
																				"IsCreatedInERP__"
																			],
																			"options": {
																				"label": "Is created in ERP",
																				"version": 0
																			},
																			"stamp": 34
																		},
																		"IsCreatedInERP__": {
																			"type": "CheckBox",
																			"data": [
																				"IsCreatedInERP__"
																			],
																			"options": {
																				"label": "Is created in ERP",
																				"activable": true,
																				"width": 230,
																				"version": 0
																			},
																			"stamp": 35
																		},
																		"LabelNoMoreInvoiceExpected__": {
																			"type": "Label",
																			"data": [
																				"NoMoreInvoiceExpected__"
																			],
																			"options": {
																				"label": "_NoMoreInvoiceExpected",
																				"version": 0
																			},
																			"stamp": 38
																		},
																		"NoMoreInvoiceExpected__": {
																			"type": "CheckBox",
																			"data": [
																				"NoMoreInvoiceExpected__"
																			],
																			"options": {
																				"label": "_NoMoreInvoiceExpected",
																				"activable": true,
																				"width": 230,
																				"helpText": "",
																				"helpURL": "",
																				"helpFormat": "HTML Format",
																				"version": 0
																			},
																			"stamp": 39
																		}
																	},
																	"stamp": 17
																}
															},
															"stamp": 18,
															"data": []
														}
													},
													"stamp": 19,
													"data": []
												}
											}
										}
									},
									"stamp": 20,
									"data": []
								}
							},
							"stamp": 21,
							"data": []
						}
					},
					"stamp": 22,
					"data": []
				},
				"form-footer": {
					"type": "FlexibleFormFooter",
					"options": {
						"splitterType": "simple-h",
						"version": 0
					},
					"*": {
						"Save": {
							"type": "SubmitButton",
							"options": {
								"label": "_Save",
								"action": "savequit",
								"submit": true,
								"version": 0,
								"shortCut": "S"
							},
							"stamp": 23,
							"data": []
						},
						"Close": {
							"type": "SubmitButton",
							"options": {
								"label": "_Close",
								"action": "cancel",
								"submit": true,
								"version": 0,
								"shortCut": "Q"
							},
							"stamp": 24,
							"data": []
						},
						"Delete": {
							"type": "SubmitButton",
							"options": {
								"label": "_Delete",
								"action": "delete",
								"submit": true,
								"version": 0,
								"disabled": true
							},
							"stamp": 25,
							"data": []
						}
					},
					"stamp": 26,
					"data": []
				}
			},
			"stamp": 27,
			"data": []
		}
	},
	"stamps": 41,
	"data": []
}</layout>
    </ui>
  </properties>
  <field deleted="0" format="" guid="KFNQ1001759" id="SOW552000SG7" label="Buyer" length="80" name="Buyer__" originalProcessID="PHQG1696" precision="0" processid="ROW552000SG7" submitable="1" type="STR">
    <properties>
      <db>
        <alias>ASOW552000SG7</alias>
        <noxml>1</noxml>
        <fullname>/job/processfields/Buyer__</fullname>
        <defaultvalue>
        </defaultvalue>
        <RecordLastWrite>2022-10-25 17:04:32</RecordLastWrite>
      </db>
      <extrainfo>
        <Label>Buyer</Label>
        <Alias>ASOW552000SG7</Alias>
        <ProcessFieldVersion vartype="INT">1</ProcessFieldVersion>
      </extrainfo>
      <gdr>
        <VarType>Area</VarType>
      </gdr>
      <ui>
        <_type>String</_type>
        <automatic>true</automatic>
      </ui>
    </properties>
  </field>
  <field deleted="0" format="" guid="LFDX667514" id="TOW552000SG7" label="Company code" length="50" name="CompanyCode__" originalProcessID="PHQG1696" precision="0" processid="ROW552000SG7" submitable="1" type="STR">
    <properties>
      <db>
        <alias>ATOW552000SG7</alias>
        <index vartype="INT">1</index>
        <noxml>1</noxml>
        <fullname>/job/processfields/CompanyCode__</fullname>
        <defaultvalue>
        </defaultvalue>
        <RecordLastWrite>2022-10-25 17:04:32</RecordLastWrite>
      </db>
      <extrainfo>
        <Label>Company code</Label>
        <Alias>ATOW552000SG7</Alias>
        <ProcessFieldVersion vartype="INT">1</ProcessFieldVersion>
      </extrainfo>
      <field>
        <required>false</required>
      </field>
      <gdr>
        <VarType>Area</VarType>
      </gdr>
      <help>
        <helpData>{"helpText":"","helpURL":"5099","helpFormat":"HTML Format"}</helpData>
      </help>
      <ui>
        <_type>String</_type>
        <automatic>true</automatic>
      </ui>
    </properties>
  </field>
  <field deleted="0" format="" guid="UMG2FP000IYP" id="UOW552000SG7" label="Currency" length="50" name="Currency__" originalProcessID="PHQG1696" precision="0" processid="ROW552000SG7" submitable="1" type="STR">
    <properties>
      <db>
        <alias>AUOW552000SG7</alias>
        <noxml>1</noxml>
        <fullname>/job/processfields/Currency__</fullname>
        <defaultvalue>
        </defaultvalue>
        <RecordLastWrite>2022-10-25 17:04:32</RecordLastWrite>
      </db>
      <extrainfo>
        <Label>Currency</Label>
        <Alias>AUOW552000SG7</Alias>
        <ProcessFieldVersion vartype="INT">1</ProcessFieldVersion>
      </extrainfo>
      <field>
        <Editable>true</Editable>
        <TableName>CT#YDW552000SG7</TableName>
        <SortOrder>ASC</SortOrder>
        <DisplayedColumns>CurrencyFrom__|RatioFrom__|RatioTo__|Rate__</DisplayedColumns>
        <DisplayedColumnsIds>
        </DisplayedColumnsIds>
        <UseTableForAutolearn>false</UseTableForAutolearn>
        <SavedColumn>CurrencyFrom__</SavedColumn>
        <SavedColumnId>
        </SavedColumnId>
        <ProcessName>P2P - Exchange rate__</ProcessName>
        <KeyColumnId>
        </KeyColumnId>
        <KeyAttribute>
        </KeyAttribute>
        <CustomFilter>(|(CompanyCode__=%[CompanyCode__])(CompanyCode__=)(CompanyCode__!=*))</CustomFilter>
      </field>
      <gdr>
        <DisableAutolearn>1</DisableAutolearn>
      </gdr>
      <help>
        <helpData>{"helpText":"","helpURL":"","helpFormat":"HTML Format"}</helpData>
      </help>
      <ui>
        <_type>String</_type>
        <automatic>true</automatic>
      </ui>
    </properties>
  </field>
  <field deleted="0" format="" guid="EICS5866" id="VOW552000SG7" label="Delivered amount" length="17" name="DeliveredAmount__" originalProcessID="PHQG1696" precision="2" processid="ROW552000SG7" submitable="1" type="DECIMAL">
    <properties>
      <db>
        <alias>AVOW552000SG7</alias>
        <noxml>1</noxml>
        <fullname>/job/processfields/DeliveredAmount__</fullname>
        <defaultvalue>
        </defaultvalue>
        <RecordLastWrite>2022-10-25 17:04:32</RecordLastWrite>
      </db>
      <extrainfo>
        <Label>Delivered amount</Label>
        <Alias>AVOW552000SG7</Alias>
        <DecimalPrecision vartype="INT">2</DecimalPrecision>
        <ProcessFieldVersion vartype="INT">1</ProcessFieldVersion>
      </extrainfo>
      <field>
        <required>false</required>
      </field>
      <gdr>
        <VarType>Area</VarType>
      </gdr>
      <ui>
        <_type>Number</_type>
        <automatic>true</automatic>
      </ui>
    </properties>
  </field>
  <field deleted="0" format="" guid="T0HU00000FSX" id="WOW552000SG7" label="Different invoicing party" length="50" name="DifferentInvoicingParty__" originalProcessID="PHQG1696" precision="0" processid="ROW552000SG7" submitable="1" type="STR">
    <properties>
      <db>
        <alias>AWOW552000SG7</alias>
        <noxml>1</noxml>
        <fullname>/job/processfields/DifferentInvoicingParty__</fullname>
        <defaultvalue>
        </defaultvalue>
        <RecordLastWrite>2022-10-25 17:04:33</RecordLastWrite>
      </db>
      <extrainfo>
        <Label>Different invoicing party</Label>
        <Alias>AWOW552000SG7</Alias>
        <ProcessFieldVersion vartype="INT">1</ProcessFieldVersion>
      </extrainfo>
      <field>
        <required>false</required>
      </field>
      <gdr>
        <VarType>Area</VarType>
        <DisableAutolearn>1</DisableAutolearn>
      </gdr>
      <ui>
        <_type>String</_type>
        <automatic>true</automatic>
      </ui>
    </properties>
  </field>
  <field deleted="0" format="" guid="RQHZ1701" id="XOW552000SG7" label="Invoiced amount" length="17" name="InvoicedAmount__" originalProcessID="PHQG1696" precision="2" processid="ROW552000SG7" submitable="1" type="DECIMAL">
    <properties>
      <db>
        <alias>AXOW552000SG7</alias>
        <noxml>1</noxml>
        <fullname>/job/processfields/InvoicedAmount__</fullname>
        <defaultvalue>
        </defaultvalue>
        <RecordLastWrite>2022-10-25 17:04:33</RecordLastWrite>
      </db>
      <extrainfo>
        <Label>Invoiced amount</Label>
        <Alias>AXOW552000SG7</Alias>
        <DecimalPrecision vartype="INT">2</DecimalPrecision>
        <ProcessFieldVersion vartype="INT">1</ProcessFieldVersion>
      </extrainfo>
      <field>
        <required>false</required>
      </field>
      <gdr>
        <VarType>Area</VarType>
      </gdr>
      <ui>
        <_type>Number</_type>
        <automatic>true</automatic>
      </ui>
    </properties>
  </field>
  <field deleted="0" format="" guid="PHQG42295223" id="YOW552000SG7" label="Is created in ERP" length="0" name="IsCreatedInERP__" originalProcessID="PHQG1696" precision="0" processid="ROW552000SG7" submitable="1" type="BOOL">
    <properties>
      <db>
        <alias>AYOW552000SG7</alias>
        <noxml>1</noxml>
        <fullname>/job/processfields/IsCreatedInERP__</fullname>
        <defaultvalue>false</defaultvalue>
        <RecordLastWrite>2022-10-25 17:04:33</RecordLastWrite>
      </db>
      <extrainfo>
        <Label>Is created in ERP</Label>
        <Alias>AYOW552000SG7</Alias>
        <ProcessFieldVersion vartype="INT">1</ProcessFieldVersion>
      </extrainfo>
      <gdr>
        <DisableAutolearn>1</DisableAutolearn>
      </gdr>
      <ui>
        <_type>Boolean</_type>
        <automatic>true</automatic>
      </ui>
    </properties>
  </field>
  <field deleted="0" format="" guid="AYLN42294F51" id="ZOW552000SG7" label="Is local PO_V2" length="0" name="IsLocalPO__" originalProcessID="PHQG1696" precision="0" processid="ROW552000SG7" submitable="1" type="BOOL">
    <properties>
      <db>
        <alias>AZOW552000SG7</alias>
        <noxml>1</noxml>
        <fullname>/job/processfields/IsLocalPO__</fullname>
        <defaultvalue>false</defaultvalue>
        <RecordLastWrite>2022-10-25 17:04:33</RecordLastWrite>
      </db>
      <extrainfo>
        <Label>Is local PO_V2</Label>
        <Alias>AZOW552000SG7</Alias>
        <ProcessFieldVersion vartype="INT">1</ProcessFieldVersion>
      </extrainfo>
      <gdr>
        <DisableAutolearn>1</DisableAutolearn>
      </gdr>
      <ui>
        <_type>Boolean</_type>
        <automatic>true</automatic>
      </ui>
    </properties>
  </field>
  <field deleted="0" format="" guid="L16V00000FSX" id="APW552000SG7" label="_NoMoreInvoiceExpected_report__" length="0" name="NoMoreInvoiceExpected__" originalProcessID="PHQG1696" precision="0" processid="ROW552000SG7" submitable="1" type="BOOL">
    <properties>
      <db>
        <alias>AAPW552000SG7</alias>
        <noxml>1</noxml>
        <fullname>/job/processfields/NoMoreInvoiceExpected__</fullname>
        <defaultvalue>
        </defaultvalue>
        <RecordLastWrite>2022-10-25 17:04:33</RecordLastWrite>
      </db>
      <extrainfo>
        <Label>_NoMoreInvoiceExpected_report__</Label>
        <Alias>AAPW552000SG7</Alias>
        <ProcessFieldVersion vartype="INT">1</ProcessFieldVersion>
      </extrainfo>
      <gdr>
        <DisableAutolearn>1</DisableAutolearn>
      </gdr>
      <help>
        <helpData>{"helpText":"","helpURL":"","helpFormat":"HTML Format"}</helpData>
      </help>
      <ui>
        <_type>Boolean</_type>
        <automatic>true</automatic>
      </ui>
    </properties>
  </field>
  <field deleted="0" format="" guid="GYMG1699" id="BPW552000SG7" label="Order date" length="0" name="OrderDate__" originalProcessID="PHQG1696" precision="0" processid="ROW552000SG7" submitable="1" type="DATE">
    <properties>
      <db>
        <alias>ABPW552000SG7</alias>
        <index vartype="INT">1</index>
        <noxml>1</noxml>
        <fullname>/job/processfields/OrderDate__</fullname>
        <defaultvalue>
        </defaultvalue>
        <RecordLastWrite>2022-10-25 17:04:33</RecordLastWrite>
      </db>
      <extrainfo>
        <Label>Order date</Label>
        <Alias>ABPW552000SG7</Alias>
        <ProcessFieldVersion vartype="INT">1</ProcessFieldVersion>
      </extrainfo>
      <field>
        <required>false</required>
      </field>
      <gdr>
        <VarType>Area</VarType>
      </gdr>
      <ui>
        <_type>Date</_type>
        <automatic>true</automatic>
      </ui>
    </properties>
  </field>
  <field deleted="0" format="" guid="CFXM1700" id="CPW552000SG7" label="Ordered amount" length="17" name="OrderedAmount__" originalProcessID="PHQG1696" precision="2" processid="ROW552000SG7" submitable="1" type="DECIMAL">
    <properties>
      <db>
        <alias>ACPW552000SG7</alias>
        <noxml>1</noxml>
        <fullname>/job/processfields/OrderedAmount__</fullname>
        <defaultvalue>
        </defaultvalue>
        <RecordLastWrite>2022-10-25 17:04:33</RecordLastWrite>
      </db>
      <extrainfo>
        <Label>Ordered amount</Label>
        <Alias>ACPW552000SG7</Alias>
        <DecimalPrecision vartype="INT">2</DecimalPrecision>
        <ProcessFieldVersion vartype="INT">1</ProcessFieldVersion>
      </extrainfo>
      <field>
        <required>false</required>
      </field>
      <gdr>
        <VarType>Area</VarType>
      </gdr>
      <ui>
        <_type>Number</_type>
        <automatic>true</automatic>
      </ui>
    </properties>
  </field>
  <field deleted="0" format="" guid="IYFP1698" id="DPW552000SG7" label="Order number" length="50" name="OrderNumber__" originalProcessID="PHQG1696" precision="0" processid="ROW552000SG7" submitable="1" type="STR">
    <properties>
      <db>
        <alias>ADPW552000SG7</alias>
        <index vartype="INT">1</index>
        <noxml>1</noxml>
        <fullname>/job/processfields/OrderNumber__</fullname>
        <defaultvalue>
        </defaultvalue>
        <RecordLastWrite>2022-10-25 17:04:33</RecordLastWrite>
      </db>
      <extrainfo>
        <Label>Order number</Label>
        <Alias>ADPW552000SG7</Alias>
        <ProcessFieldVersion vartype="INT">1</ProcessFieldVersion>
      </extrainfo>
      <field>
        <required>false</required>
      </field>
      <gdr>
        <VarType>Area</VarType>
      </gdr>
      <ui>
        <_type>String</_type>
        <automatic>true</automatic>
      </ui>
    </properties>
  </field>
  <field deleted="0" format="" guid="FFPA86676166" id="EPW552000SG7" label="Receiver" length="80" name="Receiver__" originalProcessID="PHQG1696" precision="0" processid="ROW552000SG7" submitable="1" type="STR">
    <properties>
      <db>
        <alias>AEPW552000SG7</alias>
        <noxml>1</noxml>
        <fullname>/job/processfields/Receiver__</fullname>
        <defaultvalue>
        </defaultvalue>
        <RecordLastWrite>2022-10-25 17:04:33</RecordLastWrite>
      </db>
      <extrainfo>
        <Label>Receiver</Label>
        <Alias>AEPW552000SG7</Alias>
        <ProcessFieldVersion vartype="INT">1</ProcessFieldVersion>
      </extrainfo>
      <gdr>
        <VarType>Area</VarType>
      </gdr>
      <ui>
        <_type>String</_type>
        <automatic>true</automatic>
      </ui>
    </properties>
  </field>
  <field deleted="0" format="" guid="JHBW1697" id="FPW552000SG7" label="Vendor number" length="50" name="VendorNumber__" originalProcessID="PHQG1696" precision="0" processid="ROW552000SG7" submitable="1" type="STR">
    <properties>
      <db>
        <alias>AFPW552000SG7</alias>
        <index vartype="INT">1</index>
        <noxml>1</noxml>
        <fullname>/job/processfields/VendorNumber__</fullname>
        <defaultvalue>
        </defaultvalue>
        <RecordLastWrite>2022-10-25 17:04:33</RecordLastWrite>
      </db>
      <extrainfo>
        <Label>Vendor number</Label>
        <Alias>AFPW552000SG7</Alias>
        <ProcessFieldVersion vartype="INT">1</ProcessFieldVersion>
      </extrainfo>
      <field>
        <required>false</required>
      </field>
      <gdr>
        <VarType>Area</VarType>
      </gdr>
      <ui>
        <_type>String</_type>
        <automatic>true</automatic>
      </ui>
    </properties>
  </field>
  <type id="JLLP13130F1" name="CT">
  </type>
</process>