﻿<?xml version="1.0" encoding="UTF-8" standalone="no"?>
<process accountid="20063076" allowrepairprocess="0" builtin="0" builtinversion="0" carriesapplicationversion="0" creationdatetime="2022-10-25 17:09:31" deleted="0" eskerapplication="" global="0" id="GU3652000SG7" keepcustomization="0" keepfieldsonly="0" keepfieldsproperties="0" keepnewcontroloptions="0" migrationversion="4" name="Catalog Exporter" needvalidation="0" ootofilter="" ootoversion="1" originalProcessID="M59IG0000SG1" ownerid="cn=admin_p2p@paragon-cc.fr,ou=DEV,ou=TrainingP2P,ou=DEMO_JULIEN,ou=05284299,ou=ESK,s=eoo" ownerpb="OnDemand AddressBook" public="1" pushnotification="0" reuseengine="0" sprintversion="5.261.0" transportname="CustomData" upgradable="1" userid="0" version="1" visibility="1">
  <properties>
    <gdr>
      <FinalizationScriptAllowRetry>
      </FinalizationScriptAllowRetry>
      <FinalizationScript>
      </FinalizationScript>
      <ValidationScriptAllowRetry>
      </ValidationScriptAllowRetry>
      <validationscriptIncludedScripts>Sys/Sys_Helpers</validationscriptIncludedScripts>
      <validationscriptIncludedScripts>Sys/Sys_Helpers_CSVExport</validationscriptIncludedScripts>
      <validationscriptIncludedScripts>LIB_PURCHASING_CATALOGHELPER_V12.0.461.0</validationscriptIncludedScripts>
      <validationscriptIncludedScripts>LIB_PURCHASING_CM_V12.0.461.0</validationscriptIncludedScripts>
      <ValidationScript>"use strict";
/* eslint-disable class-methods-use-this */
///#GLOBALS Lib Sys
var ValidationScript;
(function (ValidationScript) {
    var OutputCSV = Sys.Helpers.CSVExport.OutputCSV;
    var ProcurementItem = Lib.Purchasing.CatalogHelper.ProcurementItem;
    var CatalogExporterServerRequester = /** @class */ (function () {
        function CatalogExporterServerRequester() {
        }
        // eslint-disable-next-line class-methods-use-this
        CatalogExporterServerRequester.prototype.GetCatalogQueryRecords = function (params) {
            return new Sys.Helpers.BigQueryIterator(params, null, "Msn").All();
        };
        CatalogExporterServerRequester.prototype.GetCatalogQueryResults = function (filter, attributes) {
            Log.Time("GetCatalogQueryResults");
            var ctorQueryParams = new Sys.Helpers.QueryParams();
            ctorQueryParams.onTransport = false;
            ctorQueryParams.table = "P2P - CatalogItems__";
            ctorQueryParams.attributes = attributes;
            ctorQueryParams.filter = filter.toString();
            ctorQueryParams.options = ["EnableJoin=1"];
            var additionalOptions = {
                fieldToTypeMap: ProcurementItem.fieldsMap
            };
            var records = this.GetCatalogQueryRecords(ctorQueryParams);
            var queryResults = records.map(function (record, i) {
                return Sys.GenericAPI.BuildQueryResult(record, ctorQueryParams.attributes, i, additionalOptions);
            });
            Log.TimeEnd("GetCatalogQueryResults");
            return queryResults;
        };
        return CatalogExporterServerRequester;
    }());
    ValidationScript.CatalogExporterServerRequester = CatalogExporterServerRequester;
    var CatalogExporterServer = /** @class */ (function () {
        function CatalogExporterServer(requester) {
            this.requester = requester;
        }
        CatalogExporterServer.prototype.CatalogQueryResultToCSV = function (items) {
            Log.Time("CatalogQueryResultToCSV");
            var outputCSV = new OutputCSV();
            outputCSV.SetHeader(this.GetCSVHeader());
            var culture = Variable.GetValueAsString("DocumentCulture") || "en-US";
            var items_length = items.length;
            for (var i = 0; i &lt; items_length; i++) {
                outputCSV.AddLines(this.GetCSVLines(items[i], culture));
            }
            var nbColumnsHeader = outputCSV.GetNbColumnsHeader();
            var maxNbColumnsLine = outputCSV.GetNbColumnsLines();
            outputCSV.dataLines.forEach(function (dataLine) {
                var missingColumns = maxNbColumnsLine - dataLine.length;
                while (missingColumns &gt; 0) {
                    dataLine.push("");
                    --missingColumns;
                }
            });
            if (maxNbColumnsLine &gt; nbColumnsHeader) {
                outputCSV.SetHeader(this.GetCSVHeader(maxNbColumnsLine - nbColumnsHeader));
            }
            Log.TimeEnd("CatalogQueryResultToCSV");
            return outputCSV;
        };
        CatalogExporterServer.prototype.AttachCatalogItemsCSV = function (csv, date) {
            Log.Time("AttachCatalogItemsCSV");
            var filename = this.NormalizeFileName(this.GetCSVFileName(date));
            csv.AttachCSVFile(filename, true);
            Log.TimeEnd("AttachCatalogItemsCSV");
        };
        CatalogExporterServer.prototype.RunCatalogExport = function () {
            var filter = this.GetCatalogQueryFilter();
            var attributes = this.GetAttributesToQuery();
            var queryResults = this.requester.GetCatalogQueryResults(filter, attributes);
            Log.Time("FromQueryResults");
            var items = ProcurementItem.FromQueryResults(queryResults);
            Log.TimeEnd("FromQueryResults");
            var csv = this.CatalogQueryResultToCSV(items);
            var now = new Date();
            this.AttachCatalogItemsCSV(csv, now);
            Data.SetValue("ExportDate__", now);
            Data.SetValue("NumberOfRows__", csv.GetNbLines());
            Data.SetValue("NumberOfItems__", items.length);
        };
        CatalogExporterServer.prototype.HandleAction = function (actionName, actionType) {
            Log.Info("received -&gt; actionName: ".concat(actionName, " actionType: ").concat(actionType));
            if ((!actionName &amp;&amp; !actionType)
                || (actionName === "run_catalog_export" &amp;&amp; actionType === "approve")) {
                this.RunCatalogExport();
                Data.SetValue("KeepOpenAfterApproval", "WaitForApproval");
            }
        };
        CatalogExporterServer.prototype.NormalizeFileName = function (name) {
            return name.replace(/[&lt;&gt;:"/\\|?*]/g, "_");
        };
        CatalogExporterServer.prototype.Start = function () {
            this.HandleAction(Data.GetActionName(), Data.GetActionType());
        };
        return CatalogExporterServer;
    }());
    ValidationScript.CatalogExporterServer = CatalogExporterServer;
    var CatalogExporterServerVendorItem = /** @class */ (function (_super) {
        __extends(CatalogExporterServerVendorItem, _super);
        function CatalogExporterServerVendorItem() {
            return _super !== null &amp;&amp; _super.apply(this, arguments) || this;
        }
        CatalogExporterServerVendorItem.prototype.GetCSVHeader = function (nbPriceConditionThresholds) {
            return ProcurementItem.GetCSVHeader(false, nbPriceConditionThresholds);
        };
        CatalogExporterServerVendorItem.prototype.GetCSVLines = function (item, culture) {
            return item.GetCSVLines(culture, false);
        };
        CatalogExporterServerVendorItem.prototype.GetAttributesToQuery = function () {
            return Lib.Purchasing.CatalogHelper.ProcurementItem.AttributesV2;
        };
        CatalogExporterServerVendorItem.prototype.GetCatalogQueryFilter = function () {
            return Sys.Helpers.LdapUtil.FilterOr(Sys.Helpers.LdapUtil.FilterNotExist("ITEMNUMBER__.WAREHOUSENUMBER__"), Sys.Helpers.LdapUtil.FilterEqual("ITEMNUMBER__.WAREHOUSENUMBER__", ""));
        };
        CatalogExporterServerVendorItem.prototype.GetCSVFileName = function (date) {
            return "Export_Items _Catalog_".concat(Sys.Helpers.Date.Format(date, "_yyyy-mm-dd_HH-MM-ss"));
        };
        return CatalogExporterServerVendorItem;
    }(CatalogExporterServer));
    ValidationScript.CatalogExporterServerVendorItem = CatalogExporterServerVendorItem;
    var CatalogExporterServerWarehouseItem = /** @class */ (function (_super) {
        __extends(CatalogExporterServerWarehouseItem, _super);
        function CatalogExporterServerWarehouseItem(requester, warehouseid) {
            var _this = _super.call(this, requester) || this;
            _this.warehouseid = warehouseid;
            return _this;
        }
        CatalogExporterServerWarehouseItem.prototype.GetCSVHeader = function (nbPriceConditionThresholds) {
            return ProcurementItem.GetCSVHeader(true, nbPriceConditionThresholds);
        };
        CatalogExporterServerWarehouseItem.prototype.GetCSVLines = function (item, culture) {
            return item.GetCSVLines(culture, true);
        };
        CatalogExporterServerWarehouseItem.prototype.GetAttributesToQuery = function () {
            return __spreadArray(["RUIDEX"], Lib.Purchasing.CatalogHelper.ProcurementItem.WarehouseCSVAttributes, true);
        };
        CatalogExporterServerWarehouseItem.prototype.GetCatalogQueryFilter = function () {
            return Sys.Helpers.LdapUtil.FilterEqual("ITEMNUMBER__.WAREHOUSENUMBER__", this.warehouseid);
        };
        CatalogExporterServerWarehouseItem.prototype.GetCSVFileName = function (date) {
            return "Export_Items_".concat(this.warehouseid, "_").concat(Sys.Helpers.Date.Format(date, "_yyyy-mm-dd_HH-MM-ss"));
        };
        return CatalogExporterServerWarehouseItem;
    }(CatalogExporterServer));
    ValidationScript.CatalogExporterServerWarehouseItem = CatalogExporterServerWarehouseItem;
    if (Variable.GetValueAsString("__UNIT_TEST__") !== "true") {
        var requester = new CatalogExporterServerRequester();
        var warehouseid = Variable.GetValueAsString("WAREHOUSEID");
        var main = warehouseid
            ? new CatalogExporterServerWarehouseItem(requester, warehouseid)
            : new CatalogExporterServerVendorItem(requester);
        main.Start();
    }
})(ValidationScript || (ValidationScript = {}));
</ValidationScript>
      <AllowTagCoverPages>true</AllowTagCoverPages>
      <AllowTagNewDocuments>true</AllowTagNewDocuments>
      <AllowTagAttachments>true</AllowTagAttachments>
      <ExtractionScriptAllowRetry>
      </ExtractionScriptAllowRetry>
      <extractionscriptIncludedScripts>Sys/Sys_Helpers</extractionscriptIncludedScripts>
      <extractionscriptIncludedScripts>Sys/Sys_Helpers_CSVExport</extractionscriptIncludedScripts>
      <extractionscriptIncludedScripts>LIB_PURCHASING_CATALOGHELPER_V12.0.461.0</extractionscriptIncludedScripts>
      <extractionscriptIncludedScripts>LIB_PURCHASING_CM_V12.0.461.0</extractionscriptIncludedScripts>
      <ExtractionScript>"use strict";
</ExtractionScript>
      <ExtractionScriptRunOnOCRFailed>
      </ExtractionScriptRunOnOCRFailed>
      <AllowRemovePages>true</AllowRemovePages>
      <AllowSwapPages>true</AllowSwapPages>
      <PostProcessingScriptAllowRetry>
      </PostProcessingScriptAllowRetry>
      <PostProcessingScript>
      </PostProcessingScript>
    </gdr>
    <lg>
      <process_DE>{
	"_action_createflexible:Catalog Exporter": "Neuer Export",
	"_Catalog Export Result": "Abgeschlossen",
	"_Catalog Exporter": "Katalogexport",
	"_CompanyCode": "Buchungskreis",
	"_CompanyCode_report": "Buchungskreis",
	"_CSVExportInformation": "Exportdatei-Informationen",
	"_ExpectedNumberOfRows": "Anzahl zu exportierender Zeilen",
	"_ExportDate": "Exportiert",
	"_ExportDate_report": "Datum/Uhrzeit exportiert",
	"_ExportDescription": "Beschreibung",
	"_Invalid LeadTime, required number": "Der Wert für 'Lead time' muss eine Zeitdauer in Tagen sein",
	"_Missing key column SupplierPartID or SupplierAuxPartID": "Erforderliche Spalte 'Supplier part ID' oder 'Supplier auxiliary part ID' fehlt im CSV-Header",
	"_New Catalog Export": "Entwurf",
	"_New Warehouse Export": "Entwurf",
	"_NumberOfItems": "Artikelanzahl",
	"_NumberOfRows": "Anzahl der Zeilen",
	"_NumberOfRows_report": "Anzahl der Zeilen",
	"_Run_Export": "Exportieren",
	"_Warehouse Export Result": "Abgeschlossen",
	"_Warehouse Exporter": "Export von Lagerbeständen",
	"_WarehouseID": "Lagerkennung",
	"_WarehouseID_report": "Lagerkennung",
	"_WarehouseName": "Lagerort",
	"_WarehouseName_report": "Lagerort",
	"Catalog Exporter": "Katalogexport",
	"WAREHOUSE EXPORTER": "Export von Lagerbeständen",
	"_Portal Unique identifier required": "Erforderliches Feld 'Supplier part ID' fehlt",
	"_Unique column identifier required": "Fehlende benötigte Spalten in der CSV-Kopfzeile. Diese muss die folgenden Spalten enthalten: • ‚Artikelnummer‘ oder • ‚Herstellerteil-Kennung‘ und ‚Name des Herstellers‘ oder • ‚Lieferantenteil-Kennung‘ und ‚Lieferantennummer‘",
	"_Unique identifier required": "Fehlendes benötigte Feld ‚Artikelnummer‘ oder • ‚Herstellerteil-Kennung‘ oder ‚Lieferantenteil-Kennung‘"
}</process_DE>
      <process_JA>{
	"_action_createflexible:Catalog Exporter": "新規エクスポート",
	"_Catalog Export Result": "完了",
	"_Catalog Exporter": "カタログのエクスポート",
	"_CompanyCode": "会社コード",
	"_CompanyCode_report": "会社コード",
	"_CSVExportInformation": "エクスポートファイルの情報",
	"_ExpectedNumberOfRows": "エクスポートする行数",
	"_ExportDate": "エクスポート済み",
	"_ExportDate_report": "エクスポート日時",
	"_ExportDescription": "説明",
	"_Invalid LeadTime, required number": "「Lead Time」（リードタイム）の値は、日数を指定してください",
	"_Missing key column SupplierPartID or SupplierAuxPartID": "CSVヘッダーに必須の行、「Supplier part ID」（サプライヤーパーツID）または「Supplier auxiliary part ID」（サプライヤー予備パーツID）がありません",
	"_New Catalog Export": "ドラフト",
	"_New Warehouse Export": "ドラフト",
	"_NumberOfItems": "品目数",
	"_NumberOfRows": "行数",
	"_NumberOfRows_report": "行数",
	"_Run_Export": "エクスポート",
	"_Warehouse Export Result": "完了",
	"_Warehouse Exporter": "在庫エクスポート",
	"_WarehouseID": "倉庫ID",
	"_WarehouseID_report": "倉庫ID",
	"_WarehouseName": "倉庫名",
	"_WarehouseName_report": "倉庫名",
	"Catalog Exporter": "カタログのエクスポート",
	"WAREHOUSE EXPORTER": "在庫エクスポート",
	"_Portal Unique identifier required": "必須フィールド「SupplierPartID」（サプライヤーパーツID）がありません",
	"_Unique column identifier required": "CSVヘッダーに必須の列がありません。次の列のいずれかを含める必要があります。\n• 「品目番号」\n• 「メーカー部品ID」および「メーカー名」\n• 「サプライヤー部品ID」および「仕入先番号」",
	"_Unique identifier required": "「品目番号」または「メーカー部品ID」または「サプライヤー部品ID」の必要なフィールドがありません"
}</process_JA>
      <process_en>{
	"_action_createflexible:Catalog Exporter": "New export",
	"_Catalog Export Result": "Completed",
	"_Catalog Exporter": "Catalog Export",
	"_CompanyCode": "Company code",
	"_CompanyCode_report": "Company code",
	"_CSVExportInformation": "Export File Information",
	"_ExpectedNumberOfRows": "Number of lines to export",
	"_ExportDate": "Exported",
	"_ExportDate_report": "Date/time exported",
	"_ExportDescription": "Description",
	"_Invalid LeadTime, required number": "The value for 'LeadTime' must be expressed in number of days",
	"_Missing key column SupplierPartID or SupplierAuxPartID": "Missing required column 'Supplier part ID' or 'Supplier auxiliary part ID' in the CSV header",
	"_New Catalog Export": "Draft",
	"_New Warehouse Export": "Draft",
	"_NumberOfItems": "Number of items",
	"_NumberOfRows": "Number of lines",
	"_NumberOfRows_report": "Number of lines",
	"_Run_Export": "Export",
	"_Warehouse Export Result": "Completed",
	"_Warehouse Exporter": "Stock Export",
	"_WarehouseID": "Warehouse ID",
	"_WarehouseID_report": "Warehouse ID",
	"_WarehouseName": "Warehouse name",
	"_WarehouseName_report": "Warehouse name",
	"Catalog Exporter": "Catalog Export",
	"WAREHOUSE EXPORTER": "Stock Export",
	"_Portal Unique identifier required": "Missing required field 'Supplier part ID'",
	"_Unique column identifier required": "Missing required columns in the CSV header. \nIt must contain the following columns: \n• 'Item number' or\n• 'Manufacturer part ID' and 'Manufacturer name' or\n• 'Supplier part ID' and 'Vendor number'",
	"_Unique identifier required": "Missing required field 'Item number' or 'Manufacturer part ID' or 'Supplier part ID'"
}</process_en>
      <process_ES>{
	"_action_createflexible:Catalog Exporter": "Nueva exportación",
	"_Catalog Export Result": "Completada",
	"_Catalog Exporter": "Exportación del catálogo",
	"_CompanyCode": "Código de empresa",
	"_CompanyCode_report": "Código de empresa",
	"_CSVExportInformation": "Información del archivo de exportación",
	"_ExpectedNumberOfRows": "Número de líneas para exportar",
	"_ExportDate": "Exportado el",
	"_ExportDate_report": "Fecha/hora de exportación",
	"_ExportDescription": "Descripción",
	"_Invalid LeadTime, required number": "El valor para 'Lead time' debe expresarse en número de días",
	"_Missing key column SupplierPartID or SupplierAuxPartID": "Falta la columna obligatoria 'Supplier part ID' o 'Supplier auxiliary part ID' en el encabezado de CSV",
	"_New Catalog Export": "Borrador",
	"_New Warehouse Export": "Borrador",
	"_NumberOfItems": "Número de artículos",
	"_NumberOfRows": "Número de líneas",
	"_NumberOfRows_report": "Número de líneas",
	"_Run_Export": "Exportar",
	"_Warehouse Export Result": "Completada",
	"_Warehouse Exporter": "Exportación del stock",
	"_WarehouseID": "Identificador de almacén",
	"_WarehouseID_report": "Identificador de almacén",
	"_WarehouseName": "Nombre del almacén",
	"_WarehouseName_report": "Nombre del almacén",
	"Catalog Exporter": "Exportación del catálogo",
	"WAREHOUSE EXPORTER": "Exportación del stock ",
	"_Portal Unique identifier required": "Falta el campo obligatorio 'Supplier part ID'",
	"_Unique column identifier required": "Faltan columnas obligatorias en la cabecera del CSV.\nDebe contener las siguientes columnas:\n• 'Item number' o\n• 'Manufacturer part ID' y 'Manufacturer name' o\n• 'Supplier part ID' y 'Vendor number'\n",
	"_Unique identifier required": "Falta el campo obligatorio 'Item number' o 'Manufacturer part ID' o 'Supplier part ID'"
}</process_ES>
      <process_FR>{
	"_action_createflexible:Catalog Exporter": "Nouvelle exportation",
	"_Catalog Export Result": "Terminée",
	"_Catalog Exporter": "Exportation du catalogue",
	"_CompanyCode": "Code société",
	"_CompanyCode_report": "Code société",
	"_CSVExportInformation": "Informations du fichier d'exportation",
	"_ExpectedNumberOfRows": "Nombre de lignes à exporter",
	"_ExportDate": "Exporté le",
	"_ExportDate_report": "Date/heure de l'exportation",
	"_ExportDescription": "Description",
	"_Invalid LeadTime, required number": "La valeur pour 'Lead time' doit être exprimée en nombre de jours",
	"_Missing key column SupplierPartID or SupplierAuxPartID": "La colonne requise 'Supplier part ID' ou 'Supplier auxiliary part ID' est manquante dans l'en-tête CSV",
	"_New Catalog Export": "Brouillon",
	"_New Warehouse Export": "Brouillon",
	"_NumberOfItems": "Nombre d'articles",
	"_NumberOfRows": "Nombre de lignes",
	"_NumberOfRows_report": "Nombre de lignes",
	"_Run_Export": "Exporter",
	"_Warehouse Export Result": "Terminée",
	"_Warehouse Exporter": "Exportation des stocks",
	"_WarehouseID": "Identifiant de l'entrepôt",
	"_WarehouseID_report": "Identifiant de l'entrepôt",
	"_WarehouseName": "Nom de l'entrepôt",
	"_WarehouseName_report": "Nom de l'entrepôt",
	"Catalog Exporter": "Exportation du catalogue",
	"WAREHOUSE EXPORTER": "Exportation des stocks",
	"_Portal Unique identifier required": "Le champ requis 'Supplier part ID' est manquant",
	"_Unique column identifier required": "Les colonnes requises sont manquantes dans l'en-tête du fichier CSV.\nIl doit contenir les colonnes suivantes :\n• 'Item number' ou\n• 'Manufacturer part ID' et 'Manufacturer name' ou\n• 'Supplier part ID' et 'Vendor number'",
	"_Unique identifier required": "Les champs requis 'Item number' ou 'Manufacturer part ID' ou 'Supplier part ID' sont manquants"
}</process_FR>
      <process_nl-NL>{
	"_action_createflexible:Catalog Exporter": "Nieuwe export",
	"_Catalog Export Result": "Voltooid",
	"_Catalog Exporter": "Catalogusexport",
	"_CompanyCode": "Bedrijfscode",
	"_CompanyCode_report": "Bedrijfscode",
	"_CSVExportInformation": "Informatie exportbestand",
	"_ExpectedNumberOfRows": "Aantal te exporteren regels",
	"_ExportDate": "Geëxporteerd",
	"_ExportDate_report": "Datum/tijd geëxporteerd",
	"_ExportDescription": "Beschrijving",
	"_Invalid LeadTime, required number": "De waarde voor ‘Leveringstermijn’ moet worden uitgedrukt in aantal dagen",
	"_Missing key column SupplierPartID or SupplierAuxPartID": "Ontbrekende verplichte kolom 'ID onderdeel leverancier' of 'ID hulponderdeel leverancier' in de CSV-koptekst",
	"_New Catalog Export": "Ontwerp",
	"_New Warehouse Export": "Ontwerp",
	"_NumberOfItems": "Aantal items",
	"_NumberOfRows": "Aantal regels",
	"_NumberOfRows_report": "Aantal regels",
	"_Run_Export": "Exporteren",
	"_Warehouse Export Result": "Voltooid",
	"_Warehouse Exporter": "Voorraadexport",
	"_WarehouseID": "Magazijn-ID",
	"_WarehouseID_report": "Magazijn-ID",
	"_WarehouseName": "Naam magazijn",
	"_WarehouseName_report": "Naam magazijn",
	"Catalog Exporter": "Catalogusexport",
	"WAREHOUSE EXPORTER": "Voorraadexport",
	"_Portal Unique identifier required": "Ontbrekend verplicht veld ‘SupplierPartID'",
	"_Unique column identifier required": "Ontbrekende verplichte kolommen in de koptekst van de CSV. Deze moet de volgende kolommen bevatten: • 'Itemnummer' of • 'Onderdeel-ID fabrikant' en 'Naam fabrikant' of • 'Onderdeel-ID leverancier' en 'Nummer leverancier'",
	"_Unique identifier required": "Ontbrekend verplicht veld ‘Itemnummer’ of ‘Onderdeel-ID fabrikant’ of ‘Onderdeel-ID leverancier’"
}</process_nl-NL>
      <process_IT>{
	"_action_createflexible:Catalog Exporter": "Nuova esportazione",
	"_Catalog Export Result": "Completata",
	"_Catalog Exporter": "Esportazione catalogo",
	"_CompanyCode": "Codice società",
	"_CompanyCode_report": "Codice società",
	"_CSVExportInformation": "Informazioni del file esportato",
	"_ExpectedNumberOfRows": "Numero righe da esportare",
	"_ExportDate": "Esportato il",
	"_ExportDate_report": "Data/ora esportazione",
	"_ExportDescription": "Descrizione",
	"_Invalid LeadTime, required number": "Il valore per 'Lead time' deve essere espresso in numero di giorni",
	"_Missing key column SupplierPartID or SupplierAuxPartID": "Colonna obbligatoria 'Supplier part ID' o 'Supplier auxiliary part ID' mancante nell'intestazione CSV",
	"_New Catalog Export": "Bozza",
	"_New Warehouse Export": "Bozza",
	"_NumberOfItems": "Numero di articoli",
	"_NumberOfRows": "Numero di righe",
	"_NumberOfRows_report": "Numero di righe",
	"_Run_Export": "Esporta",
	"_Warehouse Export Result": "Completata",
	"_Warehouse Exporter": "Esportazione stock",
	"_WarehouseID": "ID magazzino",
	"_WarehouseID_report": "ID magazzino",
	"_WarehouseName": "Nome magazzino",
	"_WarehouseName_report": "Nome magazzino",
	"Catalog Exporter": "Esportazione catalogo",
	"WAREHOUSE EXPORTER": "Esportazione stock",
	"_Portal Unique identifier required": "Campo obbligatorio 'Supplier part ID' mancante",
	"_Unique column identifier required": "Colonne obbligatorie mancanti nell'intestazione CSV.\nIl file CSV deve contenere le seguenti colonne:\n• 'Item number' o\n• 'Manufacturer part ID' e 'Manufacturer name' o\n• 'Supplier part ID' e 'Vendor number'",
	"_Unique identifier required": "Campi obbligatori 'Item number' o 'Manufacturer part ID' o 'Supplier part ID' mancanti"
}</process_IT>
      <process_ZH-CN>{
	"_action_createflexible:Catalog Exporter": "新导出",
	"_Catalog Export Result": "已完成",
	"_Catalog Exporter": "目录导出",
	"_CompanyCode": "公司代码",
	"_CompanyCode_report": "公司代码",
	"_CSVExportInformation": "导出文件信息",
	"_ExpectedNumberOfRows": "要导出的行数",
	"_ExportDate": "已导出",
	"_ExportDate_report": "导出的日期/时间",
	"_ExportDescription": "说明/描述",
	"_Invalid LeadTime, required number": "“Lead time”的值必须以天数表示",
	"_Missing key column SupplierPartID or SupplierAuxPartID": "CSV 标题行中缺少必需的“Supplier part ID”或“Supplier auxiliary part ID”列",
	"_New Catalog Export": "草稿",
	"_New Warehouse Export": "草稿",
	"_NumberOfItems": "商品项数",
	"_NumberOfRows": "行数",
	"_NumberOfRows_report": "行数",
	"_Run_Export": "导出",
	"_Warehouse Export Result": "已完成",
	"_Warehouse Exporter": "库存导出",
	"_WarehouseID": "仓库标识",
	"_WarehouseID_report": "仓库标识",
	"_WarehouseName": "仓库名称",
	"_WarehouseName_report": "仓库名称",
	"Catalog Exporter": "目录导出",
	"WAREHOUSE EXPORTER": "库存导出",
	"_Portal Unique identifier required": "缺少必需字段“SupplierPartID”",
	"_Unique column identifier required": "CSV 标题中缺少必需列。\n必须包含以下列：\n• “项目编号”或\n• “制造商部件 ID”和“制造商名称”或\n• “供应商部件 ID”和“供应商编号”",
	"_Unique identifier required": "缺少必需字段“项目编号”或“制造商部件 ID”或“供应商部件 ID”"
}</process_ZH-CN>
      <process_pt-BR>{
	"_action_createflexible:Catalog Exporter": "Nova exportação",
	"_Catalog Export Result": "Concluída",
	"_Catalog Exporter": "Exportação de catálogo",
	"_CompanyCode": "Código da empresa",
	"_CompanyCode_report": "Código da empresa",
	"_CSVExportInformation": "Informações do arquivo de exportação",
	"_ExpectedNumberOfRows": "Número de linhas para exportar",
	"_ExportDate": "Exportado",
	"_ExportDate_report": "Data/hora de exportação",
	"_ExportDescription": "Descrição",
	"_Invalid LeadTime, required number": "O valor para 'Lead time' deve ser expresso em número de dias",
	"_Missing key column SupplierPartID or SupplierAuxPartID": "Coluna necessária ausente 'Supplier part ID' ou 'Supplier auxiliary part ID' no cabeçalho CSV",
	"_New Catalog Export": "Rascunho",
	"_New Warehouse Export": "Rascunho",
	"_NumberOfItems": "Número de itens",
	"_NumberOfRows": "Número de linhas",
	"_NumberOfRows_report": "Número de linhas",
	"_Run_Export": "Exportar",
	"_Warehouse Export Result": "Concluída",
	"_Warehouse Exporter": "Exportação de estoque",
	"_WarehouseID": "ID de armazém",
	"_WarehouseID_report": "ID de armazém",
	"_WarehouseName": "Nome do armazém",
	"_WarehouseName_report": "Nome do armazém",
	"Catalog Exporter": "Exportação de catálogo",
	"WAREHOUSE EXPORTER": "Exportação de estoque",
	"_Portal Unique identifier required": "Campo obrigatório ausente 'Supplier part ID'",
	"_Unique column identifier required": "Faltam colunas obrigatórias no cabeçalho do CSV. \nDeve conter as seguintes colunas: \n• \"Número do item\" ou \n• \"ID da peça do fabricante\" e \"Nome do fabricante\" ou \n• \"ID da peça do fornecedor\" e \"Número do fornecedor\"",
	"_Unique identifier required": "Campo obrigatório \"Número do item\" ou \"ID da peça do fabricante\" ou \"ID da peça do fornecedor\" ausente"
}</process_pt-BR>
    </lg>
    <ocr>
      <trade-off>accurate</trade-off>
      <image-ocr-timeout>
      </image-ocr-timeout>
      <image-binarization>no</image-binarization>
      <image-draft-fax>no</image-draft-fax>
      <image-despeckle>no</image-despeckle>
      <allowed-language>0</allowed-language>
      <image-resolution-enhancement>auto</image-resolution-enhancement>
      <pdf-processing>no-ocr</pdf-processing>
      <ocr_engine>Nuance210</ocr_engine>
      <extractionAdditionalOptions>
      </extractionAdditionalOptions>
    </ocr>
    <process>
      <flowtype>processing</flowtype>
      <ocrpreset>scan</ocrpreset>
      <EnableNegativeNumbersBetweenBrackets>true</EnableNegativeNumbersBetweenBrackets>
      <homepagelabel>Catalog Exporter</homepagelabel>
      <enableflexibleauditing>
      </enableflexibleauditing>
      <enableflexibleediting>
      </enableflexibleediting>
      <enableflexibleteaching>
      </enableflexibleteaching>
      <disableocr>
      </disableocr>
      <instanciable>1</instanciable>
      <disableautolearning>true</disableautolearning>
      <backgroundprocessingthreshold>
      </backgroundprocessingthreshold>
      <EnablePreviewPrecomputation>
      </EnablePreviewPrecomputation>
      <enablerounddecimal>true</enablerounddecimal>
      <pdfNormalizeFilter>
      </pdfNormalizeFilter>
      <archiveDuration>0</archiveDuration>
      <lgpathtomerge>..\..\..\Application builder\lg2Merge\PAC\CatalogManagement</lgpathtomerge>
      <ocrpagestoprocess>0</ocrpagestoprocess>
      <ScriptEngineType>2</ScriptEngineType>
      <UseActionNameWithScriptApproval>true</UseActionNameWithScriptApproval>
      <displayWidth>1024</displayWidth>
      <AllowUploadAttachment>1</AllowUploadAttachment>
      <AllowUploadReferenceDocument>1</AllowUploadReferenceDocument>
      <RemovePointWhenCastingIntToString>true</RemovePointWhenCastingIntToString>
      <UseCultureFormat>true</UseCultureFormat>
      <AllowRetryExtractCD>true</AllowRetryExtractCD>
      <TransportName>CustomData</TransportName>
      <LayoutVersion>1.0</LayoutVersion>
      <printToProcess>
      </printToProcess>
    </process>
    <ui>
      <CustomScriptDebug>false</CustomScriptDebug>
      <customscriptIncludedScripts>Lib_Purchasing_CM_V12.0.461.0</customscriptIncludedScripts>
      <customscriptIncludedScripts>Sys/Sys_GenericAPI_Client</customscriptIncludedScripts>
      <customscriptIncludedScripts>Sys/Sys_Helpers_LdapUtil</customscriptIncludedScripts>
      <customscriptIncludedScripts>Sys/Sys_Helpers_Banner</customscriptIncludedScripts>
      <customscriptIncludedScripts>Sys/Sys_Helpers</customscriptIncludedScripts>
      <CustomScriptReadonly>true</CustomScriptReadonly>
      <CustomScript>"use strict";
/* eslint-disable class-methods-use-this */
///#GLOBALS Lib Sys
var CustomScript;
(function (CustomScript) {
    var Warehouse = Lib.P2P.Inventory.Warehouse;
    var CatalogExporterClientRequester = /** @class */ (function () {
        function CatalogExporterClientRequester() {
        }
        // eslint-disable-next-line class-methods-use-this
        CatalogExporterClientRequester.prototype.GetNumberOfRowsToExport = function (filter) {
            return Sys.GenericAPI.PromisedQuery({
                table: "P2P - CatalogItems__",
                filter: filter,
                attributes: ["__Count__"],
                maxRecords: "FULL_RESULT",
                additionalOptions: "EnableJoin=1"
            })
                .Then(function (_a) {
                var result = _a[0];
                return result.__Count__;
            });
        };
        CatalogExporterClientRequester.prototype.GetWarehouse = function (companyCode, warehouseid) {
            return Warehouse.GetWarehouse(companyCode, warehouseid);
        };
        return CatalogExporterClientRequester;
    }());
    CustomScript.CatalogExporterClientRequester = CatalogExporterClientRequester;
    var CatalogExporterClient = /** @class */ (function () {
        function CatalogExporterClient(requester) {
            this.requester = requester;
        }
        CatalogExporterClient.prototype.OnRunExport = function (row) {
            ProcessInstance.Approve("run_catalog_export");
        };
        CatalogExporterClient.prototype.HasBeenExported = function () {
            return !!Controls.ExportDate__.GetValue();
        };
        CatalogExporterClient.prototype.FillNumberOfRowsToExport = function () {
            var filter = this.GetNumberOfRowsToExportFilter();
            return this.requester.GetNumberOfRowsToExport(filter)
                .Then(function (nb_items) {
                Controls.NumberOfRows__.SetValue(nb_items);
            })
                .Catch(function (error) {
                Log.Error(error);
            });
        };
        CatalogExporterClient.prototype.InitNewExporterCatalogForm = function () {
            Log.Info("InitNewExporterCatalogForm");
            Controls.ExportDate__.Hide(true);
            Controls.NumberOfRows__.SetReadOnly(true);
            Controls.NumberOfRows__.SetLabel(Language.Translate("_ExpectedNumberOfRows"));
            Controls.NumberOfItems__.Hide(true);
            Controls.DocumentsPanel.Hide(true);
            return this.FillNumberOfRowsToExport();
        };
        CatalogExporterClient.prototype.InitExportedCatalog = function () {
            Log.Info("InitExportedCatalog");
            Controls.ExportDate__.SetReadOnly(true);
            Controls.NumberOfRows__.SetReadOnly(true);
            Controls.NumberOfItems__.SetReadOnly(true);
            Controls.ExportDescription__.SetReadOnly(true);
            Controls.Run_Export.Hide(true);
        };
        CatalogExporterClient.prototype.InitEvent = function () {
            Controls.Run_Export.OnClick = this.OnRunExport.bind(this);
        };
        CatalogExporterClient.prototype.Start = function () {
            ProcessInstance.SetSilentChange(true);
            var promisesToWait = [];
            this.InitBanner();
            this.InitEvent();
            if (this.HasBeenExported()) {
                this.InitExportedCatalog();
            }
            else {
                promisesToWait.push(this.InitNewExporterCatalogForm());
            }
            return Sys.Helpers.Promise.All(promisesToWait)
                .Finally(function () {
                ProcessInstance.SetSilentChange(false);
            });
        };
        return CatalogExporterClient;
    }());
    CustomScript.CatalogExporterClient = CatalogExporterClient;
    var CatalogExporterClientVendorItem = /** @class */ (function (_super) {
        __extends(CatalogExporterClientVendorItem, _super);
        function CatalogExporterClientVendorItem() {
            return _super !== null &amp;&amp; _super.apply(this, arguments) || this;
        }
        CatalogExporterClientVendorItem.prototype.GetNumberOfRowsToExportFilter = function () {
            return Sys.Helpers.LdapUtil.FilterOr(Sys.Helpers.LdapUtil.FilterNotExist("ITEMNUMBER__.WAREHOUSENUMBER__"), Sys.Helpers.LdapUtil.FilterEqual("ITEMNUMBER__.WAREHOUSENUMBER__", ""));
        };
        CatalogExporterClientVendorItem.prototype.InitNewExporterCatalogForm = function () {
            Controls.CompanyCode__.Hide(true);
            Controls.WarehouseID__.Hide(true);
            Controls.WarehouseName__.Hide(true);
            return _super.prototype.InitNewExporterCatalogForm.call(this);
        };
        CatalogExporterClientVendorItem.prototype.InitBanner = function () {
            Log.Info("InitBanner");
            Sys.Helpers.Banner.SetHTMLBanner(Controls.HTMLBanner__);
            Sys.Helpers.Banner.SetMainTitle("_Catalog Exporter");
            if (this.HasBeenExported()) {
                Sys.Helpers.Banner.SetSubTitle("_Catalog Export Result");
            }
            else {
                Sys.Helpers.Banner.SetSubTitle("_New Catalog Export");
            }
            Sys.Helpers.Banner.Apply();
        };
        return CatalogExporterClientVendorItem;
    }(CatalogExporterClient));
    CustomScript.CatalogExporterClientVendorItem = CatalogExporterClientVendorItem;
    var CatalogExporterClientWarehouseItem = /** @class */ (function (_super) {
        __extends(CatalogExporterClientWarehouseItem, _super);
        function CatalogExporterClientWarehouseItem(requester, warehouseid, companyCode) {
            var _this = _super.call(this, requester) || this;
            _this.warehouseid = warehouseid;
            _this.companyCode = companyCode;
            Variable.SetValueAsString("warehouseid", warehouseid);
            Variable.SetValueAsString("companyCode", companyCode);
            Process.SetHelpId(5047);
            return _this;
        }
        CatalogExporterClientWarehouseItem.prototype.GetNumberOfRowsToExportFilter = function () {
            return Sys.Helpers.LdapUtil.FilterAnd(Sys.Helpers.LdapUtil.FilterEqual("ITEMNUMBER__.WAREHOUSENUMBER__", this.warehouseid), Sys.Helpers.LdapUtil.FilterEqual("COMPANYCODE__", this.companyCode));
        };
        CatalogExporterClientWarehouseItem.prototype.InitBanner = function () {
            Log.Info("InitBanner");
            Sys.Helpers.Banner.SetHTMLBanner(Controls.HTMLBanner__);
            Controls.form_header.SetProcessDisplayName("WAREHOUSE EXPORTER");
            Sys.Helpers.Banner.SetMainTitle("_Warehouse Exporter");
            if (this.HasBeenExported()) {
                Sys.Helpers.Banner.SetSubTitle("_Warehouse Export Result");
            }
            else {
                Sys.Helpers.Banner.SetSubTitle("_New Warehouse Export");
            }
            Sys.Helpers.Banner.Apply();
        };
        CatalogExporterClientWarehouseItem.prototype.InitNewExporterCatalogForm = function () {
            // Show warehouse
            Controls.CompanyCode__.Hide(false);
            Controls.WarehouseID__.Hide(false);
            Controls.WarehouseName__.Hide(false);
            var promiseInitWarehouse = this.requester.GetWarehouse(this.companyCode, this.warehouseid)
                .Then(function (warehouse) {
                Controls.CompanyCode__.SetValue(warehouse.companyCode);
                Controls.WarehouseID__.SetValue(warehouse.ID);
                Controls.WarehouseName__.SetValue(warehouse.name);
            });
            return Sys.Helpers.Promise.All([
                _super.prototype.InitNewExporterCatalogForm.call(this),
                promiseInitWarehouse
            ]);
        };
        CatalogExporterClientWarehouseItem.prototype.InitExportedCatalog = function () {
            Controls.CompanyCode__.Hide(false);
            Controls.WarehouseID__.Hide(false);
            Controls.WarehouseName__.Hide(false);
            _super.prototype.InitExportedCatalog.call(this);
        };
        return CatalogExporterClientWarehouseItem;
    }(CatalogExporterClient));
    CustomScript.CatalogExporterClientWarehouseItem = CatalogExporterClientWarehouseItem;
    Sys.Helpers.EnableSmartSilentChange();
    if (Variable.GetValueAsString("__UNIT_TEST__") !== "true") {
        var requester = new CatalogExporterClientRequester();
        var warehouseid = Process.GetURLParameter("warehouseid") || Variable.GetValueAsString("warehouseid");
        var companyCode = Process.GetURLParameter("companyCode") || Variable.GetValueAsString("companyCode");
        var main = warehouseid
            ? new CatalogExporterClientWarehouseItem(requester, warehouseid, companyCode)
            : new CatalogExporterClientVendorItem(requester);
        main.Start();
    }
})(CustomScript || (CustomScript = {}));
</CustomScript>
      <layout>{
	"*": {
		"GDRData": {
			"type": "GDRData",
			"options": {
				"version": 0
			},
			"stamp": 1,
			"data": []
		},
		"OCRParams": {
			"type": "OCRParams",
			"options": {
				"version": 0
			},
			"stamp": 2,
			"data": []
		},
		"Screen": {
			"type": "FlexibleFormLayout",
			"options": {
				"splitterType": "complex",
				"style": "FlexibleFormLight",
				"version": 0,
				"maxwidth": 1024,
				"backColor": "text-backgroundcolor-color7",
				"footerStyle": "LargeFooter"
			},
			"*": {
				"form-header": {
					"type": "FlexibleFormHeader",
					"options": {
						"version": 0,
						"maxwidth": 1024
					},
					"stamp": 4,
					"data": []
				},
				"form-center": {
					"type": "FlexibleFormCenter",
					"options": {
						"version": 0,
						"maxwidth": 1024
					},
					"*": {
						"form-content": {
							"type": "FlexibleFormContent",
							"options": {
								"version": 0
							},
							"*": {
								"form-content-top": {
									"type": "FlexibleFormSplitter",
									"options": {
										"autosize": true,
										"version": 1,
										"box": {
											"top": "0%",
											"left": "0%",
											"width": null,
											"height": "26%"
										},
										"hidden": true,
										"hideSeparator": true
									},
									"*": {
										"form-content-top-4": {
											"type": "FlexibleFormLine",
											"data": [],
											"options": {
												"version": 0
											},
											"stamp": 57,
											"*": {
												"SystemData": {
													"type": "PanelSystemData",
													"options": {
														"multicolumn": false,
														"version": 0,
														"border": {
															"collapsed": true
														},
														"labelLength": 0,
														"iconURL": "",
														"TitleFontSize": "S",
														"hideActionButtons": false,
														"hideTitleBar": false,
														"hideTitle": false,
														"sameHeightAsSiblings": false,
														"label": "_System data",
														"hidden": true
													},
													"stamp": 18,
													"data": []
												}
											}
										}
									},
									"stamp": 7,
									"data": []
								},
								"form-content-bottom": {
									"type": "FlexibleFormSplitter",
									"options": {
										"version": 1,
										"box": {
											"top": "26%",
											"left": "0%",
											"width": null,
											"height": "74%"
										},
										"hidden": false,
										"hideSeparator": true
									},
									"*": {
										"form-content-left": {
											"type": "FlexibleFormSplitter",
											"options": {
												"version": 1,
												"box": {
													"top": "0%",
													"left": "0%",
													"width": "45%",
													"height": null
												},
												"hidden": false,
												"hideSeparator": true
											},
											"*": {
												"form-content-left-3": {
													"type": "FlexibleFormLine",
													"options": {
														"version": 0
													},
													"*": {
														"NextProcess": {
															"type": "PanelNextProcess",
															"options": {
																"hidden": true,
																"version": 0,
																"border": {},
																"labelLength": 0,
																"iconURL": "",
																"TitleFontSize": "S",
																"hideActionButtons": false,
																"hideTitleBar": false,
																"hideTitle": false,
																"sameHeightAsSiblings": false,
																"label": "_Next Process"
															},
															"stamp": 20,
															"data": []
														}
													},
													"stamp": 19,
													"data": []
												},
												"form-content-left-4": {
													"type": "FlexibleFormLine",
													"data": [],
													"options": {
														"version": 0
													},
													"stamp": 109,
													"*": {
														"Title": {
															"type": "PanelData",
															"data": [],
															"options": {
																"border": {},
																"iconURL": "",
																"TitleFontSize": "S",
																"hideActionButtons": true,
																"hideTitleBar": true,
																"hideTitle": true,
																"sameHeightAsSiblings": false,
																"backgroundcolor": "none",
																"labelsAlignment": "right",
																"label": "_Title",
																"hidden": false,
																"leftImageURL": "",
																"removeMargins": false,
																"elementsAlignment": "left",
																"version": 0,
																"labelLength": 0
															},
															"stamp": 105,
															"*": {
																"FieldsManager": {
																	"type": "FieldsManager",
																	"data": [],
																	"options": {
																		"controlsAssociation": {},
																		"version": 0
																	},
																	"stamp": 106,
																	"*": {
																		"Grid": {
																			"type": "GridLayout",
																			"data": [
																				"fields"
																			],
																			"options": {
																				"ctrlsPos": {
																					"HTMLBanner__": {
																						"line": 1,
																						"column": 1
																					}
																				},
																				"lines": 1,
																				"columns": 2,
																				"colspans": [
																					[
																						{
																							"index": 0,
																							"length": 2
																						}
																					]
																				],
																				"version": 0
																			},
																			"stamp": 107,
																			"*": {
																				"HTMLBanner__": {
																					"type": "HTML",
																					"data": false,
																					"options": {
																						"label": "_HTMLBanner",
																						"version": 0,
																						"width": "100%"
																					},
																					"stamp": 145
																				}
																			}
																		}
																	}
																}
															}
														}
													}
												},
												"form-content-left-5": {
													"type": "FlexibleFormLine",
													"data": [],
													"options": {
														"version": 0
													},
													"stamp": 116,
													"*": {
														"CSVExportInformation": {
															"type": "PanelData",
															"options": {
																"border": {},
																"version": 0,
																"iconURL": "",
																"TitleFontSize": "L",
																"hideActionButtons": true,
																"hideTitleBar": false,
																"hideTitle": false,
																"sameHeightAsSiblings": false,
																"backgroundcolor": "default",
																"labelsAlignment": "right",
																"label": "_CSVExportInformation",
																"leftImageURL": "",
																"removeMargins": false,
																"elementsAlignment": "left",
																"labelLength": "230px",
																"isSvgIcon": false
															},
															"*": {
																"FieldsManager": {
																	"type": "FieldsManager",
																	"options": {
																		"controlsAssociation": {
																			"NumberOfRows__": "LabelNumberOfRows__",
																			"LabelNumberOfRows__": "NumberOfRows__",
																			"ExportDate__": "LabelExportDate__",
																			"LabelExportDate__": "ExportDate__",
																			"ExportDescription__": "LabelExportDescription__",
																			"LabelExportDescription__": "ExportDescription__",
																			"NumberOfItems__": "LabelNumberOfItems__",
																			"LabelNumberOfItems__": "NumberOfItems__",
																			"CompanyCode__": "LabelCompanyCode__",
																			"LabelCompanyCode__": "CompanyCode__",
																			"WarehouseID__": "LabelWarehouseID__",
																			"LabelWarehouseID__": "WarehouseID__",
																			"WarehouseName__": "LabelWarehouseName__",
																			"LabelWarehouseName__": "WarehouseName__"
																		},
																		"version": 0
																	},
																	"*": {
																		"Grid": {
																			"type": "GridLayout",
																			"options": {
																				"lines": 7,
																				"columns": 2,
																				"version": 0,
																				"ctrlsPos": {
																					"NumberOfRows__": {
																						"line": 5,
																						"column": 2
																					},
																					"LabelNumberOfRows__": {
																						"line": 5,
																						"column": 1
																					},
																					"ExportDate__": {
																						"line": 4,
																						"column": 2
																					},
																					"LabelExportDate__": {
																						"line": 4,
																						"column": 1
																					},
																					"ExportDescription__": {
																						"line": 7,
																						"column": 2
																					},
																					"LabelExportDescription__": {
																						"line": 7,
																						"column": 1
																					},
																					"NumberOfItems__": {
																						"line": 6,
																						"column": 2
																					},
																					"LabelNumberOfItems__": {
																						"line": 6,
																						"column": 1
																					},
																					"CompanyCode__": {
																						"line": 1,
																						"column": 2
																					},
																					"LabelCompanyCode__": {
																						"line": 1,
																						"column": 1
																					},
																					"WarehouseID__": {
																						"line": 2,
																						"column": 2
																					},
																					"LabelWarehouseID__": {
																						"line": 2,
																						"column": 1
																					},
																					"WarehouseName__": {
																						"line": 3,
																						"column": 2
																					},
																					"LabelWarehouseName__": {
																						"line": 3,
																						"column": 1
																					}
																				},
																				"colspans": [
																					[],
																					[],
																					[],
																					[],
																					[],
																					[],
																					[]
																				]
																			},
																			"data": [
																				"fields"
																			],
																			"*": {
																				"LabelCompanyCode__": {
																					"type": "Label",
																					"data": [
																						"CompanyCode__"
																					],
																					"options": {
																						"label": "_CompanyCode",
																						"hidden": true
																					},
																					"stamp": 154
																				},
																				"CompanyCode__": {
																					"type": "ShortText",
																					"data": [
																						"CompanyCode__"
																					],
																					"options": {
																						"textSize": "S",
																						"textAlignment": "left",
																						"textStyle": "default",
																						"textColor": "default",
																						"version": 1,
																						"label": "_CompanyCode",
																						"activable": true,
																						"width": 230,
																						"helpText": "",
																						"helpURL": "",
																						"helpFormat": "HTML Format",
																						"helpIconPosition": "Right",
																						"hidden": true,
																						"readonly": true,
																						"browsable": false
																					},
																					"stamp": 155
																				},
																				"LabelWarehouseID__": {
																					"type": "Label",
																					"data": [
																						"WarehouseID__"
																					],
																					"options": {
																						"label": "_WarehouseID",
																						"hidden": true
																					},
																					"stamp": 156
																				},
																				"WarehouseID__": {
																					"type": "ShortText",
																					"data": [
																						"WarehouseID__"
																					],
																					"options": {
																						"textSize": "S",
																						"textAlignment": "left",
																						"textStyle": "default",
																						"textColor": "default",
																						"version": 1,
																						"label": "_WarehouseID",
																						"activable": true,
																						"width": 230,
																						"helpText": "",
																						"helpURL": "",
																						"helpFormat": "HTML Format",
																						"helpIconPosition": "Right",
																						"hidden": true,
																						"readonly": true,
																						"browsable": false
																					},
																					"stamp": 157
																				},
																				"LabelWarehouseName__": {
																					"type": "Label",
																					"data": [
																						"WarehouseName__"
																					],
																					"options": {
																						"label": "_WarehouseName",
																						"hidden": true
																					},
																					"stamp": 158
																				},
																				"WarehouseName__": {
																					"type": "ShortText",
																					"data": [
																						"WarehouseName__"
																					],
																					"options": {
																						"textSize": "S",
																						"textAlignment": "left",
																						"textStyle": "default",
																						"textColor": "default",
																						"version": 1,
																						"label": "_WarehouseName",
																						"activable": true,
																						"width": 230,
																						"helpText": "",
																						"helpURL": "",
																						"helpFormat": "HTML Format",
																						"helpIconPosition": "Right",
																						"hidden": true,
																						"readonly": true,
																						"browsable": false
																					},
																					"stamp": 159
																				},
																				"LabelExportDate__": {
																					"type": "Label",
																					"data": [
																						"ExportDate__"
																					],
																					"options": {
																						"label": "_ExportDate",
																						"version": 0
																					},
																					"stamp": 78
																				},
																				"ExportDate__": {
																					"type": "RealDateTime",
																					"data": [
																						"ExportDate__"
																					],
																					"options": {
																						"readonly": true,
																						"displayLongFormat": false,
																						"label": "_ExportDate",
																						"activable": true,
																						"width": 230,
																						"helpText": "",
																						"helpURL": "",
																						"helpFormat": "HTML Format",
																						"helpIconPosition": "Right",
																						"version": 0
																					},
																					"stamp": 79
																				},
																				"LabelNumberOfRows__": {
																					"type": "Label",
																					"data": [
																						"NumberOfRows__"
																					],
																					"options": {
																						"label": "_NumberOfRows",
																						"version": 0
																					},
																					"stamp": 33
																				},
																				"NumberOfRows__": {
																					"type": "Integer",
																					"data": [
																						"NumberOfRows__"
																					],
																					"options": {
																						"version": 2,
																						"textSize": "S",
																						"textAlignment": "left",
																						"textStyle": "default",
																						"textColor": "default",
																						"integer": true,
																						"label": "_NumberOfRows",
																						"precision_internal": 0,
																						"precision_current": 0,
																						"activable": true,
																						"width": 230,
																						"helpText": "",
																						"helpURL": "",
																						"helpFormat": "HTML Format",
																						"helpIconPosition": "Right",
																						"enableRoundedStyle": false,
																						"enablePlusMinus": false,
																						"browsable": false,
																						"readonly": true
																					},
																					"stamp": 34
																				},
																				"LabelNumberOfItems__": {
																					"type": "Label",
																					"data": [
																						"NumberOfItems__"
																					],
																					"options": {
																						"label": "_NumberOfItems",
																						"version": 0
																					},
																					"stamp": 152
																				},
																				"NumberOfItems__": {
																					"type": "Integer",
																					"data": [
																						"NumberOfItems__"
																					],
																					"options": {
																						"version": 2,
																						"textSize": "S",
																						"textAlignment": "left",
																						"textStyle": "default",
																						"textColor": "default",
																						"integer": true,
																						"label": "_NumberOfItems",
																						"precision_internal": 0,
																						"precision_current": 0,
																						"activable": true,
																						"width": 230,
																						"helpText": "",
																						"helpURL": "",
																						"helpFormat": "HTML Format",
																						"helpIconPosition": "Right",
																						"enableRoundedStyle": false,
																						"enablePlusMinus": false,
																						"readonly": true,
																						"browsable": false
																					},
																					"stamp": 153
																				},
																				"LabelExportDescription__": {
																					"type": "Label",
																					"data": [
																						"ExportDescription__"
																					],
																					"options": {
																						"label": "_ExportDescription",
																						"version": 0
																					},
																					"stamp": 150
																				},
																				"ExportDescription__": {
																					"type": "LongText",
																					"data": [
																						"ExportDescription__"
																					],
																					"options": {
																						"textSize": "S",
																						"textAlignment": "left",
																						"textStyle": "default",
																						"textColor": "default",
																						"version": 1,
																						"minNbLines": 3,
																						"label": "_ExportDescription",
																						"activable": true,
																						"width": 230
																					},
																					"stamp": 151
																				}
																			},
																			"stamp": 16
																		}
																	},
																	"stamp": 15,
																	"data": []
																}
															},
															"stamp": 14,
															"data": []
														}
													}
												},
												"form-content-left-6": {
													"type": "FlexibleFormLine",
													"data": [],
													"options": {
														"version": 0
													},
													"stamp": 127,
													"*": {
														"DocumentsPanel": {
															"type": "PanelDocument",
															"options": {
																"version": 0,
																"border": {},
																"labelLength": 0,
																"iconURL": "",
																"TitleFontSize": "L",
																"hideActionButtons": true,
																"hideTitleBar": false,
																"hideTitle": false,
																"sameHeightAsSiblings": false,
																"label": "_Documents",
																"hidden": false,
																"isSvgIcon": false
															},
															"*": {
																"Document": {
																	"data": [
																		"documentscontroldata"
																	],
																	"type": "Documents",
																	"options": {
																		"downloadButton": true,
																		"previewButton": false,
																		"version": 0
																	},
																	"stamp": 10
																}
															},
															"stamp": 9,
															"data": []
														}
													}
												}
											},
											"stamp": 12,
											"data": []
										},
										"form-content-right": {
											"type": "FlexibleFormSplitter",
											"options": {
												"version": 1,
												"box": {
													"top": "0%",
													"left": "45%",
													"width": "55%",
													"height": null
												},
												"hidden": true
											},
											"*": {
												"form-content-right-1": {
													"type": "FlexibleFormLine",
													"options": {
														"version": 0
													},
													"*": {
														"PreviewPanel": {
															"type": "PanelPreview",
															"options": {
																"border": {},
																"version": 0,
																"labelLength": 0,
																"iconURL": "",
																"TitleFontSize": "S",
																"hideActionButtons": false,
																"hideTitleBar": false,
																"hideTitle": false,
																"sameHeightAsSiblings": false,
																"label": "_Document Preview",
																"hidden": true
															},
															"*": {
																"Preview": {
																	"data": [
																		"previewdata"
																	],
																	"type": "Preview",
																	"options": {
																		"version": 0
																	},
																	"stamp": 24
																}
															},
															"stamp": 23,
															"data": []
														}
													},
													"stamp": 22,
													"data": []
												}
											},
											"stamp": 21,
											"data": []
										}
									},
									"stamp": 11,
									"data": []
								}
							},
							"stamp": 6,
							"data": []
						}
					},
					"stamp": 5,
					"data": []
				},
				"form-footer": {
					"type": "FlexibleFormFooter",
					"options": {
						"splitterType": "simple-h",
						"version": 0,
						"maxwidth": 1024
					},
					"*": {
						"Save": {
							"type": "SubmitButton",
							"options": {
								"label": "_Save",
								"action": "save",
								"submit": true,
								"version": 0,
								"textSize": "S",
								"textPosition": "text-right",
								"textStyle": "default",
								"textColor": "default",
								"iconColor": "default",
								"nextprocess": {
									"processName": "Advanced Shipping Notice",
									"attachmentsMode": "all",
									"willBeChild": true,
									"returnToOriginalUrl": false
								},
								"urlImageOverlay": "",
								"buttonLabel": "",
								"isRounded": false,
								"isOutline": false,
								"url": "",
								"position": null,
								"hidden": true
							},
							"stamp": 26,
							"data": []
						},
						"Approve": {
							"type": "SubmitButton",
							"options": {
								"label": "_Approve",
								"action": "approve",
								"submit": true,
								"version": 0,
								"textSize": "S",
								"textPosition": "text-right",
								"textStyle": "default",
								"textColor": "default",
								"iconColor": "default",
								"nextprocess": {
									"processName": "Advanced Shipping Notice",
									"attachmentsMode": "all",
									"willBeChild": true,
									"returnToOriginalUrl": false
								},
								"urlImageOverlay": "",
								"buttonLabel": "",
								"isRounded": false,
								"isOutline": false,
								"url": "",
								"position": null,
								"hidden": true
							},
							"stamp": 27,
							"data": []
						},
						"Reject": {
							"type": "SubmitButton",
							"options": {
								"label": "_Reject",
								"action": "reject",
								"submit": true,
								"version": 0,
								"textSize": "S",
								"textPosition": "text-right",
								"textStyle": "default",
								"textColor": "default",
								"iconColor": "default",
								"nextprocess": {
									"processName": "Advanced Shipping Notice",
									"attachmentsMode": "all",
									"willBeChild": true,
									"returnToOriginalUrl": false
								},
								"urlImageOverlay": "",
								"buttonLabel": "",
								"isRounded": false,
								"isOutline": false,
								"url": "",
								"position": null,
								"hidden": true
							},
							"stamp": 28,
							"data": []
						},
						"Reprocess": {
							"type": "SubmitButton",
							"options": {
								"label": "_Reprocess",
								"action": "reprocess",
								"submit": true,
								"version": 0,
								"textSize": "S",
								"textPosition": "text-right",
								"textStyle": "default",
								"textColor": "default",
								"iconColor": "default",
								"nextprocess": {
									"processName": "Advanced Shipping Notice",
									"attachmentsMode": "all",
									"willBeChild": true,
									"returnToOriginalUrl": false
								},
								"urlImageOverlay": "",
								"buttonLabel": "",
								"isRounded": false,
								"isOutline": false,
								"url": "",
								"position": null,
								"hidden": true
							},
							"stamp": 29,
							"data": []
						},
						"Run_Export": {
							"type": "SubmitButton",
							"data": false,
							"options": {
								"textSize": "S",
								"label": "_Run_Export",
								"textPosition": "text-right",
								"textStyle": "default",
								"textColor": "default",
								"iconColor": "default",
								"nextprocess": {
									"processName": "Advanced Shipping Notice",
									"attachmentsMode": "all",
									"willBeChild": true,
									"returnToOriginalUrl": false
								},
								"urlImageOverlay": "",
								"style": 1,
								"buttonLabel": "",
								"isRounded": true,
								"isOutline": false,
								"url": "",
								"position": null,
								"action": "none",
								"version": 0
							},
							"stamp": 80
						},
						"Close": {
							"type": "SubmitButton",
							"options": {
								"label": "_Close",
								"action": "cancel",
								"submit": true,
								"version": 0,
								"textSize": "S",
								"textPosition": "text-right",
								"textStyle": "default",
								"textColor": "default",
								"iconColor": "default",
								"nextprocess": {
									"processName": "Advanced Shipping Notice",
									"attachmentsMode": "all",
									"willBeChild": true,
									"returnToOriginalUrl": false
								},
								"urlImageOverlay": "",
								"style": 1,
								"buttonLabel": "",
								"isRounded": true,
								"isOutline": true,
								"url": "",
								"position": null
							},
							"stamp": 30,
							"data": []
						}
					},
					"stamp": 25,
					"data": []
				}
			},
			"stamp": 3,
			"data": []
		}
	},
	"stamps": 159,
	"data": []
}</layout>
    </ui>
  </properties>
  <field deleted="0" format="" guid="PFUHG0000SG1" id="HU3652000SG7" label="_CompanyCode_report" length="50" name="CompanyCode__" originalProcessID="M59IG0000SG1" precision="0" processid="GU3652000SG7" submitable="1" type="STR">
    <properties>
      <db>
        <alias>AHU3652000SG7</alias>
        <noxml>1</noxml>
        <fullname>/job/processfields/CompanyCode__</fullname>
        <defaultvalue>
        </defaultvalue>
        <RecordLastWrite>2022-10-25 17:09:30</RecordLastWrite>
      </db>
      <extrainfo>
        <Label>_CompanyCode_report</Label>
        <Alias>AHU3652000SG7</Alias>
        <ProcessFieldVersion vartype="INT">1</ProcessFieldVersion>
      </extrainfo>
      <gdr>
        <VarType>Area</VarType>
        <DisableAutolearn>1</DisableAutolearn>
      </gdr>
      <help>
        <helpData>{"helpText":"","helpURL":"","helpFormat":"HTML Format","helpIconPosition":"Right"}</helpData>
      </help>
      <ui>
        <_type>String</_type>
        <automatic>true</automatic>
      </ui>
    </properties>
  </field>
  <field deleted="0" format="" guid="JPEJG0000SG1" id="IU3652000SG7" label="_ExportDate_report" length="0" name="ExportDate__" originalProcessID="M59IG0000SG1" precision="0" processid="GU3652000SG7" submitable="1" type="DATETIME">
    <properties>
      <db>
        <alias>AIU3652000SG7</alias>
        <noxml>1</noxml>
        <fullname>/job/processfields/ExportDate__</fullname>
        <defaultvalue>
        </defaultvalue>
        <RecordLastWrite>2022-10-25 17:09:30</RecordLastWrite>
      </db>
      <extrainfo>
        <Label>_ExportDate_report</Label>
        <Alias>AIU3652000SG7</Alias>
        <ProcessFieldVersion vartype="INT">1</ProcessFieldVersion>
      </extrainfo>
      <gdr>
        <DisableAutolearn>1</DisableAutolearn>
      </gdr>
      <help>
        <helpData>{"helpText":"","helpURL":"","helpFormat":"HTML Format","helpIconPosition":"Right"}</helpData>
      </help>
      <ui>
        <_type>Date</_type>
        <automatic>true</automatic>
      </ui>
    </properties>
  </field>
  <field deleted="0" format="" guid="FW8IG0000SG1" id="JU3652000SG7" label="_ExportDescription" length="32766" name="ExportDescription__" originalProcessID="M59IG0000SG1" precision="0" processid="GU3652000SG7" submitable="1" type="STR">
    <properties>
      <db>
        <alias>AJU3652000SG7</alias>
        <noxml>1</noxml>
        <fullname>/job/processfields/ExportDescription__</fullname>
        <defaultvalue>
        </defaultvalue>
        <RecordLastWrite>2022-10-25 17:09:30</RecordLastWrite>
      </db>
      <extrainfo>
        <Label>_ExportDescription</Label>
        <Alias>AJU3652000SG7</Alias>
        <ProcessFieldVersion vartype="INT">1</ProcessFieldVersion>
      </extrainfo>
      <gdr>
        <DisableAutolearn>1</DisableAutolearn>
      </gdr>
      <ui>
        <_type>String</_type>
        <automatic>true</automatic>
      </ui>
    </properties>
  </field>
  <field deleted="0" format="" guid="GW8IG0000SG1" id="KU3652000SG7" label="_NumberOfItems" length="0" name="NumberOfItems__" originalProcessID="M59IG0000SG1" precision="0" processid="GU3652000SG7" submitable="1" type="INT">
    <properties>
      <db>
        <alias>AKU3652000SG7</alias>
        <noxml>1</noxml>
        <fullname>/job/processfields/NumberOfItems__</fullname>
        <defaultvalue>
        </defaultvalue>
        <RecordLastWrite>2022-10-25 17:09:30</RecordLastWrite>
      </db>
      <extrainfo>
        <Label>_NumberOfItems</Label>
        <Alias>AKU3652000SG7</Alias>
        <ProcessFieldVersion vartype="INT">1</ProcessFieldVersion>
      </extrainfo>
      <gdr>
        <VarType>Area</VarType>
        <DisableAutolearn>1</DisableAutolearn>
      </gdr>
      <help>
        <helpData>{"helpText":"","helpURL":"","helpFormat":"HTML Format","helpIconPosition":"Right"}</helpData>
      </help>
      <ui>
        <_type>Number</_type>
        <automatic>true</automatic>
      </ui>
    </properties>
  </field>
  <field deleted="0" format="" guid="P59IG0000SG1" id="LU3652000SG7" label="_NumberOfRows_report" length="0" name="NumberOfRows__" originalProcessID="M59IG0000SG1" precision="0" processid="GU3652000SG7" submitable="1" type="INT">
    <properties>
      <db>
        <alias>ALU3652000SG7</alias>
        <noxml>1</noxml>
        <fullname>/job/processfields/NumberOfRows__</fullname>
        <defaultvalue>
        </defaultvalue>
        <RecordLastWrite>2022-10-25 17:09:30</RecordLastWrite>
      </db>
      <extrainfo>
        <Label>_NumberOfRows_report</Label>
        <Alias>ALU3652000SG7</Alias>
        <ProcessFieldVersion vartype="INT">1</ProcessFieldVersion>
      </extrainfo>
      <gdr>
        <VarType>Area</VarType>
        <DisableAutolearn>1</DisableAutolearn>
      </gdr>
      <help>
        <helpData>{"helpText":"","helpURL":"","helpFormat":"HTML Format","helpIconPosition":"Right"}</helpData>
      </help>
      <ui>
        <_type>Number</_type>
        <automatic>true</automatic>
      </ui>
    </properties>
  </field>
  <field deleted="0" format="" guid="QFUHG0000SG1" id="MU3652000SG7" label="_WarehouseID_report" length="50" name="WarehouseID__" originalProcessID="M59IG0000SG1" precision="0" processid="GU3652000SG7" submitable="1" type="STR">
    <properties>
      <db>
        <alias>AMU3652000SG7</alias>
        <noxml>1</noxml>
        <fullname>/job/processfields/WarehouseID__</fullname>
        <defaultvalue>
        </defaultvalue>
        <RecordLastWrite>2022-10-25 17:09:30</RecordLastWrite>
      </db>
      <extrainfo>
        <Label>_WarehouseID_report</Label>
        <Alias>AMU3652000SG7</Alias>
        <ProcessFieldVersion vartype="INT">1</ProcessFieldVersion>
      </extrainfo>
      <gdr>
        <VarType>Area</VarType>
        <DisableAutolearn>1</DisableAutolearn>
      </gdr>
      <help>
        <helpData>{"helpText":"","helpURL":"","helpFormat":"HTML Format","helpIconPosition":"Right"}</helpData>
      </help>
      <ui>
        <_type>String</_type>
        <automatic>true</automatic>
      </ui>
    </properties>
  </field>
  <field deleted="0" format="" guid="RFUHG0000SG1" id="NU3652000SG7" label="_WarehouseName_report" length="50" name="WarehouseName__" originalProcessID="M59IG0000SG1" precision="0" processid="GU3652000SG7" submitable="1" type="STR">
    <properties>
      <db>
        <alias>ANU3652000SG7</alias>
        <noxml>1</noxml>
        <fullname>/job/processfields/WarehouseName__</fullname>
        <defaultvalue>
        </defaultvalue>
        <RecordLastWrite>2022-10-25 17:09:30</RecordLastWrite>
      </db>
      <extrainfo>
        <Label>_WarehouseName_report</Label>
        <Alias>ANU3652000SG7</Alias>
        <ProcessFieldVersion vartype="INT">1</ProcessFieldVersion>
      </extrainfo>
      <gdr>
        <VarType>Area</VarType>
        <DisableAutolearn>1</DisableAutolearn>
      </gdr>
      <help>
        <helpData>{"helpText":"","helpURL":"","helpFormat":"HTML Format","helpIconPosition":"Right"}</helpData>
      </help>
      <ui>
        <_type>String</_type>
        <automatic>true</automatic>
      </ui>
    </properties>
  </field>
  <type id="RJRH13130EF" name="CD">
  </type>
</process>