﻿<?xml version="1.0" encoding="UTF-8" standalone="no"?>
<process accountid="20063076" allowrepairprocess="0" builtin="0" builtinversion="0" carriesapplicationversion="0" creationdatetime="2022-10-25 17:04:53" deleted="0" eskerapplication="" global="0" id="ZXW552000SG7" keepcustomization="0" keepfieldsonly="0" keepfieldsproperties="0" keepnewcontroloptions="0" migrationversion="4" name="P2P - Free Dimension1__" needvalidation="1" ootofilter="" ootoversion="1" originalProcessID="U7O4FP000PA9" ownerid="cn=admin_p2p@paragon-cc.fr,ou=DEV,ou=TrainingP2P,ou=DEMO_JULIEN,ou=05284299,ou=ESK,s=eoo" ownerpb="OnDemand AddressBook" public="1" pushnotification="0" reuseengine="0" sprintversion="5.261.0" transportname="CustomTable" upgradable="1" userid="0" version="1" visibility="0">
  <properties>
    <dbIndex>
      <AUTO_AAYW552000SG7A>&lt;Index&gt;&lt;Ref Name="AAYW552000SG7" Option="ASC"/&gt;&lt;/Index&gt;</AUTO_AAYW552000SG7A>
      <AUTO_ABYW552000SG7A>&lt;Index&gt;&lt;Ref Name="ABYW552000SG7" Option="ASC"/&gt;&lt;/Index&gt;</AUTO_ABYW552000SG7A>
    </dbIndex>
    <gdr>
    </gdr>
    <lg>
      <process_de>{
	"_Code": "ID der benutzerdefinierten Dimension",
	"_Code_report": "ID der benutzerdefinierten Dimension",
	"_CompanyCode": "Buchungskreis",
	"_CompanyCode_report": "Buchungskreis",
	"_Description": "Beschreibung",
	"_Description_report": "Beschreibung",
	"P2P - Free Dimension1__": "P2P - Benutzerdefinierte Dimension 1"
}</process_de>
      <process_JA>{
	"_Code": "カスタムサイズID",
	"_Code_report": "カスタムサイズID",
	"_CompanyCode": "会社コード",
	"_CompanyCode_report": "会社コード",
	"_Description": "説明",
	"_Description_report": "説明",
	"P2P - Free Dimension1__": "P2P - カスタムサイズ 1"
}</process_JA>
      <process_en>{
	"_Code": "Custom dimension ID",
	"_Code_report": "Custom dimension ID",
	"_CompanyCode": "Company code",
	"_CompanyCode_report": "Company code",
	"_Description": "Description",
	"_Description_report": "Description",
	"P2P - Free Dimension1__": "P2P - Custom dimension 1"
}</process_en>
      <process_es>{
	"_Code": "ID de la dimensión personalizada",
	"_Code_report": "ID de la dimensión personalizada",
	"_CompanyCode": "Código de empresa",
	"_CompanyCode_report": "Código de empresa",
	"_Description": "Descripción",
	"_Description_report": "Descripción",
	"P2P - Free Dimension1__": "P2P - Dimensión personalizada 1"
}</process_es>
      <process_fr>{
	"_Code": "ID de l'axe analytique personnalisé",
	"_Code_report": "ID de l'axe analytique personnalisé",
	"_CompanyCode": "Code société",
	"_CompanyCode_report": "Code société",
	"_Description": "Description",
	"_Description_report": "Description",
	"P2P - Free Dimension1__": "P2P - Axe analytique personnalisé 1"
}</process_fr>
      <process_nl-NL>{
	"_Code": "ID aangepaste dimensie ",
	"_Code_report": "ID aangepaste dimensie",
	"_CompanyCode": "Bedrijfscode",
	"_CompanyCode_report": "Bedrijfscode",
	"_Description": "Beschrijving",
	"_Description_report": "Beschrijving",
	"P2P - Free Dimension1__": "P2P - Aangepaste dimensie 1"
}</process_nl-NL>
      <process_it>{
	"_Code": "ID dimensione personalizzata",
	"_Code_report": "ID dimensione personalizzata",
	"_CompanyCode": "Codice società",
	"_CompanyCode_report": "Codice società",
	"_Description": "Descrizione",
	"_Description_report": "Descrizione",
	"P2P - Free Dimension1__": "P2P - Dimensione personalizzata 1"
}</process_it>
      <process_zh-CN>{
	"_Code": "自定义范围 ID",
	"_Code_report": "自定义范围 ID",
	"_CompanyCode": "公司代码",
	"_CompanyCode_report": "公司代码",
	"_Description": "说明",
	"_Description_report": "说明",
	"P2P - Free Dimension1__": "采购到支付 - 自定义范围 1"
}</process_zh-CN>
      <process_pt-BR>{
	"_Code": "ID de dimensão personalizada",
	"_Code_report": "ID de dimensão personalizada",
	"_CompanyCode": "Código da empresa",
	"_CompanyCode_report": "Código da empresa",
	"_Description": "Descrição",
	"_Description_report": "Descrição",
	"P2P - Free Dimension1__": "P2P - Dimensão personalizada 1"
}</process_pt-BR>
    </lg>
    <process>
      <BUColumn>CompanyCode__</BUColumn>
      <flowtype>processing</flowtype>
      <EnableNegativeNumbersBetweenBrackets>true</EnableNegativeNumbersBetweenBrackets>
      <homepagelabel>P2P - Free Dimension</homepagelabel>
      <instanciable>1</instanciable>
      <enablerounddecimal>true</enablerounddecimal>
      <OverrideAllowedAttachmentExtensions>*</OverrideAllowedAttachmentExtensions>
      <UseActionNameWithScriptApproval>true</UseActionNameWithScriptApproval>
      <AllowUploadAttachment>0</AllowUploadAttachment>
      <AllowUploadReferenceDocument>0</AllowUploadReferenceDocument>
      <shouldRollbackManualRecordEdits>true</shouldRollbackManualRecordEdits>
      <shouldShowManualEditsWarning>false</shouldShowManualEditsWarning>
      <UseCultureFormat>true</UseCultureFormat>
      <TransportName>CustomTable</TransportName>
      <LayoutVersion>1.0</LayoutVersion>
    </process>
    <ui>
      <layout>{
	"*": {
		"Screen": {
			"type": "FlexibleFormLayout",
			"options": {
				"splitterType": "simple-v",
				"version": 0,
				"backColor": "text-backgroundcolor-default",
				"style": null
			},
			"*": {
				"form-header": {
					"type": "FlexibleFormHeader",
					"options": {
						"hidePanelsMenu": false,
						"version": 0
					},
					"stamp": 1,
					"data": []
				},
				"form-center": {
					"type": "FlexibleFormCenter",
					"options": {
						"version": 0
					},
					"*": {
						"form-content": {
							"type": "FlexibleFormContent",
							"options": {
								"version": 0
							},
							"*": {
								"form-content-center": {
									"type": "FlexibleFormSplitter",
									"options": {
										"version": 1,
										"box": {
											"top": "0%",
											"left": "0%",
											"width": "100%"
										},
										"hidden": false,
										"hideSeparator": true
									},
									"*": {
										"form-content-center-1": {
											"type": "FlexibleFormLine",
											"data": [],
											"options": {},
											"stamp": 2,
											"*": {
												"DataPanel": {
													"type": "PanelData",
													"options": {
														"border": {},
														"version": 0,
														"labelLength": 0,
														"iconURL": "",
														"TitleFontSize": "S",
														"hideActionButtons": false,
														"hideTitleBar": false,
														"hideTitle": false,
														"sameHeightAsSiblings": false,
														"backgroundcolor": "default",
														"labelsAlignment": "right",
														"label": "_Document data"
													},
													"*": {
														"FieldsManager": {
															"type": "FieldsManager",
															"options": {
																"controlsAssociation": {
																	"CompanyCode__": "LabelCompanyCode__",
																	"LabelCompanyCode__": "CompanyCode__",
																	"Code__": "LabelCode__",
																	"LabelCode__": "Code__",
																	"Description__": "LabelDescription__",
																	"LabelDescription__": "Description__"
																},
																"version": 0
															},
															"*": {
																"Grid": {
																	"type": "GridLayout",
																	"options": {
																		"lines": 3,
																		"columns": 2,
																		"version": 0,
																		"ctrlsPos": {
																			"CompanyCode__": {
																				"line": 1,
																				"column": 2
																			},
																			"LabelCompanyCode__": {
																				"line": 1,
																				"column": 1
																			},
																			"Code__": {
																				"line": 2,
																				"column": 2
																			},
																			"LabelCode__": {
																				"line": 2,
																				"column": 1
																			},
																			"Description__": {
																				"line": 3,
																				"column": 2
																			},
																			"LabelDescription__": {
																				"line": 3,
																				"column": 1
																			}
																		},
																		"colspans": [
																			[],
																			[],
																			[]
																		]
																	},
																	"data": [
																		"fields"
																	],
																	"*": {
																		"LabelCompanyCode__": {
																			"type": "Label",
																			"data": [
																				"CompanyCode__"
																			],
																			"options": {
																				"label": "_CompanyCode"
																			},
																			"stamp": 3
																		},
																		"CompanyCode__": {
																			"type": "DatabaseComboBox",
																			"data": [
																				"CompanyCode__"
																			],
																			"options": {
																				"version": 1,
																				"autoCompleteSearchMode": "startswith",
																				"searchMode": "matches",
																				"label": "_CompanyCode",
																				"activable": true,
																				"width": 230,
																				"helpText": "",
																				"helpURL": "",
																				"helpFormat": "HTML Format",
																				"helpIconPosition": "Right",
																				"minNbLines": 1,
																				"maxNbLines": 1,
																				"PreFillFTS": true,
																				"fTSmaxRecords": "20",
																				"browsable": true
																			},
																			"stamp": 4
																		},
																		"LabelCode__": {
																			"type": "Label",
																			"data": [
																				"Code__"
																			],
																			"options": {
																				"label": "_Code"
																			},
																			"stamp": 5
																		},
																		"Code__": {
																			"type": "ShortText",
																			"data": [
																				"Code__"
																			],
																			"options": {
																				"textSize": "S",
																				"textAlignment": "left",
																				"textStyle": "default",
																				"textColor": "default",
																				"version": 1,
																				"label": "_Code",
																				"activable": true,
																				"width": 230,
																				"helpText": "",
																				"helpURL": "",
																				"helpFormat": "HTML Format",
																				"helpIconPosition": "Right",
																				"length": 500,
																				"browsable": false,
																				"autocompletable": false
																			},
																			"stamp": 6
																		},
																		"LabelDescription__": {
																			"type": "Label",
																			"data": [
																				"Description__"
																			],
																			"options": {
																				"label": "_Description"
																			},
																			"stamp": 7
																		},
																		"Description__": {
																			"type": "ShortText",
																			"data": [
																				"Description__"
																			],
																			"options": {
																				"textSize": "S",
																				"textAlignment": "left",
																				"textStyle": "default",
																				"textColor": "default",
																				"version": 1,
																				"label": "_Description",
																				"activable": true,
																				"width": 230,
																				"helpText": "",
																				"helpURL": "",
																				"helpFormat": "HTML Format",
																				"helpIconPosition": "Right",
																				"length": 500,
																				"browsable": false
																			},
																			"stamp": 8
																		}
																	},
																	"stamp": 9
																}
															},
															"stamp": 10,
															"data": []
														}
													},
													"stamp": 11,
													"data": []
												}
											}
										}
									},
									"stamp": 12,
									"data": []
								}
							},
							"stamp": 13,
							"data": []
						}
					},
					"stamp": 14,
					"data": []
				},
				"form-footer": {
					"type": "FlexibleFormFooter",
					"options": {
						"splitterType": "simple-h",
						"version": 0
					},
					"*": {
						"Save": {
							"type": "SubmitButton",
							"options": {
								"label": "_Save",
								"action": "savequit",
								"submit": true,
								"version": 0,
								"shortCut": "S"
							},
							"stamp": 15,
							"data": []
						},
						"Close": {
							"type": "SubmitButton",
							"options": {
								"label": "_Close",
								"action": "cancel",
								"submit": true,
								"version": 0,
								"shortCut": "Q"
							},
							"stamp": 16,
							"data": []
						},
						"Delete": {
							"type": "SubmitButton",
							"options": {
								"label": "_Delete",
								"action": "delete",
								"submit": true,
								"version": 0,
								"disabled": true
							},
							"stamp": 17,
							"data": []
						}
					},
					"stamp": 18,
					"data": []
				}
			},
			"stamp": 19,
			"data": []
		}
	},
	"stamps": 19,
	"data": []
}</layout>
    </ui>
  </properties>
  <field deleted="0" format="" guid="W7O4FP000PA9" id="AYW552000SG7" label="_Code_report" length="500" name="Code__" originalProcessID="U7O4FP000PA9" precision="0" processid="ZXW552000SG7" submitable="1" type="STR">
    <properties>
      <db>
        <alias>AAYW552000SG7</alias>
        <index vartype="INT">1</index>
        <noxml>1</noxml>
        <fullname>/job/processfields/Code__</fullname>
        <defaultvalue>
        </defaultvalue>
        <RecordLastWrite>2022-10-25 17:04:52</RecordLastWrite>
      </db>
      <extrainfo>
        <Label>_Code_report</Label>
        <Alias>AAYW552000SG7</Alias>
        <ProcessFieldVersion vartype="INT">1</ProcessFieldVersion>
      </extrainfo>
      <gdr>
        <VarType>Area</VarType>
      </gdr>
      <help>
        <helpData>{"helpText":"","helpURL":"","helpFormat":"HTML Format","helpIconPosition":"Right"}</helpData>
      </help>
      <ui>
        <_type>String</_type>
        <automatic>true</automatic>
      </ui>
    </properties>
  </field>
  <field deleted="0" format="" guid="V7O4FP000PA9" id="BYW552000SG7" label="_CompanyCode_report" length="500" name="CompanyCode__" originalProcessID="U7O4FP000PA9" precision="0" processid="ZXW552000SG7" submitable="1" type="STR">
    <properties>
      <db>
        <alias>ABYW552000SG7</alias>
        <index vartype="INT">1</index>
        <noxml>1</noxml>
        <fullname>/job/processfields/CompanyCode__</fullname>
        <defaultvalue>
        </defaultvalue>
        <RecordLastWrite>2022-10-25 17:04:52</RecordLastWrite>
      </db>
      <extrainfo>
        <Label>_CompanyCode_report</Label>
        <Alias>ABYW552000SG7</Alias>
        <ProcessFieldVersion vartype="INT">1</ProcessFieldVersion>
      </extrainfo>
      <field>
        <Editable>true</Editable>
        <TableName>CT#ECW552000SG7</TableName>
        <SortOrder>
        </SortOrder>
        <DisplayedColumns>CompanyCode__</DisplayedColumns>
        <DisplayedColumnsIds>
        </DisplayedColumnsIds>
        <UseTableForAutolearn>false</UseTableForAutolearn>
        <SavedColumn>CompanyCode__</SavedColumn>
        <SavedColumnId>
        </SavedColumnId>
        <ExposedColumns>
        </ExposedColumns>
        <ProcessName>PurchasingCompanycodes__</ProcessName>
        <KeyColumnId>
        </KeyColumnId>
        <KeyAttribute>
        </KeyAttribute>
        <CustomFilter>
        </CustomFilter>
      </field>
      <help>
        <helpData>{"helpText":"","helpURL":"","helpFormat":"HTML Format","helpIconPosition":"Right"}</helpData>
      </help>
      <ui>
        <_type>String</_type>
        <automatic>true</automatic>
      </ui>
    </properties>
  </field>
  <field deleted="0" format="" guid="X7O4FP000PA9" id="CYW552000SG7" label="_Description_report" length="40" name="Description__" originalProcessID="U7O4FP000PA9" precision="0" processid="ZXW552000SG7" submitable="1" type="STR">
    <properties>
      <db>
        <alias>ACYW552000SG7</alias>
        <noxml>1</noxml>
        <fullname>/job/processfields/Description__</fullname>
        <defaultvalue>
        </defaultvalue>
        <RecordLastWrite>2022-10-25 17:04:52</RecordLastWrite>
      </db>
      <extrainfo>
        <Label>_Description_report</Label>
        <Alias>ACYW552000SG7</Alias>
        <ProcessFieldVersion vartype="INT">1</ProcessFieldVersion>
      </extrainfo>
      <gdr>
        <VarType>Area</VarType>
      </gdr>
      <help>
        <helpData>{"helpText":"","helpURL":"","helpFormat":"HTML Format","helpIconPosition":"Right"}</helpData>
      </help>
      <ui>
        <_type>String</_type>
        <automatic>true</automatic>
      </ui>
    </properties>
  </field>
  <type id="JLLP13130F1" name="CT">
  </type>
</process>