﻿<?xml version="1.0" encoding="UTF-8" standalone="no"?>
<process accountid="20063076" allowrepairprocess="0" builtin="0" builtinversion="0" carriesapplicationversion="0" creationdatetime="2022-10-25 17:02:32" deleted="0" eskerapplication="" global="0" id="XGN352000SG7" keepcustomization="0" keepfieldsonly="0" keepfieldsproperties="0" keepnewcontroloptions="0" migrationversion="4" name="DD - Email response templates__" needvalidation="0" ootofilter="" ootoversion="1" originalProcessID="JF3LG0000PA9" ownerid="cn=admin_p2p@paragon-cc.fr,ou=DEV,ou=TrainingP2P,ou=DEMO_JULIEN,ou=05284299,ou=ESK,s=eoo" ownerpb="OnDemand AddressBook" public="1" pushnotification="0" reuseengine="0" sprintversion="5.261.0" transportname="CustomTable" upgradable="1" userid="0" version="1" visibility="1">
  <properties>
    <gdr>
    </gdr>
    <lg>
      <process_de>{
	"DD - Email response templates": "Nachrichtenvorlagen",
	"Family__": "Dokumentenfamilie",
	"Name__": "Name der Nachrichtenvorlage",
	"Template__": "Nachrichtentext"
}</process_de>
      <process_ja>{
	"DD - Email response templates": "メッセージテンプレート",
	"Family__": "ドキュメントの系列",
	"Name__": "メッセージテンプレート名",
	"Template__": "メッセージ本文"
}</process_ja>
      <process_en>{
	"DD - Email response templates": "Message templates",
	"Family__": "Document family",
	"Name__": "Message template name",
	"Template__": "Message body"
}</process_en>
      <process_es>{
	"DD - Email response templates": "Plantillas de mensajes",
	"Family__": "Familia de documentos",
	"Name__": "Nombre de la plantilla de mensaje",
	"Template__": "Cuerpo del mensaje"
}</process_es>
      <process_fr>{
	"DD - Email response templates": "Modèles de messages",
	"Family__": "Famille de documents",
	"Name__": "Nom du modèle de message",
	"Template__": "Corps du message"
}</process_fr>
      <process_nl-NL>{
	"DD - Email response templates": "Berichtsjablonen",
	"Family__": "Documentfamilie",
	"Name__": "Naam berichtsjabloon",
	"Template__": "Bericht"
}</process_nl-NL>
      <process_it>{
	"DD - Email response templates": "Modelli di messaggio",
	"Family__": "Famiglia di documenti",
	"Name__": "Nome del modello di messaggio",
	"Template__": "Corpo del messaggio"
}</process_it>
      <process_zh-CN>{
	"DD - Email response templates": "消息模板",
	"Family__": "文档系列",
	"Name__": "消息模板名称",
	"Template__": "消息正文"
}</process_zh-CN>
      <process_pt-BR>{
	"DD - Email response templates": "Modelos de mensagem",
	"Family__": "Família de documentos",
	"Name__": "Nome do modelo de mensagem",
	"Template__": "Corpo da mensagem"
}</process_pt-BR>
      <process_pt>{
	"DD - Email response templates": "Modelos de mensagem",
	"Family__": "Família de documentos",
	"Name__": "Nome do modelo de mensagem",
	"Template__": "Corpo da mensagem"
}</process_pt>
    </lg>
    <process>
      <flowtype>processing</flowtype>
      <EnableNegativeNumbersBetweenBrackets>true</EnableNegativeNumbersBetweenBrackets>
      <homepagelabel>DD - Email response templates</homepagelabel>
      <instanciable>1</instanciable>
      <enablerounddecimal>true</enablerounddecimal>
      <OverrideAllowedAttachmentExtensions>*</OverrideAllowedAttachmentExtensions>
      <UseActionNameWithScriptApproval>true</UseActionNameWithScriptApproval>
      <AllowUploadAttachment>0</AllowUploadAttachment>
      <AllowUploadReferenceDocument>0</AllowUploadReferenceDocument>
      <shouldRollbackManualRecordEdits>true</shouldRollbackManualRecordEdits>
      <shouldShowManualEditsWarning>false</shouldShowManualEditsWarning>
      <UseCultureFormat>true</UseCultureFormat>
      <TransportName>CustomTable</TransportName>
      <LayoutVersion>1.0</LayoutVersion>
    </process>
    <ui>
      <CustomScript>
      </CustomScript>
      <layout>{
	"*": {
		"Screen": {
			"type": "FlexibleFormLayout",
			"options": {
				"splitterType": "simple-v",
				"version": 0,
				"backColor": "text-backgroundcolor-default",
				"style": null
			},
			"*": {
				"form-header": {
					"type": "FlexibleFormHeader",
					"options": {
						"hidePanelsMenu": false,
						"version": 0
					},
					"stamp": 2,
					"data": []
				},
				"form-center": {
					"type": "FlexibleFormCenter",
					"options": {
						"version": 0
					},
					"*": {
						"form-content": {
							"type": "FlexibleFormContent",
							"options": {
								"version": 0
							},
							"*": {
								"form-content-center": {
									"type": "FlexibleFormSplitter",
									"options": {
										"version": 1,
										"box": {
											"top": "0%",
											"left": "0%",
											"width": "100%"
										},
										"hidden": false,
										"hideSeparator": true
									},
									"*": {
										"form-content-center-1": {
											"type": "FlexibleFormLine",
											"data": [],
											"options": {},
											"stamp": 9,
											"*": {
												"DataPanel": {
													"type": "PanelData",
													"options": {
														"border": {},
														"version": 0,
														"labelLength": 0,
														"iconURL": "",
														"TitleFontSize": "S",
														"hideActionButtons": false,
														"hideTitleBar": false,
														"hideTitle": false,
														"sameHeightAsSiblings": false,
														"backgroundcolor": "default",
														"labelsAlignment": "right",
														"label": "_Document data"
													},
													"*": {
														"FieldsManager": {
															"type": "FieldsManager",
															"options": {
																"controlsAssociation": {
																	"Name__": "LabelName__",
																	"LabelName__": "Name__",
																	"Family__": "LabelFamily__",
																	"LabelFamily__": "Family__",
																	"Template__": "LabelTemplate__",
																	"LabelTemplate__": "Template__"
																},
																"version": 0
															},
															"*": {
																"Grid": {
																	"type": "GridLayout",
																	"options": {
																		"lines": 3,
																		"columns": 2,
																		"version": 0,
																		"ctrlsPos": {
																			"Name__": {
																				"line": 1,
																				"column": 2
																			},
																			"LabelName__": {
																				"line": 1,
																				"column": 1
																			},
																			"Family__": {
																				"line": 2,
																				"column": 2
																			},
																			"LabelFamily__": {
																				"line": 2,
																				"column": 1
																			},
																			"Template__": {
																				"line": 3,
																				"column": 2
																			},
																			"LabelTemplate__": {
																				"line": 3,
																				"column": 1
																			}
																		},
																		"colspans": [
																			[],
																			[],
																			[]
																		]
																	},
																	"data": [
																		"fields"
																	],
																	"*": {
																		"LabelName__": {
																			"type": "Label",
																			"data": [
																				"Name__"
																			],
																			"options": {
																				"label": "Name__"
																			},
																			"stamp": 14
																		},
																		"Name__": {
																			"type": "ShortText",
																			"data": [
																				"Name__"
																			],
																			"options": {
																				"textSize": "S",
																				"textAlignment": "left",
																				"textStyle": "default",
																				"textColor": "default",
																				"version": 1,
																				"label": "Name__",
																				"activable": true,
																				"width": "500",
																				"helpText": "",
																				"helpURL": "",
																				"helpFormat": "HTML Format",
																				"helpIconPosition": "Right",
																				"browsable": false,
																				"autocompletable": false
																			},
																			"stamp": 15
																		},
																		"LabelFamily__": {
																			"type": "Label",
																			"data": [
																				"Family__"
																			],
																			"options": {
																				"label": "Family__"
																			},
																			"stamp": 16
																		},
																		"Family__": {
																			"type": "ShortText",
																			"data": [
																				"Family__"
																			],
																			"options": {
																				"textSize": "S",
																				"textAlignment": "left",
																				"textStyle": "default",
																				"textColor": "default",
																				"version": 1,
																				"label": "Family__",
																				"activable": true,
																				"width": "500",
																				"helpText": "",
																				"helpURL": "",
																				"helpFormat": "HTML Format",
																				"helpIconPosition": "Right",
																				"browsable": false,
																				"autocompletable": false
																			},
																			"stamp": 17
																		},
																		"LabelTemplate__": {
																			"type": "Label",
																			"data": [
																				"Template__"
																			],
																			"options": {
																				"label": "Template__"
																			},
																			"stamp": 18
																		},
																		"Template__": {
																			"type": "LongText",
																			"data": [
																				"Template__"
																			],
																			"options": {
																				"textSize": "S",
																				"textAlignment": "left",
																				"textStyle": "default",
																				"textColor": "default",
																				"version": 1,
																				"minNbLines": 20,
																				"label": "Template__",
																				"activable": true,
																				"width": "1000",
																				"helpText": "",
																				"helpURL": "",
																				"helpFormat": "HTML Format",
																				"helpIconPosition": "Right",
																				"numberOfLines": 40,
																				"browsable": false
																			},
																			"stamp": 19
																		}
																	},
																	"stamp": 8
																}
															},
															"stamp": 7,
															"data": []
														}
													},
													"stamp": 6,
													"data": []
												}
											}
										}
									},
									"stamp": 5,
									"data": []
								}
							},
							"stamp": 4,
							"data": []
						}
					},
					"stamp": 3,
					"data": []
				},
				"form-footer": {
					"type": "FlexibleFormFooter",
					"options": {
						"splitterType": "simple-h",
						"version": 0
					},
					"*": {
						"Save": {
							"type": "SubmitButton",
							"options": {
								"label": "_Save",
								"action": "savequit",
								"submit": true,
								"version": 0,
								"shortCut": "S"
							},
							"stamp": 11,
							"data": []
						},
						"Close": {
							"type": "SubmitButton",
							"options": {
								"label": "_Close",
								"action": "cancel",
								"submit": true,
								"version": 0,
								"shortCut": "Q"
							},
							"stamp": 12,
							"data": []
						},
						"Delete": {
							"type": "SubmitButton",
							"options": {
								"label": "_Delete",
								"action": "delete",
								"submit": true,
								"version": 0,
								"disabled": true
							},
							"stamp": 13,
							"data": []
						}
					},
					"stamp": 10,
					"data": []
				}
			},
			"stamp": 1,
			"data": []
		}
	},
	"stamps": 19,
	"data": []
}</layout>
    </ui>
  </properties>
  <field deleted="0" format="" guid="LF3LG0000PA9" id="YGN352000SG7" label="Family__" length="50" name="Family__" originalProcessID="JF3LG0000PA9" precision="0" processid="XGN352000SG7" submitable="1" type="STR">
    <properties>
      <db>
        <alias>AYGN352000SG7</alias>
        <noxml>1</noxml>
        <fullname>/job/processfields/Family__</fullname>
        <defaultvalue>
        </defaultvalue>
        <RecordLastWrite>2021-03-23 17:52:27</RecordLastWrite>
      </db>
      <extrainfo>
        <Label>Family__</Label>
        <Alias>AYGN352000SG7</Alias>
        <ProcessFieldVersion vartype="INT">1</ProcessFieldVersion>
      </extrainfo>
      <field>
        <required>true</required>
      </field>
      <gdr>
        <VarType>Area</VarType>
        <DisableAutolearn>1</DisableAutolearn>
      </gdr>
      <help>
        <helpData>{"helpText":"","helpURL":"","helpFormat":"HTML Format","helpIconPosition":"Right"}</helpData>
      </help>
      <ui>
        <_type>String</_type>
        <automatic>true</automatic>
      </ui>
    </properties>
  </field>
  <field deleted="0" format="" guid="KF3LG0000PA9" id="ZGN352000SG7" label="Name__" length="50" name="Name__" originalProcessID="JF3LG0000PA9" precision="0" processid="XGN352000SG7" submitable="1" type="STR">
    <properties>
      <db>
        <alias>AZGN352000SG7</alias>
        <noxml>1</noxml>
        <fullname>/job/processfields/Name__</fullname>
        <defaultvalue>
        </defaultvalue>
        <RecordLastWrite>2021-03-23 17:52:27</RecordLastWrite>
      </db>
      <extrainfo>
        <Label>Name__</Label>
        <Alias>AZGN352000SG7</Alias>
        <ProcessFieldVersion vartype="INT">1</ProcessFieldVersion>
      </extrainfo>
      <field>
        <required>true</required>
      </field>
      <gdr>
        <VarType>Area</VarType>
        <DisableAutolearn>1</DisableAutolearn>
      </gdr>
      <help>
        <helpData>{"helpText":"","helpURL":"","helpFormat":"HTML Format","helpIconPosition":"Right"}</helpData>
      </help>
      <ui>
        <_type>String</_type>
        <automatic>true</automatic>
      </ui>
    </properties>
  </field>
  <field deleted="0" format="" guid="MF3LG0000PA9" id="AHN352000SG7" label="Template__" length="32766" name="Template__" originalProcessID="JF3LG0000PA9" precision="0" processid="XGN352000SG7" submitable="1" type="STR">
    <properties>
      <db>
        <alias>AAHN352000SG7</alias>
        <noxml>1</noxml>
        <fullname>/job/processfields/Template__</fullname>
        <defaultvalue>
        </defaultvalue>
        <RecordLastWrite>2021-03-23 17:52:27</RecordLastWrite>
      </db>
      <extrainfo>
        <Label>Template__</Label>
        <Alias>AAHN352000SG7</Alias>
        <ProcessFieldVersion vartype="INT">1</ProcessFieldVersion>
      </extrainfo>
      <field>
        <required>true</required>
      </field>
      <gdr>
        <DisableAutolearn>1</DisableAutolearn>
      </gdr>
      <help>
        <helpData>{"helpText":"","helpURL":"","helpFormat":"HTML Format","helpIconPosition":"Right"}</helpData>
      </help>
      <ui>
        <_type>String</_type>
        <automatic>true</automatic>
      </ui>
    </properties>
  </field>
  <type id="JLLP13130F1" name="CT">
  </type>
</process>