﻿<?xml version="1.0" encoding="UTF-8" standalone="no"?>
<process accountid="20063076" allowrepairprocess="0" builtin="0" builtinversion="0" carriesapplicationversion="0" creationdatetime="2022-10-25 17:08:47" deleted="0" eskerapplication="" global="0" id="E62652000SG7" keepcustomization="0" keepfieldsonly="0" keepfieldsproperties="0" keepnewcontroloptions="0" migrationversion="4" name="Remittance Advice Batch" needvalidation="1" ootofilter="" ootoversion="1" originalProcessID="EQB3FP000IYP" ownerid="cn=admin_p2p@paragon-cc.fr,ou=DEV,ou=TrainingP2P,ou=DEMO_JULIEN,ou=05284299,ou=ESK,s=eoo" ownerpb="OnDemand AddressBook" public="1" pushnotification="0" reuseengine="0" sprintversion="5.261.0" transportname="CustomData" upgradable="1" userid="0" version="1" visibility="1">
  <properties>
    <gdr>
      <FinalizationScriptAllowRetry>
      </FinalizationScriptAllowRetry>
      <FinalizationScript>
      </FinalizationScript>
      <ValidationScriptAllowRetry>
      </ValidationScriptAllowRetry>
      <validationscriptIncludedScripts>Lib_Purchasing_RA_Batch_V12.0.461.0</validationscriptIncludedScripts>
      <validationscriptIncludedScripts>Lib_P2P_V12.0.461.0</validationscriptIncludedScripts>
      <validationscriptIncludedScripts>Lib_P2P_CompanyCodesValue_V12.0.461.0</validationscriptIncludedScripts>
      <validationscriptIncludedScripts>Lib_Purchasing_Vendor_V12.0.461.0</validationscriptIncludedScripts>
      <validationscriptIncludedScripts>LIB_AP_VendorPortal_V12.0.461.0</validationscriptIncludedScripts>
      <ValidationScript>///#GLOBALS Lib
var currentName = Data.GetActionName();
var currentAction = Data.GetActionType();
Log.Info("-- Remittance Advice Validation Script -- Name: '" + (currentName ? currentName : "&lt;empty&gt;") + "', Action: '" + (currentAction ? currentAction : "&lt;empty&gt;") + "' , Device: '" + Data.GetActionDevice());
function SendToApproval() {
    var submissionDate = Helpers.Date.DateToShortFormat(new Date());
    Data.SetValue("SubmissionDateTime__", submissionDate);
    Data.SetValue("Status__", "Approved");
    var ExtractedDataString = Variable.GetValueAsString("ExtractedData");
    var ExtractedData = Sys.Helpers.IsEmpty(ExtractedDataString) ? {} : JSON.parse(ExtractedDataString);
    for (var paymentId in ExtractedData) {
        if (Object.hasOwnProperty.call(ExtractedData, paymentId)) {
            var PaymentData = ExtractedData[paymentId].ExtractedData;
            var VendorInfo = GetVendorInfo(PaymentData.VendorId, PaymentData.VendorCompanyCode);
            var OwnerInformation = GetCompanyAddress(PaymentData.PayerCompanyCode);
            FormatOwnerAddress(OwnerInformation);
            var RemittanceAdvice = Process.CreateProcessInstanceAsProcessAdmin("Remittance Advice", true, false, false);
            if (VendorInfo.VendorLogin__) {
                var vendor = Lib.Purchasing.Vendor.QueryVendorContact(VendorInfo.VendorLogin__);
                if (vendor) {
                    var externalVars = RemittanceAdvice.GetExternalVars();
                    externalVars.AddValue_String("VendorLogin", vendor.GetVars().GetValue_String("login", 0), true);
                }
            }
            var extCMWVars = RemittanceAdvice.GetExternalVars();
            extCMWVars.AddValue_String("ExtractedData", JSON.stringify(ExtractedData[paymentId]), true);
            Log.Info(OwnerInformation.CompanyName__);
            var CMWVars = RemittanceAdvice.GetUninheritedVars();
            CMWVars.AddValue_String("TotalNetAmount__", PaymentData.TotalNetAmount, true);
            CMWVars.AddValue_String("Currency__", PaymentData.Currency, true);
            CMWVars.AddValue_String("PaymentMethodDescription__", PaymentData.PaymentMethodDescription, true);
            CMWVars.AddValue_String("PaymentMethodCode__", PaymentData.PaymentMethodCode, true);
            CMWVars.AddValue_String("PaymentReference__", PaymentData.PaymentId, true);
            CMWVars.AddValue_String("PayerAddress__", Data.GetValue("PayerAddress__"), true);
            CMWVars.AddValue_String("PayerCompany__", OwnerInformation.CompanyName__, true);
            CMWVars.AddValue_String("PayerCompanyCode__", PaymentData.PayerCompanyCode, true);
            CMWVars.AddValue_String("VendorAddress__", Data.GetValue("VendorAddress__"), true);
            CMWVars.AddValue_String("VendorName__", VendorInfo.VendorName__, true);
            CMWVars.AddValue_String("VendorNumber__", PaymentData.VendorId, true);
            CMWVars.AddValue_String("VendorCompanyCode__", PaymentData.VendorCompanyCode, true);
            RemittanceAdvice.Process();
            var ret = RemittanceAdvice.GetLastError();
            if (ret === 0) {
                Log.Info("RA process call OK");
            }
            else {
                Log.Error("RA process call returns with error message : " + RemittanceAdvice.GetLastErrorMessage());
            }
        }
    }
}
function GetVendorInfo(VendorNumber, CompanyCode) {
    var query = Process.CreateQueryAsProcessAdmin();
    query.Reset();
    query.SetSpecificTable("AP - Vendors__");
    query.SetAttributesList("CompanyCode__,Number__,Name__,Email__,Sub__,Street__,PostalCode__,Country__,Country__,Region__,City__,PostOfficeBox__");
    query.SetFilter("(&amp;(Number__=" + VendorNumber + ")(CompanyCode__=" + CompanyCode + "))");
    query.MoveFirst();
    var record = query.MoveNextRecord();
    var vendor = {};
    if (record) {
        var companyCode = record.GetVars().GetValue_String("CompanyCode__", 0);
        var companyName = record.GetVars().GetValue_String("Name__", 0);
        var Sub__ = record.GetVars().GetValue_String("Sub__", 0);
        var Street__ = record.GetVars().GetValue_String("Street__", 0);
        var PostalCode__ = record.GetVars().GetValue_String("PostalCode__", 0);
        var Country__ = record.GetVars().GetValue_String("Country__", 0);
        var Region__ = record.GetVars().GetValue_String("Region__", 0);
        var City__ = record.GetVars().GetValue_String("City__", 0);
        var PostOfficeBox__ = record.GetVars().GetValue_String("PostOfficeBox__", 0);
        var address = {
            Sub__: Sub__,
            Street__: Street__,
            PostalCode__: PostalCode__,
            Country__: Country__,
            Region__: Region__,
            City__: City__,
            PostOfficeBox__: PostOfficeBox__
        };
        FormatVendorAddress(address);
        vendor = {
            "CompanyName__": companyName ? companyName : companyCode,
            "VendorNumber__": record.GetVars().GetValue_String("Number__", 0),
            "VendorName__": record.GetVars().GetValue_String("Name__", 0),
            "VendorLogin__": record.GetVars().GetValue_String("Email__", 0)
        };
        Log.Info("Vendor Info retrieved for company code = " + companyCode + " is : " + JSON.stringify(vendor));
    }
    return vendor;
}
function GetCompanyAddress(CompanyCode) {
    var attributes = {};
    Lib.P2P.CompanyCodesValue.QueryValues(CompanyCode).Then(function (CCValues) {
        if (Object.keys(CCValues).length &gt; 0) {
            attributes = CCValues;
        }
    });
    return attributes;
}
function FormatVendorAddress(address) {
    var VendorAddress = {
        "ToName": "ToRemove",
        "ToSub": address.Sub__,
        "ToMail": address.Street__,
        "ToPostal": address.PostalCode__,
        "ToCountry": address.Country__,
        "ToCountryCode": address.Country__,
        "ToState": address.Region__,
        "ToCity": address.City__,
        "ToPOBox": address.PostOfficeBox__,
        "ForceCountry": "false"
    };
    Lib.Purchasing.Vendor.FillPostalAddress(VendorAddress);
}
function FormatOwnerAddress(options) {
    var OwnerAddress = {
        "ToName": options.CompanyName__,
        "ToSub": options.Sub__,
        "ToMail": options.Street__,
        "ToPostal": options.PostalCode__,
        "ToCountry": options.Country__,
        "ToCountryCode": options.Country__,
        "ToState": options.Region__,
        "ToCity": options.City__,
        "ToPOBox": options.PostOfficeBox__,
        "ForceCountry": "false"
    };
    var AddressOptions = {
        "isVariablesAddress": true,
        "address": OwnerAddress,
        "countryCode": options.Country__ // Get country code from contract ModProvider
    };
    Sys.GenericAPI.CheckPostalAddress(AddressOptions, function (address) {
        if (!Sys.Helpers.IsEmpty(address.LastErrorMessage)) {
            Data.SetWarning("OwnerAddress__", Language.Translate("_Owner address error:") + " " + address.LastErrorMessage);
        }
        else {
            Data.SetValue("PayerAddress__", address.FormattedBlockAddress.replace(/^[^\r\n]+(\r|\n)+/, ""), true);
        }
    });
}
if (currentAction === "approve_asynchronous" || currentAction === "approve" || currentAction === "ResumeWithAction") {
    switch (currentName) {
        case "Submit":
            SendToApproval();
            break;
        default:
    }
}
</ValidationScript>
      <AllowTagCoverPages>true</AllowTagCoverPages>
      <AllowTagNewDocuments>true</AllowTagNewDocuments>
      <AllowTagAttachments>true</AllowTagAttachments>
      <ExtractionScriptAllowRetry>
      </ExtractionScriptAllowRetry>
      <extractionscriptIncludedScripts>Lib_Purchasing_RA_Batch_Server_V12.0.461.0</extractionscriptIncludedScripts>
      <extractionscriptIncludedScripts>Lib_Purchasing_RA_Batch_V12.0.461.0</extractionscriptIncludedScripts>
      <ExtractionScript>///#GLOBALS Lib
Lib.Purchasing.RA.Batch.PrepareImportJson()
    .Then(function (extractedData) {
    Lib.Purchasing.RA.Batch.SetExternalData(extractedData);
    Variable.SetValueAsString("IsRASubmitable", true);
    Log.Info("SetEnable");
});
var temp = Variable.GetValueAsString("ExtractedData");
Log.Info(temp);
</ExtractionScript>
      <ExtractionScriptRunOnOCRFailed>
      </ExtractionScriptRunOnOCRFailed>
      <AllowRemovePages>true</AllowRemovePages>
      <AllowSwapPages>true</AllowSwapPages>
      <PostProcessingScriptAllowRetry>
      </PostProcessingScriptAllowRetry>
      <PostProcessingScript>
      </PostProcessingScript>
    </gdr>
    <lg>
      <process_DE>{
	"_Approved": "Genehmigt",
	"_CompanyCode_report": "Buchungskreis",
	"_CSVLine": "Werte",
	"_CSVLineNumber": "Zeilennr.",
	"_CSVTemplate": "Beispieldatei herunterladen",
	"_Description": "Bezeichnung",
	"_Documents": "Dateien",
	"_DownloadTemplate": "Beispieldatei",
	"_Draft": "Entwurf",
	"_Failed": "Fehlgeschlagen",
	"_GeneralInformationsPane": "Allgemeine Informationen",
	"_HelpDescription": "Mithilfe dieses Tools können Sie einen Stapel von Zahlungsavisen im CSV-Format importieren.\n\nDie importierten Zahlungsavise werden automatisch in PDF-Dokumente konvertiert und auf dem Portal der jeweiligen Lieferanten veröffentlicht.",
	"_ImportDescription": "Beschreibung",
	"_ImportDescription_report": "Beschreibung",
	"_ImportStepButton": "Allgemein",
	"_PayerAddress": "Zahleradresse",
	"_SimpleUploadReference": "Importdatei auswählen oder ablegen...",
	"_SimpleUploadReference_Menu": "Importdatei auswählen...",
	"_Status": "Status",
	"_Submission failed": "Übermittlung fehlgeschlagen",
	"_SummaryStepButton": "Übersicht",
	"_VendorAddress": "Adresse des Zahlungsempfängers",
	"_WizardStepsPane": "Fortschrittsbalken"
}</process_DE>
      <process_ja>{
	"_Approved": "承認済み",
	"_CompanyCode_report": "会社コード",
	"_CSVLine": "値",
	"_CSVLineNumber": "行番号",
	"_CSVTemplate": "サンプルファイルをダウンロード",
	"_Description": "名前",
	"_Documents": "ファイル",
	"_DownloadTemplate": "サンプルファイル",
	"_Draft": "ドラフト",
	"_Failed": "失敗",
	"_GeneralInformationsPane": "全般情報",
	"_HelpDescription": "このツールにより、CSV形式にて送金通知のバッチをインポートすることができます。\n\nインポートした送金通知は、自動的にPDFドキュメントに変換され、各仕入先のポータルに公開されます。",
	"_ImportDescription": "説明",
	"_ImportDescription_report": "説明",
	"_ImportStepButton": "全般",
	"_PayerAddress": "支払人の住所",
	"_SimpleUploadReference": "インポートファイルを選択またはドロップ...",
	"_SimpleUploadReference_Menu": "インポートファイルを選択...",
	"_Status": "ステータス",
	"_Submission failed": "送信できませんでした",
	"_SummaryStepButton": "概要",
	"_VendorAddress": "受取人の住所",
	"_WizardStepsPane": "プログレスバー"
}</process_ja>
      <process_en>{
	"_Approved": "Approved",
	"_CompanyCode_report": "Company code",
	"_CSVLine": "Values",
	"_CSVLineNumber": "Line #",
	"_CSVTemplate": "Download sample file",
	"_Description": "Name",
	"_Documents": "Files",
	"_DownloadTemplate": "Sample file",
	"_Draft": "Draft",
	"_Failed": "Failed",
	"_GeneralInformationsPane": "General Information",
	"_HelpDescription": "This tool allows you to import a batch of remittance advices in CSV format. \n\nThe imported remittance advices are automatically converted to PDF documents and published on the portal of the respective vendors.",
	"_ImportDescription": "Description",
	"_ImportDescription_report": "Description",
	"_ImportStepButton": "General",
	"_PayerAddress": "Payer address",
	"_SimpleUploadReference": "Select or drop your import file...",
	"_SimpleUploadReference_Menu": "Select your import file...",
	"_Status": "Status",
	"_Submission failed": "Submission Failed",
	"_SummaryStepButton": "Summary",
	"_VendorAddress": "Payee address",
	"_WizardStepsPane": "Progress Bar"
}</process_en>
      <process_ES>{
	"_Approved": "Aprobado",
	"_CompanyCode_report": "Código de empresa",
	"_CSVLine": "Valores",
	"_CSVLineNumber": "Nº de línea",
	"_CSVTemplate": "Descargar un archivo de muestra",
	"_Description": "Nombre",
	"_Documents": "Archivos",
	"_DownloadTemplate": "Archivo de muestra",
	"_Draft": "Borrador",
	"_Failed": "Fallida",
	"_GeneralInformationsPane": "Información general",
	"_HelpDescription": "Esta herramienta permite importar un lote de avisos de pago en formato CSV.\n\nLos avisos de pago importados se convierten automáticamente en documentos PDF y se publican en el portal de los proveedores respectivos.",
	"_ImportDescription": "Descripción",
	"_ImportDescription_report": "Descripción",
	"_ImportStepButton": "General",
	"_PayerAddress": "Dirección del pagador",
	"_SimpleUploadReference": "Seleccionar o colocar un archivo de importación...",
	"_SimpleUploadReference_Menu": "Seleccionar un archivo de importación...",
	"_Status": "Estado",
	"_Submission failed": "Error en el envío",
	"_SummaryStepButton": "Resumen",
	"_VendorAddress": "Dirección del beneficiario",
	"_WizardStepsPane": "Barra de progreso"
}</process_ES>
      <process_FR>{
	"_Approved": "Approuvé",
	"_CompanyCode_report": "Code société",
	"_CSVLine": "Valeurs",
	"_CSVLineNumber": "N° de ligne",
	"_CSVTemplate": "Télécharger un exemple de fichier ",
	"_Description": "Nom",
	"_Documents": "Fichiers",
	"_DownloadTemplate": "Exemple de fichier",
	"_Draft": "Brouillon",
	"_Failed": "En échec",
	"_GeneralInformationsPane": "Informations générales",
	"_HelpDescription": "Cet outil vous permet d'importer un lot d'avis de paiement au format CSV.\n\nLes avis de paiement importés sont automatiquement convertis en documents PDF et publiés sur le portail des fournisseurs respectifs.",
	"_ImportDescription": "Description",
	"_ImportDescription_report": "Description",
	"_ImportStepButton": "Général",
	"_PayerAddress": "Adresse du payeur",
	"_SimpleUploadReference": "Sélectionner ou déposer un fichier d'import...",
	"_SimpleUploadReference_Menu": "Sélectionner un fichier d'import...",
	"_Status": "État",
	"_Submission failed": "Erreur de soumission",
	"_SummaryStepButton": "Résumé",
	"_VendorAddress": "Adresse du bénéficiaire",
	"_WizardStepsPane": "Barre de progression"
}</process_FR>
      <process_nl-NL>{
	"_Approved": "Goedgekeurd",
	"_CompanyCode_report": "Bedrijfscode",
	"_CSVLine": "Waarden",
	"_CSVLineNumber": "Regelnr.",
	"_CSVTemplate": "Voorbeeldbestand downloaden",
	"_Description": "Naam",
	"_Documents": "Bestanden",
	"_DownloadTemplate": "Voorbeeldbestand",
	"_Draft": "Ontwerp",
	"_Failed": "Mislukt",
	"_GeneralInformationsPane": "Algemene informatie",
	"_HelpDescription": "Met deze tool kunt u een batch van betaalbevestigingen importeren in CSV-formaat. De geïmporteerde betaalbevestigingen worden automatisch geconverteerd naar PDF-documenten en gepubliceerd op de portal van de respectievelijke leveranciers.",
	"_ImportDescription": "Beschrijving",
	"_ImportDescription_report": "Beschrijving",
	"_ImportStepButton": "Algemeen",
	"_PayerAddress": "Adres betaler",
	"_SimpleUploadReference": "Selecteer of versleep uw importbestand...",
	"_SimpleUploadReference_Menu": "Selecteer uw importbestand...",
	"_Status": "Status",
	"_Submission failed": "Indiening mislukt",
	"_SummaryStepButton": "Samenvatting",
	"_VendorAddress": "Adres betaalde",
	"_WizardStepsPane": "Voortgangsbalk"
}</process_nl-NL>
      <process_IT>{
	"_Approved": "Approvato",
	"_CompanyCode_report": "Codice società",
	"_CSVLine": "Valori",
	"_CSVLineNumber": "N. di riga",
	"_CSVTemplate": "Scarica file di esempio",
	"_Description": "Nome",
	"_Documents": "File",
	"_DownloadTemplate": "File di esempio",
	"_Draft": "Bozza",
	"_Failed": "Non riuscita",
	"_GeneralInformationsPane": "Informazioni generali",
	"_HelpDescription": "Questo strumento consente di importare un batch di avvisi di pagamento in formato CSV.\n\nGli avvisi di pagamento importati vengono automaticamente convertiti in documenti PDF e pubblicati sul portale dei rispettivi fornitori.",
	"_ImportDescription": "Descrizione",
	"_ImportDescription_report": "Descrizione",
	"_ImportStepButton": "Generale",
	"_PayerAddress": "Indirizzo pagatore",
	"_SimpleUploadReference": "Seleziona o rilascia un file di importazione...",
	"_SimpleUploadReference_Menu": "Seleziona un file di importazione...",
	"_Status": "Stato",
	"_Submission failed": "Trasmissione non riuscita",
	"_SummaryStepButton": "Riepilogo",
	"_VendorAddress": "Indirizzo beneficiario",
	"_WizardStepsPane": "Barra di avanzamento"
}</process_IT>
      <process_ZH-CN>{
	"_Approved": "已批准",
	"_CompanyCode_report": "公司代码",
	"_CSVLine": "值",
	"_CSVLineNumber": "行编号",
	"_CSVTemplate": "下载示例文件",
	"_Description": "名称",
	"_Documents": "文件",
	"_DownloadTemplate": "示例文件",
	"_Draft": "草稿",
	"_Failed": "失败",
	"_GeneralInformationsPane": "常规信息",
	"_HelpDescription": "您可以通过此工具批量导入 CSV 格式的汇款通知。\n\n导入的汇款通知会自动转换为 PDF 文档，并发布在相应供应商门户上。",
	"_ImportDescription": "说明/描述",
	"_ImportDescription_report": "说明/描述",
	"_ImportStepButton": "通用",
	"_PayerAddress": "付款人地址",
	"_SimpleUploadReference": "选择或拖放导入文件...",
	"_SimpleUploadReference_Menu": "选择导入文件...",
	"_Status": "状态",
	"_Submission failed": "提交失败",
	"_SummaryStepButton": "摘要",
	"_VendorAddress": "收款人地址",
	"_WizardStepsPane": "进度条"
}</process_ZH-CN>
      <process_pt-BR>{
	"_Approved": "Aprovado",
	"_CompanyCode_report": "Código de empresa",
	"_CSVLine": "Valores",
	"_CSVLineNumber": "N.º de linha",
	"_CSVTemplate": "Baixar arquivo de amostra",
	"_Description": "Nome",
	"_Documents": "Arquivos",
	"_DownloadTemplate": "Arquivo de exemplo",
	"_Draft": "Rascunho",
	"_Failed": "Com erro",
	"_GeneralInformationsPane": "Informação geral",
	"_HelpDescription": "Essa ferramenta permite importar um lote de avisos de remessa no formato CSV.\n\nOs avisos de remessa importados são convertidos automaticamente em documentos PDF e publicados no portal dos respectivos fornecedores.",
	"_ImportDescription": "Descrição",
	"_ImportDescription_report": "Descrição",
	"_ImportStepButton": "Geral",
	"_PayerAddress": "Endereço do pagador",
	"_SimpleUploadReference": "Selecione ou solte seu arquivo de importação...",
	"_SimpleUploadReference_Menu": "Selecione seu arquivo de importação...",
	"_Status": "Status",
	"_Submission failed": "Falha no envio",
	"_SummaryStepButton": "Resumo",
	"_VendorAddress": "Endereço do beneficiário",
	"_WizardStepsPane": "Barra de progresso"
}</process_pt-BR>
    </lg>
    <ocr>
      <trade-off>accurate</trade-off>
      <image-binarization>no</image-binarization>
      <image-draft-fax>no</image-draft-fax>
      <image-despeckle>no</image-despeckle>
      <allowed-language>0</allowed-language>
      <image-resolution-enhancement>auto</image-resolution-enhancement>
      <pdf-processing>no-ocr</pdf-processing>
      <ocr_engine>Nuance190</ocr_engine>
      <ocrpagestoprocess>0</ocrpagestoprocess>
      <extractionAdditionalOptions>
      </extractionAdditionalOptions>
    </ocr>
    <process>
      <flowtype>processing</flowtype>
      <ocrpreset>scan</ocrpreset>
      <homepagelabel>Remittance Advice Batch</homepagelabel>
      <enableflexibleauditing>
      </enableflexibleauditing>
      <enableflexibleediting>
      </enableflexibleediting>
      <enableflexibleteaching>
      </enableflexibleteaching>
      <disableocr>
      </disableocr>
      <instanciable>1</instanciable>
      <disableautolearning>true</disableautolearning>
      <backgroundprocessingthreshold>
      </backgroundprocessingthreshold>
      <EnablePreviewPrecomputation>
      </EnablePreviewPrecomputation>
      <enablerounddecimal>true</enablerounddecimal>
      <pdfNormalizeFilter>
      </pdfNormalizeFilter>
      <archiveDuration>0</archiveDuration>
      <OverrideAllowedDocumentExtensions>CSV</OverrideAllowedDocumentExtensions>
      <ownhomepage>
      </ownhomepage>
      <ocrpagestoprocess>0</ocrpagestoprocess>
      <ScriptEngineType>2</ScriptEngineType>
      <UseActionNameWithScriptApproval>true</UseActionNameWithScriptApproval>
      <displayWidth>1024</displayWidth>
      <AllowUploadAttachment>0</AllowUploadAttachment>
      <AllowUploadReferenceDocument>1</AllowUploadReferenceDocument>
      <UseCultureFormat>true</UseCultureFormat>
      <AllowRetryExtractCD>true</AllowRetryExtractCD>
      <TransportName>CustomData</TransportName>
      <LayoutVersion>1.0</LayoutVersion>
      <printToProcess>
      </printToProcess>
    </process>
    <ui>
      <CustomScriptReadonly>true</CustomScriptReadonly>
      <CustomScript>///#GLOBALS Lib
ProcessInstance.SetSilentChange(true);
var currentStatus = Data.GetValue("Status__");
function InitResultStep() {
    Controls.ImportStepButton__.SetTextColor("color9");
    Controls.SummaryStepButton__.SetTextColor("color8");
}
function InitImportStep() {
    Controls.Submit.SetDisabled(!Controls.AttachmentsPane.IsDocumentLoaded());
    Controls.AttachmentsPane.OnDocumentDeleted = function () {
        Controls.Submit.SetDisabled(!Controls.AttachmentsPane.IsDocumentLoaded());
    };
    Controls.ImportStepButton__.SetTextColor("color8");
    Controls.SummaryStepButton__.SetTextColor("color9");
}
function Initform() {
    switch (currentStatus) {
        case "Approved":
            InitResultStep();
            break;
        case "Draft":
            InitImportStep();
            break;
        default:
    }
}
Initform();
</CustomScript>
      <layout>{
	"*": {
		"GDRData": {
			"type": "GDRData",
			"options": {
				"version": 0
			},
			"stamp": 1,
			"data": []
		},
		"OCRParams": {
			"type": "OCRParams",
			"options": {
				"version": 0
			},
			"stamp": 2,
			"data": []
		},
		"Screen": {
			"type": "FlexibleFormLayout",
			"options": {
				"splitterType": "complex",
				"version": 0,
				"maxwidth": 1024,
				"backColor": "text-backgroundcolor-default",
				"style": "FlexibleFormLight"
			},
			"*": {
				"form-header": {
					"type": "FlexibleFormHeader",
					"options": {
						"version": 0,
						"maxwidth": 1024
					},
					"stamp": 4,
					"data": []
				},
				"form-center": {
					"type": "FlexibleFormCenter",
					"options": {
						"version": 0,
						"maxwidth": 1024
					},
					"*": {
						"form-content": {
							"type": "FlexibleFormContent",
							"options": {
								"version": 0
							},
							"*": {
								"form-content-top": {
									"type": "FlexibleFormSplitter",
									"options": {
										"autosize": true,
										"version": 1,
										"box": {
											"top": 0,
											"left": 0,
											"width": 100,
											"height": 25
										},
										"hidden": true
									},
									"*": {},
									"stamp": 7,
									"data": []
								},
								"form-content-bottom": {
									"type": "FlexibleFormSplitter",
									"options": {
										"version": 1,
										"box": {
											"top": 0,
											"left": 0,
											"width": 100,
											"height": 100
										},
										"hidden": false,
										"hideSeparator": true
									},
									"*": {
										"form-content-left": {
											"type": "FlexibleFormSplitter",
											"options": {
												"version": 1,
												"box": {
													"top": 0,
													"left": 0,
													"width": 100,
													"height": 100
												},
												"hidden": false
											},
											"*": {
												"form-content-left-10": {
													"type": "FlexibleFormLine",
													"data": [],
													"options": {
														"version": 0
													},
													"stamp": 117,
													"*": {
														"Progress_Bar": {
															"type": "PanelData",
															"data": [],
															"options": {
																"border": {},
																"iconURL": "",
																"TitleFontSize": "M",
																"hideActionButtons": true,
																"hideTitleBar": true,
																"hideTitle": true,
																"backgroundcolor": "color1",
																"labelsAlignment": "center",
																"label": "Progress Bar",
																"hidden": false,
																"leftImageURL": "",
																"removeMargins": true,
																"elementsAlignment": "center",
																"version": 0,
																"labelLength": 0
															},
															"stamp": 112,
															"*": {
																"FieldsManager": {
																	"type": "FieldsManager",
																	"data": [],
																	"options": {
																		"controlsAssociation": {
																			"ImportStepButton__": "LabelImportStepButton__",
																			"LabelImportStepButton__": "ImportStepButton__",
																			"HTML__": "Label_HTML",
																			"Label_HTML": "HTML__",
																			"ShortText__": "Label_ShortText",
																			"Label_ShortText": "ShortText__",
																			"Integer__": "Label_Integer",
																			"Label_Integer": "Integer__",
																			"SummaryStepButton__": "LabelSummaryStepButton__",
																			"LabelSummaryStepButton__": "SummaryStepButton__"
																		},
																		"version": 0
																	},
																	"stamp": 113,
																	"*": {
																		"Grid": {
																			"type": "HorizontalLayout",
																			"data": [
																				"fields"
																			],
																			"options": {
																				"ctrlsPos": {
																					"ImportStepButton__": {
																						"line": 1,
																						"column": 1
																					},
																					"Spacer4__": {
																						"line": 2,
																						"column": 1
																					},
																					"SummaryStepButton__": {
																						"line": 3,
																						"column": 1
																					}
																				},
																				"lines": 3,
																				"colspans": [
																					[
																						{
																							"index": 0,
																							"length": 2
																						}
																					],
																					[
																						{
																							"index": 0,
																							"length": 2
																						}
																					],
																					[
																						{
																							"index": 0,
																							"length": 2
																						}
																					]
																				],
																				"version": 0
																			},
																			"stamp": 115,
																			"*": {
																				"ImportStepButton__": {
																					"type": "FormButton",
																					"data": false,
																					"options": {
																						"buttonLabel": "_ImportStepButton",
																						"label": "_Button",
																						"textPosition": "text-below",
																						"textSize": "S",
																						"textStyle": "default",
																						"textColor": "color8",
																						"nextprocess": {
																							"processName": "AP - Application Settings Wizard",
																							"attachmentsMode": "all",
																							"willBeChild": true,
																							"returnToOriginalUrl": false
																						},
																						"urlImageOverlay": "",
																						"awesomeClasses": "fa fa-cloud-upload fa-3x",
																						"style": 5,
																						"width": "100%",
																						"action": "none",
																						"url": "",
																						"version": 0
																					},
																					"stamp": 122
																				},
																				"Spacer4__": {
																					"type": "Text",
																					"data": false,
																					"options": {
																						"marge": 0,
																						"textSize": "XL",
																						"textAlignment": "center",
																						"textStyle": "bold",
																						"textColor": "color6",
																						"backgroundcolor": "default",
																						"iconClass": "",
																						"label": "___",
																						"version": 0
																					},
																					"stamp": 129
																				},
																				"SummaryStepButton__": {
																					"type": "FormButton",
																					"data": false,
																					"options": {
																						"buttonLabel": "_SummaryStepButton",
																						"label": "_Button",
																						"textPosition": "text-below",
																						"textSize": "S",
																						"textStyle": "default",
																						"textColor": "color9",
																						"nextprocess": {
																							"processName": "AP - Application Settings Wizard",
																							"attachmentsMode": "all",
																							"willBeChild": true,
																							"returnToOriginalUrl": false
																						},
																						"urlImageOverlay": "",
																						"awesomeClasses": "fa fa-flag-checkered fa-3x",
																						"style": 5,
																						"width": "100%",
																						"action": "none",
																						"url": "",
																						"version": 0
																					},
																					"stamp": 131
																				}
																			}
																		}
																	}
																}
															}
														}
													}
												},
												"form-content-left-5": {
													"type": "FlexibleFormLine",
													"data": [],
													"options": {
														"version": 0
													},
													"stamp": 84,
													"*": {
														"Information_panel": {
															"type": "PanelData",
															"data": [],
															"options": {
																"border": {
																	"collapsed": false
																},
																"iconURL": "",
																"TitleFontSize": "S",
																"hideActionButtons": true,
																"hideTitleBar": true,
																"hideTitle": true,
																"backgroundcolor": "color8",
																"labelsAlignment": "right",
																"label": "Information panel",
																"hidden": false,
																"leftImageURL": "",
																"removeMargins": false,
																"elementsAlignment": "left",
																"version": 0,
																"labelLength": "300px"
															},
															"stamp": 65,
															"*": {
																"FieldsManager": {
																	"type": "FieldsManager",
																	"data": [],
																	"options": {
																		"controlsAssociation": {
																			"ShortText__": "Label_ShortText",
																			"Label_ShortText": "ShortText__",
																			"Sample_file__": "LabelSample_file__",
																			"LabelSample_file__": "Sample_file__",
																			"FileUploader__": "Label_FileUploader",
																			"Label_FileUploader": "FileUploader__",
																			"DownloadTemplate2__": "LabelDownloadTemplate2__",
																			"LabelDownloadTemplate2__": "DownloadTemplate2__",
																			"Status__": "LabelStatus__",
																			"LabelStatus__": "Status__",
																			"VendorAddress__": "LabelVendorAddress__",
																			"LabelVendorAddress__": "VendorAddress__",
																			"PayerAddress__": "LabelPayerAddress__",
																			"LabelPayerAddress__": "PayerAddress__"
																		},
																		"version": 0
																	},
																	"stamp": 66,
																	"*": {
																		"Grid": {
																			"type": "GridLayout",
																			"data": [
																				"fields"
																			],
																			"options": {
																				"ctrlsPos": {
																					"HelpDescription__": {
																						"line": 2,
																						"column": 1
																					},
																					"Spacer__": {
																						"line": 1,
																						"column": 1
																					},
																					"Spacer3__": {
																						"line": 3,
																						"column": 1
																					},
																					"Status__": {
																						"line": 4,
																						"column": 2
																					},
																					"LabelStatus__": {
																						"line": 4,
																						"column": 1
																					},
																					"VendorAddress__": {
																						"line": 5,
																						"column": 2
																					},
																					"LabelVendorAddress__": {
																						"line": 5,
																						"column": 1
																					},
																					"PayerAddress__": {
																						"line": 6,
																						"column": 2
																					},
																					"LabelPayerAddress__": {
																						"line": 6,
																						"column": 1
																					}
																				},
																				"lines": 6,
																				"columns": 2,
																				"colspans": [
																					[
																						{
																							"index": 0,
																							"length": 2
																						}
																					],
																					[
																						{
																							"index": 0,
																							"length": 2
																						}
																					],
																					[
																						{
																							"index": 0,
																							"length": 2
																						}
																					],
																					[],
																					[],
																					[]
																				],
																				"version": 0
																			},
																			"stamp": 67,
																			"*": {
																				"Spacer__": {
																					"type": "Spacer",
																					"data": false,
																					"options": {
																						"height": "30",
																						"width": "",
																						"color": "default",
																						"label": "_Spacer",
																						"version": 0
																					},
																					"stamp": 98
																				},
																				"HelpDescription__": {
																					"type": "Text",
																					"data": false,
																					"options": {
																						"marge": 0,
																						"textSize": "S",
																						"textAlignment": "center",
																						"textStyle": "bold",
																						"textColor": "color1",
																						"backgroundcolor": "none",
																						"iconClass": "",
																						"label": "_HelpDescription",
																						"version": 0
																					},
																					"stamp": 82
																				},
																				"Spacer3__": {
																					"type": "Spacer",
																					"data": false,
																					"options": {
																						"height": "40",
																						"width": "",
																						"color": "default",
																						"label": "_Spacer3",
																						"version": 0
																					},
																					"stamp": 106
																				},
																				"LabelStatus__": {
																					"type": "Label",
																					"data": [
																						"Status__"
																					],
																					"options": {
																						"label": "_Status",
																						"hidden": true,
																						"version": 0
																					},
																					"stamp": 132
																				},
																				"Status__": {
																					"type": "ComboBox",
																					"data": [
																						"Status__"
																					],
																					"options": {
																						"possibleValues": {
																							"0": "_Draft",
																							"1": "_Submitted"
																						},
																						"version": 1,
																						"keyValueMode": true,
																						"possibleKeys": {
																							"0": "Draft",
																							"1": "Submitted"
																						},
																						"label": "_Status",
																						"activable": true,
																						"width": 230,
																						"helpText": "",
																						"helpURL": "",
																						"helpFormat": "HTML Format",
																						"DataSourceOrigin": "Standalone",
																						"DisplayedColumns": "",
																						"hidden": true,
																						"readonly": true
																					},
																					"stamp": 133
																				},
																				"LabelVendorAddress__": {
																					"type": "Label",
																					"data": [
																						"VendorAddress__"
																					],
																					"options": {
																						"label": "_VendorAddress",
																						"version": 0,
																						"hidden": true
																					},
																					"stamp": 134
																				},
																				"VendorAddress__": {
																					"type": "LongText",
																					"data": [
																						"VendorAddress__"
																					],
																					"options": {
																						"textSize": "S",
																						"textAlignment": "left",
																						"textStyle": "default",
																						"textColor": "default",
																						"version": 1,
																						"minNbLines": 3,
																						"label": "_VendorAddress",
																						"activable": true,
																						"width": 230,
																						"helpText": "",
																						"helpURL": "",
																						"helpFormat": "HTML Format",
																						"browsable": false,
																						"hidden": true
																					},
																					"stamp": 135
																				},
																				"LabelPayerAddress__": {
																					"type": "Label",
																					"data": [
																						"PayerAddress__"
																					],
																					"options": {
																						"label": "_PayerAddress",
																						"hidden": true,
																						"version": 0
																					},
																					"stamp": 136
																				},
																				"PayerAddress__": {
																					"type": "LongText",
																					"data": [
																						"PayerAddress__"
																					],
																					"options": {
																						"textSize": "S",
																						"textAlignment": "left",
																						"textStyle": "default",
																						"textColor": "default",
																						"version": 1,
																						"minNbLines": 3,
																						"label": "_PayerAddress",
																						"activable": true,
																						"width": 230,
																						"helpText": "",
																						"helpURL": "",
																						"helpFormat": "HTML Format",
																						"browsable": false,
																						"hidden": true
																					},
																					"stamp": 137
																				}
																			}
																		}
																	}
																}
															}
														}
													}
												},
												"form-content-left-4": {
													"type": "FlexibleFormLine",
													"data": [],
													"options": {
														"version": 0
													},
													"stamp": 57,
													"*": {
														"AttachmentsPane": {
															"type": "PanelDocument",
															"options": {
																"version": 0,
																"border": {
																	"collapsed": false
																},
																"labelLength": 0,
																"iconURL": "",
																"TitleFontSize": "M",
																"hideActionButtons": true,
																"hideTitleBar": false,
																"hideTitle": false,
																"label": "_Documents",
																"hidden": false
															},
															"*": {
																"Document": {
																	"data": [
																		"documentscontroldata"
																	],
																	"type": "Documents",
																	"options": {
																		"version": 0,
																		"culture": "A4",
																		"animate": true
																	},
																	"stamp": 10
																}
															},
															"stamp": 9,
															"data": []
														}
													}
												},
												"form-content-left-2": {
													"type": "FlexibleFormLine",
													"options": {
														"version": 0
													},
													"*": {
														"SystemData": {
															"type": "PanelSystemData",
															"options": {
																"multicolumn": false,
																"version": 0,
																"border": {},
																"labelLength": 0,
																"iconURL": "",
																"TitleFontSize": "S",
																"hideActionButtons": false,
																"hideTitleBar": false,
																"hideTitle": false,
																"label": "_System data",
																"hidden": true
															},
															"stamp": 18,
															"data": []
														}
													},
													"stamp": 17,
													"data": []
												},
												"form-content-left-3": {
													"type": "FlexibleFormLine",
													"options": {
														"version": 0
													},
													"*": {
														"NextProcess": {
															"type": "PanelNextProcess",
															"options": {
																"hidden": true,
																"version": 0,
																"border": {},
																"labelLength": 0,
																"iconURL": "",
																"TitleFontSize": "S",
																"hideActionButtons": false,
																"hideTitleBar": false,
																"hideTitle": false,
																"label": "_Next Process"
															},
															"stamp": 20,
															"data": []
														}
													},
													"stamp": 19,
													"data": []
												}
											},
											"stamp": 12,
											"data": []
										},
										"form-content-right": {
											"type": "FlexibleFormSplitter",
											"options": {
												"version": 1,
												"box": {
													"top": 0,
													"left": 45,
													"width": 55,
													"height": 100
												},
												"hidden": true,
												"hideSeparator": true
											},
											"*": {
												"form-content-right-1": {
													"type": "FlexibleFormLine",
													"options": {
														"version": 0
													},
													"*": {
														"PreviewPanel": {
															"type": "PanelPreview",
															"options": {
																"border": {},
																"version": 0,
																"labelLength": 0,
																"iconURL": "",
																"TitleFontSize": "S",
																"hideActionButtons": false,
																"hideTitleBar": false,
																"hideTitle": false,
																"label": "_Document Preview",
																"hidden": true
															},
															"*": {
																"Preview": {
																	"data": [
																		"previewdata"
																	],
																	"type": "Preview",
																	"options": {
																		"version": 0
																	},
																	"stamp": 24
																}
															},
															"stamp": 23,
															"data": []
														}
													},
													"stamp": 22,
													"data": []
												}
											},
											"stamp": 21,
											"data": []
										}
									},
									"stamp": 11,
									"data": []
								}
							},
							"stamp": 6,
							"data": []
						}
					},
					"stamp": 5,
					"data": []
				},
				"form-footer": {
					"type": "FlexibleFormFooter",
					"options": {
						"splitterType": "simple-h",
						"version": 0,
						"maxwidth": 1024
					},
					"*": {
						"Close": {
							"type": "SubmitButton",
							"options": {
								"label": "_Close",
								"action": "cancel",
								"submit": true,
								"version": 0
							},
							"stamp": 139,
							"data": []
						},
						"Save": {
							"type": "SubmitButton",
							"options": {
								"label": "_Save",
								"action": "save",
								"submit": true,
								"version": 0,
								"textPosition": "text-right",
								"textSize": "MS",
								"textStyle": "default",
								"textColor": "color1",
								"nextprocess": {
									"processName": "AP - Application Settings Wizard",
									"attachmentsMode": "all",
									"willBeChild": true,
									"returnToOriginalUrl": false
								},
								"urlImageOverlay": "",
								"url": "",
								"position": null,
								"hidden": true
							},
							"stamp": 26,
							"data": []
						},
						"Submit": {
							"type": "SubmitButton",
							"options": {
								"label": "Submit",
								"action": "approve",
								"submit": true,
								"version": 0,
								"textPosition": "text-right",
								"textSize": "MS",
								"textStyle": "default",
								"textColor": "color1",
								"nextprocess": {
									"processName": "AP - Application Settings Wizard",
									"attachmentsMode": "all",
									"willBeChild": true,
									"returnToOriginalUrl": false
								},
								"urlImageOverlay": "",
								"url": "",
								"position": null,
								"style": 1
							},
							"stamp": 27,
							"data": []
						}
					},
					"stamp": 25,
					"data": []
				}
			},
			"stamp": 3,
			"data": []
		}
	},
	"stamps": 139,
	"data": []
}</layout>
    </ui>
  </properties>
  <field deleted="0" format="" guid="MJK3FP000IYP" id="F62652000SG7" label="_PayerAddress" length="32766" name="PayerAddress__" originalProcessID="EQB3FP000IYP" precision="0" processid="E62652000SG7" submitable="1" type="STR">
    <properties>
      <db>
        <alias>AF62652000SG7</alias>
        <noxml>1</noxml>
        <fullname>/job/processfields/PayerAddress__</fullname>
        <defaultvalue>
        </defaultvalue>
        <RecordLastWrite>2022-10-25 17:08:46</RecordLastWrite>
      </db>
      <extrainfo>
        <Label>_PayerAddress</Label>
        <Alias>AF62652000SG7</Alias>
        <ProcessFieldVersion vartype="INT">1</ProcessFieldVersion>
      </extrainfo>
      <gdr>
        <DisableAutolearn>1</DisableAutolearn>
      </gdr>
      <help>
        <helpData>{"helpText":"","helpURL":"","helpFormat":"HTML Format"}</helpData>
      </help>
      <ui>
        <_type>String</_type>
        <automatic>true</automatic>
      </ui>
    </properties>
  </field>
  <field deleted="0" format="" guid="HY83FP000IYP" id="G62652000SG7" label="_Status" length="50" name="Status__" originalProcessID="EQB3FP000IYP" precision="0" processid="E62652000SG7" submitable="1" type="STR">
    <properties>
      <db>
        <alias>AG62652000SG7</alias>
        <noxml>1</noxml>
        <fullname>/job/processfields/Status__</fullname>
        <defaultvalue>Draft</defaultvalue>
        <RecordLastWrite>2022-10-25 17:08:46</RecordLastWrite>
      </db>
      <extrainfo>
        <Type>webaccess.Process.Columns.WithPossibleValues</Type>
        <Label>_Status</Label>
        <Alias>AG62652000SG7</Alias>
        <ProcessFieldVersion vartype="INT">1</ProcessFieldVersion>
      </extrainfo>
      <field>
        <TableName>
        </TableName>
        <DisplayedColumns>
        </DisplayedColumns>
        <DataSourceOrigin>Standalone</DataSourceOrigin>
        <possibleKeys>Draft
Approved</possibleKeys>
        <SavedColumn>
        </SavedColumn>
        <possibleValues>_Draft
_Approved</possibleValues>
        <ProcessName>
        </ProcessName>
      </field>
      <gdr>
        <DisableAutolearn>1</DisableAutolearn>
      </gdr>
      <help>
        <helpData>{"helpText":"","helpURL":"","helpFormat":"HTML Format"}</helpData>
      </help>
      <ui>
        <_type>String</_type>
        <automatic>true</automatic>
      </ui>
    </properties>
  </field>
  <field deleted="0" format="" guid="WLB3FP000IYP" id="H62652000SG7" label="_VendorAddress" length="32766" name="VendorAddress__" originalProcessID="EQB3FP000IYP" precision="0" processid="E62652000SG7" submitable="1" type="STR">
    <properties>
      <db>
        <alias>AH62652000SG7</alias>
        <noxml>1</noxml>
        <fullname>/job/processfields/VendorAddress__</fullname>
        <defaultvalue>
        </defaultvalue>
        <RecordLastWrite>2022-10-25 17:08:46</RecordLastWrite>
      </db>
      <extrainfo>
        <Label>_VendorAddress</Label>
        <Alias>AH62652000SG7</Alias>
        <ProcessFieldVersion vartype="INT">1</ProcessFieldVersion>
      </extrainfo>
      <gdr>
        <DisableAutolearn>1</DisableAutolearn>
      </gdr>
      <help>
        <helpData>{"helpText":"","helpURL":"","helpFormat":"HTML Format"}</helpData>
      </help>
      <ui>
        <_type>String</_type>
        <automatic>true</automatic>
      </ui>
    </properties>
  </field>
  <type id="RJRH13130EF" name="CD">
  </type>
</process>