﻿<?xml version="1.0" encoding="UTF-8" standalone="no"?>
<process accountid="20063076" allowrepairprocess="0" builtin="0" builtinversion="0" carriesapplicationversion="0" creationdatetime="2022-10-25 17:05:56" deleted="0" eskerapplication="" global="0" id="HTY552000SG7" keepcustomization="0" keepfieldsonly="0" keepfieldsproperties="0" keepnewcontroloptions="0" migrationversion="4" name="Vendor invoice payment" needvalidation="0" ootofilter="" ootoversion="0" originalProcessID="CRMP1003066" ownerid="cn=admin_p2p@paragon-cc.fr,ou=DEV,ou=TrainingP2P,ou=DEMO_JULIEN,ou=05284299,ou=ESK,s=eoo" ownerpb="OnDemand AddressBook" public="1" pushnotification="0" reuseengine="0" sprintversion="5.261.0" transportname="CustomData" upgradable="1" userid="0" version="2" visibility="0">
  <properties>
    <dataConditions>
      <listDataConditions>
				&lt;dataCondition&gt;
					&lt;tableName&gt;P2P - Global Application Settings__&lt;/tableName&gt;
					&lt;filter&gt;msnex=*&lt;/filter&gt;
					&lt;labelKey&gt;_AP disabled&lt;/labelKey&gt;
					&lt;conditions&gt;
						&lt;allowCondition&gt;
							&lt;fieldName&gt;EnableAccountPayableGlobalSetting__&lt;/fieldName&gt;
							&lt;fieldValue&gt;1&lt;/fieldValue&gt;
						&lt;/allowCondition&gt;
					&lt;/conditions&gt;
				&lt;/dataCondition&gt;
			</listDataConditions>
    </dataConditions>
    <externalvariables>
      <VendorInvoiceProcessName>Vendor invoice</VendorInvoiceProcessName>
    </externalvariables>
    <gdr>
      <FinalizationScriptAllowRetry>
      </FinalizationScriptAllowRetry>
      <finalizationscriptIncludedScripts>Sys/Sys_Helpers_Database</finalizationscriptIncludedScripts>
      <finalizationscriptIncludedScripts>Sys/Sys_Helpers_Date</finalizationscriptIncludedScripts>
      <finalizationscriptIncludedScripts>Sys/Sys_Helpers_CSVReader</finalizationscriptIncludedScripts>
      <finalizationscriptIncludedScripts>Sys/Sys_EmailNotification</finalizationscriptIncludedScripts>
      <finalizationscriptIncludedScripts>Lib_V12.0.461.0</finalizationscriptIncludedScripts>
      <finalizationscriptIncludedScripts>Lib_ERP_V12.0.461.0</finalizationscriptIncludedScripts>
      <finalizationscriptIncludedScripts>Lib_ERP_Generic_InvoicePayment_V12.0.461.0</finalizationscriptIncludedScripts>
      <finalizationscriptIncludedScripts>Lib_ERP_EBS_InvoicePayment_V12.0.461.0</finalizationscriptIncludedScripts>
      <finalizationscriptIncludedScripts>Lib_ERP_NAV_InvoicePayment_V12.0.461.0</finalizationscriptIncludedScripts>
      <finalizationscriptIncludedScripts>Lib_ERP_JDE_InvoicePayment_V12.0.461.0</finalizationscriptIncludedScripts>
      <finalizationscriptIncludedScripts>Lib_AP_V12.0.461.0</finalizationscriptIncludedScripts>
      <finalizationscriptIncludedScripts>Lib_AP_Comment_Helper_V12.0.461.0</finalizationscriptIncludedScripts>
      <finalizationscriptIncludedScripts>Lib_AP_UpdatePaymentDetails_V12.0.461.0</finalizationscriptIncludedScripts>
      <finalizationscriptIncludedScripts>Lib_AP_VendorPortal_V12.0.461.0</finalizationscriptIncludedScripts>
      <finalizationscriptIncludedScripts>[LIB_AP_CUSTOMIZATION_PAYMENT]</finalizationscriptIncludedScripts>
      <FinalizationScript>///#GLOBALS Lib
var numberOfCSVLinesPerLoop = 100;
Process.SetTimeOut(2 * 60 * 60);

function run()
{
	// 3 modes: from single invoice, from csv or from admin list
	var mode = Lib.AP.UpdatePaymentDetails.GetMode();
	var vendorInvoiceProcessName = Variable.GetValueAsString("VendorInvoiceProcessName");
	switch (mode)
	{
	case "AdminList":
		{
			// From admin list: update the invoices
			var ruidexList = Variable.GetValueAsString("AncestorsRuid");
			var payments = Lib.AP.UpdatePaymentDetails.CreatePaymentsForUpdate(ruidexList);
			Lib.ERP.CreateManagerFromRecord("CDNAME#Vendor Invoice", "(ruidex=" + ruidexList.split("|")[0] + ")", function (erpMgr)
			{
				if (erpMgr)
				{
					Lib.AP.UpdatePaymentDetails.erpMgr = erpMgr;
				}
				Lib.AP.UpdatePaymentDetails.JSONToUpdatePaymentDetails(payments, Lib.AP.UpdatePaymentDetails.GetCurrentUser(), vendorInvoiceProcessName, "ruidex");
			});
			break;
		}
	case "CSV":
		{
			// From CSV file: update the invoices
			var user = Lib.AP.UpdatePaymentDetails.GetCurrentUser();
			// Get ERP manager from first CSV line
			var res = Lib.AP.UpdatePaymentDetails.GenerateCSVToJson(numberOfCSVLinesPerLoop);
			if (Object.keys(res).length &gt; 0)
			{
				var filter = "(" + res[Object.keys(res)[0]].queryFilter + ")";
				Lib.ERP.CreateManagerFromRecord("CDNAME#Vendor Invoice", filter, function (erpMgr)
				{
					if (erpMgr)
					{
						Lib.AP.UpdatePaymentDetails.erpMgr = erpMgr;
					}
					while (Object.keys(res).length &gt; 0)
					{
						Lib.AP.UpdatePaymentDetails.JSONToUpdatePaymentDetails(res, user, vendorInvoiceProcessName, ["CompanyCode__", "VendorNumber__", "InvoiceNumber__"]);
						res = Lib.AP.UpdatePaymentDetails.GenerateCSVToJson(numberOfCSVLinesPerLoop);
					}
				});
			}
			Log.Info("Update is complete!");
			break;
		}
		//case "SingleInvoice":
	default:
		{
			// From single invoice: nothing to do (done in validation script)
			break;
		}
	}
}
run();
Data.SetValue("KeepOpenAfterApproval", "ForceClose");</FinalizationScript>
      <ValidationScriptAllowRetry>true</ValidationScriptAllowRetry>
      <validationscriptIncludedScripts>Sys/Sys_Helpers_Database</validationscriptIncludedScripts>
      <validationscriptIncludedScripts>Sys/Sys_Helpers_Date</validationscriptIncludedScripts>
      <validationscriptIncludedScripts>Sys/Sys_Helpers_CSVReader</validationscriptIncludedScripts>
      <validationscriptIncludedScripts>Sys/Sys_EmailNotification</validationscriptIncludedScripts>
      <validationscriptIncludedScripts>Lib_V12.0.461.0</validationscriptIncludedScripts>
      <validationscriptIncludedScripts>Lib_ERP_V12.0.461.0</validationscriptIncludedScripts>
      <validationscriptIncludedScripts>Lib_ERP_Generic_InvoicePayment_V12.0.461.0</validationscriptIncludedScripts>
      <validationscriptIncludedScripts>Lib_ERP_EBS_InvoicePayment_V12.0.461.0</validationscriptIncludedScripts>
      <validationscriptIncludedScripts>Lib_ERP_NAV_InvoicePayment_V12.0.461.0</validationscriptIncludedScripts>
      <validationscriptIncludedScripts>Lib_ERP_JDE_InvoicePayment_V12.0.461.0</validationscriptIncludedScripts>
      <validationscriptIncludedScripts>Lib_AP_V12.0.461.0</validationscriptIncludedScripts>
      <validationscriptIncludedScripts>Lib_AP_Comment_Helper_V12.0.461.0</validationscriptIncludedScripts>
      <validationscriptIncludedScripts>Lib_AP_UpdatePaymentDetails_V12.0.461.0</validationscriptIncludedScripts>
      <validationscriptIncludedScripts>Lib_AP_VendorPortal_V12.0.461.0</validationscriptIncludedScripts>
      <validationscriptIncludedScripts>[LIB_AP_CUSTOMIZATION_PAYMENT]</validationscriptIncludedScripts>
      <ValidationScript>///#GLOBALS Lib
/* Vendor Invoice Payment script */

function run()
{
	var actionType = Data.GetActionType().toLowerCase();
	var actionName = Data.GetActionName().toLowerCase();
	var vendorInvoiceProcessName = Variable.GetValueAsString("VendorInvoiceProcessName");

	if (actionType === "approve" &amp;&amp; actionName === "update")
	{
		var mode = Lib.AP.UpdatePaymentDetails.GetMode();

		switch (mode)
		{
			case "SingleInvoice":
				{
					// From single invoice: update the invoice
					//Wait finalization script to be sure that the invoice will be filled before we reopen it
					Data.SetValue("KeepOpenAfterApproval", "waitForFinalization");

					var ruidex = Data.GetValue("SourceRUID");
					var payments = Lib.AP.UpdatePaymentDetails.CreatePaymentsForUpdate(ruidex);
					Lib.ERP.CreateManagerFromRecord("CDNAME#Vendor Invoice", "(ruidex=" + ruidex + ")", function (erpMgr)
					{
						if (erpMgr)
						{
							Lib.AP.UpdatePaymentDetails.erpMgr = erpMgr;
						}
						Lib.AP.UpdatePaymentDetails.JSONToUpdatePaymentDetails(payments, Lib.AP.UpdatePaymentDetails.GetCurrentUser(), vendorInvoiceProcessName, "ruidex");
					});
					break;
				}
			case "CSV":
				{
					var csvCheckError = Lib.AP.UpdatePaymentDetails.CheckCSVHeaders();
					if (csvCheckError)
					{
						var messageTranslated = Language.Translate(csvCheckError);
						Variable.SetValueAsString("errorMessage", messageTranslated);
						Process.PreventApproval();
					}
					// Do nothing, job will be done in finalization script
					break;
				}
			//case "AdminList":
			default:
				{
					// From admin list: do nothing, job will be done in finalization script
					break;
				}
		}
	}
}

run();

</ValidationScript>
      <AllowTagCoverPages>true</AllowTagCoverPages>
      <AllowTagNewDocuments>true</AllowTagNewDocuments>
      <AllowTagAttachments>true</AllowTagAttachments>
      <ExtractionScriptAllowRetry>
      </ExtractionScriptAllowRetry>
      <ExtractionScript>if (!Data.GetValue("PaymentDate__"))
{
	Data.SetValue("PaymentDate__", Helpers.Date.InDocumentTimezone(new Date()));
}</ExtractionScript>
      <AllowRemovePages>true</AllowRemovePages>
      <AllowSwapPages>true</AllowSwapPages>
      <PostProcessingScriptAllowRetry>
      </PostProcessingScriptAllowRetry>
      <PostProcessingScript>
      </PostProcessingScript>
    </gdr>
    <lg>
      <process_de>{
	"_An error occured while retrieving invoice information": "Beim Abrufen der Rechnungsdaten ist ein Fehler aufgetreten.",
	"_CommentHistory": "{0} ({1})",
	"_CommentHistoryNoUser": "{0}",
	"_CSVImportFilePane": "CSV-Importdatei",
	"_Customer invoice paid {0}": "Zahlungsmitteilung für Rechnung {0}",
	"_DefaultInvoicesToPayExplanation": "Sie haben {0} Rechnungen ausgewählt.",
	"_error_bad_csv_headers": "Die Kopfzeile der CSV-Datei ist ungültig.",
	"_error_no_csv_attached": "Bitte wählen Sie eine CSV-Importdatei aus.",
	"_HistoryInvoicePaymentAction": "Zahlungsdetails eingegeben",
	"_Import and update": "Importieren und Rechnungen aktualisieren",
	"_InvoicesToPayExplanation": "Sie haben {0} Rechnungen ausgewählt.",
	"_Payment status import": "Zahlungsstatus-Import",
	"_Payment_date": "Zahlungsdatum",
	"_Payment_method": "Zahlungsmethode",
	"_Payment_pane": "Zahlungsdetails",
	"_Payment_reference": "Zahlungsreferenz",
	"_Please select your CSV file containing the list of invoices to update.": "Wählen Sie die CSV-Importdatei mit der Liste der zu aktualisierenden Rechnungen aus.",
	"_ProcessDescriptionPane": "Prozessbeschreibung",
	"_The CSV had to respect the following format:": "Stellen Sie sicher, dass die CSV-Importdatei folgendermaßen formatiert ist:",
	"_Update_payment_title_pane": "Banner",
	"_UpdateListPayment": "Speichern",
	"_UpdatePayment": "Speichern",
	"_UpdatePaymentDetailsSubTitle": "Geben Sie die Transaktionsdetails der Zahlung ein",
	"_UpdatePaymentDetailsTitle": "Zahlungsdetails",
	"_You try to pay invoices which are not to pay.": "Die ausgewählten Rechnungen sind nicht zur Zahlung verfügbar.",
	"_You try to update payment status for invoices addressed to different vendors.": "Sie haben Rechnungen mit unterschiedlichen Empfängern ausgewählt. Bitte führen Sie für jeden Lieferanten eine separate Aktualisierung aus.",
	"_You try to update payment status for invoices with different currency.": "Sie haben Rechnungen mit unterschiedlichen Währungen ausgewählt. Bitte führen Sie für jede Währung eine separate Aktualisierung aus.",
	"Cash": "Barzahlung",
	"Check": "Scheck",
	"Credit card": "Kreditkarte",
	"EFT": "Elektronische Überweisung",
	"ErrorPane": "Fehler",
	"Invoices to pay": "Zur Zahlung ausstehende Rechnungen",
	"Invoices view": "Rechnungen",
	"Other": "Andere",
	"Vendor invoice payment": "Zahlung einer Lieferantenrechnung"
}</process_de>
      <process_JA>{
	"_An error occured while retrieving invoice information": "請求書データの取得中にエラーが発生しました。",
	"_CommentHistory": "{0} ユーザー: {1}",
	"_CommentHistoryNoUser": "{0}",
	"_CSVImportFilePane": "CSV インポートファイル",
	"_Customer invoice paid {0}": "請求書 {0} の支払通知",
	"_DefaultInvoicesToPayExplanation": "{0} 件の請求書を選択しました。",
	"_error_bad_csv_headers": "CSV ファイルヘッダーが無効です。",
	"_error_no_csv_attached": "CSV インポートファイルを選択してください。",
	"_HistoryInvoicePaymentAction": "支払詳細が入力されました",
	"_Import and update": "請求書のインポートと更新",
	"_InvoicesToPayExplanation": "{0} 件の請求書を選択しました。",
	"_Payment status import": "支払ステータスインポート",
	"_Payment_date": "支払日",
	"_Payment_method": "支払方法",
	"_Payment_pane": "支払詳細",
	"_Payment_reference": "支払参照番号",
	"_Please select your CSV file containing the list of invoices to update.": "更新する請求書のリストが含まれた CSV インポートファイルを選択してください。",
	"_ProcessDescriptionPane": "処理説明",
	"_The CSV had to respect the following format:": "CSV インポートファイルが次の形式であることを確認してください。",
	"_Update_payment_title_pane": "バナー",
	"_UpdateListPayment": "保存",
	"_UpdatePayment": "保存",
	"_UpdatePaymentDetailsSubTitle": "決済の取引詳細を入力",
	"_UpdatePaymentDetailsTitle": "支払詳細",
	"_You try to pay invoices which are not to pay.": "選択した請求書は支払いで使用できません。",
	"_You try to update payment status for invoices addressed to different vendors.": "別の受信者の請求書を選択しました。各仕入先に対して個別に更新してください。",
	"_You try to update payment status for invoices with different currency.": "別の請求通貨の請求書を選択しました。各通貨に対して個別に更新してください。",
	"Cash": "現金決済",
	"Check": "小切手",
	"Credit card": "クレジットカード",
	"EFT": "電子資金振替",
	"ErrorPane": "エラー",
	"Invoices to pay": "支払保留中の請求書",
	"Invoices view": "請求書",
	"Other": "その他",
	"Vendor invoice payment": "仕入先請求書支払い"
}</process_JA>
      <process_en>{
	"_An error occured while retrieving invoice information": "An error occurred while retrieving the invoice data.",
	"_CommentHistory": "{0} by {1}",
	"_CommentHistoryNoUser": "{0}",
	"_CSVImportFilePane": "CSV Import File",
	"_Customer invoice paid {0}": "Payment notification for invoice {0}",
	"_DefaultInvoicesToPayExplanation": "You have selected {0} invoices.",
	"_error_bad_csv_headers": "The CSV file header is not valid.",
	"_error_no_csv_attached": "Please select a CSV import file.",
	"_HistoryInvoicePaymentAction": "Payment details entered",
	"_Import and update": "Import and update invoices",
	"_InvoicesToPayExplanation": "You have selected {0} invoices.",
	"_Payment status import": "Payment Status Import",
	"_Payment_date": "Payment date",
	"_Payment_method": "Payment method",
	"_Payment_pane": "Payment Details",
	"_Payment_reference": "Payment reference",
	"_Please select your CSV file containing the list of invoices to update.": "Select the CSV import file that contains the list of invoices to update.",
	"_ProcessDescriptionPane": "Process Description",
	"_The CSV had to respect the following format:": "Make sure that the CSV import file is formatted as follows:",
	"_Update_payment_title_pane": "Banner",
	"_UpdateListPayment": "Save",
	"_UpdatePayment": "Save",
	"_UpdatePaymentDetailsSubTitle": "Enter the transaction details of the payment",
	"_UpdatePaymentDetailsTitle": "Payment Details",
	"_You try to pay invoices which are not to pay.": "The selected invoices are not available for payment.",
	"_You try to update payment status for invoices addressed to different vendors.": "You have selected invoices with different recipients. Please make a separate update for each vendor.",
	"_You try to update payment status for invoices with different currency.": "You have selected invoices with different billing currencies. Please make a separate update for each currency.",
	"Cash": "Cash payment",
	"Check": "Check",
	"Credit card": "Credit card",
	"EFT": "Electronic Funds Transfer",
	"ErrorPane": "Error",
	"Invoices to pay": "Invoices pending payment",
	"Invoices view": "Invoices",
	"Other": "Other",
	"Vendor invoice payment": "Vendor invoice payment"
}</process_en>
      <process_es>{
	"_An error occured while retrieving invoice information": "Error al recuperar los datos de la factura.",
	"_CommentHistory": "{0} por {1}",
	"_CommentHistoryNoUser": "{0}",
	"_CSVImportFilePane": "Archivo de importación CSV",
	"_Customer invoice paid {0}": "Notificación de pago de la factura {0}",
	"_DefaultInvoicesToPayExplanation": "Ha seleccionado {0} facturas.",
	"_error_bad_csv_headers": "El encabezado del archivo CSV no es válido.",
	"_error_no_csv_attached": "Seleccione un archivo de importación CSV.",
	"_HistoryInvoicePaymentAction": "Detalles de pago introducidos",
	"_Import and update": "Importar y actualizar facturas",
	"_InvoicesToPayExplanation": "Ha seleccionado {0} facturas.",
	"_Payment status import": "Importación de los estados de pago",
	"_Payment_date": "Fecha de pago",
	"_Payment_method": "Forma de pago",
	"_Payment_pane": "Detalles de pago",
	"_Payment_reference": "Referencia de pago",
	"_Please select your CSV file containing the list of invoices to update.": "Seleccione el archivo de importación CSV que contiene la lista de las facturas para actualizar.",
	"_ProcessDescriptionPane": "Descripción del proceso",
	"_The CSV had to respect the following format:": "Asegúrese de que el formato del archivo de importación CSV es el siguiente:",
	"_Update_payment_title_pane": "Banner",
	"_UpdateListPayment": "Guardar",
	"_UpdatePayment": "Guardar",
	"_UpdatePaymentDetailsSubTitle": "Introduzca los detalles de la transacción de pago",
	"_UpdatePaymentDetailsTitle": "Detalles de pago",
	"_You try to pay invoices which are not to pay.": "Las facturas seleccionadas no están disponibles para su pago.",
	"_You try to update payment status for invoices addressed to different vendors.": "Ha seleccionado facturas con destinatarios diferentes. Por favor, efectúe una actualización separada para cada proveedor.",
	"_You try to update payment status for invoices with different currency.": "Ha seleccionado facturas con divisas de facturación diferentes. Por favor, efectúe una actualización separada para cada divisa.",
	"Cash": "Pago en efectivo",
	"Check": "Cheque",
	"Credit card": "Tarjeta de crédito",
	"EFT": "Transferencia electrónica de fondos",
	"ErrorPane": "Error",
	"Invoices to pay": "Facturas en espera de pago",
	"Invoices view": "Facturas",
	"Other": "Otro",
	"Vendor invoice payment": "Pago de una factura de proveedor"
}</process_es>
      <process_fr>{
	"_An error occured while retrieving invoice information": "Une erreur s'est produite lors de la récupération des données de la facture.",
	"_CommentHistory": "{0} par {1}",
	"_CommentHistoryNoUser": "{0}",
	"_CSVImportFilePane": "Fichier d'import CSV",
	"_Customer invoice paid {0}": "Avis de paiement de la facture {0}",
	"_DefaultInvoicesToPayExplanation": "Vous avez sélectionné {0} factures.",
	"_error_bad_csv_headers": "L'en-tête du fichier CSV n'est pas valide.",
	"_error_no_csv_attached": "Veuillez sélectionner un fichier d'import CSV.",
	"_HistoryInvoicePaymentAction": "Détails du paiement saisis",
	"_Import and update": "Importer et mettre à jour les factures",
	"_InvoicesToPayExplanation": "Vous avez sélectionné {0} factures.",
	"_Payment status import": "Import des états de paiement",
	"_Payment_date": "Date de paiement",
	"_Payment_method": "Moyen de paiement",
	"_Payment_pane": "Détails du paiement",
	"_Payment_reference": "Référence de paiement",
	"_Please select your CSV file containing the list of invoices to update.": "Sélectionnez le fichier d'import CSV qui contient la liste des factures à mettre à jour.",
	"_ProcessDescriptionPane": "Description du processus",
	"_The CSV had to respect the following format:": "Assurez-vous que le fichier d'import CSV est formaté de la manière suivante :",
	"_Update_payment_title_pane": "Bannière",
	"_UpdateListPayment": "Enregistrer",
	"_UpdatePayment": "Enregistrer",
	"_UpdatePaymentDetailsSubTitle": "Veuillez saisir les détails de la transaction de paiement",
	"_UpdatePaymentDetailsTitle": "Détails du paiement",
	"_You try to pay invoices which are not to pay.": "Les factures sélectionnées ne sont pas disponibles pour le paiement.",
	"_You try to update payment status for invoices addressed to different vendors.": "Vous avez sélectionné des factures destinées à des fournisseurs différents. Veuillez effectuer une mise à jour distincte pour chaque fournisseur.",
	"_You try to update payment status for invoices with different currency.": "Vous avez sélectionné des factures avec des devises de facturation différentes. Veuillez effectuer une mise à jour distincte pour chaque devise.",
	"Cash": "Paiement en espèces",
	"Check": "Chèque",
	"Credit card": "Carte de crédit",
	"EFT": "Transfert électronique de fonds",
	"ErrorPane": "Erreur",
	"Invoices to pay": "Factures en attente de paiement",
	"Invoices view": "Factures",
	"Other": "Autre",
	"Vendor invoice payment": "Paiement d'une facture fournisseur"
}</process_fr>
      <process_nl-NL>{
	"_An error occured while retrieving invoice information": "Er is een fout opgetreden bij het ophalen van de factuurgegevens.",
	"_CommentHistory": "{0} door {1}",
	"_CommentHistoryNoUser": "{0}",
	"_CSVImportFilePane": "CSV-importbestand",
	"_Customer invoice paid {0}": "Melding betaling voor factuur {0}",
	"_DefaultInvoicesToPayExplanation": "U hebt {0} facturen geselecteerd.",
	"_error_bad_csv_headers": "De koptekst van het CSV-bestand is niet geldig.",
	"_error_no_csv_attached": "Selecteer een CSV-importbestand.",
	"_HistoryInvoicePaymentAction": "Betaalgegevens ingevoerd",
	"_Import and update": "Facturen importeren en bijwerken",
	"_InvoicesToPayExplanation": "U hebt {0} facturen geselecteerd.",
	"_Payment status import": "Import betaalstatus",
	"_Payment_date": "Betaaldatum",
	"_Payment_method": "Betaalwijze",
	"_Payment_pane": "Betaalgegevens",
	"_Payment_reference": "Betaalreferentie",
	"_Please select your CSV file containing the list of invoices to update.": "Selecteer het CSV-importbestand met de lijst met bij te werken facturen.",
	"_ProcessDescriptionPane": "Procesbeschrijving",
	"_The CSV had to respect the following format:": "Zorg dat het CSV-importbestand als volgt is ingedeeld:",
	"_Update_payment_title_pane": "Banner",
	"_UpdateListPayment": "Opslaan",
	"_UpdatePayment": "Opslaan",
	"_UpdatePaymentDetailsSubTitle": "Voer de transactiegegevens van de betaling in",
	"_UpdatePaymentDetailsTitle": "Betaalgegevens",
	"_You try to pay invoices which are not to pay.": "De geselecteerde facturen zijn niet beschikbaar voor betaling.",
	"_You try to update payment status for invoices addressed to different vendors.": "U hebt facturen met andere ontvangers geselecteerd. Maak een afzonderlijke update voor elke leverancier.",
	"_You try to update payment status for invoices with different currency.": "U hebt facturen met verschillende valuta’s voor facturatie geselecteerd. Maak een afzonderlijke update voor elke leverancier.",
	"Cash": "Contante betaling",
	"Check": "Cheque",
	"Credit card": "Creditcard",
	"EFT": "Elektronische overboeking",
	"ErrorPane": "Fout",
	"Invoices to pay": "Facturen in afwachting van betaling",
	"Invoices view": "Facturen",
	"Other": "Overige",
	"Vendor invoice payment": "Betaling van leveranciersfactuur"
}</process_nl-NL>
      <process_it>{
	"_An error occured while retrieving invoice information": "Errore durante il recupero dei dati della fattura.",
	"_CommentHistory": "{0} da {1}",
	"_CommentHistoryNoUser": "{0}",
	"_CSVImportFilePane": "File di importazione CSV",
	"_Customer invoice paid {0}": "Notifica pagamento della fattura {0}",
	"_DefaultInvoicesToPayExplanation": "La selezione include {0} fatture.",
	"_error_bad_csv_headers": "Intestazione del file CSV non valida.",
	"_error_no_csv_attached": "Selezionare un file di importazione CSV.",
	"_HistoryInvoicePaymentAction": "Dettagli pagamento immessi",
	"_Import and update": "Importa e aggiorna fatture",
	"_InvoicesToPayExplanation": "La selezione include {0} fatture.",
	"_Payment status import": "Importazione stati pagamento",
	"_Payment_date": "Data pagamento",
	"_Payment_method": "Metodo di pagamento",
	"_Payment_pane": "Dettagli pagamento",
	"_Payment_reference": "Riferimento pagamento",
	"_Please select your CSV file containing the list of invoices to update.": "Selezionare il file di importazione CSV che contiene la lista delle fatture da aggiornare.",
	"_ProcessDescriptionPane": "Descrizione trattamento",
	"_The CSV had to respect the following format:": "Il file di importazione CSV deve essere formattato come segue:",
	"_Update_payment_title_pane": "Banner",
	"_UpdateListPayment": "Salva",
	"_UpdatePayment": "Salva",
	"_UpdatePaymentDetailsSubTitle": "Immettere i dettagli della transazione di pagamento",
	"_UpdatePaymentDetailsTitle": "Dettagli pagamento",
	"_You try to pay invoices which are not to pay.": "Le fatture selezionate non sono disponibili per il pagamento.",
	"_You try to update payment status for invoices addressed to different vendors.": "Le fatture selezionate sono destinate a fornitori diversi. Effettuare un aggiornamento distinto per ogni fornitore.",
	"_You try to update payment status for invoices with different currency.": "Le fatture selezionate hanno diverse valute di fatturazione. Effettuare un aggiornamento distinto per ogni valuta.",
	"Cash": "Pagamento in contanti",
	"Check": "Assegno",
	"Credit card": "Carta di credito",
	"EFT": "Bonifico elettronico",
	"ErrorPane": "Errore",
	"Invoices to pay": "Fatture in attesa di pagamento",
	"Invoices view": "Fatture",
	"Other": "Altro",
	"Vendor invoice payment": "Pagamento fattura fornitore"
}</process_it>
      <process_zh-CN>{
	"_An error occured while retrieving invoice information": "检索发票日期时出错。",
	"_CommentHistory": "{0}，执行者：{1}",
	"_CommentHistoryNoUser": "{0}",
	"_CSVImportFilePane": "CSV 导入文件",
	"_Customer invoice paid {0}": "发票 {0} 的付款通知",
	"_DefaultInvoicesToPayExplanation": "您已选择了 {0} 发票。",
	"_error_bad_csv_headers": "CSV 文件头无效。",
	"_error_no_csv_attached": "请选择 CSV 导入文件",
	"_HistoryInvoicePaymentAction": "已输入付款详情",
	"_Import and update": "导入和更新发票",
	"_InvoicesToPayExplanation": "您已选择了 {0} 发票。",
	"_Payment status import": "付款状态导入",
	"_Payment_date": "付款日期",
	"_Payment_method": "付款方式",
	"_Payment_pane": "付款详情",
	"_Payment_reference": "付款参考",
	"_Please select your CSV file containing the list of invoices to update.": "选择包含待更新发票列表的 CSV 导入文件。",
	"_ProcessDescriptionPane": "进程说明",
	"_The CSV had to respect the following format:": "确保 CSV 导入文件的格式如下：",
	"_Update_payment_title_pane": "标题",
	"_UpdateListPayment": "保存",
	"_UpdatePayment": "保存",
	"_UpdatePaymentDetailsSubTitle": "输入付款的交易详情",
	"_UpdatePaymentDetailsTitle": "付款详情",
	"_You try to pay invoices which are not to pay.": "所选择的发票不可付款。",
	"_You try to update payment status for invoices addressed to different vendors.": "您选择的账单发票有不同收货人，请为每个供应商单独更新。",
	"_You try to update payment status for invoices with different currency.": "您选择了有不同计费货币的发票。请为每个货币单独更新。",
	"Cash": "现金支付",
	"Check": "支票",
	"Credit card": "信用卡",
	"EFT": "电子转帐",
	"ErrorPane": "错误",
	"Invoices to pay": "等待付款的发票",
	"Invoices view": "发票",
	"Other": "其他",
	"Vendor invoice payment": "供应商发票付款"
}</process_zh-CN>
      <process_pt-BR>{
	"_An error occured while retrieving invoice information": "Ocorreu um erro ao recuperar os dados da sua fatura.",
	"_CommentHistory": "{0} em {1}",
	"_CommentHistoryNoUser": "{0}",
	"_CSVImportFilePane": "Arquivo de importação CSV",
	"_Customer invoice paid {0}": "Notificação de pagamento para a fatura {0}",
	"_DefaultInvoicesToPayExplanation": "Você selecionou {0} faturas.",
	"_error_bad_csv_headers": "O cabeçalho do arquivo CSV não é válido.",
	"_error_no_csv_attached": "Selecione um arquivo de importação CSV.",
	"_HistoryInvoicePaymentAction": "Detalhes do pagamento inseridos.",
	"_Import and update": "Importar e atualizar faturas",
	"_InvoicesToPayExplanation": "Você selecionou {0} faturas.",
	"_Payment status import": "Importação de status de pagamento",
	"_Payment_date": "Data de pagamento",
	"_Payment_method": "Método de pagamento",
	"_Payment_pane": "Detalhes de pagamento",
	"_Payment_reference": "Referência de pagamento",
	"_Please select your CSV file containing the list of invoices to update.": "Selecione o arquivo de importação CSV que contém a lista de faturas a serem atualizadas.",
	"_ProcessDescriptionPane": "Descrição do processo",
	"_The CSV had to respect the following format:": "Verifique se o arquivo de importação CSV está formatado da seguinte maneira:",
	"_Update_payment_title_pane": "Banner",
	"_UpdateListPayment": "Salvar",
	"_UpdatePayment": "Salvar",
	"_UpdatePaymentDetailsSubTitle": "Insira os detalhes da transação do pagamento",
	"_UpdatePaymentDetailsTitle": "Detalhes de pagamento",
	"_You try to pay invoices which are not to pay.": "As faturas selecionadas não estão disponíveis para pagamento.",
	"_You try to update payment status for invoices addressed to different vendors.": "Você selecionou faturas com diferentes destinatários. Faça uma atualização separada para cada fornecedor.",
	"_You try to update payment status for invoices with different currency.": "Você selecionou faturas com diferentes moedas de cobrança. Faça uma atualização separada para cada moeda.",
	"Cash": "Pagamento em dinheiro",
	"Check": "Cheque",
	"Credit card": "Cartão de crédito",
	"EFT": "Transferência eletrônica de fundos",
	"ErrorPane": "Erro",
	"Invoices to pay": "Faturas pendentes de pagamento",
	"Invoices view": "Faturas",
	"Other": "Outro",
	"Vendor invoice payment": "Pagamento da fatura de fornecedor"
}</process_pt-BR>
    </lg>
    <ocr>
      <trade-off>accurate</trade-off>
      <image-binarization>no</image-binarization>
      <image-draft-fax>no</image-draft-fax>
      <image-despeckle>no</image-despeckle>
      <allowed-language>0</allowed-language>
      <image-resolution-enhancement>auto</image-resolution-enhancement>
      <ocr_engine>Nuance190</ocr_engine>
      <extractionAdditionalOptions>
      </extractionAdditionalOptions>
    </ocr>
    <process>
      <flowtype>processing</flowtype>
      <ocrpreset>scan</ocrpreset>
      <homepagelabel>Vendor invoice payment</homepagelabel>
      <enableflexibleauditing>
      </enableflexibleauditing>
      <enableflexibleediting>
      </enableflexibleediting>
      <enableflexibleteaching>
      </enableflexibleteaching>
      <upgradable>yes</upgradable>
      <disableocr>
      </disableocr>
      <instanciable>1</instanciable>
      <disableautolearning>true</disableautolearning>
      <backgroundprocessingthreshold>
      </backgroundprocessingthreshold>
      <EnablePreviewPrecomputation>
      </EnablePreviewPrecomputation>
      <archiveDuration>0</archiveDuration>
      <OverrideAllowedDocumentExtensions>CSV</OverrideAllowedDocumentExtensions>
      <ocrpagestoprocess>0</ocrpagestoprocess>
      <ScriptEngineType>2</ScriptEngineType>
      <displayWidth>1024</displayWidth>
      <AllowUploadAttachment>0</AllowUploadAttachment>
      <AllowUploadReferenceDocument>1</AllowUploadReferenceDocument>
      <UseCultureFormat>true</UseCultureFormat>
      <AllowRetryExtractCD>true</AllowRetryExtractCD>
      <TransportName>CustomData</TransportName>
      <LayoutVersion>1.0</LayoutVersion>
    </process>
    <ui>
      <CustomScriptDebug>false</CustomScriptDebug>
      <customscriptIncludedScripts>Lib_AP_V12.0.461.0</customscriptIncludedScripts>
      <CustomScriptReadonly>true</CustomScriptReadonly>
      <CustomScript>///#GLOBALS Lib
Variable.SetValueAsString("CurrentUserId", User.loginId);
var MAX_INVOICES_PER_QUERY = 40;
var MAX_INVOICE_IN_VIEW = 20;
var tabName = "_My documents-AP-Embedded";
var viewName = "_AP_View_To paid - embedded";
var processName = "Vendor Invoice";
var LayoutHelper;
var InvoiceCheckHelper = {
	invoicesAlreadyChecked: 0,
	ruidsList: null,
	nbInvoices: 0,
	check: function (ruids)
	{
		this.ruidsList = ruids.split("|");
		this.nbInvoices = this.ruidsList.length;
		Controls.Update.SetDisabled(true);
		this.checkRuids();
	},
	checkRuids: function ()
	{
		Log.Info("Checked " + InvoiceCheckHelper.invoicesAlreadyChecked + "/" + InvoiceCheckHelper.nbInvoices + " invoices");
		//Check invoices 50 by 50
		if (InvoiceCheckHelper.ruidsList &amp;&amp; InvoiceCheckHelper.ruidsList.length &gt; InvoiceCheckHelper.invoicesAlreadyChecked)
		{
			Controls.Update.Wait(true);
			var attributes = "InvoiceStatus__|VendorNumber__|InvoiceCurrency__";
			var filter = void 0;
			//Get the next 50 invoices
			var invoicesToCheck = InvoiceCheckHelper.ruidsList.slice(InvoiceCheckHelper.invoicesAlreadyChecked).slice(0, MAX_INVOICES_PER_QUERY);
			InvoiceCheckHelper.invoicesAlreadyChecked += invoicesToCheck.length;
			if (invoicesToCheck.length &gt; 1)
			{
				filter = "|(RUIDEX=" + invoicesToCheck.join(")(RUIDEX=") + ")";
			}
			else
			{
				filter = "(RUIDEX=" + invoicesToCheck[0] + ")";
			}
			Query.DBQuery(InvoiceCheckHelper.checkRuidsCallback, "CDNAME#Vendor invoice", attributes, filter, null, MAX_INVOICES_PER_QUERY, 0);
		}
		else
		{
			Log.Info("Restore button");
			Controls.Update.SetDisabled(false);
			Controls.Update.Wait(false);
		}
	},
	checkSameValue: function (bReturn, value1, value2)
	{
		if (value1 === value2)
		{
			return bReturn;
		}
		return false;
	},
	checkRuidsCallback: function (queryResult)
	{
		var sameCurrency = true;
		var sameVendor = true;
		var isUnpaid = true;
		var failure = false;
		if (!queryResult)
		{
			Log.Error("The request does not return any record");
			failure = true;
		}
		else
		{
			var err = queryResult.GetQueryError();
			if (err)
			{
				Log.Error("Query in error : " + err);
				failure = true;
			}
			else if (queryResult.GetRecordsCount() === 0)
			{
				Log.Info("Query does not return any record...");
			}
			else
			{
				var vendorReference = queryResult.GetQueryValue("VendorNumber__", 0);
				var currencyReference = queryResult.GetQueryValue("InvoiceCurrency__", 0);
				var invoiceStatus = queryResult.GetQueryValue("InvoiceStatus__", 0);
				isUnpaid = Lib.AP.InvoiceStatus.ToPay === invoiceStatus || Lib.AP.InvoiceStatus.BeingPaid === invoiceStatus;
				for (var i = 1; i &lt; queryResult.GetRecordsCount() &amp;&amp; sameVendor &amp;&amp; sameCurrency &amp;&amp; isUnpaid; ++i)
				{
					sameVendor = InvoiceCheckHelper.checkSameValue(sameVendor, vendorReference, queryResult.GetQueryValue("VendorNumber__", i));
					sameCurrency = InvoiceCheckHelper.checkSameValue(sameCurrency, currencyReference, queryResult.GetQueryValue("InvoiceCurrency__", i));
					invoiceStatus = queryResult.GetQueryValue("InvoiceStatus__", i);
					isUnpaid = InvoiceCheckHelper.checkSameValue(isUnpaid, Lib.AP.InvoiceStatus.ToPay, invoiceStatus) ||
						InvoiceCheckHelper.checkSameValue(isUnpaid, Lib.AP.InvoiceStatus.BeingPaid, invoiceStatus);
				}
			}
		}
		if (!sameVendor || !sameCurrency || !isUnpaid || failure)
		{
			Log.Info("Check invoices find error : sameVendor=" + sameVendor + " - sameCurrency=" + sameCurrency + " - isUnpaid" + isUnpaid);
			LayoutHelper.setWrongSelectionLayout(sameVendor, sameCurrency, isUnpaid);
			Controls.Update.Wait(false);
		}
		else
		{
			InvoiceCheckHelper.checkRuids();
		}
	}
};
var InvoiceViewHelper = {
	getInvoicesFilter: function (ruids)
	{
		if (!ruids)
		{
			return {
				"msnex": "0"
			};
		}
		var msnexlist = ruids.split("|");
		for (var i = 0; i &lt; msnexlist.length; i++)
		{
			msnexlist[i] = msnexlist[i].split(".")[1];
		}
		return {
			"msnex": msnexlist
		};
	},
	show: function (ruids)
	{
		var nbInvoices = ruids.split("|").length;
		if (nbInvoices &gt; MAX_INVOICE_IN_VIEW)
		{
			Controls.InvoicesToPayExplanation__.Hide(false);
			Controls.InvoicesView__.Hide();
			Controls.InvoicesToPayExplanation__.SetText("_InvoicesToPayExplanation", nbInvoices, nbInvoices);
		}
		else
		{
			Controls.InvoicesToPayExplanation__.Hide();
			Controls.InvoicesView__.Hide(false);
			Controls.InvoicesView__.SetView(tabName, viewName, processName);
			Controls.InvoicesView__.SetFilterParameters(this.getInvoicesFilter(ruids));
			Controls.InvoicesView__.CheckProfileTab(false);
			Controls.InvoicesView__.Apply();
		}
	}
};
LayoutHelper = {
	panelVisibility:
	{},
	init: function ()
	{
		this.panelVisibility.Update_payment_title_pane = {
			"ctrl": Controls.Update_payment_title_pane,
			"fromVIP": true,
			"fromAdminList": true,
			"fromAdminListWrongSelection": false,
			"fromCSVImport": false
		};
		this.panelVisibility.Payment_pane = {
			"ctrl": Controls.Payment_pane,
			"fromVIP": true,
			"fromAdminList": true,
			"fromAdminListWrongSelection": false,
			"fromCSVImport": false
		};
		this.panelVisibility.ProcessDescriptionPane = {
			"ctrl": Controls.ProcessDescriptionPane,
			"fromVIP": false,
			"fromAdminList": false,
			"fromAdminListWrongSelection": false,
			"fromCSVImport": true
		};
		this.panelVisibility.CSVImportFilePane = {
			"ctrl": Controls.CSVImportFilePane,
			"fromVIP": false,
			"fromAdminList": false,
			"fromAdminListWrongSelection": false,
			"fromCSVImport": true
		};
		this.panelVisibility.InvoicesViewPanel = {
			"ctrl": Controls.InvoicesViewPanel,
			"fromVIP": false,
			"fromAdminList": true,
			"fromAdminListWrongSelection": false,
			"fromCSVImport": false
		};
		this.panelVisibility.ErrorPane = {
			"ctrl": Controls.ErrorPane,
			"fromVIP": false,
			"fromAdminList": false,
			"fromAdminListWrongSelection": true,
			"fromCSVImport": false
		};
		var ruids = Variable.GetValueAsString("AncestorsRuid");
		if (ruids)
		{
			Log.Info("Openning from admin list selection");
			this.setAdminListSelectionLayout(ruids);
			if (!ProcessInstance.isReadOnly)
			{
				InvoiceCheckHelper.check(ruids);
			}
		}
		else if (Variable.GetValueAsString("InvoiceDate__"))
		{
			// If the InvoiceDate__ variable is, it means the process was instanciated from an invoice
			// InvoiceDate__ variable is not set when instanciated from the dashboard or a view
			Log.Info("Openning from an invoice");
			this.setPaymentFromVIPLayout();
		}
		else
		{
			Log.Info("Openning from dashboard button : CSV import");
			this.setImportFromCSVLayout();
		}
	},
	setPaymentFieldsReadOnly: function ()
	{
		// Disable fields
		Controls.PaymentDate__.SetRequired(false);
		Controls.Payment_method__.SetRequired(false);
		Controls.Payment_method__.SetText("\n" + Controls.Payment_method__.GetText());
	},
	showPanelsFor: function (layout)
	{
		for (var panel in this.panelVisibility)
		{
			if (Object.prototype.hasOwnProperty.call(this.panelVisibility, panel))
			{
				this.panelVisibility[panel].ctrl.SetReadOnly(!this.panelVisibility[panel][layout]);
				this.panelVisibility[panel].ctrl.Hide(!this.panelVisibility[panel][layout]);
			}
		}
	},
	manageDescriptionTranslation: function ()
	{
		var description = "\n";
		description += Language.Translate("_Please select your CSV file containing the list of invoices to update.") + "\n";
		description += Language.Translate("_The CSV had to respect the following format:") + "\n";
		description += "\n";
		// Manage labels
		Controls.ProcessDescriptionPart1__.SetLabel(description);
	},
	setPaymentFromVIPLayout: function ()
	{
		// Display specifics panels
		this.showPanelsFor("fromVIP");
		// Disable fields
		Controls.CSVImportFilePane.SetReadOnly(true);
		// Manage labels
		Controls.Update.SetLabel("_UpdatePayment");
	},
	setImportFromCSVLayout: function ()
	{
		// Display specifics panels
		this.showPanelsFor("fromCSVImport");
		this.manageDescriptionTranslation();
		Controls.Update.SetLabel("_Import and update");
		Controls.Update.SetDisabled(Attach.GetNbAttach() === 0);
		this.setPaymentFieldsReadOnly();
		var message = Variable.GetValueAsString("errorMessage");
		if (message)
		{
			Popup.Alert(message, true, null, "_Error");
		}
	},
	setAdminListSelectionLayout: function (ruids)
	{
		// Display specifics panels
		this.showPanelsFor("fromAdminList");
		// Manage labels
		Controls.Update.SetLabel("_UpdateListPayment");
		InvoiceViewHelper.show(ruids);
	},
	setWrongSelectionLayout: function (sameVendor, sameCurrency, isUnpaid)
	{
		ProcessInstance.SetSilentChange(true);
		this.showPanelsFor("fromAdminListWrongSelection");
		var errorMessage = "_An error occured while retrieving invoice information";
		if (!sameVendor)
		{
			errorMessage = "_You try to update payment status for invoices addressed to different vendors.";
		}
		else if (!sameCurrency)
		{
			errorMessage = "_You try to update payment status for invoices with different currency.";
		}
		else if (!isUnpaid)
		{
			errorMessage = "_You try to pay invoices which are not to pay.";
		}
		var errorMessageTranslated = Language.Translate(errorMessage);
		Controls.Error__.SetLabel(errorMessageTranslated);
		this.setPaymentFieldsReadOnly();
		Controls.Update.Hide();
	}
};
LayoutHelper.init();</CustomScript>
      <layout>{
	"*": {
		"GDRData": {
			"type": "GDRData",
			"options": {
				"version": 0
			},
			"stamp": 1,
			"data": []
		},
		"OCRParams": {
			"type": "OCRParams",
			"options": {
				"version": 0
			},
			"stamp": 2,
			"data": []
		},
		"Screen": {
			"type": "FlexibleFormLayout",
			"options": {
				"splitterType": "complex",
				"version": 0,
				"maxwidth": 1024
			},
			"*": {
				"form-header": {
					"type": "FlexibleFormHeader",
					"options": {
						"version": 0,
						"maxwidth": 1024
					},
					"stamp": 3,
					"data": []
				},
				"form-center": {
					"type": "FlexibleFormCenter",
					"options": {
						"version": 0,
						"maxwidth": 1024
					},
					"*": {
						"form-content": {
							"type": "FlexibleFormContent",
							"options": {
								"version": 0
							},
							"*": {
								"form-content-top": {
									"type": "FlexibleFormSplitter",
									"options": {
										"autosize": true,
										"version": 1,
										"box": {
											"top": "0%",
											"left": "0%",
											"width": null,
											"height": "25%"
										},
										"hidden": true
									},
									"*": {},
									"stamp": 4,
									"data": []
								},
								"form-content-bottom": {
									"type": "FlexibleFormSplitter",
									"options": {
										"version": 1,
										"box": {
											"top": "0%",
											"left": "0%",
											"width": null,
											"height": "100%"
										},
										"hidden": false,
										"hideSeparator": true
									},
									"*": {
										"form-content-left": {
											"type": "FlexibleFormSplitter",
											"options": {
												"version": 1,
												"box": {
													"top": "0%",
													"left": "0%",
													"width": "100%",
													"height": null
												},
												"hidden": false
											},
											"*": {
												"form-content-left-6": {
													"type": "FlexibleFormLine",
													"data": [],
													"options": {
														"version": 0
													},
													"stamp": 5,
													"*": {
														"ErrorPane": {
															"type": "PanelData",
															"data": [],
															"options": {
																"border": {},
																"labelLength": 0,
																"iconURL": "",
																"TitleFontSize": "S",
																"hideActionButtons": true,
																"hideTitleBar": true,
																"backgroundcolor": "color7",
																"labelsAlignment": "left",
																"label": "ErrorPane",
																"leftImageURL": "public\\error.png",
																"version": 0,
																"hidden": false
															},
															"stamp": 6,
															"*": {
																"FieldsManager": {
																	"type": "FieldsManager",
																	"data": [],
																	"options": {
																		"controlsAssociation": {},
																		"version": 0
																	},
																	"stamp": 7,
																	"*": {
																		"Grid": {
																			"type": "GridLayout",
																			"data": [
																				"fields"
																			],
																			"options": {
																				"ctrlsPos": {
																					"Error__": {
																						"line": 1,
																						"column": 1
																					}
																				},
																				"lines": 1,
																				"columns": 2,
																				"colspans": [
																					[
																						{
																							"index": 0,
																							"length": 2
																						}
																					]
																				],
																				"version": 0
																			},
																			"stamp": 8,
																			"*": {
																				"Error__": {
																					"type": "Title",
																					"data": false,
																					"options": {
																						"marge": 0,
																						"textSize": "M",
																						"textAlignment": "center",
																						"textStyle": "bold",
																						"textColor": "color2",
																						"backgroundcolor": "default",
																						"label": "",
																						"version": 0
																					},
																					"stamp": 9
																				}
																			}
																		}
																	}
																}
															}
														}
													}
												},
												"form-content-left-5": {
													"type": "FlexibleFormLine",
													"data": [],
													"options": {
														"version": 0
													},
													"stamp": 10,
													"*": {
														"Update_payment_title_pane": {
															"type": "PanelData",
															"data": [],
															"options": {
																"border": {},
																"labelLength": 0,
																"iconURL": "",
																"TitleFontSize": "S",
																"hideActionButtons": true,
																"hideTitleBar": true,
																"backgroundcolor": "default",
																"labelsAlignment": "right",
																"label": "_Update_payment_title_pane",
																"leftImageURL": "",
																"version": 0,
																"hidden": true
															},
															"stamp": 11,
															"*": {
																"FieldsManager": {
																	"type": "FieldsManager",
																	"data": [],
																	"options": {
																		"controlsAssociation": {},
																		"version": 0
																	},
																	"stamp": 12,
																	"*": {
																		"Grid": {
																			"type": "GridLayout",
																			"data": [
																				"fields"
																			],
																			"options": {
																				"ctrlsPos": {
																					"UpdatePaymentDetailsTitle__": {
																						"line": 1,
																						"column": 1
																					},
																					"UpdatePaymentDetailsSubTitle__": {
																						"line": 2,
																						"column": 1
																					}
																				},
																				"lines": 2,
																				"columns": 2,
																				"colspans": [
																					[
																						{
																							"index": 0,
																							"length": 2
																						}
																					],
																					[
																						{
																							"index": 0,
																							"length": 2
																						}
																					]
																				],
																				"version": 0
																			},
																			"stamp": 13,
																			"*": {
																				"UpdatePaymentDetailsTitle__": {
																					"type": "Text",
																					"data": false,
																					"options": {
																						"marge": 0,
																						"textSize": "XXL",
																						"textAlignment": "center",
																						"textStyle": "default",
																						"textColor": "default",
																						"backgroundcolor": "default",
																						"label": "_UpdatePaymentDetailsTitle",
																						"version": 0
																					},
																					"stamp": 14
																				},
																				"UpdatePaymentDetailsSubTitle__": {
																					"type": "Text",
																					"data": false,
																					"options": {
																						"marge": 0,
																						"textSize": "M",
																						"textAlignment": "center",
																						"textStyle": "default",
																						"textColor": "default",
																						"backgroundcolor": "default",
																						"label": "_UpdatePaymentDetailsSubTitle",
																						"version": 0
																					},
																					"stamp": 15
																				}
																			}
																		}
																	}
																}
															}
														}
													}
												},
												"form-content-left-7": {
													"type": "FlexibleFormLine",
													"data": [],
													"options": {
														"version": 0
													},
													"stamp": 16,
													"*": {
														"InvoicesViewPanel": {
															"type": "PanelData",
															"data": [],
															"options": {
																"border": {},
																"labelLength": 0,
																"iconURL": "",
																"TitleFontSize": "S",
																"hideActionButtons": true,
																"hideTitleBar": true,
																"backgroundcolor": "default",
																"labelsAlignment": "right",
																"label": "Invoices view",
																"leftImageURL": "",
																"version": 0
															},
															"stamp": 17,
															"*": {
																"FieldsManager": {
																	"type": "FieldsManager",
																	"data": [],
																	"options": {
																		"controlsAssociation": {},
																		"version": 0
																	},
																	"stamp": 18,
																	"*": {
																		"Grid": {
																			"type": "GridLayout",
																			"data": [
																				"fields"
																			],
																			"options": {
																				"ctrlsPos": {
																					"InvoicesView__": {
																						"line": 1,
																						"column": 1
																					},
																					"Ligne_d_espacement__": {
																						"line": 2,
																						"column": 1
																					},
																					"InvoicesToPayExplanation__": {
																						"line": 3,
																						"column": 1
																					}
																				},
																				"lines": 3,
																				"columns": 2,
																				"colspans": [
																					[
																						{
																							"index": 0,
																							"length": 2
																						}
																					],
																					[
																						{
																							"index": 0,
																							"length": 2
																						}
																					],
																					[
																						{
																							"index": 0,
																							"length": 2
																						}
																					]
																				],
																				"version": 0
																			},
																			"stamp": 19,
																			"*": {
																				"InvoicesView__": {
																					"type": "AdminList",
																					"data": false,
																					"options": {
																						"width": "100%",
																						"restrictToCurrentJobId": false,
																						"showActions": false,
																						"label": "Invoices to pay",
																						"version": 0
																					},
																					"stamp": 20
																				},
																				"Ligne_d_espacement__": {
																					"type": "Spacer",
																					"data": false,
																					"options": {
																						"height": "",
																						"width": "",
																						"color": "default",
																						"label": "Ligne d'espacement",
																						"version": 0
																					},
																					"stamp": 21
																				},
																				"InvoicesToPayExplanation__": {
																					"type": "Text",
																					"data": false,
																					"options": {
																						"marge": 0,
																						"textSize": "S",
																						"textAlignment": "center",
																						"textStyle": "bold",
																						"textColor": "default",
																						"backgroundcolor": "default",
																						"label": "_DefaultInvoicesToPayExplanation"
																					},
																					"stamp": 22
																				}
																			}
																		}
																	}
																}
															}
														}
													}
												},
												"form-content-left-1": {
													"type": "FlexibleFormLine",
													"options": {
														"version": 0
													},
													"*": {
														"Payment_pane": {
															"type": "PanelData",
															"options": {
																"border": {},
																"version": 0,
																"labelLength": "400",
																"iconURL": "AP_PaymentDetailsPanel.png",
																"TitleFontSize": "S",
																"hideActionButtons": true,
																"hideTitleBar": false,
																"backgroundcolor": "default",
																"labelsAlignment": "right",
																"label": "_Payment_pane",
																"leftImageURL": "",
																"hidden": false
															},
															"*": {
																"FieldsManager": {
																	"type": "FieldsManager",
																	"options": {
																		"controlsAssociation": {
																			"PaymentDate__": "LabelPayment_date__",
																			"LabelPayment_date__": "PaymentDate__",
																			"Payment_method__": "LabelPayment_method__",
																			"LabelPayment_method__": "Payment_method__",
																			"PaymentReference__": "LabelPayment_reference__",
																			"LabelPayment_reference__": "PaymentReference__"
																		},
																		"version": 0
																	},
																	"*": {
																		"Grid": {
																			"type": "GridLayout",
																			"options": {
																				"lines": 3,
																				"columns": 2,
																				"version": 0,
																				"ctrlsPos": {
																					"PaymentDate__": {
																						"line": 1,
																						"column": 2
																					},
																					"LabelPayment_date__": {
																						"line": 1,
																						"column": 1
																					},
																					"Payment_method__": {
																						"line": 2,
																						"column": 2
																					},
																					"LabelPayment_method__": {
																						"line": 2,
																						"column": 1
																					},
																					"PaymentReference__": {
																						"line": 3,
																						"column": 2
																					},
																					"LabelPayment_reference__": {
																						"line": 3,
																						"column": 1
																					}
																				},
																				"colspans": [
																					[],
																					[],
																					[]
																				]
																			},
																			"data": [
																				"fields"
																			],
																			"*": {
																				"LabelPayment_date__": {
																					"type": "Label",
																					"data": [
																						"PaymentDate__"
																					],
																					"options": {
																						"label": "_Payment_date",
																						"version": 0
																					},
																					"stamp": 23
																				},
																				"PaymentDate__": {
																					"type": "DateTime",
																					"data": [
																						"PaymentDate__"
																					],
																					"options": {
																						"displayLongFormat": false,
																						"label": "_Payment_date",
																						"activable": true,
																						"width": 230,
																						"autocompletable": false,
																						"version": 0
																					},
																					"stamp": 24
																				},
																				"LabelPayment_method__": {
																					"type": "Label",
																					"data": [
																						"Payment_method__"
																					],
																					"options": {
																						"label": "_Payment_method",
																						"version": 0
																					},
																					"stamp": 25
																				},
																				"Payment_method__": {
																					"type": "ComboBox",
																					"data": [
																						"Payment_method__"
																					],
																					"options": {
																						"possibleValues": {
																							"0": "Cash",
																							"1": "Check",
																							"2": "Credit card",
																							"3": "EFT",
																							"4": "Other"
																						},
																						"keyValueMode": true,
																						"possibleKeys": {
																							"0": "Cash",
																							"1": "Check",
																							"2": "Credit card",
																							"3": "EFT",
																							"4": "Other"
																						},
																						"label": "_Payment_method",
																						"activable": true,
																						"width": 230,
																						"version": 0
																					},
																					"stamp": 26
																				},
																				"LabelPayment_reference__": {
																					"type": "Label",
																					"data": [
																						"PaymentReference__"
																					],
																					"options": {
																						"label": "_Payment_reference",
																						"version": 0
																					},
																					"stamp": 27
																				},
																				"PaymentReference__": {
																					"type": "ShortText",
																					"data": [
																						"PaymentReference__"
																					],
																					"options": {
																						"textSize": "S",
																						"textAlignment": "left",
																						"textStyle": "default",
																						"textColor": "default",
																						"label": "_Payment_reference",
																						"activable": true,
																						"width": 230,
																						"browsable": false,
																						"autocompletable": false,
																						"version": 0
																					},
																					"stamp": 28
																				}
																			},
																			"stamp": 29
																		}
																	},
																	"stamp": 30,
																	"data": []
																}
															},
															"stamp": 31,
															"data": []
														}
													},
													"stamp": 32,
													"data": []
												},
												"form-content-left-2": {
													"type": "FlexibleFormLine",
													"options": {
														"version": 0
													},
													"*": {
														"SystemData": {
															"type": "PanelSystemData",
															"options": {
																"multicolumn": false,
																"version": 0,
																"border": {},
																"labelLength": 0,
																"iconURL": "",
																"TitleFontSize": "S",
																"hideActionButtons": false,
																"hideTitleBar": false,
																"label": "_System data",
																"hidden": true
															},
															"stamp": 33,
															"data": []
														}
													},
													"stamp": 34,
													"data": []
												},
												"form-content-left-3": {
													"type": "FlexibleFormLine",
													"options": {
														"version": 0
													},
													"*": {
														"NextProcess": {
															"type": "PanelNextProcess",
															"options": {
																"hidden": true,
																"version": 0,
																"border": {},
																"labelLength": 0,
																"iconURL": "",
																"TitleFontSize": "S",
																"hideActionButtons": false,
																"hideTitleBar": false,
																"label": "_Next Process"
															},
															"stamp": 35,
															"data": []
														}
													},
													"stamp": 36,
													"data": []
												},
												"form-content-left-4": {
													"type": "FlexibleFormLine",
													"data": [],
													"options": {
														"version": 0
													},
													"stamp": 37,
													"*": {
														"ProcessDescriptionPane": {
															"type": "PanelData",
															"data": [],
															"options": {
																"border": {},
																"labelLength": 0,
																"iconURL": "",
																"TitleFontSize": "S",
																"hideActionButtons": true,
																"hideTitleBar": true,
																"backgroundcolor": "default",
																"labelsAlignment": "right",
																"label": "_ProcessDescriptionPane",
																"leftImageURL": "",
																"version": 0
															},
															"stamp": 38,
															"*": {
																"FieldsManager": {
																	"type": "FieldsManager",
																	"data": [],
																	"options": {
																		"controlsAssociation": {},
																		"version": 0
																	},
																	"stamp": 39,
																	"*": {
																		"Grid": {
																			"type": "GridLayout",
																			"data": [
																				"fields"
																			],
																			"options": {
																				"ctrlsPos": {
																					"ProcessDescriptionPart1__": {
																						"line": 2,
																						"column": 1
																					},
																					"ProcessDescriptionPart2__": {
																						"line": 3,
																						"column": 1
																					},
																					"ProcessDescriptionPart3__": {
																						"line": 4,
																						"column": 1
																					},
																					"PaymentStatusImport__": {
																						"line": 1,
																						"column": 1
																					}
																				},
																				"lines": 4,
																				"columns": 2,
																				"colspans": [
																					[
																						{
																							"index": 0,
																							"length": 2
																						}
																					],
																					[
																						{
																							"index": 0,
																							"length": 2
																						}
																					],
																					[
																						{
																							"index": 0,
																							"length": 2
																						}
																					],
																					[
																						{
																							"index": 0,
																							"length": 2
																						}
																					]
																				],
																				"version": 0
																			},
																			"stamp": 40,
																			"*": {
																				"PaymentStatusImport__": {
																					"type": "Title",
																					"data": false,
																					"options": {
																						"marge": 0,
																						"textSize": "XXL",
																						"textAlignment": "left",
																						"textStyle": "default",
																						"textColor": "default",
																						"backgroundcolor": "default",
																						"label": "_Payment status import",
																						"version": 0
																					},
																					"stamp": 41
																				},
																				"ProcessDescriptionPart1__": {
																					"type": "Text",
																					"data": false,
																					"options": {
																						"marge": 0,
																						"textSize": "S",
																						"textAlignment": "left",
																						"textStyle": "default",
																						"textColor": "default",
																						"backgroundcolor": "default",
																						"label": "\nSelect the CSV import file that contains the list of invoices to update.\nMake sure the CSV import file is formatted as follows:\n\n",
																						"version": 0
																					},
																					"stamp": 42
																				},
																				"ProcessDescriptionPart2__": {
																					"type": "Text",
																					"data": false,
																					"options": {
																						"marge": 0,
																						"textSize": "S",
																						"textAlignment": "left",
																						"textStyle": "bold",
																						"textColor": "default",
																						"backgroundcolor": "default",
																						"label": "Company code;Vendor number;Invoice number;Payment date;Payment method;Payment reference",
																						"version": 0
																					},
																					"stamp": 43
																				},
																				"ProcessDescriptionPart3__": {
																					"type": "Text",
																					"data": false,
																					"options": {
																						"marge": 0,
																						"textSize": "S",
																						"textAlignment": "left",
																						"textStyle": "default",
																						"textColor": "default",
																						"backgroundcolor": "default",
																						"label": "US01;10000;4850010;2014-05-31;Credit card;\nUS01;10000;4850012;2014-04-01;Check;132684",
																						"version": 0
																					},
																					"stamp": 44
																				}
																			}
																		}
																	}
																}
															}
														}
													}
												},
												"form-content-left-10": {
													"type": "FlexibleFormLine",
													"data": [],
													"options": {
														"version": 0
													},
													"stamp": 45,
													"*": {
														"CSVImportFilePane": {
															"type": "PanelDocument",
															"options": {
																"version": 0,
																"border": {},
																"labelLength": 0,
																"iconURL": "",
																"TitleFontSize": "S",
																"hideActionButtons": true,
																"hideTitleBar": false,
																"label": "_CSVImportFilePane"
															},
															"*": {
																"Document": {
																	"data": [
																		"documentscontroldata"
																	],
																	"type": "Documents",
																	"options": {
																		"version": 1,
																		"previewButton": false,
																		"downloadButton": true
																	},
																	"stamp": 46
																}
															},
															"stamp": 47,
															"data": []
														}
													}
												}
											},
											"stamp": 48,
											"data": []
										},
										"form-content-right": {
											"type": "FlexibleFormSplitter",
											"options": {
												"version": 1,
												"box": {
													"top": "0%",
													"left": "45%",
													"width": "55%",
													"height": null
												},
												"hidden": true,
												"hideSeparator": true
											},
											"*": {
												"form-content-right-1": {
													"type": "FlexibleFormLine",
													"options": {
														"version": 0
													},
													"*": {
														"PreviewPanel": {
															"type": "PanelPreview",
															"options": {
																"border": {},
																"version": 0,
																"labelLength": 0,
																"iconURL": "",
																"TitleFontSize": "S",
																"hideActionButtons": false,
																"hideTitleBar": false,
																"label": "_Document Preview"
															},
															"*": {
																"Preview": {
																	"data": [
																		"previewdata"
																	],
																	"type": "Preview",
																	"options": {
																		"version": 0
																	},
																	"stamp": 49
																}
															},
															"stamp": 50,
															"data": []
														}
													},
													"stamp": 51,
													"data": []
												}
											},
											"stamp": 52,
											"data": []
										}
									},
									"stamp": 53,
									"data": []
								}
							},
							"stamp": 54,
							"data": []
						}
					},
					"stamp": 55,
					"data": []
				},
				"form-footer": {
					"type": "FlexibleFormFooter",
					"options": {
						"splitterType": "simple-h",
						"version": 0,
						"maxwidth": 1024
					},
					"*": {
						"Update": {
							"type": "SubmitButton",
							"options": {
								"label": "_UpdatePayment",
								"action": "approve",
								"submit": true,
								"version": 0,
								"nextprocess": {
									"processName": "Accounts Receivable Batch Processing",
									"attachmentsMode": "all",
									"willBeChild": true
								},
								"style": 1,
								"url": ""
							},
							"stamp": 56,
							"data": []
						},
						"Close": {
							"type": "SubmitButton",
							"options": {
								"label": "_Close",
								"action": "cancel",
								"submit": true,
								"version": 0
							},
							"stamp": 57,
							"data": []
						}
					},
					"stamp": 58,
					"data": []
				}
			},
			"stamp": 59,
			"data": []
		}
	},
	"stamps": 59,
	"data": []
}</layout>
    </ui>
  </properties>
  <field deleted="0" format="" guid="POEY1001480" id="ITY552000SG7" label="_Payment_date" length="0" name="PaymentDate__" originalProcessID="VPVA1001478" precision="0" processid="HTY552000SG7" submitable="1" type="DATE">
    <properties>
      <db>
        <alias>AITY552000SG7</alias>
        <noxml>1</noxml>
        <fullname>/job/processfields/PaymentDate__</fullname>
        <defaultvalue>
        </defaultvalue>
        <RecordLastWrite>2015-02-20 11:40:39</RecordLastWrite>
      </db>
      <extrainfo>
        <Label>_Payment_date</Label>
        <Alias>AITY552000SG7</Alias>
        <ProcessFieldVersion vartype="INT">1</ProcessFieldVersion>
      </extrainfo>
      <field>
        <required>true</required>
      </field>
      <gdr>
        <VarType>Area</VarType>
      </gdr>
      <ui>
        <_type>Date</_type>
        <automatic>true</automatic>
      </ui>
    </properties>
  </field>
  <field deleted="0" format="" guid="LFPB1001481" id="KTY552000SG7" label="_Payment_reference" length="50" name="PaymentReference__" originalProcessID="VPVA1001478" precision="0" processid="HTY552000SG7" submitable="1" type="STR">
    <properties>
      <db>
        <alias>AKTY552000SG7</alias>
        <noxml>1</noxml>
        <fullname>/job/processfields/PaymentReference__</fullname>
        <defaultvalue>
        </defaultvalue>
        <RecordLastWrite>2015-02-20 11:40:39</RecordLastWrite>
      </db>
      <extrainfo>
        <Label>_Payment_reference</Label>
        <Alias>AKTY552000SG7</Alias>
        <ProcessFieldVersion vartype="INT">1</ProcessFieldVersion>
      </extrainfo>
      <gdr>
        <VarType>Area</VarType>
      </gdr>
      <ui>
        <_type>String</_type>
        <automatic>true</automatic>
      </ui>
    </properties>
  </field>
  <field deleted="0" format="" guid="BOYG1001479" id="JTY552000SG7" label="_Payment_method" length="50" name="Payment_method__" originalProcessID="VPVA1001478" precision="0" processid="HTY552000SG7" submitable="1" type="STR">
    <properties>
      <db>
        <alias>AJTY552000SG7</alias>
        <noxml>1</noxml>
        <fullname>/job/processfields/Payment_method__</fullname>
        <defaultvalue>EFT</defaultvalue>
        <RecordLastWrite>2015-02-20 11:40:39</RecordLastWrite>
      </db>
      <extrainfo>
        <Type>webaccess.Process.Columns.WithPossibleValues</Type>
        <Label>_Payment_method</Label>
        <Alias>AJTY552000SG7</Alias>
        <ProcessFieldVersion vartype="INT">1</ProcessFieldVersion>
      </extrainfo>
      <field>
        <required>true</required>
        <possibleKeys>Cash
Check
Credit card
EFT
Other</possibleKeys>
        <possibleValues>Cash
Check
Credit card
EFT
Other</possibleValues>
      </field>
      <ui>
        <_type>String</_type>
        <automatic>true</automatic>
      </ui>
    </properties>
  </field>
  <type id="RJRH13130EF" name="CD">
  </type>
</process>