﻿<?xml version="1.0" encoding="UTF-8" standalone="no"?>
<process accountid="20063076" allowrepairprocess="0" builtin="0" builtinversion="0" carriesapplicationversion="0" creationdatetime="2022-10-25 17:05:39" deleted="0" eskerapplication="" global="0" id="VLY552000SG7" keepcustomization="0" keepfieldsonly="0" keepfieldsproperties="0" keepnewcontroloptions="0" migrationversion="4" name="Vendor invoice batch" needvalidation="0" ootofilter="" ootoversion="0" originalProcessID="VSDC667212" ownerid="cn=admin_p2p@paragon-cc.fr,ou=DEV,ou=TrainingP2P,ou=DEMO_JULIEN,ou=05284299,ou=ESK,s=eoo" ownerpb="OnDemand AddressBook" public="1" pushnotification="0" reuseengine="0" sprintversion="5.261.0" transportname="CustomData" upgradable="1" userid="0" version="1" visibility="0">
  <properties>
    <dataConditions>
      <listDataConditions>
				&lt;dataCondition&gt;
					&lt;tableName&gt;P2P - Global Application Settings__&lt;/tableName&gt;
					&lt;filter&gt;msnex=*&lt;/filter&gt;
					&lt;labelKey&gt;_AP disabled&lt;/labelKey&gt;
					&lt;conditions&gt;
						&lt;allowCondition&gt;
							&lt;fieldName&gt;EnableAccountPayableGlobalSetting__&lt;/fieldName&gt;
							&lt;fieldValue&gt;1&lt;/fieldValue&gt;
						&lt;/allowCondition&gt;
					&lt;/conditions&gt;
				&lt;/dataCondition&gt;
			</listDataConditions>
    </dataConditions>
    <externalvariables>
      <Configuration>Default</Configuration>
    </externalvariables>
    <gdr>
      <FinalizationScriptAllowRetry>false</FinalizationScriptAllowRetry>
      <FinalizationScript>
      </FinalizationScript>
      <ValidationScriptAllowRetry>false</ValidationScriptAllowRetry>
      <ValidationScript>
      </ValidationScript>
      <AllowTagCoverPages>true</AllowTagCoverPages>
      <AllowTagNewDocuments>true</AllowTagNewDocuments>
      <AllowTagAttachments>true</AllowTagAttachments>
      <ExtractionScriptAllowRetry>false</ExtractionScriptAllowRetry>
      <extractionscriptIncludedScripts>Sys/Sys_Helpers</extractionscriptIncludedScripts>
      <extractionscriptIncludedScripts>Lib_P2P_V12.0.461.0</extractionscriptIncludedScripts>
      <extractionscriptIncludedScripts>Lib_Parameters_P2P_V12.0.461.0</extractionscriptIncludedScripts>
      <extractionscriptIncludedScripts>[Lib_Custom_Parameters]</extractionscriptIncludedScripts>
      <extractionscriptIncludedScripts>[Lib_P2P_Custom_Parameters]</extractionscriptIncludedScripts>
      <extractionscriptIncludedScripts>[LIB_AP_CUSTOMIZATION_EXTRACTION]</extractionscriptIncludedScripts>
      <ExtractionScript>///#GLOBALS Lib
var run = function ()
{
	Sys.Helpers.TryCallFunction("Lib.AP.Customization.Extraction.OnBatchExtractionScriptBegin");
	// Set the subject of the form
	Data.SetValue("Subject", Language.Translate("_Received file: {0}", false, Document.GetName()));
	// Set the splitting recipient
	var nextProcessid = Process.GetNextProcessID();
	if (nextProcessid)
	{
		// Set the split tool to generate Vendor invoices directly
		Data.SetValue("SplitToProcessId", nextProcessid);
		if (Data.GetValue("OriginalJobID"))
		{
			// Generate the split vendor invoice processes directly for the user that owns the previous Job, AKA the owner of this one
			setSplitToOwner(Users.GetUser(Data.GetValue("OwnerId")));
		}
		else
		{
			var specificVendorInvoiceOwner = Variable.GetValueAsString("VendorInvoiceOwner");
			if (specificVendorInvoiceOwner)
			{
				specificVendorInvoiceOwner = Lib.P2P.ResolveDemoLogin(specificVendorInvoiceOwner);
				Log.Info("'VendorInvoiceOwner' variable set to '" + specificVendorInvoiceOwner + "', forwarding process and setting 'SplitToOwner' to this owner.");
				// assigns the batch process to the specified user
				Process.Forward(specificVendorInvoiceOwner);
				// assigns the split documents/processes to the specified user
				setSplitToOwner(Users.GetUser(specificVendorInvoiceOwner));
			}
			else
			{
				// Generate the vendor invoices directly for the user set as the next process user
				var nextProcessUser = Process.GetNextProcessUser();
				if (nextProcessUser)
				{
					setSplitToOwner(nextProcessUser);
				}
			}
		}
	}
	// Serialize the configuration on the record
	Sys.Parameters.GetInstance("P2P").Serialize();
	Sys.Parameters.GetInstance("AP").Serialize();
	// Check if a split is required
	var nPages = Document.GetPageCount();
	if (nPages &lt;= 1)
	{
		Log.Info("Single page - auto approve (pages=" + nPages + ")");
		// No split required
		// Keep the current value for NeedValidation.
		// It is either the one designed on the process or 1 if the user submitted the file from the Web interface
	}
	else
	{
		Log.Info("Multiple pages - splitting required (pages=" + nPages + ")");
		// Show the split tool automatically when opening the form
		Data.SetValue("Split", 1);
		// Validation is required
		Data.SetValue("NeedValidation", 1);
	}

	function setSplitToOwner(user)
	{
		var fullDn = user.GetVars().GetValue_String("FullDn", 0);
		Data.SetValue("SplitToOwnerID", fullDn);
		Data.SetValue("SplitToOwnerPB", user.GetValue("OwnerPB"));
	}
	Sys.Helpers.TryCallFunction("Lib.AP.Customization.Extraction.OnBatchExtractionScriptEnd");
};
run();</ExtractionScript>
      <AllowRemovePages>true</AllowRemovePages>
      <AllowSwapPages>true</AllowSwapPages>
      <PostProcessingScriptAllowRetry>false</PostProcessingScriptAllowRetry>
      <PostProcessingScript>
      </PostProcessingScript>
    </gdr>
    <lg>
      <process_de>{
	"_Received file: {0}": "Empfangene Datei: {0}",
	"_Split a batch of vendor invoices": "Einen Stapel von Lieferantenrechnungen aufteilen",
	"Vendor invoice batch": "Stapel von Lieferantenrechnungen"
}</process_de>
      <process_JA>{
	"_Received file: {0}": "受信ファイル: {0}",
	"_Split a batch of vendor invoices": "仕入先請求書のバッチを分割",
	"Vendor invoice batch": "仕入先請求書バッチ"
}</process_JA>
      <process_en>{
	"_Received file: {0}": "Received file: {0}",
	"_Split a batch of vendor invoices": "Split a batch of vendor invoices",
	"Vendor invoice batch": "Vendor invoice batch"
}</process_en>
      <process_es>{
	"_Received file: {0}": "Archivo recibido: {0}",
	"_Split a batch of vendor invoices": "Dividir un lote de facturas de proveedor",
	"Vendor invoice batch": "Lote de facturas de proveedor"
}</process_es>
      <process_fr>{
	"_Received file: {0}": "Fichier reçu : {0}",
	"_Split a batch of vendor invoices": "Découper un lot de factures fournisseurs",
	"Vendor invoice batch": "Lot de factures fournisseurs"
}</process_fr>
      <process_nl-NL>{
	"_Received file: {0}": "Ontvangen bestand: {0}",
	"_Split a batch of vendor invoices": "Batch van leveranciersfacturen splitsen",
	"Vendor invoice batch": "Batch van leveranciersfacturen"
}</process_nl-NL>
      <process_it>{
	"_Received file: {0}": "File ricevuto: {0}",
	"_Split a batch of vendor invoices": "Dividi un batch di fatture fornitori",
	"Vendor invoice batch": "Batch di fatture fornitori"
}</process_it>
      <process_zh-CN>{
	"_Received file: {0}": "收到文件：{0}",
	"_Split a batch of vendor invoices": "拆分供应商账单批",
	"Vendor invoice batch": "供应商账单批"
}</process_zh-CN>
      <process_pt-BR>{
	"_Received file: {0}": "Arquivo recebido: {0}",
	"_Split a batch of vendor invoices": "Dividir um lote de faturas de fornecedor",
	"Vendor invoice batch": "Lotes de faturas de fornecedor"
}</process_pt-BR>
    </lg>
    <ocr>
      <trade-off>accurate</trade-off>
      <image-binarization>no</image-binarization>
      <image-draft-fax>no</image-draft-fax>
      <image-despeckle>no</image-despeckle>
      <allowed-language>0</allowed-language>
      <image-resolution-enhancement>auto</image-resolution-enhancement>
      <ocr_engine>Nuance190</ocr_engine>
      <extractionAdditionalOptions>
      </extractionAdditionalOptions>
    </ocr>
    <process>
      <flowtype>processing</flowtype>
      <ocrpreset>custom</ocrpreset>
      <EnablePrecomputedPngPreview>1</EnablePrecomputedPngPreview>
      <homepagelabel>_Split a batch of vendor invoices</homepagelabel>
      <enableflexibleauditing>
      </enableflexibleauditing>
      <enableflexibleediting>
      </enableflexibleediting>
      <enableflexibleteaching>
      </enableflexibleteaching>
      <upgradable>yes</upgradable>
      <disableocr>yes</disableocr>
      <instanciable>1</instanciable>
      <disableautolearning>true</disableautolearning>
      <backgroundprocessingthreshold>
      </backgroundprocessingthreshold>
      <EnablePreviewPrecomputation>true</EnablePreviewPrecomputation>
      <archiveDuration>0</archiveDuration>
      <ocrpagestoprocess>0</ocrpagestoprocess>
      <ScriptEngineType>2</ScriptEngineType>
      <displayWidth>
      </displayWidth>
      <AllowUploadAttachment>1</AllowUploadAttachment>
      <AllowUploadReferenceDocument>1</AllowUploadReferenceDocument>
      <UseCultureFormat>true</UseCultureFormat>
      <AllowRetryExtractCD>true</AllowRetryExtractCD>
      <TransportName>CustomData</TransportName>
      <LayoutVersion>1.0</LayoutVersion>
    </process>
    <ui>
      <CustomScriptDebug>false</CustomScriptDebug>
      <CustomScriptReadonly>false</CustomScriptReadonly>
      <CustomScript>
      </CustomScript>
      <layout>{
	"*": {
		"GDRData": {
			"type": "GDRData",
			"options": {
				"version": 0
			},
			"stamp": 1,
			"data": []
		},
		"OCRParams": {
			"type": "OCRParams",
			"options": {
				"version": 0
			},
			"stamp": 2,
			"data": []
		},
		"Screen": {
			"type": "FlexibleFormLayout",
			"options": {
				"splitterType": "complex",
				"version": 0
			},
			"*": {
				"form-header": {
					"type": "FlexibleFormHeader",
					"options": {
						"version": 0
					},
					"stamp": 3,
					"data": []
				},
				"form-center": {
					"type": "FlexibleFormCenter",
					"options": {
						"version": 0
					},
					"*": {
						"form-content": {
							"type": "FlexibleFormContent",
							"options": {
								"version": 0
							},
							"*": {
								"form-content-top": {
									"type": "FlexibleFormSplitter",
									"options": {
										"autosize": true,
										"version": 1,
										"box": {
											"top": "0%",
											"left": "0%",
											"width": null,
											"height": "13%"
										},
										"hidden": true
									},
									"*": {},
									"stamp": 4,
									"data": []
								},
								"form-content-bottom": {
									"type": "FlexibleFormSplitter",
									"options": {
										"version": 1,
										"box": {
											"top": "0%",
											"left": "0%",
											"width": null,
											"height": "100%"
										},
										"hidden": false,
										"hideSeparator": true
									},
									"*": {
										"form-content-left": {
											"type": "FlexibleFormSplitter",
											"options": {
												"version": 1,
												"box": {
													"top": "0%",
													"left": "0%",
													"width": "45%",
													"height": null
												},
												"hidden": false
											},
											"*": {
												"form-content-left-4": {
													"type": "FlexibleFormLine",
													"data": [],
													"options": {
														"version": 0
													},
													"stamp": 5,
													"*": {
														"DocumentsPanel": {
															"type": "PanelDocument",
															"options": {
																"version": 0,
																"border": {},
																"labelLength": 0,
																"label": "_Documents"
															},
															"*": {
																"Document": {
																	"data": [
																		"documentscontroldata"
																	],
																	"type": "Documents",
																	"options": {
																		"version": 1,
																		"previewButton": true,
																		"downloadButton": true
																	},
																	"stamp": 6
																}
															},
															"stamp": 7,
															"data": []
														}
													}
												},
												"form-content-left-5": {
													"type": "FlexibleFormLine",
													"data": [],
													"options": {
														"version": 0
													},
													"stamp": 8,
													"*": {
														"NextProcess": {
															"type": "PanelNextProcess",
															"options": {
																"hidden": false,
																"version": 0,
																"border": {},
																"labelLength": 0,
																"label": "_Next Process"
															},
															"stamp": 9,
															"data": []
														}
													}
												},
												"form-content-left-2": {
													"type": "FlexibleFormLine",
													"options": {
														"version": 0
													},
													"*": {
														"SystemData": {
															"type": "PanelSystemData",
															"options": {
																"multicolumn": false,
																"version": 0,
																"border": {
																	"collapsed": true
																},
																"labelLength": 0,
																"label": "_System data"
															},
															"stamp": 10,
															"data": []
														}
													},
													"stamp": 11,
													"data": []
												},
												"form-content-left-8": {
													"type": "FlexibleFormLine",
													"data": [],
													"options": {
														"version": 0
													},
													"stamp": 12,
													"*": {
														"DataPanel": {
															"type": "PanelData",
															"options": {
																"border": {
																	"collapsed": true
																},
																"version": 0,
																"labelLength": 0,
																"label": "_Document data",
																"hidden": true
															},
															"*": {
																"FieldsManager": {
																	"type": "FieldsManager",
																	"options": {
																		"controlsAssociation": {},
																		"version": 0
																	},
																	"*": {
																		"Grid": {
																			"type": "GridLayout",
																			"options": {
																				"lines": 0,
																				"columns": 2,
																				"version": 0,
																				"ctrlsPos": {},
																				"colspans": []
																			},
																			"data": [
																				"fields"
																			],
																			"*": {},
																			"stamp": 13
																		}
																	},
																	"stamp": 14,
																	"data": []
																}
															},
															"stamp": 15,
															"data": []
														}
													}
												}
											},
											"stamp": 16,
											"data": []
										},
										"form-content-right": {
											"type": "FlexibleFormSplitter",
											"options": {
												"version": 1,
												"box": {
													"top": "0%",
													"left": "45%",
													"width": "55%",
													"height": null
												},
												"hidden": false
											},
											"*": {
												"form-content-right-1": {
													"type": "FlexibleFormLine",
													"options": {
														"version": 0
													},
													"*": {
														"PreviewPanel": {
															"type": "PanelPreview",
															"options": {
																"border": {},
																"version": 0,
																"labelLength": 0,
																"label": "_Document Preview"
															},
															"*": {
																"Preview": {
																	"data": [
																		"previewdata"
																	],
																	"type": "Preview",
																	"options": {
																		"version": 0
																	},
																	"stamp": 17
																}
															},
															"stamp": 18,
															"data": []
														}
													},
													"stamp": 19,
													"data": []
												}
											},
											"stamp": 20,
											"data": []
										}
									},
									"stamp": 21,
									"data": []
								}
							},
							"stamp": 22,
							"data": []
						}
					},
					"stamp": 23,
					"data": []
				},
				"form-footer": {
					"type": "FlexibleFormFooter",
					"options": {
						"splitterType": "simple-h",
						"version": 0
					},
					"*": {
						"Save": {
							"type": "SubmitButton",
							"data": false,
							"options": {
								"label": "_Save",
								"action": "save",
								"version": 0
							},
							"stamp": 24
						},
						"Reject": {
							"type": "SubmitButton",
							"data": false,
							"options": {
								"label": "_Reject",
								"action": "reject",
								"version": 0
							},
							"stamp": 25
						},
						"Quit": {
							"type": "SubmitButton",
							"data": false,
							"options": {
								"label": "_Close",
								"action": "cancel",
								"version": 0
							},
							"stamp": 26
						},
						"Approve": {
							"type": "SubmitButton",
							"data": false,
							"options": {
								"label": "_Approve",
								"action": "approve",
								"version": 0
							},
							"stamp": 27
						},
						"Split": {
							"type": "SubmitButton",
							"options": {
								"label": "_Split",
								"action": "split",
								"submit": true,
								"version": 0,
								"disabled": true
							},
							"stamp": 28,
							"data": []
						}
					},
					"stamp": 29,
					"data": []
				}
			},
			"stamp": 30,
			"data": []
		}
	},
	"stamps": 30,
	"data": []
}</layout>
    </ui>
  </properties>
  <processlink condition="" deleted="0" destinationProcessID="V9X552000SG7" guid="S74652000SG7" id="S74652000SG7" name="next_process" originalProcessID="VSDC667212" position="0" type="" userid="" userpb="">
    <properties>
      <link>
        <ProcessName>Vendor invoice</ProcessName>
      </link>
    </properties>
  </processlink>
  <type id="RJRH13130EF" name="CD">
  </type>
</process>