﻿<?xml version="1.0" encoding="UTF-8" standalone="no"?>
<process accountid="20063076" allowrepairprocess="0" builtin="0" builtinversion="0" carriesapplicationversion="0" creationdatetime="2022-10-25 17:04:19" deleted="0" eskerapplication="" global="0" id="UHW552000SG7" keepcustomization="0" keepfieldsonly="0" keepfieldsproperties="0" keepnewcontroloptions="0" migrationversion="4" name="AP - G/L accounts__" needvalidation="1" ootofilter="" ootoversion="0" originalProcessID="BMKQ779" ownerid="cn=admin_p2p@paragon-cc.fr,ou=DEV,ou=TrainingP2P,ou=DEMO_JULIEN,ou=05284299,ou=ESK,s=eoo" ownerpb="OnDemand AddressBook" public="1" pushnotification="0" reuseengine="0" sprintversion="5.261.0" transportname="CustomTable" upgradable="1" userid="0" version="1" visibility="0">
  <properties>
    <dbIndex>
      <AUTO_ABIW552000SG7A>&lt;Index&gt;&lt;Ref Name="ABIW552000SG7" Option="ASC"/&gt;&lt;/Index&gt;</AUTO_ABIW552000SG7A>
      <AUTO_ACIW552000SG7A>&lt;Index&gt;&lt;Ref Name="ACIW552000SG7" Option="ASC"/&gt;&lt;/Index&gt;</AUTO_ACIW552000SG7A>
      <AUTO_ADIW552000SG7A>&lt;Index&gt;&lt;Ref Name="ADIW552000SG7" Option="ASC"/&gt;&lt;/Index&gt;</AUTO_ADIW552000SG7A>
      <AUTO_AEIW552000SG7A>&lt;Index&gt;&lt;Ref Name="AEIW552000SG7" Option="ASC"/&gt;&lt;/Index&gt;</AUTO_AEIW552000SG7A>
      <AUTO_AVHW552000SG7A>&lt;Index&gt;&lt;Ref Name="AVHW552000SG7" Option="ASC"/&gt;&lt;/Index&gt;</AUTO_AVHW552000SG7A>
    </dbIndex>
    <gdr>
    </gdr>
    <lg>
      <process_de>{
	"_Group": "Spesenkategorie",
	"_Group_report": "Spesenkategorie",
	"Account": "Konto",
	"Allocable1": "Achse 1 zurechenbar",
	"Allocable2": "Achse 2 zurechenbar",
	"Allocable3": "Achse 3 zurechenbar",
	"Allocable4": "Achse 4 zurechenbar",
	"Allocable5": "Achse 5 zurechenbar",
	"AP - G/L accounts": "P2P - Sachkonten",
	"Company code": "Buchungskreis",
	"Description": "Beschreibung",
	"Manager": "Sachkontomanager",
	"Manager_Name": "Name des Sachkontomanagers"
}</process_de>
      <process_ja>{
	"_Group": "費用分類",
	"_Group_report": "費用分類",
	"Account": "科目",
	"Allocable1": "軸1に割り当て可能",
	"Allocable2": "軸2に割り当て可能",
	"Allocable3": "軸3に割り当て可能",
	"Allocable4": "軸4に割り当て可能",
	"Allocable5": "軸5に割り当て可能",
	"AP - G/L accounts": "P2P - 勘定科目",
	"Company code": "会社コード",
	"Description": "説明",
	"Manager": "勘定科目マネージャー",
	"Manager_Name": "勘定科目マネージャー名"
}</process_ja>
      <process_en>{
	"_Group": "Expense category",
	"_Group_report": "Expense category",
	"Account": "Account",
	"Allocable1": "Allocable to axis 1",
	"Allocable2": "Allocable to axis 2",
	"Allocable3": "Allocable to axis 3",
	"Allocable4": "Allocable to axis 4",
	"Allocable5": "Allocable to axis 5",
	"AP - G/L accounts": "P2P - G/L accounts",
	"Company code": "Company code",
	"Description": "Description",
	"Manager": "G/L account manager",
	"Manager_Name": "G/L account manager name"
}</process_en>
      <process_es>{
	"_Group": "Categoría de gastos",
	"_Group_report": "Categoría de gastos",
	"Account": "Cuenta",
	"Allocable1": "Imputable al eje 1",
	"Allocable2": "Imputable al eje 2",
	"Allocable3": "Imputable al eje 3",
	"Allocable4": "Imputable al eje 4",
	"Allocable5": "Imputable al eje 5",
	"AP - G/L accounts": "P2P - Cuentas de mayor",
	"Company code": "Código de empresa",
	"Description": "Descripción",
	"Manager": "Gestor de cuentas de mayor",
	"Manager_Name": "Nombre del gestor de cuentas de mayor"
}</process_es>
      <process_fr>{
	"_Group": "Catégorie de dépenses",
	"_Group_report": "Catégorie de dépenses",
	"Account": "Compte",
	"Allocable1": "Ventilable sur l'axe 1",
	"Allocable2": "Ventilable sur l'axe 2",
	"Allocable3": "Ventilable sur l'axe 3",
	"Allocable4": "Ventilable sur l'axe 4",
	"Allocable5": "Ventilable sur l'axe 5",
	"AP - G/L accounts": "P2P - Comptes généraux",
	"Company code": "Code société",
	"Description": "Description",
	"Manager": "Responsable du compte général",
	"Manager_Name": "Nom du responsable du compte général"
}</process_fr>
      <process_nl-NL>{
	"_Group": "Uitgavencategorie",
	"_Group_report": "Uitgavencategorie",
	"Account": "Account",
	"Allocable1": "Toewijsbaar aan as 1",
	"Allocable2": "Toewijsbaar aan as 2",
	"Allocable3": "Toewijsbaar aan as 3",
	"Allocable4": "Toewijsbaar aan as 4",
	"Allocable5": "Toewijsbaar aan as 5",
	"AP - G/L accounts": "P2P - Grootboekrekeningen",
	"Company code": "Bedrijfscode",
	"Description": "Beschrijving",
	"Manager": "Manager grootboekrekening",
	"Manager_Name": "Naam manager grootboekrekening"
}</process_nl-NL>
      <process_it>{
	"_Group": "Categoria di spesa",
	"_Group_report": "Categoria di spesa",
	"Account": "Account",
	"Allocable1": "Assegnabile all'asse 1",
	"Allocable2": "Assegnabile all'asse 2",
	"Allocable3": "Assegnabile all'asse 3",
	"Allocable4": "Assegnabile all'asse 4",
	"Allocable5": "Assegnabile all'asse 5",
	"AP - G/L accounts": "P2P - Conti generali",
	"Company code": "Codice società",
	"Description": "Descrizione",
	"Manager": "Responsabile conto generale",
	"Manager_Name": "Nome responsabile conto generale"
}</process_it>
      <process_zh-CN>{
	"_Group": "费用类别",
	"_Group_report": "费用类别",
	"Account": "账户",
	"Allocable1": "可分配到轴 1",
	"Allocable2": "可分配到轴 2",
	"Allocable3": "可分配到轴 3",
	"Allocable4": "可分配到轴 4",
	"Allocable5": "可分配到轴 5",
	"AP - G/L accounts": "采购到支付 - 总账科目",
	"Company code": "公司代码",
	"Description": "说明",
	"Manager": "总账科目负责人",
	"Manager_Name": "总账科目负责人名称"
}</process_zh-CN>
      <process_pt-BR>{
	"_Group": "Categoria de despesa",
	"_Group_report": "Categoria de despesa",
	"Account": "Conta",
	"Allocable1": "Atribuível ao eixo 1",
	"Allocable2": "Atribuível ao eixo 2",
	"Allocable3": "Atribuível ao eixo 3",
	"Allocable4": "Atribuível ao eixo 4",
	"Allocable5": "Atribuível ao eixo 5",
	"AP - G/L accounts": "P2P - Contas do Razão",
	"Company code": "Código da empresa",
	"Description": "Descrição",
	"Manager": "Gerente de contas do Razão",
	"Manager_Name": "Nome do gerente de contas do Razão"
}</process_pt-BR>
    </lg>
    <process>
      <BUColumn>CompanyCode__</BUColumn>
      <flowtype>processing</flowtype>
      <homepagelabel>AP - G/L accounts</homepagelabel>
      <upgradable>yes</upgradable>
      <instanciable>1</instanciable>
      <OverrideAllowedAttachmentExtensions>*</OverrideAllowedAttachmentExtensions>
      <AllowUploadAttachment>0</AllowUploadAttachment>
      <AllowUploadReferenceDocument>0</AllowUploadReferenceDocument>
      <shouldRollbackManualRecordEdits>true</shouldRollbackManualRecordEdits>
      <UseCultureFormat>true</UseCultureFormat>
      <TransportName>CustomTable</TransportName>
      <LayoutVersion>1.0</LayoutVersion>
    </process>
    <ui>
      <layout>{
	"*": {
		"Screen": {
			"type": "FlexibleFormLayout",
			"options": {
				"splitterType": "simple-v",
				"version": 0,
				"processHelpId": "5091"
			},
			"*": {
				"form-header": {
					"type": "FlexibleFormHeader",
					"options": {
						"hidePanelsMenu": false,
						"version": 0
					},
					"stamp": 1,
					"data": []
				},
				"form-center": {
					"type": "FlexibleFormCenter",
					"options": {
						"version": 0
					},
					"*": {
						"form-content": {
							"type": "FlexibleFormContent",
							"options": {
								"version": 0
							},
							"*": {
								"form-content-center": {
									"type": "FlexibleFormSplitter",
									"options": {
										"version": 1,
										"box": {
											"top": "0%",
											"left": "0%",
											"width": "100%"
										},
										"hidden": false
									},
									"*": {
										"form-content-center-1": {
											"type": "FlexibleFormLine",
											"data": [],
											"options": {
												"version": 0
											},
											"stamp": 2,
											"*": {
												"DataPanel": {
													"type": "PanelData",
													"options": {
														"border": {},
														"version": 0,
														"labelLength": 0,
														"label": "_Document data",
														"iconURL": "",
														"TitleFontSize": "S",
														"hideActionButtons": false,
														"hideTitleBar": false,
														"backgroundcolor": "default",
														"labelsAlignment": "right",
														"hideTitle": false
													},
													"*": {
														"FieldsManager": {
															"type": "FieldsManager",
															"options": {
																"controlsAssociation": {
																	"Account__": "LabelAccount__",
																	"LabelAccount__": "Account__",
																	"Description__": "LabelDescription__",
																	"LabelDescription__": "Description__",
																	"CompanyCode__": "LabelCompanyCode__",
																	"LabelCompanyCode__": "CompanyCode__",
																	"Allocable1__": "LabelAllocable1__",
																	"LabelAllocable1__": "Allocable1__",
																	"Allocable2__": "LabelAllocable2__",
																	"LabelAllocable2__": "Allocable2__",
																	"Allocable3__": "LabelAllocable3__",
																	"LabelAllocable3__": "Allocable3__",
																	"Allocable4__": "LabelAllocable4__",
																	"LabelAllocable4__": "Allocable4__",
																	"Allocable5__": "LabelAllocable5__",
																	"LabelAllocable5__": "Allocable5__",
																	"Group__": "LabelGroup__",
																	"LabelGroup__": "Group__",
																	"Manager__": "LabelManager__",
																	"LabelManager__": "Manager__"
																},
																"version": 0
															},
															"*": {
																"Grid": {
																	"type": "GridLayout",
																	"options": {
																		"lines": 10,
																		"columns": 2,
																		"version": 0,
																		"ctrlsPos": {
																			"Account__": {
																				"line": 2,
																				"column": 2
																			},
																			"LabelAccount__": {
																				"line": 2,
																				"column": 1
																			},
																			"Description__": {
																				"line": 3,
																				"column": 2
																			},
																			"LabelDescription__": {
																				"line": 3,
																				"column": 1
																			},
																			"CompanyCode__": {
																				"line": 1,
																				"column": 2
																			},
																			"LabelCompanyCode__": {
																				"line": 1,
																				"column": 1
																			},
																			"Allocable1__": {
																				"line": 5,
																				"column": 2
																			},
																			"LabelAllocable1__": {
																				"line": 5,
																				"column": 1
																			},
																			"Allocable2__": {
																				"line": 6,
																				"column": 2
																			},
																			"LabelAllocable2__": {
																				"line": 6,
																				"column": 1
																			},
																			"Allocable3__": {
																				"line": 7,
																				"column": 2
																			},
																			"LabelAllocable3__": {
																				"line": 7,
																				"column": 1
																			},
																			"Allocable4__": {
																				"line": 8,
																				"column": 2
																			},
																			"LabelAllocable4__": {
																				"line": 8,
																				"column": 1
																			},
																			"Allocable5__": {
																				"line": 9,
																				"column": 2
																			},
																			"LabelAllocable5__": {
																				"line": 9,
																				"column": 1
																			},
																			"Group__": {
																				"line": 4,
																				"column": 2
																			},
																			"LabelGroup__": {
																				"line": 4,
																				"column": 1
																			},
																			"Manager__": {
																				"line": 10,
																				"column": 2
																			},
																			"LabelManager__": {
																				"line": 10,
																				"column": 1
																			}
																		},
																		"colspans": [
																			[],
																			[],
																			[],
																			[],
																			[],
																			[],
																			[],
																			[],
																			[],
																			[]
																		]
																	},
																	"data": [
																		"fields"
																	],
																	"*": {
																		"LabelCompanyCode__": {
																			"type": "Label",
																			"data": [
																				"CompanyCode__"
																			],
																			"options": {
																				"label": "Company code",
																				"version": 0
																			},
																			"stamp": 3
																		},
																		"CompanyCode__": {
																			"type": "DatabaseComboBox",
																			"data": [
																				"CompanyCode__"
																			],
																			"options": {
																				"browsable": true,
																				"label": "Company code",
																				"activable": true,
																				"width": 500,
																				"fTSmaxRecords": "20",
																				"version": 0,
																				"PreFillFTS": true,
																				"helpURL": "5091",
																				"helpText": "",
																				"helpFormat": "HTML Format",
																				"helpIconPosition": "Right"
																			},
																			"stamp": 4
																		},
																		"LabelAccount__": {
																			"type": "Label",
																			"data": [
																				"Account__"
																			],
																			"options": {
																				"label": "Account",
																				"version": 0
																			},
																			"stamp": 5
																		},
																		"Account__": {
																			"type": "ShortText",
																			"data": [
																				"Account__"
																			],
																			"options": {
																				"label": "Account",
																				"activable": true,
																				"width": "500",
																				"length": 30,
																				"version": 0,
																				"textSize": "S",
																				"textAlignment": "left",
																				"textStyle": "default",
																				"textColor": "default"
																			},
																			"stamp": 6
																		},
																		"LabelDescription__": {
																			"type": "Label",
																			"data": [
																				"Description__"
																			],
																			"options": {
																				"label": "Description",
																				"version": 0
																			},
																			"stamp": 7
																		},
																		"Description__": {
																			"type": "ShortText",
																			"data": [
																				"Description__"
																			],
																			"options": {
																				"label": "Description",
																				"activable": true,
																				"width": "500",
																				"length": 256,
																				"version": 0,
																				"textSize": "S",
																				"textAlignment": "left",
																				"textStyle": "default",
																				"textColor": "default"
																			},
																			"stamp": 8
																		},
																		"LabelGroup__": {
																			"type": "Label",
																			"data": [
																				"Group__"
																			],
																			"options": {
																				"label": "_Group",
																				"version": 0
																			},
																			"stamp": 30
																		},
																		"Group__": {
																			"type": "ShortText",
																			"data": [
																				"Group__"
																			],
																			"options": {
																				"textSize": "S",
																				"textAlignment": "left",
																				"textStyle": "default",
																				"textColor": "default",
																				"label": "_Group",
																				"activable": true,
																				"width": "500",
																				"browsable": false,
																				"version": 0,
																				"length": 64
																			},
																			"stamp": 31
																		},
																		"LabelAllocable1__": {
																			"type": "Label",
																			"data": [
																				"Allocable1__"
																			],
																			"options": {
																				"label": "Allocable1",
																				"version": 0
																			},
																			"stamp": 9
																		},
																		"Allocable1__": {
																			"type": "CheckBox",
																			"data": [
																				"Allocable1__"
																			],
																			"options": {
																				"label": "Allocable1",
																				"activable": true,
																				"version": 0
																			},
																			"stamp": 10
																		},
																		"LabelAllocable2__": {
																			"type": "Label",
																			"data": [
																				"Allocable2__"
																			],
																			"options": {
																				"label": "Allocable2",
																				"version": 0
																			},
																			"stamp": 11
																		},
																		"Allocable2__": {
																			"type": "CheckBox",
																			"data": [
																				"Allocable2__"
																			],
																			"options": {
																				"label": "Allocable2",
																				"activable": true,
																				"version": 0
																			},
																			"stamp": 12
																		},
																		"LabelAllocable3__": {
																			"type": "Label",
																			"data": [
																				"Allocable3__"
																			],
																			"options": {
																				"label": "Allocable3",
																				"version": 0
																			},
																			"stamp": 13
																		},
																		"Allocable3__": {
																			"type": "CheckBox",
																			"data": [
																				"Allocable3__"
																			],
																			"options": {
																				"label": "Allocable3",
																				"activable": true,
																				"version": 0
																			},
																			"stamp": 14
																		},
																		"LabelAllocable4__": {
																			"type": "Label",
																			"data": [
																				"Allocable4__"
																			],
																			"options": {
																				"label": "Allocable4",
																				"version": 0
																			},
																			"stamp": 15
																		},
																		"Allocable4__": {
																			"type": "CheckBox",
																			"data": [
																				"Allocable4__"
																			],
																			"options": {
																				"label": "Allocable4",
																				"activable": true,
																				"version": 0
																			},
																			"stamp": 16
																		},
																		"LabelAllocable5__": {
																			"type": "Label",
																			"data": [
																				"Allocable5__"
																			],
																			"options": {
																				"label": "Allocable5",
																				"version": 0
																			},
																			"stamp": 17
																		},
																		"Allocable5__": {
																			"type": "CheckBox",
																			"data": [
																				"Allocable5__"
																			],
																			"options": {
																				"label": "Allocable5",
																				"activable": true,
																				"version": 0
																			},
																			"stamp": 18
																		},
																		"LabelManager__": {
																			"type": "Label",
																			"data": [
																				"Select_from_a_table__"
																			],
																			"options": {
																				"label": "Manager"
																			},
																			"stamp": 34
																		},
																		"Manager__": {
																			"type": "DatabaseComboBox",
																			"data": [
																				"Manager__"
																			],
																			"options": {
																				"version": 1,
																				"label": "Manager",
																				"activable": true,
																				"width": "500",
																				"helpText": "",
																				"helpURL": "",
																				"helpFormat": "HTML Format",
																				"PreFillFTS": true,
																				"fTSmaxRecords": "20",
																				"length": 80,
																				"browsable": true
																			},
																			"stamp": 35
																		}
																	},
																	"stamp": 19
																}
															},
															"stamp": 20,
															"data": []
														}
													},
													"stamp": 21,
													"data": []
												}
											}
										}
									},
									"stamp": 22,
									"data": []
								}
							},
							"stamp": 23,
							"data": []
						}
					},
					"stamp": 24,
					"data": []
				},
				"form-footer": {
					"type": "FlexibleFormFooter",
					"options": {
						"splitterType": "simple-h",
						"version": 0
					},
					"*": {
						"Save": {
							"type": "SubmitButton",
							"options": {
								"label": "_Save",
								"action": "savequit",
								"submit": true,
								"version": 0,
								"shortCut": "S"
							},
							"stamp": 25,
							"data": []
						},
						"Close": {
							"type": "SubmitButton",
							"options": {
								"label": "_Close",
								"action": "cancel",
								"submit": true,
								"version": 0,
								"shortCut": "Q"
							},
							"stamp": 26,
							"data": []
						},
						"Delete": {
							"type": "SubmitButton",
							"options": {
								"label": "_Delete",
								"action": "delete",
								"submit": true,
								"version": 0,
								"disabled": true
							},
							"stamp": 27,
							"data": []
						}
					},
					"stamp": 28,
					"data": []
				}
			},
			"stamp": 29,
			"data": []
		}
	},
	"stamps": 35,
	"data": []
}</layout>
    </ui>
  </properties>
  <field deleted="0" format="" guid="IENM780" id="VHW552000SG7" label="Account" length="30" name="Account__" originalProcessID="BMKQ779" precision="0" processid="UHW552000SG7" submitable="1" type="STR">
    <properties>
      <db>
        <alias>AVHW552000SG7</alias>
        <index vartype="INT">1</index>
        <noxml>1</noxml>
        <fullname>/job/processfields/Account__</fullname>
        <defaultvalue>
        </defaultvalue>
        <RecordLastWrite>2022-10-25 17:04:17</RecordLastWrite>
      </db>
      <extrainfo>
        <Label>Account</Label>
        <Alias>AVHW552000SG7</Alias>
        <ProcessFieldVersion vartype="INT">1</ProcessFieldVersion>
      </extrainfo>
      <field>
        <required>false</required>
      </field>
      <gdr>
        <VarType>Area</VarType>
      </gdr>
      <ui>
        <_type>String</_type>
        <automatic>true</automatic>
      </ui>
    </properties>
  </field>
  <field deleted="0" format="" guid="BBCP667887" id="WHW552000SG7" label="Allocable1" length="0" name="Allocable1__" originalProcessID="BMKQ779" precision="0" processid="UHW552000SG7" submitable="1" type="BOOL">
    <properties>
      <db>
        <alias>AWHW552000SG7</alias>
        <noxml>1</noxml>
        <fullname>/job/processfields/Allocable1__</fullname>
        <defaultvalue>false</defaultvalue>
        <RecordLastWrite>2022-10-25 17:04:17</RecordLastWrite>
      </db>
      <extrainfo>
        <Label>Allocable1</Label>
        <Alias>AWHW552000SG7</Alias>
        <ProcessFieldVersion vartype="INT">1</ProcessFieldVersion>
      </extrainfo>
      <ui>
        <_type>Boolean</_type>
        <automatic>true</automatic>
      </ui>
    </properties>
  </field>
  <field deleted="0" format="" guid="XIFB667888" id="XHW552000SG7" label="Allocable2" length="0" name="Allocable2__" originalProcessID="BMKQ779" precision="0" processid="UHW552000SG7" submitable="1" type="BOOL">
    <properties>
      <db>
        <alias>AXHW552000SG7</alias>
        <noxml>1</noxml>
        <fullname>/job/processfields/Allocable2__</fullname>
        <defaultvalue>false</defaultvalue>
        <RecordLastWrite>2022-10-25 17:04:17</RecordLastWrite>
      </db>
      <extrainfo>
        <Label>Allocable2</Label>
        <Alias>AXHW552000SG7</Alias>
        <ProcessFieldVersion vartype="INT">1</ProcessFieldVersion>
      </extrainfo>
      <ui>
        <_type>Boolean</_type>
        <automatic>true</automatic>
      </ui>
    </properties>
  </field>
  <field deleted="0" format="" guid="XVFB667889" id="YHW552000SG7" label="Allocable3" length="0" name="Allocable3__" originalProcessID="BMKQ779" precision="0" processid="UHW552000SG7" submitable="1" type="BOOL">
    <properties>
      <db>
        <alias>AYHW552000SG7</alias>
        <noxml>1</noxml>
        <fullname>/job/processfields/Allocable3__</fullname>
        <defaultvalue>false</defaultvalue>
        <RecordLastWrite>2022-10-25 17:04:17</RecordLastWrite>
      </db>
      <extrainfo>
        <Label>Allocable3</Label>
        <Alias>AYHW552000SG7</Alias>
        <ProcessFieldVersion vartype="INT">1</ProcessFieldVersion>
      </extrainfo>
      <ui>
        <_type>Boolean</_type>
        <automatic>true</automatic>
      </ui>
    </properties>
  </field>
  <field deleted="0" format="" guid="CGKC667890" id="ZHW552000SG7" label="Allocable4" length="0" name="Allocable4__" originalProcessID="BMKQ779" precision="0" processid="UHW552000SG7" submitable="1" type="BOOL">
    <properties>
      <db>
        <alias>AZHW552000SG7</alias>
        <noxml>1</noxml>
        <fullname>/job/processfields/Allocable4__</fullname>
        <defaultvalue>false</defaultvalue>
        <RecordLastWrite>2022-10-25 17:04:17</RecordLastWrite>
      </db>
      <extrainfo>
        <Label>Allocable4</Label>
        <Alias>AZHW552000SG7</Alias>
        <ProcessFieldVersion vartype="INT">1</ProcessFieldVersion>
      </extrainfo>
      <ui>
        <_type>Boolean</_type>
        <automatic>true</automatic>
      </ui>
    </properties>
  </field>
  <field deleted="0" format="" guid="FQCK667891" id="AIW552000SG7" label="Allocable5" length="0" name="Allocable5__" originalProcessID="BMKQ779" precision="0" processid="UHW552000SG7" submitable="1" type="BOOL">
    <properties>
      <db>
        <alias>AAIW552000SG7</alias>
        <noxml>1</noxml>
        <fullname>/job/processfields/Allocable5__</fullname>
        <defaultvalue>false</defaultvalue>
        <RecordLastWrite>2022-10-25 17:04:18</RecordLastWrite>
      </db>
      <extrainfo>
        <Label>Allocable5</Label>
        <Alias>AAIW552000SG7</Alias>
        <ProcessFieldVersion vartype="INT">1</ProcessFieldVersion>
      </extrainfo>
      <ui>
        <_type>Boolean</_type>
        <automatic>true</automatic>
      </ui>
    </properties>
  </field>
  <field deleted="0" format="" guid="ZVSR667516" id="BIW552000SG7" label="Company code" length="50" name="CompanyCode__" originalProcessID="BMKQ779" precision="0" processid="UHW552000SG7" submitable="1" type="STR">
    <properties>
      <db>
        <alias>ABIW552000SG7</alias>
        <index vartype="INT">1</index>
        <noxml>1</noxml>
        <fullname>/job/processfields/CompanyCode__</fullname>
        <defaultvalue>
        </defaultvalue>
        <RecordLastWrite>2022-10-25 17:04:18</RecordLastWrite>
      </db>
      <extrainfo>
        <Label>Company code</Label>
        <Alias>ABIW552000SG7</Alias>
        <ProcessFieldVersion vartype="INT">1</ProcessFieldVersion>
      </extrainfo>
      <field>
        <Editable>true</Editable>
        <required>false</required>
        <TableName>CT#ECW552000SG7</TableName>
        <SortOrder>
        </SortOrder>
        <DisplayedColumns>CompanyCode__|CompanyName__</DisplayedColumns>
        <DisplayedColumnsIds>
        </DisplayedColumnsIds>
        <SavedColumn>CompanyCode__</SavedColumn>
        <SavedColumnId>
        </SavedColumnId>
        <ProcessName>PurchasingCompanycodes__</ProcessName>
        <CustomFilter>
        </CustomFilter>
      </field>
      <gdr>
        <VarType>Area</VarType>
      </gdr>
      <help>
        <helpData>{"helpText":"","helpURL":"5091","helpFormat":"HTML Format"}</helpData>
      </help>
      <ui>
        <_type>String</_type>
        <automatic>true</automatic>
      </ui>
    </properties>
  </field>
  <field deleted="0" format="" guid="VING781" id="CIW552000SG7" label="Description" length="256" name="Description__" originalProcessID="BMKQ779" precision="0" processid="UHW552000SG7" submitable="1" type="STR">
    <properties>
      <db>
        <alias>ACIW552000SG7</alias>
        <index vartype="INT">1</index>
        <noxml>1</noxml>
        <fullname>/job/processfields/Description__</fullname>
        <defaultvalue>
        </defaultvalue>
        <RecordLastWrite>2022-10-25 17:04:18</RecordLastWrite>
      </db>
      <extrainfo>
        <Label>Description</Label>
        <Alias>ACIW552000SG7</Alias>
        <ProcessFieldVersion vartype="INT">1</ProcessFieldVersion>
      </extrainfo>
      <field>
        <required>false</required>
      </field>
      <gdr>
        <VarType>Area</VarType>
      </gdr>
      <ui>
        <_type>String</_type>
        <automatic>true</automatic>
      </ui>
    </properties>
  </field>
  <field deleted="0" format="" guid="OLRC133825" id="DIW552000SG7" label="_Group_report" length="64" name="Group__" originalProcessID="BMKQ779" precision="0" processid="UHW552000SG7" submitable="1" type="STR">
    <properties>
      <db>
        <alias>ADIW552000SG7</alias>
        <index vartype="INT">1</index>
        <noxml>1</noxml>
        <fullname>/job/processfields/Group__</fullname>
        <jointable>P2P - Expense category__</jointable>
        <jointableid>CT#OEW552000SG7</jointableid>
        <defaultvalue>
        </defaultvalue>
        <joincondition>(&amp;(source.Group__=dest.ExpenseCategory__)(source.CompanyCode__=dest.CompanyCode__))</joincondition>
        <RecordLastWrite>2022-10-25 17:04:18</RecordLastWrite>
      </db>
      <extrainfo>
        <Label>_Group_report</Label>
        <Alias>ADIW552000SG7</Alias>
        <ProcessFieldVersion vartype="INT">1</ProcessFieldVersion>
      </extrainfo>
      <gdr>
        <VarType>Area</VarType>
      </gdr>
      <ui>
        <_type>String</_type>
        <automatic>true</automatic>
      </ui>
    </properties>
  </field>
  <field deleted="0" format="" guid="PHQGF4CA8" id="EIW552000SG7" label="Manager" length="80" name="Manager__" originalProcessID="BMKQ779" precision="0" processid="UHW552000SG7" submitable="1" type="STR">
    <properties>
      <db>
        <alias>AEIW552000SG7</alias>
        <index vartype="INT">1</index>
        <noxml>1</noxml>
        <fullname>/job/processfields/Manager__</fullname>
        <defaultvalue>
        </defaultvalue>
        <RecordLastWrite>2022-10-25 17:04:18</RecordLastWrite>
      </db>
      <extrainfo>
        <Label>Manager</Label>
        <Alias>AEIW552000SG7</Alias>
        <DocMgrDisplayType>webaccess.Edd.ui.DNorLogin</DocMgrDisplayType>
        <ProcessFieldVersion vartype="INT">1</ProcessFieldVersion>
      </extrainfo>
      <field>
        <Editable>false</Editable>
        <TableName>ODUSER</TableName>
        <SortOrder>ASC</SortOrder>
        <DisplayedColumns>Login|DisplayName</DisplayedColumns>
        <UseTableForAutolearn>false</UseTableForAutolearn>
        <SavedColumn>Login</SavedColumn>
        <ProcessName>
        </ProcessName>
        <CustomFilter>(&amp;(Vendor=0)(Customer=0))</CustomFilter>
      </field>
      <help>
        <helpData>{"helpText":"","helpURL":"","helpFormat":"HTML Format"}</helpData>
      </help>
      <ui>
        <_type>String</_type>
        <automatic>true</automatic>
      </ui>
    </properties>
  </field>
  <type id="JLLP13130F1" name="CT">
  </type>
</process>