﻿<?xml version="1.0" encoding="UTF-8" standalone="no"?>
<process accountid="20063076" allowrepairprocess="0" builtin="0" builtinversion="0" carriesapplicationversion="0" creationdatetime="2022-10-25 17:04:26" deleted="0" eskerapplication="" global="0" id="DLW552000SG7" keepcustomization="0" keepfieldsonly="0" keepfieldsproperties="0" keepnewcontroloptions="0" migrationversion="4" name="AP - Tax codes__" needvalidation="1" ootofilter="" ootoversion="0" originalProcessID="WCQH667267" ownerid="cn=admin_p2p@paragon-cc.fr,ou=DEV,ou=TrainingP2P,ou=DEMO_JULIEN,ou=05284299,ou=ESK,s=eoo" ownerpb="OnDemand AddressBook" public="1" pushnotification="0" reuseengine="0" sprintversion="5.261.0" transportname="CustomTable" upgradable="1" userid="0" version="1" visibility="0">
  <properties>
    <dbIndex>
      <AUTO_AELW552000SG7A>&lt;Index&gt;&lt;Ref Name="AELW552000SG7" Option="ASC"/&gt;&lt;/Index&gt;</AUTO_AELW552000SG7A>
      <AUTO_AFLW552000SG7A>&lt;Index&gt;&lt;Ref Name="AFLW552000SG7" Option="ASC"/&gt;&lt;/Index&gt;</AUTO_AFLW552000SG7A>
      <AUTO_AKLW552000SG7A>&lt;Index&gt;&lt;Ref Name="AKLW552000SG7" Option="ASC"/&gt;&lt;/Index&gt;</AUTO_AKLW552000SG7A>
      <AUTO_ALLW552000SG7A>&lt;Index&gt;&lt;Ref Name="ALLW552000SG7" Option="ASC"/&gt;&lt;/Index&gt;</AUTO_ALLW552000SG7A>
    </dbIndex>
    <gdr>
    </gdr>
    <lg>
      <process_de>{
	"_HelpTaxRoundingPriority": "Wählen Sie Ihre bevorzugte Rundungsmethode für die Berechnung der Steuerbeträge auf Positionsebene aus.&lt;br&gt;Diese Option ist nur für Positionen mit mehreren Steuersätzen anwendbar.",
	"_NonDeductibleTaxRate": "Nicht abzugsfähiger Steuersatz",
	"_Round_After_Sum": "Summe der Zeilen runden",
	"_Round_Before_Sum": "Gerundete Zeilen summieren",
	"_Tax Rounding Priority": "Rundungsregel der Steuerbeträge",
	"AP - Tax codes": "P2P - Steuerkennzeichen",
	"Company code": "Buchungskreis",
	"Description": "Beschreibung",
	"Tax account": "Vorsteuerkonto",
	"Tax account for collection": "Umsatzsteuerkonto",
	"Tax classification": "Steuerklassifizierung",
	"Tax code": "Steuerkennzeichen",
	"Tax rate": "Steuersatz",
	"Tax type": "Steuerart",
	"_ContractName": "Vertragsname",
	"_ContractName_report": "Vertragsname",
	"_ContractNumber": "Vertragsnummer",
	"_ContractNumber_report": "Vertragsnummer",
	"_ContractRUIDEX": "Erweiterte Vertrags-ID",
	"_ContractRUIDEX_report": "Erweiterte Vertrags-ID",
	"_CostCenter": "Kostenstellen",
	"_CostCenter_report": "Kostenstellen",
	"_CostCenterDescription": "Kostenstellenbeschreibung",
	"_CostCenterDescription_report": "Kostenstellenbeschreibung",
	"_FreeDimension1": "Benutzerdefinierte Dimension 1",
	"_FreeDimension1_report": "Benutzerdefinierte Dimension 1",
	"_FreeDimension1ID": "Benutzerdefinierte Dimension 1 (ID)",
	"_FreeDimension1ID_report": "Benutzerdefinierte Dimension 1 (ID)",
	"_InternalOrder": "Innenauftrag",
	"_InternalOrder_report": "Innenauftrag",
	"_IsReplenishmentItem": "Nachschubartikel",
	"_IsReplenishmentItem_report": "Nachschubartikel",
	"_ItemDeliveryAddressID": "ID der Lieferadresse",
	"_ItemDeliveryAddressID_report": "ID der Lieferadresse",
	"_ItemShipToAddress": "Lieferadresse",
	"_ItemShipToAddress_report": "Lieferadresse",
	"_ItemShipToCompany": "Empfängerfirma",
	"_ItemShipToCompany_report": "Empfängerfirma",
	"_NonDeductibleTaxRate_report": "Nicht abzugsfähiger Steuersatz",
	"_ProjectCode": "Projektcode",
	"_ProjectCode_report": "Projektcode",
	"_ProjectCodeDescription": "Projektbeschreibung",
	"_ProjectCodeDescription_report": "Projektbeschreibung",
	"_PublicPrice": "Standardpreis",
	"_PublicPrice_report": "Standardpreis",
	"_WarehouseID": "Lagerkennung",
	"_WarehouseID_report": "Lagerkennung",
	"_WarehouseName": "Lagerort",
	"_WarehouseName_report": "Lagerort",
	"_WBSElement": "PSP-Element",
	"_WBSElement_report": "PSP-Element",
	"_WBSElementID": "PSP-Element (ID)",
	"_WBSElementID_report": "PSP-Element (ID)"
}</process_de>
      <process_ja>{
	"_HelpTaxRoundingPriority": "各明細項目の税額を計算する際の端数処理の方法を選択してください。&lt;br&gt;このオプションは複数の税率を伴う項目にのみ適用可能です。",
	"_NonDeductibleTaxRate": "控除対象外の税率",
	"_Round_After_Sum": "合計してから端数処理",
	"_Round_Before_Sum": "端数処理してから合計",
	"_Tax Rounding Priority": "税金の端数処理ルール",
	"AP - Tax codes": "P2P - 税コード",
	"Company code": "会社コード",
	"Description": "説明",
	"Tax account": "購買税科目",
	"Tax account for collection": "消費税勘定",
	"Tax classification": "税分類",
	"Tax code": "税コード",
	"Tax rate": "税率",
	"Tax type": "税種別",
	"_ContractName": "契約者名",
	"_ContractName_report": "契約者名",
	"_ContractNumber": "契約番号",
	"_ContractNumber_report": "契約番号",
	"_ContractRUIDEX": "契約延長ID",
	"_ContractRUIDEX_report": "契約延長ID",
	"_CostCenter": "コストセンター",
	"_CostCenter_report": "コストセンター",
	"_CostCenterDescription": "コストセンター説明",
	"_CostCenterDescription_report": "コストセンター説明",
	"_FreeDimension1": "Custom dimension 1",
	"_FreeDimension1_report": "Custom dimension 1",
	"_FreeDimension1ID": "カスタムサイズ 1 (ID)",
	"_FreeDimension1ID_report": "カスタムサイズ 1 (ID)",
	"_InternalOrder": "内部注文",
	"_InternalOrder_report": "内部注文",
	"_IsReplenishmentItem": "補充品目",
	"_IsReplenishmentItem_report": "補充品目",
	"_ItemDeliveryAddressID": "交付地址ID",
	"_ItemDeliveryAddressID_report": "交付地址ID",
	"_ItemShipToAddress": "交付地址",
	"_ItemShipToAddress_report": "交付地址",
	"_ItemShipToCompany": "受領会社",
	"_ItemShipToCompany_report": "受領会社",
	"_NonDeductibleTaxRate_report": "控除対象外の税率",
	"_ProjectCode": "プロジェクトコード",
	"_ProjectCode_report": "プロジェクトコード",
	"_ProjectCodeDescription": "プロジェクトの説明",
	"_ProjectCodeDescription_report": "プロジェクトの説明",
	"_PublicPrice": "標準価格",
	"_PublicPrice_report": "標準価格",
	"_WarehouseID": "倉庫ID",
	"_WarehouseID_report": "倉庫ID",
	"_WarehouseName": "倉庫名",
	"_WarehouseName_report": "倉庫名",
	"_WBSElement": "WBS 要素",
	"_WBSElement_report": "WBS 要素",
	"_WBSElementID": "WBS 要素（ID）",
	"_WBSElementID_report": "WBS 要素（ID）"
}</process_ja>
      <process_en>{
	"_HelpTaxRoundingPriority": "Select your preferred rounding method for calculating each line item tax amount.&lt;br&gt;This option is only applicable for line items with multiple tax rates.",
	"_NonDeductibleTaxRate": "Non-deductible tax rate",
	"_Round_After_Sum": "Sum then round",
	"_Round_Before_Sum": "Round then sum",
	"_Tax Rounding Priority": "Tax rounding rule",
	"AP - Tax codes": "P2P - Tax codes",
	"Company code": "Company code",
	"Description": "Description",
	"Tax account": "Purchase tax account",
	"Tax account for collection": "Sales tax account",
	"Tax classification": "Tax classification",
	"Tax code": "Tax code",
	"Tax rate": "Tax rate",
	"Tax type": "Tax type",
	"_ContractName": "Contract name",
	"_ContractName_report": "Contract name",
	"_ContractNumber": "Contract number",
	"_ContractNumber_report": "Contract number",
	"_ContractRUIDEX": "Contract extended ID",
	"_ContractRUIDEX_report": "Contract extended ID",
	"_CostCenter": "Cost center",
	"_CostCenter_report": "Cost center",
	"_CostCenterDescription": "Cost center description",
	"_CostCenterDescription_report": "Cost center description",
	"_FreeDimension1": "Custom dimension 1",
	"_FreeDimension1_report": "Custom dimension 1",
	"_FreeDimension1ID": "Custom dimension 1 (ID)",
	"_FreeDimension1ID_report": "Custom dimension 1 (ID)",
	"_InternalOrder": "Internal order",
	"_InternalOrder_report": "Internal order",
	"_IsReplenishmentItem": "Replenishment item",
	"_IsReplenishmentItem_report": "Replenishment item",
	"_ItemDeliveryAddressID": "Delivery address ID",
	"_ItemDeliveryAddressID_report": "Delivery address ID",
	"_ItemShipToAddress": "Delivery address",
	"_ItemShipToAddress_report": "Delivery address",
	"_ItemShipToCompany": "Recipient company",
	"_ItemShipToCompany_report": "Recipient company",
	"_NonDeductibleTaxRate_report": "Non-deductible tax rate",
	"_ProjectCode": "Project code",
	"_ProjectCode_report": "Project code",
	"_ProjectCodeDescription": "Project description",
	"_ProjectCodeDescription_report": "Project description",
	"_PublicPrice": "Standard price",
	"_PublicPrice_report": "Standard price",
	"_WarehouseID": "Warehouse ID",
	"_WarehouseID_report": "Warehouse ID",
	"_WarehouseName": "Warehouse name",
	"_WarehouseName_report": "Warehouse name",
	"_WBSElement": "WBS element",
	"_WBSElement_report": "WBS element",
	"_WBSElementID": "WBS element (ID)",
	"_WBSElementID_report": "WBS element (ID)"
}</process_en>
      <process_es>{
	"_HelpTaxRoundingPriority": "Seleccione el método de redondeo que desea utilizar para calcular el importe de impuesto global que se indica en los detalles de la factura.&lt;br&gt;Esta opción solo se aplica a elementos con tipos impositivos múltiples.",
	"_NonDeductibleTaxRate": "Tipo impositivo no deducible",
	"_Round_After_Sum": "Redondear la suma",
	"_Round_Before_Sum": "Sumar los redondeos",
	"_Tax Rounding Priority": "Regla de redondeo de las tasas",
	"AP - Tax codes": "P2P - Códigos de impuestos",
	"Company code": "Código de empresa",
	"Description": "Descripción",
	"Tax account": "Cuenta de IVA soportado",
	"Tax account for collection": "Cuenta de IVA repercutido",
	"Tax classification": "Clasificación fiscal",
	"Tax code": "Código de impuesto",
	"Tax rate": "Tipo impositivo",
	"Tax type": "Tipo de impuesto",
	"_ContractName": "Nombre del contrato",
	"_ContractName_report": "Nombre del contrato",
	"_ContractNumber": "Número de contrato",
	"_ContractNumber_report": "Número de contrato",
	"_ContractRUIDEX": "Id. largo del contrato",
	"_ContractRUIDEX_report": "Id. largo del contrato",
	"_CostCenter": "Centro de costes",
	"_CostCenter_report": "Centro de costes",
	"_CostCenterDescription": "Descripción del centro de costes",
	"_CostCenterDescription_report": "Descripción del centro de costes",
	"_FreeDimension1": "Dimensión personalizada 1",
	"_FreeDimension1_report": "Dimensión personalizada 1",
	"_FreeDimension1ID": "Dimensión personalizada 1 (ID)",
	"_FreeDimension1ID_report": "Dimensión personalizada 1 (ID)",
	"_InternalOrder": "Pedido interno",
	"_InternalOrder_report": "Pedido interno",
	"_IsReplenishmentItem": "Artículo de reposición",
	"_IsReplenishmentItem_report": "Artículo de reposición",
	"_ItemDeliveryAddressID": "ID de dirección de entrega",
	"_ItemDeliveryAddressID_report": "ID de dirección de entrega",
	"_ItemShipToAddress": "Dirección de entrega",
	"_ItemShipToAddress_report": "Dirección de entrega",
	"_ItemShipToCompany": "Empresa destinataria",
	"_ItemShipToCompany_report": "Empresa destinataria",
	"_NonDeductibleTaxRate_report": "Tipo impositivo no deducible",
	"_ProjectCode": "Código proyecto",
	"_ProjectCode_report": "Código proyecto",
	"_ProjectCodeDescription": "Descripción del proyecto",
	"_ProjectCodeDescription_report": "Descripción del proyecto",
	"_PublicPrice": "Precio de venta al público",
	"_PublicPrice_report": "Precio de venta al público",
	"_WarehouseID": "Identificador de almacén",
	"_WarehouseID_report": "Identificador de almacén",
	"_WarehouseName": "Nombre del almacén",
	"_WarehouseName_report": "Nombre del almacén",
	"_WBSElement": "Elemento PEP",
	"_WBSElement_report": "Elemento PEP",
	"_WBSElementID": "Elemento PEP (ID)",
	"_WBSElementID_report": "Elemento PEP (ID)"
}</process_es>
      <process_fr>{
	"_HelpTaxRoundingPriority": "Sélectionnez la méthode d'arrondi que vous souhaitez utiliser pour calculer le montant TVA de chaque poste.&lt;br&gt;Cette option ne s'applique que pour les postes associés à des taux de taxe multiples.",
	"_NonDeductibleTaxRate": "Taux de TVA non déductible",
	"_Round_After_Sum": "Arrondi de la somme",
	"_Round_Before_Sum": "Somme des arrondis",
	"_Tax Rounding Priority": "Règle d'arrondi des taxes",
	"AP - Tax codes": "P2P - Codes TVA",
	"Company code": "Code société",
	"Description": "Description",
	"Tax account": "Compte TVA à l'achat",
	"Tax account for collection": "Compte TVA à l'encaissement",
	"Tax classification": "Classification fiscale",
	"Tax code": "Code TVA",
	"Tax rate": "Taux de TVA",
	"Tax type": "Type de taxe",
	"_ContractName": "Nom du contrat",
	"_ContractName_report": "Nom du contrat",
	"_ContractNumber": "Numéro de contrat",
	"_ContractNumber_report": "Numéro de contrat",
	"_ContractRUIDEX": "Identifiant long du contrat",
	"_ContractRUIDEX_report": "Identifiant long du contrat",
	"_CostCenter": "Centre de coût",
	"_CostCenter_report": "Centre de coût",
	"_CostCenterDescription": "Description du centre de coût",
	"_CostCenterDescription_report": "Description du centre de coût",
	"_FreeDimension1": "Axe analytique personnalisé 1",
	"_FreeDimension1_report": "Axe analytique personnalisé 1",
	"_FreeDimension1ID": "Axe analytique personnalisé 1 (ID)",
	"_FreeDimension1ID_report": "Axe analytique personnalisé 1 (ID)",
	"_InternalOrder": "Ordre interne",
	"_InternalOrder_report": "Ordre interne",
	"_IsReplenishmentItem": "Article de réapprovisionnement",
	"_IsReplenishmentItem_report": "Article de réapprovisionnement",
	"_ItemDeliveryAddressID": "Identifiant de l'adresse de livraison",
	"_ItemDeliveryAddressID_report": "Identifiant de l'adresse de livraison",
	"_ItemShipToAddress": "Adresse de livraison",
	"_ItemShipToAddress_report": "Adresse de livraison",
	"_ItemShipToCompany": "Société destinataire",
	"_ItemShipToCompany_report": "Société destinataire",
	"_NonDeductibleTaxRate_report": "Taux de TVA non déductible",
	"_ProjectCode": "Code projet",
	"_ProjectCode_report": "Code projet",
	"_ProjectCodeDescription": "Description du projet",
	"_ProjectCodeDescription_report": "Description du projet",
	"_PublicPrice": "Prix standard",
	"_PublicPrice_report": "Prix standard",
	"_WarehouseID": "Identifiant de l'entrepôt",
	"_WarehouseID_report": "Identifiant de l'entrepôt",
	"_WarehouseName": "Nom de l'entrepôt",
	"_WarehouseName_report": "Nom de l'entrepôt",
	"_WBSElement": "Élément d'OTP",
	"_WBSElement_report": "Élément d'OTP",
	"_WBSElementID": "Élément d'OTP (ID)",
	"_WBSElementID_report": "Élément d'OTP (ID)"
}</process_fr>
      <process_nl-NL>{
	"_HelpTaxRoundingPriority": "Selecteer uw gewenste methode van afronding voor het berekenen van het belastingbedrag voor elk regelitem.&lt;br&gt;Deze optie geldt alleen voor regelitems met meerdere belastingpercentages.",
	"_NonDeductibleTaxRate": "Niet-aftrekbaar belastingpercentage",
	"_Round_After_Sum": "Optellen en dan afronden",
	"_Round_Before_Sum": "Afronden en dan optellen",
	"_Tax Rounding Priority": "Regel voor afronding belasting",
	"AP - Tax codes": "P2P - Belastingcodes",
	"Company code": "Bedrijfscode",
	"Description": "Beschrijving",
	"Tax account": "Rekening aankoopbelasting",
	"Tax account for collection": "Rekening verkoopbelasting",
	"Tax classification": "Belastingclassificatie",
	"Tax code": "Belastingcode",
	"Tax rate": "Belastingpercentage",
	"Tax type": "Soort belasting",
	"_ContractName": "Naam contract",
	"_ContractName_report": "Naam contract",
	"_ContractNumber": "Contractnummer",
	"_ContractNumber_report": "Contractnummer",
	"_ContractRUIDEX": "Uitgebreide contract-ID",
	"_ContractRUIDEX_report": "Uitgebreide contract-ID",
	"_CostCenter": "Kostenplaats",
	"_CostCenter_report": "Kostenplaats",
	"_CostCenterDescription": "Beschrijving kostenplaats",
	"_CostCenterDescription_report": "Beschrijving kostenplaats",
	"_FreeDimension1": "Aangepaste dimensie 1",
	"_FreeDimension1_report": "Aangepaste dimensie 1",
	"_FreeDimension1ID": "Aangepaste dimensie 1 (ID)",
	"_FreeDimension1ID_report": "Aangepaste dimensie 1 (ID)",
	"_InternalOrder": "Interne bestelling",
	"_InternalOrder_report": "Interne bestelling",
	"_IsReplenishmentItem": "Item bevoorrading",
	"_IsReplenishmentItem_report": "Item bevoorrading",
	"_ItemDeliveryAddressID": "Leveringsadres-ID",
	"_ItemDeliveryAddressID_report": "Leveringsadres-ID",
	"_ItemShipToAddress": "Leveringsadres",
	"_ItemShipToAddress_report": "Leveringsadres",
	"_ItemShipToCompany": "Bedrijf ontvanger",
	"_ItemShipToCompany_report": "Bedrijf ontvanger",
	"_NonDeductibleTaxRate_report": "Niet-aftrekbaar belastingpercentage",
	"_ProjectCode": "Projectcode",
	"_ProjectCode_report": "Projectcode",
	"_ProjectCodeDescription": "Projectbeschrijving",
	"_ProjectCodeDescription_report": "Projectbeschrijving",
	"_PublicPrice": "Standaardprijs",
	"_PublicPrice_report": "Standaardprijs",
	"_WarehouseID": "Magazijn-ID",
	"_WarehouseID_report": "Magazijn-ID",
	"_WarehouseName": "Naam magazijn",
	"_WarehouseName_report": "Naam magazijn",
	"_WBSElement": "WBS-element",
	"_WBSElement_report": "WBS-element",
	"_WBSElementID": "WBS-element (ID)",
	"_WBSElementID_report": "WBS-element (ID)"
}</process_nl-NL>
      <process_it>{
	"_HelpTaxRoundingPriority": "Selezionare il metodo di arrotondamento preferito per calcolare l'importo dell'imposta per ogni voce.&lt;br&gt;Questa opzione è applicabile solo per le voci con aliquote fiscali multiple.",
	"_NonDeductibleTaxRate": "Aliquota fiscale non deducibile",
	"_Round_After_Sum": "Arrotonda la somma delle linee",
	"_Round_Before_Sum": "Somma le linee arrotondate",
	"_Tax Rounding Priority": "Regola di arrotondamento delle imposte",
	"AP - Tax codes": "P2P - Codici fiscali",
	"Company code": "Codice società",
	"Description": "Descrizione",
	"Tax account": "Conto IVA a monte",
	"Tax account for collection": "Conto IVA a valle",
	"Tax classification": "Classificazione fiscale",
	"Tax code": "Codice IVA",
	"Tax rate": "Aliquota fiscale",
	"Tax type": "Tipo di imposta",
	"_ContractName": "Nome contratto",
	"_ContractName_report": "Nome contratto",
	"_ContractNumber": "Numero contratto",
	"_ContractNumber_report": "Numero contratto",
	"_ContractRUIDEX": "ID esteso contratto",
	"_ContractRUIDEX_report": "ID esteso contratto",
	"_CostCenter": "Centro di costo",
	"_CostCenter_report": "Centro di costo",
	"_CostCenterDescription": "Descrizione del centro di costo",
	"_CostCenterDescription_report": "Descrizione del centro di costo",
	"_FreeDimension1": "Dimensione personalizzata 1",
	"_FreeDimension1_report": "Dimensione personalizzata 1",
	"_FreeDimension1ID": "Dimensione personalizzata 1 (ID)",
	"_FreeDimension1ID_report": "Dimensione personalizzata 1 (ID)",
	"_InternalOrder": "Ordine interno",
	"_InternalOrder_report": "Ordine interno",
	"_IsReplenishmentItem": "Articolo di rifornimento",
	"_IsReplenishmentItem_report": "Articolo di rifornimento",
	"_ItemDeliveryAddressID": "ID indirizzo di spedizione",
	"_ItemDeliveryAddressID_report": "ID indirizzo di spedizione",
	"_ItemShipToAddress": "Indirizzo di spedizione",
	"_ItemShipToAddress_report": "Indirizzo di spedizione",
	"_ItemShipToCompany": "Società destinataria",
	"_ItemShipToCompany_report": "Società destinataria",
	"_NonDeductibleTaxRate_report": "Aliquota fiscale non deducibile",
	"_ProjectCode": "Codice progetto",
	"_ProjectCode_report": "Codice progetto",
	"_ProjectCodeDescription": "Descrizione progetto",
	"_ProjectCodeDescription_report": "Descrizione progetto",
	"_PublicPrice": "Prezzo standard",
	"_PublicPrice_report": "Prezzo standard",
	"_WarehouseID": "ID magazzino",
	"_WarehouseID_report": "ID magazzino",
	"_WarehouseName": "Nome magazzino",
	"_WarehouseName_report": "Nome magazzino",
	"_WBSElement": "Elemento WBS",
	"_WBSElement_report": "Elemento WBS",
	"_WBSElementID": "Elemento WBS (ID)",
	"_WBSElementID_report": "Elemento WBS (ID)"
}</process_it>
      <process_zh-CN>{
	"_HelpTaxRoundingPriority": "请选择用于计算每个行项目税额的首选舍入方法。&lt;br&gt;此选项仅适用于有多个税率的行项目。",
	"_NonDeductibleTaxRate": "不可扣除税率",
	"_Round_After_Sum": "求和再舍入",
	"_Round_Before_Sum": "舍入再求和",
	"_Tax Rounding Priority": "税的舍入规则",
	"AP - Tax codes": "采购到支付 - 税码",
	"Company code": "公司代码",
	"Description": "说明",
	"Tax account": "购置税账户",
	"Tax account for collection": "销售税帐户",
	"Tax classification": "税分类",
	"Tax code": "税码",
	"Tax rate": "税率",
	"Tax type": "税收类型",
	"_ContractName": "合同名称",
	"_ContractName_report": "合同名称",
	"_ContractNumber": "合同编号",
	"_ContractNumber_report": "合同编号",
	"_ContractRUIDEX": "合同扩展 ID",
	"_ContractRUIDEX_report": "合同扩展 ID",
	"_CostCenter": "成本中心",
	"_CostCenter_report": "成本中心",
	"_CostCenterDescription": "成本中心描述",
	"_CostCenterDescription_report": "成本中心描述",
	"_FreeDimension1": "Custom dimension 1",
	"_FreeDimension1_report": "Custom dimension 1",
	"_FreeDimension1ID": "自定义范围 1（ID）",
	"_FreeDimension1ID_report": "自定义范围 1（ID）",
	"_InternalOrder": "内部订单",
	"_InternalOrder_report": "内部订单",
	"_IsReplenishmentItem": "补货项目",
	"_IsReplenishmentItem_report": "补货项目",
	"_ItemDeliveryAddressID": "交付地址ID",
	"_ItemDeliveryAddressID_report": "交付地址ID",
	"_ItemShipToAddress": "交付地址",
	"_ItemShipToAddress_report": "交付地址",
	"_ItemShipToCompany": "收件人公司",
	"_ItemShipToCompany_report": "收件人公司",
	"_NonDeductibleTaxRate_report": "不可扣除税率",
	"_ProjectCode": "项目代码",
	"_ProjectCode_report": "项目代码",
	"_ProjectCodeDescription": "项目说明",
	"_ProjectCodeDescription_report": "项目说明",
	"_PublicPrice": "标准价格",
	"_PublicPrice_report": "标准价格",
	"_WarehouseID": "仓库标识",
	"_WarehouseID_report": "仓库标识",
	"_WarehouseName": "仓库名称",
	"_WarehouseName_report": "仓库名称",
	"_WBSElement": "WBS 要素",
	"_WBSElement_report": "WBS 要素",
	"_WBSElementID": "WBS 要素（ID）",
	"_WBSElementID_report": "WBS 要素（ID）"
}</process_zh-CN>
      <process_pt-BR>{
	"_HelpTaxRoundingPriority": "Selecione seu método de arredondamento preferido para calcular o valor de cada item de linha.&lt;br&gt; Esta opção é aplicável apenas a itens de linha com várias taxas de imposto.",
	"_NonDeductibleTaxRate": "Taxa de imposto não dedutível",
	"_Round_After_Sum": "Somar e, depois, arredondar",
	"_Round_Before_Sum": "Arredondar e, depois, somar",
	"_Tax Rounding Priority": "Regra de arredondamento de impostos",
	"AP - Tax codes": "P2P - Códigos tributários",
	"Company code": "Código da empresa",
	"Description": "Descrição",
	"Tax account": "Conta de imposto sobre compras",
	"Tax account for collection": "Conta de imposto sobre vendas",
	"Tax classification": "Classificação fiscal",
	"Tax code": "Código de imposto",
	"Tax rate": "Taxa de imposto",
	"Tax type": "Tipo de imposto",
	"_ContractName": "Nome do contrato",
	"_ContractName_report": "Nome do contrato",
	"_ContractNumber": "Número de contrato",
	"_ContractNumber_report": "Número de contrato",
	"_ContractRUIDEX": "ID estendido do contrato",
	"_ContractRUIDEX_report": "ID estendido do contrato",
	"_CostCenter": "Centro de custo",
	"_CostCenter_report": "Centro de custo",
	"_CostCenterDescription": "Descrição do centro de custo",
	"_CostCenterDescription_report": "Descrição do centro de custo",
	"_FreeDimension1": "Dimensão personalizada 1",
	"_FreeDimension1_report": "Dimensão personalizada 1",
	"_FreeDimension1ID": "Dimensão personalizada 1 (ID)",
	"_FreeDimension1ID_report": "Dimensão personalizada 1 (ID)",
	"_InternalOrder": "Pedido interno",
	"_InternalOrder_report": "Pedido interno",
	"_IsReplenishmentItem": "Item de reposição",
	"_IsReplenishmentItem_report": "Item de reposição",
	"_ItemDeliveryAddressID": "ID do endereço de entrega",
	"_ItemDeliveryAddressID_report": "ID do endereço de entrega",
	"_ItemShipToAddress": "Endereço de entrega",
	"_ItemShipToAddress_report": "Endereço de entrega",
	"_ItemShipToCompany": "Empresa receptora",
	"_ItemShipToCompany_report": "Empresa receptora",
	"_NonDeductibleTaxRate_report": "Taxa de imposto não dedutível",
	"_ProjectCode": "Código do projeto",
	"_ProjectCode_report": "Código do projeto",
	"_ProjectCodeDescription": "Descrição do projeto",
	"_ProjectCodeDescription_report": "Descrição do projeto",
	"_PublicPrice": "Preço padrão",
	"_PublicPrice_report": "Preço padrão",
	"_WarehouseID": "ID de armazém",
	"_WarehouseID_report": "ID de armazém",
	"_WarehouseName": "Nome do armazém",
	"_WarehouseName_report": "Nome do armazém",
	"_WBSElement": "Elemento WBS",
	"_WBSElement_report": "Elemento WBS",
	"_WBSElementID": "Elemento WBS (ID)",
	"_WBSElementID_report": "Elemento WBS (ID)"
}</process_pt-BR>
    </lg>
    <process>
      <BUColumn>CompanyCode__</BUColumn>
      <flowtype>processing</flowtype>
      <homepagelabel>AP - Tax codes</homepagelabel>
      <upgradable>yes</upgradable>
      <instanciable>1</instanciable>
      <OverrideAllowedAttachmentExtensions>*</OverrideAllowedAttachmentExtensions>
      <lgpathtomerge>..\..\Application builder\lg2Merge\AnalyticAxis</lgpathtomerge>
      <AllowUploadAttachment>0</AllowUploadAttachment>
      <AllowUploadReferenceDocument>0</AllowUploadReferenceDocument>
      <isImportedInDiffMode>true</isImportedInDiffMode>
      <shouldRollbackManualRecordEdits>true</shouldRollbackManualRecordEdits>
      <shouldShowManualEditsWarning>true</shouldShowManualEditsWarning>
      <UseCultureFormat>true</UseCultureFormat>
      <TransportName>CustomTable</TransportName>
      <LayoutVersion>1.0</LayoutVersion>
    </process>
    <ui>
      <layout>{
	"*": {
		"Screen": {
			"type": "FlexibleFormLayout",
			"options": {
				"splitterType": "simple-v",
				"version": 0,
				"backColor": "text-backgroundcolor-default",
				"style": null,
				"processHelpId": "5102"
			},
			"*": {
				"form-header": {
					"type": "FlexibleFormHeader",
					"options": {
						"hidePanelsMenu": false,
						"version": 0
					},
					"stamp": 1,
					"data": []
				},
				"form-center": {
					"type": "FlexibleFormCenter",
					"options": {
						"version": 0
					},
					"*": {
						"form-content": {
							"type": "FlexibleFormContent",
							"options": {
								"version": 0
							},
							"*": {
								"form-content-center": {
									"type": "FlexibleFormSplitter",
									"options": {
										"version": 1,
										"box": {
											"top": "0%",
											"left": "0%",
											"width": "100%"
										},
										"hidden": false,
										"hideSeparator": true
									},
									"*": {
										"form-content-center-1": {
											"type": "FlexibleFormLine",
											"data": [],
											"options": {
												"version": 0
											},
											"stamp": 2,
											"*": {
												"DataPanel": {
													"type": "PanelData",
													"options": {
														"border": {},
														"version": 0,
														"labelLength": 0,
														"label": "_Document data",
														"iconURL": "",
														"TitleFontSize": "S",
														"hideActionButtons": false,
														"hideTitleBar": false,
														"backgroundcolor": "default",
														"labelsAlignment": "right",
														"hideTitle": false,
														"sameHeightAsSiblings": false
													},
													"*": {
														"FieldsManager": {
															"type": "FieldsManager",
															"options": {
																"controlsAssociation": {
																	"Description__": "LabelDescription__",
																	"LabelDescription__": "Description__",
																	"TaxCode__": "LabelTaxCode__",
																	"LabelTaxCode__": "TaxCode__",
																	"TaxRate__": "LabelTaxRate__",
																	"LabelTaxRate__": "TaxRate__",
																	"CompanyCode__": "LabelCompanyCode__",
																	"LabelCompanyCode__": "CompanyCode__",
																	"TaxAccount__": "LabelTaxAccount__",
																	"LabelTaxAccount__": "TaxAccount__",
																	"TaxAccountForCollection__": "LabelTaxAccountForCollection__",
																	"LabelTaxAccountForCollection__": "TaxAccountForCollection__",
																	"TaxType__": "LabelTaxType__",
																	"LabelTaxType__": "TaxType__",
																	"TaxClassification__": "LabelTaxClassification__",
																	"LabelTaxClassification__": "TaxClassification__",
																	"TaxRoundingPriority__": "LabelTaxRoundingPriority__",
																	"LabelTaxRoundingPriority__": "TaxRoundingPriority__",
																	"NonDeductibleTaxRate__": "LabelNonDeductibleTaxRate__",
																	"LabelNonDeductibleTaxRate__": "NonDeductibleTaxRate__"
																},
																"version": 0
															},
															"*": {
																"Grid": {
																	"type": "GridLayout",
																	"options": {
																		"lines": 10,
																		"columns": 2,
																		"version": 0,
																		"ctrlsPos": {
																			"Description__": {
																				"line": 3,
																				"column": 2
																			},
																			"LabelDescription__": {
																				"line": 3,
																				"column": 1
																			},
																			"TaxCode__": {
																				"line": 2,
																				"column": 2
																			},
																			"LabelTaxCode__": {
																				"line": 2,
																				"column": 1
																			},
																			"TaxRate__": {
																				"line": 4,
																				"column": 2
																			},
																			"LabelTaxRate__": {
																				"line": 4,
																				"column": 1
																			},
																			"CompanyCode__": {
																				"line": 1,
																				"column": 2
																			},
																			"LabelCompanyCode__": {
																				"line": 1,
																				"column": 1
																			},
																			"TaxAccount__": {
																				"line": 6,
																				"column": 2
																			},
																			"LabelTaxAccount__": {
																				"line": 6,
																				"column": 1
																			},
																			"TaxAccountForCollection__": {
																				"line": 7,
																				"column": 2
																			},
																			"LabelTaxAccountForCollection__": {
																				"line": 7,
																				"column": 1
																			},
																			"TaxType__": {
																				"line": 8,
																				"column": 2
																			},
																			"LabelTaxType__": {
																				"line": 8,
																				"column": 1
																			},
																			"TaxClassification__": {
																				"line": 9,
																				"column": 2
																			},
																			"LabelTaxClassification__": {
																				"line": 9,
																				"column": 1
																			},
																			"TaxRoundingPriority__": {
																				"line": 10,
																				"column": 2
																			},
																			"LabelTaxRoundingPriority__": {
																				"line": 10,
																				"column": 1
																			},
																			"NonDeductibleTaxRate__": {
																				"line": 5,
																				"column": 2
																			},
																			"LabelNonDeductibleTaxRate__": {
																				"line": 5,
																				"column": 1
																			}
																		},
																		"colspans": [
																			[],
																			[],
																			[],
																			[],
																			[],
																			[],
																			[],
																			[],
																			[],
																			[]
																		]
																	},
																	"data": [
																		"fields"
																	],
																	"*": {
																		"LabelCompanyCode__": {
																			"type": "Label",
																			"data": [
																				"CompanyCode__"
																			],
																			"options": {
																				"label": "Company code",
																				"version": 0
																			},
																			"stamp": 3
																		},
																		"CompanyCode__": {
																			"type": "DatabaseComboBox",
																			"data": [
																				"CompanyCode__"
																			],
																			"options": {
																				"browsable": true,
																				"label": "Company code",
																				"activable": true,
																				"width": 500,
																				"fTSmaxRecords": "20",
																				"version": 0,
																				"PreFillFTS": true,
																				"autoCompleteSearchMode": "startswith",
																				"searchMode": "matches",
																				"helpURL": "5102",
																				"helpText": "",
																				"helpFormat": "HTML Format",
																				"helpIconPosition": "Right"
																			},
																			"stamp": 4
																		},
																		"LabelTaxCode__": {
																			"type": "Label",
																			"data": [
																				"TaxCode__"
																			],
																			"options": {
																				"label": "Tax code",
																				"version": 0
																			},
																			"stamp": 5
																		},
																		"TaxCode__": {
																			"type": "ShortText",
																			"data": [
																				"TaxCode__"
																			],
																			"options": {
																				"label": "Tax code",
																				"activable": true,
																				"width": "500",
																				"length": 600,
																				"version": 0,
																				"textSize": "S",
																				"textAlignment": "left",
																				"textStyle": "default",
																				"textColor": "default"
																			},
																			"stamp": 6
																		},
																		"LabelDescription__": {
																			"type": "Label",
																			"data": [
																				"Description__"
																			],
																			"options": {
																				"label": "Description",
																				"version": 0
																			},
																			"stamp": 7
																		},
																		"Description__": {
																			"type": "ShortText",
																			"data": [
																				"Description__"
																			],
																			"options": {
																				"label": "Description",
																				"activable": true,
																				"width": "500",
																				"version": 0,
																				"textSize": "S",
																				"textAlignment": "left",
																				"textStyle": "default",
																				"textColor": "default"
																			},
																			"stamp": 8
																		},
																		"LabelTaxRate__": {
																			"type": "Label",
																			"data": [
																				"TaxRate__"
																			],
																			"options": {
																				"label": "Tax rate",
																				"version": 0
																			},
																			"stamp": 9
																		},
																		"TaxRate__": {
																			"type": "Decimal",
																			"data": [
																				"TaxRate__"
																			],
																			"options": {
																				"integer": false,
																				"label": "Tax rate",
																				"precision_internal": 3,
																				"precision_current": 3,
																				"precision_min": 2,
																				"activable": true,
																				"width": "500",
																				"version": 0,
																				"textSize": "S",
																				"textAlignment": "right",
																				"textStyle": "default",
																				"textColor": "default"
																			},
																			"stamp": 10
																		},
																		"LabelNonDeductibleTaxRate__": {
																			"type": "Label",
																			"data": [
																				"NonDeductibleTaxRate__"
																			],
																			"options": {
																				"label": "_NonDeductibleTaxRate"
																			},
																			"stamp": 32
																		},
																		"NonDeductibleTaxRate__": {
																			"type": "Decimal",
																			"data": [
																				"NonDeductibleTaxRate__"
																			],
																			"options": {
																				"version": 2,
																				"textSize": "S",
																				"textAlignment": "right",
																				"textStyle": "default",
																				"textColor": "default",
																				"integer": false,
																				"label": "_NonDeductibleTaxRate",
																				"precision_internal": 3,
																				"precision_current": 3,
																				"activable": true,
																				"width": "500",
																				"helpText": "",
																				"helpURL": "",
																				"helpFormat": "HTML Format",
																				"helpIconPosition": "Right",
																				"precision_min": 2,
																				"forceRoundCurrencyPrecision": false,
																				"enablePlusMinus": false
																			},
																			"stamp": 33
																		},
																		"LabelTaxAccount__": {
																			"type": "Label",
																			"data": [
																				"TaxAccount__"
																			],
																			"options": {
																				"label": "Tax account",
																				"version": 0
																			},
																			"stamp": 11
																		},
																		"TaxAccount__": {
																			"type": "ShortText",
																			"data": [
																				"TaxAccount__"
																			],
																			"options": {
																				"textSize": "S",
																				"textAlignment": "left",
																				"textStyle": "default",
																				"textColor": "default",
																				"label": "Tax account",
																				"activable": true,
																				"width": "500",
																				"length": 20,
																				"browsable": false,
																				"version": 0
																			},
																			"stamp": 12
																		},
																		"LabelTaxAccountForCollection__": {
																			"type": "Label",
																			"data": [
																				"TaxAccountForCollection__"
																			],
																			"options": {
																				"label": "Tax account for collection",
																				"version": 0
																			},
																			"stamp": 13
																		},
																		"TaxAccountForCollection__": {
																			"type": "ShortText",
																			"data": [
																				"TaxAccountForCollection__"
																			],
																			"options": {
																				"textSize": "S",
																				"textAlignment": "left",
																				"textStyle": "default",
																				"textColor": "default",
																				"label": "Tax account for collection",
																				"activable": true,
																				"width": "500",
																				"length": 20,
																				"browsable": false,
																				"version": 0
																			},
																			"stamp": 14
																		},
																		"LabelTaxType__": {
																			"type": "Label",
																			"data": [
																				"TaxType__"
																			],
																			"options": {
																				"label": "Tax type",
																				"version": 0
																			},
																			"stamp": 15
																		},
																		"TaxType__": {
																			"type": "ShortText",
																			"data": [
																				"TaxType__"
																			],
																			"options": {
																				"textSize": "S",
																				"textAlignment": "left",
																				"textStyle": "default",
																				"textColor": "default",
																				"label": "Tax type",
																				"activable": true,
																				"width": "500",
																				"length": 10,
																				"browsable": false,
																				"version": 0
																			},
																			"stamp": 16
																		},
																		"LabelTaxClassification__": {
																			"type": "Label",
																			"data": [
																				"TaxClassification__"
																			],
																			"options": {
																				"label": "Tax classification",
																				"version": 0
																			},
																			"stamp": 28
																		},
																		"TaxClassification__": {
																			"type": "ShortText",
																			"data": [
																				"TaxClassification__"
																			],
																			"options": {
																				"textSize": "S",
																				"textAlignment": "left",
																				"textStyle": "default",
																				"textColor": "default",
																				"label": "Tax classification",
																				"activable": true,
																				"width": "500",
																				"length": 20,
																				"browsable": false,
																				"version": 0
																			},
																			"stamp": 29
																		},
																		"LabelTaxRoundingPriority__": {
																			"type": "Label",
																			"data": [
																				"ComboBox__"
																			],
																			"options": {
																				"label": "_Tax Rounding Priority",
																				"version": 0
																			},
																			"stamp": 30
																		},
																		"TaxRoundingPriority__": {
																			"type": "ComboBox",
																			"data": [
																				"TaxRoundingPriority__"
																			],
																			"options": {
																				"possibleValues": {
																					"0": "",
																					"1": "_Round_Before_Sum",
																					"2": "_Round_After_Sum"
																				},
																				"version": 1,
																				"keyValueMode": true,
																				"possibleKeys": {
																					"0": "",
																					"1": "Round_Before_Sum",
																					"2": "Round_After_Sum"
																				},
																				"label": "_Tax Rounding Priority",
																				"activable": true,
																				"width": 230,
																				"helpText": "_HelpTaxRoundingPriority",
																				"helpURL": "",
																				"helpFormat": "HTML Format",
																				"DataSourceOrigin": "Standalone",
																				"DisplayedColumns": "",
																				"maxNbLinesToDisplay": 10
																			},
																			"stamp": 31
																		}
																	},
																	"stamp": 17
																}
															},
															"stamp": 18,
															"data": []
														}
													},
													"stamp": 19,
													"data": []
												}
											}
										}
									},
									"stamp": 20,
									"data": []
								}
							},
							"stamp": 21,
							"data": []
						}
					},
					"stamp": 22,
					"data": []
				},
				"form-footer": {
					"type": "FlexibleFormFooter",
					"options": {
						"splitterType": "simple-h",
						"version": 0
					},
					"*": {
						"Save": {
							"type": "SubmitButton",
							"options": {
								"label": "_Save",
								"action": "savequit",
								"submit": true,
								"version": 0,
								"shortCut": "S"
							},
							"stamp": 23,
							"data": []
						},
						"Close": {
							"type": "SubmitButton",
							"options": {
								"label": "_Close",
								"action": "cancel",
								"submit": true,
								"version": 0,
								"shortCut": "Q"
							},
							"stamp": 24,
							"data": []
						},
						"Delete": {
							"type": "SubmitButton",
							"options": {
								"label": "_Delete",
								"action": "delete",
								"submit": true,
								"version": 0,
								"disabled": true
							},
							"stamp": 25,
							"data": []
						}
					},
					"stamp": 26,
					"data": []
				}
			},
			"stamp": 27,
			"data": []
		}
	},
	"stamps": 33,
	"data": []
}</layout>
    </ui>
  </properties>
  <field deleted="0" format="" guid="FIRC667512" id="ELW552000SG7" label="Company code" length="50" name="CompanyCode__" originalProcessID="WCQH667267" precision="0" processid="DLW552000SG7" submitable="1" type="STR">
    <properties>
      <db>
        <alias>AELW552000SG7</alias>
        <index vartype="INT">1</index>
        <noxml>1</noxml>
        <fullname>/job/processfields/CompanyCode__</fullname>
        <defaultvalue>
        </defaultvalue>
        <RecordLastWrite>2022-10-25 17:04:24</RecordLastWrite>
      </db>
      <extrainfo>
        <Label>Company code</Label>
        <Alias>AELW552000SG7</Alias>
        <ProcessFieldVersion vartype="INT">1</ProcessFieldVersion>
      </extrainfo>
      <field>
        <Editable>true</Editable>
        <required>false</required>
        <TableName>CT#ECW552000SG7</TableName>
        <SortOrder>
        </SortOrder>
        <DisplayedColumns>CompanyCode__|CompanyName__</DisplayedColumns>
        <DisplayedColumnsIds>
        </DisplayedColumnsIds>
        <SavedColumn>CompanyCode__</SavedColumn>
        <SavedColumnId>
        </SavedColumnId>
        <ProcessName>PurchasingCompanycodes__</ProcessName>
        <CustomFilter>
        </CustomFilter>
      </field>
      <gdr>
        <VarType>Area</VarType>
      </gdr>
      <help>
        <helpData>{"helpText":"","helpURL":"5102","helpFormat":"HTML Format"}</helpData>
      </help>
      <ui>
        <_type>String</_type>
        <automatic>true</automatic>
      </ui>
    </properties>
  </field>
  <field deleted="0" format="" guid="QCUV667269" id="FLW552000SG7" label="Description" length="50" name="Description__" originalProcessID="WCQH667267" precision="0" processid="DLW552000SG7" submitable="1" type="STR">
    <properties>
      <db>
        <alias>AFLW552000SG7</alias>
        <index vartype="INT">1</index>
        <noxml>1</noxml>
        <fullname>/job/processfields/Description__</fullname>
        <defaultvalue>
        </defaultvalue>
        <RecordLastWrite>2022-10-25 17:04:24</RecordLastWrite>
      </db>
      <extrainfo>
        <Label>Description</Label>
        <Alias>AFLW552000SG7</Alias>
        <ProcessFieldVersion vartype="INT">1</ProcessFieldVersion>
      </extrainfo>
      <field>
        <required>false</required>
      </field>
      <gdr>
        <VarType>Area</VarType>
      </gdr>
      <ui>
        <_type>String</_type>
        <automatic>true</automatic>
      </ui>
    </properties>
  </field>
  <field deleted="0" format="" guid="E6QHG0000PA9" id="GLW552000SG7" label="_NonDeductibleTaxRate_report" length="17" name="NonDeductibleTaxRate__" originalProcessID="WCQH667267" precision="3" processid="DLW552000SG7" submitable="1" type="DECIMAL">
    <properties>
      <db>
        <alias>AGLW552000SG7</alias>
        <noxml>1</noxml>
        <fullname>/job/processfields/NonDeductibleTaxRate__</fullname>
        <defaultvalue>
        </defaultvalue>
        <RecordLastWrite>2022-10-25 17:04:24</RecordLastWrite>
      </db>
      <extrainfo>
        <Label>_NonDeductibleTaxRate_report</Label>
        <Alias>AGLW552000SG7</Alias>
        <DecimalPrecision vartype="INT">3</DecimalPrecision>
        <ProcessFieldVersion vartype="INT">1</ProcessFieldVersion>
      </extrainfo>
      <gdr>
        <VarType>Area</VarType>
        <DisableAutolearn>1</DisableAutolearn>
      </gdr>
      <help>
        <helpData>{"helpText":"","helpURL":"","helpFormat":"HTML Format","helpIconPosition":"Right"}</helpData>
      </help>
      <ui>
        <_type>Number</_type>
        <automatic>true</automatic>
      </ui>
    </properties>
  </field>
  <field deleted="0" format="" guid="IPFA18293" id="ILW552000SG7" label="Tax account for collection" length="20" name="TaxAccountForCollection__" originalProcessID="WCQH667267" precision="0" processid="DLW552000SG7" submitable="1" type="STR">
    <properties>
      <db>
        <alias>AILW552000SG7</alias>
        <noxml>1</noxml>
        <fullname>/job/processfields/TaxAccountForCollection__</fullname>
        <defaultvalue>
        </defaultvalue>
        <RecordLastWrite>2022-10-25 17:04:25</RecordLastWrite>
      </db>
      <extrainfo>
        <Label>Tax account for collection</Label>
        <Alias>AILW552000SG7</Alias>
        <ProcessFieldVersion vartype="INT">1</ProcessFieldVersion>
      </extrainfo>
      <gdr>
        <VarType>Area</VarType>
      </gdr>
      <ui>
        <_type>String</_type>
        <automatic>true</automatic>
      </ui>
    </properties>
  </field>
  <field deleted="0" format="" guid="GPLH18292" id="HLW552000SG7" label="Tax account" length="20" name="TaxAccount__" originalProcessID="WCQH667267" precision="0" processid="DLW552000SG7" submitable="1" type="STR">
    <properties>
      <db>
        <alias>AHLW552000SG7</alias>
        <noxml>1</noxml>
        <fullname>/job/processfields/TaxAccount__</fullname>
        <defaultvalue>
        </defaultvalue>
        <RecordLastWrite>2022-10-25 17:04:24</RecordLastWrite>
      </db>
      <extrainfo>
        <Label>Tax account</Label>
        <Alias>AHLW552000SG7</Alias>
        <ProcessFieldVersion vartype="INT">1</ProcessFieldVersion>
      </extrainfo>
      <gdr>
        <VarType>Area</VarType>
      </gdr>
      <ui>
        <_type>String</_type>
        <automatic>true</automatic>
      </ui>
    </properties>
  </field>
  <field deleted="0" format="" guid="UNEE18295" id="JLW552000SG7" label="Tax classification" length="10" name="TaxClassification__" originalProcessID="WCQH667267" precision="0" processid="DLW552000SG7" submitable="1" type="STR">
    <properties>
      <db>
        <alias>AJLW552000SG7</alias>
        <noxml>1</noxml>
        <fullname>/job/processfields/TaxClassification__</fullname>
        <defaultvalue>
        </defaultvalue>
        <RecordLastWrite>2022-10-25 17:04:25</RecordLastWrite>
      </db>
      <extrainfo>
        <Label>Tax classification</Label>
        <Alias>AJLW552000SG7</Alias>
        <ProcessFieldVersion vartype="INT">1</ProcessFieldVersion>
      </extrainfo>
      <gdr>
        <VarType>Area</VarType>
      </gdr>
      <ui>
        <_type>String</_type>
        <automatic>true</automatic>
      </ui>
    </properties>
  </field>
  <field deleted="0" format="" guid="KDAU667268" id="KLW552000SG7" label="Tax code" length="600" name="TaxCode__" originalProcessID="WCQH667267" precision="0" processid="DLW552000SG7" submitable="1" type="STR">
    <properties>
      <db>
        <alias>AKLW552000SG7</alias>
        <index vartype="INT">1</index>
        <noxml>1</noxml>
        <fullname>/job/processfields/TaxCode__</fullname>
        <defaultvalue>
        </defaultvalue>
        <RecordLastWrite>2022-10-25 17:04:25</RecordLastWrite>
      </db>
      <extrainfo>
        <Label>Tax code</Label>
        <Alias>AKLW552000SG7</Alias>
        <ProcessFieldVersion vartype="INT">1</ProcessFieldVersion>
      </extrainfo>
      <field>
        <required>false</required>
      </field>
      <gdr>
        <VarType>Area</VarType>
      </gdr>
      <ui>
        <_type>String</_type>
        <automatic>true</automatic>
      </ui>
    </properties>
  </field>
  <field deleted="0" format="" guid="WLUJ667270" id="LLW552000SG7" label="Tax rate" length="17" name="TaxRate__" originalProcessID="WCQH667267" precision="3" processid="DLW552000SG7" submitable="1" type="DECIMAL">
    <properties>
      <db>
        <alias>ALLW552000SG7</alias>
        <index vartype="INT">1</index>
        <noxml>1</noxml>
        <fullname>/job/processfields/TaxRate__</fullname>
        <defaultvalue>
        </defaultvalue>
        <RecordLastWrite>2022-10-25 17:04:25</RecordLastWrite>
      </db>
      <extrainfo>
        <Label>Tax rate</Label>
        <Alias>ALLW552000SG7</Alias>
        <DecimalPrecision vartype="INT">3</DecimalPrecision>
        <ProcessFieldVersion vartype="INT">1</ProcessFieldVersion>
      </extrainfo>
      <field>
        <required>false</required>
      </field>
      <gdr>
        <VarType>Area</VarType>
      </gdr>
      <ui>
        <_type>Number</_type>
        <automatic>true</automatic>
      </ui>
    </properties>
  </field>
  <field deleted="0" format="" guid="D70W00000M4H" id="MLW552000SG7" label="_Tax Rounding Priority" length="50" name="TaxRoundingPriority__" originalProcessID="WCQH667267" precision="0" processid="DLW552000SG7" submitable="1" type="STR">
    <properties>
      <db>
        <alias>AMLW552000SG7</alias>
        <noxml>1</noxml>
        <fullname>/job/processfields/TaxRoundingPriority__</fullname>
        <defaultvalue>
        </defaultvalue>
        <RecordLastWrite>2022-10-25 17:04:25</RecordLastWrite>
      </db>
      <extrainfo>
        <Type>webaccess.Process.Columns.WithPossibleValues</Type>
        <Label>_Tax Rounding Priority</Label>
        <Alias>AMLW552000SG7</Alias>
        <ProcessFieldVersion vartype="INT">1</ProcessFieldVersion>
      </extrainfo>
      <field>
        <TableName>
        </TableName>
        <DisplayedColumns>
        </DisplayedColumns>
        <DataSourceOrigin>Standalone</DataSourceOrigin>
        <possibleKeys>
			Round_Before_Sum
			Round_After_Sum
		</possibleKeys>
        <SavedColumn>
        </SavedColumn>
        <possibleValues>
			_Round_Before_Sum
 			_Round_After_Sum
		</possibleValues>
        <ProcessName>
        </ProcessName>
      </field>
      <gdr>
        <DisableAutolearn>1</DisableAutolearn>
      </gdr>
      <help>
        <helpData>{"helpText":"_HelpTaxRoundingPriority","helpURL":"","helpFormat":"HTML Format"}</helpData>
      </help>
      <ui>
        <_type>String</_type>
        <automatic>true</automatic>
      </ui>
    </properties>
  </field>
  <field deleted="0" format="" guid="UNEE18294" id="NLW552000SG7" label="Tax type" length="10" name="TaxType__" originalProcessID="WCQH667267" precision="0" processid="DLW552000SG7" submitable="1" type="STR">
    <properties>
      <db>
        <alias>ANLW552000SG7</alias>
        <noxml>1</noxml>
        <fullname>/job/processfields/TaxType__</fullname>
        <defaultvalue>
        </defaultvalue>
        <RecordLastWrite>2022-10-25 17:04:25</RecordLastWrite>
      </db>
      <extrainfo>
        <Label>Tax type</Label>
        <Alias>ANLW552000SG7</Alias>
        <ProcessFieldVersion vartype="INT">1</ProcessFieldVersion>
      </extrainfo>
      <gdr>
        <VarType>Area</VarType>
      </gdr>
      <ui>
        <_type>String</_type>
        <automatic>true</automatic>
      </ui>
    </properties>
  </field>
  <type id="JLLP13130F1" name="CT">
  </type>
</process>