﻿<?xml version="1.0" encoding="UTF-8" standalone="no"?>
<process accountid="20063076" allowrepairprocess="0" builtin="0" builtinversion="0" carriesapplicationversion="0" creationdatetime="2022-10-25 17:05:50" deleted="0" eskerapplication="" global="0" id="TQY552000SG7" keepcustomization="0" keepfieldsonly="0" keepfieldsproperties="0" keepnewcontroloptions="0" migrationversion="4" name="Recall to AP" needvalidation="0" ootofilter="" ootoversion="0" originalProcessID="PHQGF8D18" ownerid="cn=admin_p2p@paragon-cc.fr,ou=DEV,ou=TrainingP2P,ou=DEMO_JULIEN,ou=05284299,ou=ESK,s=eoo" ownerpb="OnDemand AddressBook" public="1" pushnotification="0" reuseengine="0" sprintversion="5.261.0" transportname="CustomData" upgradable="1" userid="0" version="1" visibility="0">
  <properties>
    <dataConditions>
      <listDataConditions>
				&lt;dataCondition&gt;
		&lt;tableName&gt;P2P - Global Application Settings__&lt;/tableName&gt;
		&lt;filter&gt;msnex=*&lt;/filter&gt;
		&lt;labelKey&gt;_AP disabled&lt;/labelKey&gt;
		&lt;conditions&gt;
			&lt;allowCondition&gt;
				&lt;fieldName&gt;EnableAccountPayableGlobalSetting__&lt;/fieldName&gt;
				&lt;fieldValue&gt;1&lt;/fieldValue&gt;
			&lt;/allowCondition&gt;
		&lt;/conditions&gt;
	&lt;/dataCondition&gt;
			</listDataConditions>
    </dataConditions>
    <gdr>
      <FinalizationScriptAllowRetry>
      </FinalizationScriptAllowRetry>
      <finalizationscriptIncludedScripts>Lib_AP_V12.0.461.0</finalizationscriptIncludedScripts>
      <FinalizationScript>///#GLOBALS Lib
function recallInvoice(trn)
{
	var vars = trn.GetVars(false);
	var msnEx = vars.GetValue("MSNEX", 0);
	var invoiceNumber = vars.GetValue("InvoiceNumber__", 0);
	var invoiceStatus = vars.GetValue("InvoiceStatus__", 0);
	if (invoiceStatus === Lib.AP.InvoiceStatus.ToApprove || invoiceStatus === Lib.AP.InvoiceStatus.OnHold)
	{
		// Call the validate action "recalltoap" for the current transport
		vars.AddValue_String("RequestedActions", "approve|recalltoap", true);
		vars.AddValue_String("NeedValidation", "1", true);
		vars.AddValue_String("LastValidatorUserId__", Data.GetValue("OwnerID"), true);
		var validator = Users.GetUser(Data.GetValue("OwnerID"));
		var validatorVars = validator.GetVars();
		vars.AddValue_String("LastValidatorName__", validatorVars.GetValue_String("DisplayName", 0), true);
		vars.AddValue_String("Comment__", Data.GetValue("RecallToAPComment__"), true);
		trn.Validate("recalltoap");
		if (trn.GetLastError() !== 0)
		{
			Log.Error(msnEx + " invoice " + invoiceNumber + " recall failed :" + trn.GetLastErrorMessage());
		}
		else
		{
			Log.Info(msnEx + " invoice " + invoiceNumber + " recall ok");
		}
	}
	else
	{
		Log.Warn(msnEx + " invoice " + invoiceNumber + " already in accounting (status = " + invoiceStatus + ")");
	}
}

function queryFilter(ruids)
{
	var filter = "|";
	var ruidexList = ruids.split("|");
	for (var i = 0; i &lt; ruidexList.length; i++)
	{
		filter += "(Ruidex=" + ruidexList[i] + ")";
	}
	return filter;
}

function run()
{
	var ruidexList = Variable.GetValueAsString("AncestorsRuid");
	if (ruidexList)
	{
		var query = Process.CreateQueryAsProcessAdmin();
		query.SetSpecificTable("CDNAME#Vendor invoice");
		// Must select all these attributes to be able to call custom action recalltoap
		query.AddAttribute("OwnerId");
		query.AddAttribute("OwnerPb");
		query.AddAttribute("MainAccountId");
		query.AddAttribute("ProcessId");
		query.AddAttribute("MsnEx");
		query.AddAttribute("RuidEx");
		query.AddAttribute("State");
		query.AddAttribute("Subject");
		query.AddAttribute("ValidatorOwnerID");
		query.AddAttribute("InvoiceNumber__");
		query.AddAttribute("InvoiceStatus__");
		query.SetOptionEx("FastSearch=1");
		query.SetFilter(queryFilter(ruidexList));
		if (query.MoveFirst())
		{
			var trn = query.MoveNext();
			while (trn)
			{
				recallInvoice(trn);
				trn = query.MoveNext();
			}
		}
	}
}
run();</FinalizationScript>
      <ValidationScriptAllowRetry>
      </ValidationScriptAllowRetry>
      <ValidationScript>
      </ValidationScript>
      <AllowTagCoverPages>true</AllowTagCoverPages>
      <AllowTagNewDocuments>true</AllowTagNewDocuments>
      <AllowTagAttachments>true</AllowTagAttachments>
      <ExtractionScriptAllowRetry>
      </ExtractionScriptAllowRetry>
      <ExtractionScript>
      </ExtractionScript>
      <AllowRemovePages>true</AllowRemovePages>
      <AllowSwapPages>true</AllowSwapPages>
      <PostProcessingScriptAllowRetry>
      </PostProcessingScriptAllowRetry>
      <PostProcessingScript>
      </PostProcessingScript>
    </gdr>
    <lg>
      <process_de>{
	"_Enter your comment...": "Internen Kommentar eingeben...",
	"_InvoicesToRecallCountLabel": "Sie haben {0} Rechnung(en) ausgewählt.",
	"_NoInvoicesToRecallCountLabel": "Keine Rechnung ausgewählt",
	"_RecallInvoices": "Zurückrufen",
	"_RecallToAPComment": "Kommentar",
	"_RecallToAPPane": "Rechnungen",
	"_SubTitleRecallToAP": "Überprüfen Sie Ihre Auswahl und geben Sie bei Bedarf zusätzliche Informationen im Kommentarfeld ein. ",
	"_TitleRecallToAP": "Rechnungsrückruf",
	"Recall to AP": "Rechnungsrückruf"
}</process_de>
      <process_JA>{
	"_Enter your comment...": "内部コメントを入力...",
	"_InvoicesToRecallCountLabel": "{0} 件の請求書を選択しました。",
	"_NoInvoicesToRecallCountLabel": "請求書が選択されていません",
	"_RecallInvoices": "差し戻し",
	"_RecallToAPComment": "コメント",
	"_RecallToAPPane": "請求書",
	"_SubTitleRecallToAP": "選択を確認して、情報の追加は下のコメントフィールドを使用してください。",
	"_TitleRecallToAP": "請求書の差し戻し",
	"Recall to AP": "請求書の差し戻し"
}</process_JA>
      <process_en>{
	"_Enter your comment...": "Enter an internal comment...",
	"_InvoicesToRecallCountLabel": "You have selected {0} invoice(s).",
	"_NoInvoicesToRecallCountLabel": "No invoice selected",
	"_RecallInvoices": "Recall",
	"_RecallToAPComment": "Comment",
	"_RecallToAPPane": "Invoices",
	"_SubTitleRecallToAP": "Check your selection and use the comment field below to add any additional information.",
	"_TitleRecallToAP": "Recall Invoices",
	"Recall to AP": "Recall Invoices"
}</process_en>
      <process_es>{
	"_Enter your comment...": "Escribir un comentario interno...",
	"_InvoicesToRecallCountLabel": "Ha seleccionado {0} factura(s).",
	"_NoInvoicesToRecallCountLabel": "Ninguna factura seleccionada",
	"_RecallInvoices": "Recuperar",
	"_RecallToAPComment": "Comentario",
	"_RecallToAPPane": "Facturas",
	"_SubTitleRecallToAP": "Compruebe su selección y utilice el campo de comentarios para añadir información adicional.",
	"_TitleRecallToAP": "Recuperación de facturas",
	"Recall to AP": "Recuperación de facturas"
}</process_es>
      <process_fr>{
	"_Enter your comment...": "Saisir un commentaire interne...",
	"_InvoicesToRecallCountLabel": "Vous avez sélectionné {0} facture(s).",
	"_NoInvoicesToRecallCountLabel": "Aucune facture sélectionnée",
	"_RecallInvoices": "Rappeler",
	"_RecallToAPComment": "Commentaire",
	"_RecallToAPPane": "Factures",
	"_SubTitleRecallToAP": "Vérifiez votre sélection et utilisez le champ de commentaire pour ajouter d'éventuels compléments d'information.",
	"_TitleRecallToAP": "Rappel de factures",
	"Recall to AP": "Rappel de factures"
}</process_fr>
      <process_nl-NL>{
	"_Enter your comment...": "Voer een interne opmerking in...",
	"_InvoicesToRecallCountLabel": "U hebt {0} factuur/facturen geselecteerd.",
	"_NoInvoicesToRecallCountLabel": "Geen factuur geselecteerd",
	"_RecallInvoices": "Terugroeping",
	"_RecallToAPComment": "Opmerking",
	"_RecallToAPPane": "Facturen",
	"_SubTitleRecallToAP": "Controleer uw selectie en gebruik het onderstaande veld voor opmerkingen om eventuele aanvullende informatie toe te voegen.",
	"_TitleRecallToAP": "Facturen terugroepen",
	"Recall to AP": "Facturen terugroepen"
}</process_nl-NL>
      <process_it>{
	"_Enter your comment...": "Immetti un commento interno...",
	"_InvoicesToRecallCountLabel": "La selezione include {0} fatture.",
	"_NoInvoicesToRecallCountLabel": "Nessuna fattura selezionata",
	"_RecallInvoices": "Richiama",
	"_RecallToAPComment": "Commento",
	"_RecallToAPPane": "Fatture",
	"_SubTitleRecallToAP": "Controllare la selezione e aggiungere eventuali informazioni complementari nel campo commento.",
	"_TitleRecallToAP": "Richiamo fatture",
	"Recall to AP": "Richiamo fatture"
}</process_it>
      <process_zh-CN>{
	"_Enter your comment...": "请输入内部用备注...",
	"_InvoicesToRecallCountLabel": "您已选择了 {0} 发票。",
	"_NoInvoicesToRecallCountLabel": "未选择发票",
	"_RecallInvoices": "撤消",
	"_RecallToAPComment": "说明",
	"_RecallToAPPane": "发票",
	"_SubTitleRecallToAP": "请检查您的选择。如有需要，可以使用下面的留言区添加额外信息。",
	"_TitleRecallToAP": "撤回账单发票",
	"Recall to AP": "撤回账单发票"
}</process_zh-CN>
      <process_pt-BR>{
	"_Enter your comment...": "Digite um comentário interno...",
	"_InvoicesToRecallCountLabel": "Você selecionou {0} fatura(s).",
	"_NoInvoicesToRecallCountLabel": "Nenhuma fatura selecionada",
	"_RecallInvoices": "Recordar",
	"_RecallToAPComment": "Comentário",
	"_RecallToAPPane": "Faturas",
	"_SubTitleRecallToAP": "Verifique sua seleção e use o campo de comentário abaixo para adicionar qualquer informação suplementar.",
	"_TitleRecallToAP": "Recuperar faturas",
	"Recall to AP": "Recuperar faturas"
}</process_pt-BR>
    </lg>
    <ocr>
      <trade-off>accurate</trade-off>
      <image-binarization>no</image-binarization>
      <image-draft-fax>no</image-draft-fax>
      <image-despeckle>no</image-despeckle>
      <allowed-language>0</allowed-language>
      <image-resolution-enhancement>auto</image-resolution-enhancement>
      <pdf-processing>no-ocr</pdf-processing>
      <ocr_engine>Nuance190</ocr_engine>
      <ocrpagestoprocess>0</ocrpagestoprocess>
      <extractionAdditionalOptions>
      </extractionAdditionalOptions>
    </ocr>
    <process>
      <flowtype>processing</flowtype>
      <ocrpreset>scan</ocrpreset>
      <homepagelabel>Recall to AP</homepagelabel>
      <enableflexibleauditing>
      </enableflexibleauditing>
      <enableflexibleediting>
      </enableflexibleediting>
      <enableflexibleteaching>
      </enableflexibleteaching>
      <disableocr>
      </disableocr>
      <instanciable>1</instanciable>
      <disableautolearning>
      </disableautolearning>
      <backgroundprocessingthreshold>
      </backgroundprocessingthreshold>
      <EnablePreviewPrecomputation>
      </EnablePreviewPrecomputation>
      <enablerounddecimal>true</enablerounddecimal>
      <pdfNormalizeFilter>
      </pdfNormalizeFilter>
      <archiveDuration>0</archiveDuration>
      <ocrpagestoprocess>0</ocrpagestoprocess>
      <ScriptEngineType>2</ScriptEngineType>
      <UseActionNameWithScriptApproval>true</UseActionNameWithScriptApproval>
      <displayWidth>1024</displayWidth>
      <AllowUploadAttachment>1</AllowUploadAttachment>
      <AllowUploadReferenceDocument>1</AllowUploadReferenceDocument>
      <UseCultureFormat>true</UseCultureFormat>
      <AllowRetryExtractCD>true</AllowRetryExtractCD>
      <TransportName>CustomData</TransportName>
      <LayoutVersion>1.0</LayoutVersion>
      <printToProcess>
      </printToProcess>
    </process>
    <ui>
      <CustomScriptDebug>false</CustomScriptDebug>
      <CustomScriptReadonly>true</CustomScriptReadonly>
      <CustomScript>// RUN PART
var tabName = "_My documents-AP_SAP";
var discountViewName = "_AP_SAP_View_Vendor invoice - embedded";
var paymentFeeViewName = "_AP_SAP_View_Vendor invoice payment fee - embedded";
var paymentFeeFromViewName = "_AP_SAP_View_Invoices overdue";
var processName = "Vendor Invoice";

function getInvoicesFilter(ruids)
{
	if (!ruids)
	{
		return {
			msnex: ["0"]
		};
	}
	var msnexlist = ruids.split("|");
	for (var i = 0; i &lt; msnexlist.length; i++)
	{
		msnexlist[i] = msnexlist[i].split(".")[1];
	}
	return {
		"msnex": msnexlist
	};
}

function run()
{
	var ancestorRuids = Variable.GetValueAsString("AncestorsRuid");
	var fromView = Variable.GetValueAsString("FromView");
	var view = fromView === paymentFeeFromViewName ? paymentFeeViewName : discountViewName;
	if (ancestorRuids)
	{
		var ancestors = ancestorRuids.split("|");
		Controls.InvoicesToRecallCount__.SetText("_InvoicesToRecallCountLabel", ancestors.length);
		Controls.InvoicesView__.SetView(tabName, view, processName);
		Controls.InvoicesView__.SetFilterParameters(getInvoicesFilter(ancestorRuids));
		Controls.InvoicesView__.CheckProfileTab(false);
		Controls.InvoicesView__.Apply();
	}
	else
	{
		Controls.InvoicesToRecallCount__.SetText("_NoInvoicesToRecallCountLabel");
	}
	if (ProcessInstance.isReadOnly)
	{
		Controls.RecallToAPComment__.Hide(true);
	}
	else
	{
		Controls.RecallToAPComment__.SetPlaceholder(Language.Translate("_Enter your comment..."));
	}
}
run();</CustomScript>
      <layout>{
	"*": {
		"GDRData": {
			"type": "GDRData",
			"options": {
				"version": 0
			},
			"stamp": 1,
			"data": []
		},
		"OCRParams": {
			"type": "OCRParams",
			"options": {
				"version": 0
			},
			"stamp": 2,
			"data": []
		},
		"Screen": {
			"type": "FlexibleFormLayout",
			"options": {
				"splitterType": "complex",
				"version": 0,
				"maxwidth": 1024
			},
			"*": {
				"form-header": {
					"type": "FlexibleFormHeader",
					"options": {
						"version": 0,
						"maxwidth": 1024
					},
					"stamp": 3,
					"data": []
				},
				"form-center": {
					"type": "FlexibleFormCenter",
					"options": {
						"version": 0,
						"maxwidth": 1024
					},
					"*": {
						"form-content": {
							"type": "FlexibleFormContent",
							"options": {
								"version": 0
							},
							"*": {
								"form-content-top": {
									"type": "FlexibleFormSplitter",
									"options": {
										"autosize": true,
										"version": 1,
										"box": {
											"top": "0%",
											"left": "0%",
											"height": "25%"
										},
										"hidden": true
									},
									"*": {
										"form-content-top-1": {
											"type": "FlexibleFormLine",
											"options": {
												"version": 0
											},
											"*": {
												"DocumentsPanel": {
													"type": "PanelDocument",
													"options": {
														"version": 0,
														"border": {},
														"labelLength": 0,
														"iconURL": "",
														"TitleFontSize": "S",
														"hideActionButtons": false,
														"hideTitleBar": false,
														"hideTitle": false,
														"label": "_Documents"
													},
													"*": {
														"Document": {
															"data": [
																"documentscontroldata"
															],
															"type": "Documents",
															"options": {
																"version": 0
															},
															"stamp": 4
														}
													},
													"stamp": 5,
													"data": []
												}
											},
											"stamp": 6,
											"data": []
										}
									},
									"stamp": 7,
									"data": []
								},
								"form-content-bottom": {
									"type": "FlexibleFormSplitter",
									"options": {
										"version": 1,
										"box": {
											"top": "0%",
											"left": "0%",
											"width": null,
											"height": "100%"
										},
										"hidden": false,
										"hideSeparator": true
									},
									"*": {
										"form-content-left": {
											"type": "FlexibleFormSplitter",
											"options": {
												"version": 1,
												"box": {
													"top": "0%",
													"left": "0%",
													"width": "100%",
													"height": null
												},
												"hidden": false
											},
											"*": {
												"form-content-left-1": {
													"type": "FlexibleFormLine",
													"options": {
														"version": 0
													},
													"*": {
														"DataPanel": {
															"type": "PanelData",
															"options": {
																"border": {},
																"version": 0,
																"labelLength": 0,
																"iconURL": "",
																"TitleFontSize": "S",
																"hideActionButtons": false,
																"hideTitleBar": false,
																"hideTitle": false,
																"backgroundcolor": "default",
																"labelsAlignment": "right",
																"label": "_Document data",
																"hidden": true
															},
															"*": {
																"FieldsManager": {
																	"type": "FieldsManager",
																	"options": {
																		"controlsAssociation": {},
																		"version": 0
																	},
																	"*": {
																		"Grid": {
																			"type": "GridLayout",
																			"options": {
																				"lines": 0,
																				"columns": 2,
																				"version": 0,
																				"ctrlsPos": {},
																				"colspans": []
																			},
																			"data": [
																				"fields"
																			],
																			"*": {},
																			"stamp": 8
																		}
																	},
																	"stamp": 9,
																	"data": []
																}
															},
															"stamp": 10,
															"data": []
														}
													},
													"stamp": 11,
													"data": []
												},
												"form-content-left-2": {
													"type": "FlexibleFormLine",
													"options": {
														"version": 0
													},
													"*": {
														"SystemData": {
															"type": "PanelSystemData",
															"options": {
																"multicolumn": false,
																"version": 0,
																"border": {},
																"labelLength": 0,
																"iconURL": "",
																"TitleFontSize": "S",
																"hideActionButtons": false,
																"hideTitleBar": false,
																"hideTitle": false,
																"label": "_System data",
																"hidden": true
															},
															"stamp": 12,
															"data": []
														}
													},
													"stamp": 13,
													"data": []
												},
												"form-content-left-3": {
													"type": "FlexibleFormLine",
													"options": {
														"version": 0
													},
													"*": {
														"NextProcess": {
															"type": "PanelNextProcess",
															"options": {
																"hidden": true,
																"version": 0,
																"border": {},
																"labelLength": 0,
																"iconURL": "",
																"TitleFontSize": "S",
																"hideActionButtons": false,
																"hideTitleBar": false,
																"hideTitle": false,
																"label": "_Next Process"
															},
															"stamp": 14,
															"data": []
														}
													},
													"stamp": 15,
													"data": []
												},
												"form-content-left-7": {
													"type": "FlexibleFormLine",
													"data": [],
													"options": {},
													"stamp": 16,
													"*": {
														"TitlePane": {
															"type": "PanelData",
															"data": [],
															"options": {
																"border": {},
																"labelLength": 0,
																"iconURL": "",
																"TitleFontSize": "S",
																"hideActionButtons": true,
																"hideTitleBar": true,
																"hideTitle": true,
																"backgroundcolor": "default",
																"labelsAlignment": "right",
																"label": " ",
																"leftImageURL": "",
																"removeMargins": false
															},
															"stamp": 17,
															"*": {
																"FieldsManager": {
																	"type": "FieldsManager",
																	"data": [],
																	"options": {
																		"controlsAssociation": {}
																	},
																	"stamp": 18,
																	"*": {
																		"Grid": {
																			"type": "GridLayout",
																			"data": [
																				"fields"
																			],
																			"options": {
																				"ctrlsPos": {
																					"TitleRecallToAP__": {
																						"line": 1,
																						"column": 1
																					},
																					"SubTitleRecallToAP__": {
																						"line": 2,
																						"column": 1
																					}
																				},
																				"lines": 2,
																				"columns": 2,
																				"colspans": [
																					[
																						{
																							"index": 0,
																							"length": 2
																						}
																					],
																					[
																						{
																							"index": 0,
																							"length": 2
																						}
																					]
																				]
																			},
																			"stamp": 19,
																			"*": {
																				"TitleRecallToAP__": {
																					"type": "Text",
																					"data": false,
																					"options": {
																						"marge": 0,
																						"textSize": "XXL",
																						"textAlignment": "center",
																						"textStyle": "default",
																						"textColor": "default",
																						"backgroundcolor": "default",
																						"label": "_TitleRecallToAP"
																					},
																					"stamp": 20
																				},
																				"SubTitleRecallToAP__": {
																					"type": "Text",
																					"data": false,
																					"options": {
																						"marge": 0,
																						"textSize": "M",
																						"textAlignment": "center",
																						"textStyle": "default",
																						"textColor": "default",
																						"backgroundcolor": "default",
																						"label": "_SubTitleRecallToAP"
																					},
																					"stamp": 21
																				}
																			}
																		}
																	}
																}
															}
														}
													}
												},
												"form-content-left-4": {
													"type": "FlexibleFormLine",
													"data": [],
													"options": {
														"version": 0
													},
													"stamp": 22,
													"*": {
														"RecallToAPPane": {
															"type": "PanelData",
															"data": [],
															"options": {
																"border": {},
																"labelLength": "400",
																"iconURL": "AP_WorkflowBacktoAP.png",
																"TitleFontSize": "S",
																"hideActionButtons": true,
																"hideTitleBar": false,
																"hideTitle": false,
																"backgroundcolor": "default",
																"labelsAlignment": "right",
																"label": "_RecallToAPPane",
																"leftImageURL": "",
																"removeMargins": false,
																"version": 0
															},
															"stamp": 23,
															"*": {
																"FieldsManager": {
																	"type": "FieldsManager",
																	"data": [],
																	"options": {
																		"controlsAssociation": {},
																		"version": 0
																	},
																	"stamp": 24,
																	"*": {
																		"Grid": {
																			"type": "GridLayout",
																			"data": [
																				"fields"
																			],
																			"options": {
																				"ctrlsPos": {
																					"InvoicesToRecallCount__": {
																						"line": 1,
																						"column": 1
																					},
																					"InvoicesView__": {
																						"line": 2,
																						"column": 1
																					},
																					"Spacer_line__": {
																						"line": 3,
																						"column": 1
																					},
																					"Spacer_line2__": {
																						"line": 4,
																						"column": 1
																					},
																					"RecallToAPComment__": {
																						"line": 5,
																						"column": 1
																					}
																				},
																				"lines": 5,
																				"columns": 2,
																				"colspans": [
																					[
																						{
																							"index": 0,
																							"length": 2
																						}
																					],
																					[
																						{
																							"index": 0,
																							"length": 2
																						}
																					],
																					[
																						{
																							"index": 0,
																							"length": 2
																						}
																					],
																					[
																						{
																							"index": 0,
																							"length": 2
																						}
																					],
																					[
																						{
																							"index": 0,
																							"length": 2
																						}
																					]
																				],
																				"version": 0
																			},
																			"stamp": 25,
																			"*": {
																				"InvoicesToRecallCount__": {
																					"type": "Text",
																					"data": false,
																					"options": {
																						"marge": 0,
																						"textSize": "S",
																						"textAlignment": "center",
																						"textStyle": "bold",
																						"textColor": "default",
																						"backgroundcolor": "default",
																						"label": "_NoInvoicesToRecallCountLabel"
																					},
																					"stamp": 26
																				},
																				"InvoicesView__": {
																					"type": "AdminList",
																					"data": false,
																					"options": {
																						"width": "100%",
																						"restrictToCurrentJobId": false,
																						"showActions": false,
																						"label": "Invoices to pay",
																						"version": 0
																					},
																					"stamp": 27
																				},
																				"Spacer_line__": {
																					"type": "Spacer",
																					"data": false,
																					"options": {
																						"height": "",
																						"width": "",
																						"color": "default",
																						"label": "Spacer line"
																					},
																					"stamp": 28
																				},
																				"Spacer_line2__": {
																					"type": "Spacer",
																					"data": false,
																					"options": {
																						"height": "",
																						"width": "",
																						"color": "default",
																						"label": "Spacer line2"
																					},
																					"stamp": 29
																				},
																				"RecallToAPComment__": {
																					"type": "LongText",
																					"data": [
																						"RecallToAPComment__"
																					],
																					"options": {
																						"textSize": "S",
																						"textAlignment": "left",
																						"textStyle": "default",
																						"textColor": "default",
																						"label": "_recallToAPReason",
																						"activable": true,
																						"width": "100%",
																						"helpText": "",
																						"helpURL": "",
																						"helpFormat": "HTML Format",
																						"browsable": false,
																						"version": 0
																					},
																					"stamp": 30
																				}
																			}
																		}
																	}
																}
															}
														}
													}
												}
											},
											"stamp": 31,
											"data": []
										},
										"form-content-right": {
											"type": "FlexibleFormSplitter",
											"options": {
												"version": 1,
												"box": {
													"top": 0,
													"left": 45,
													"width": 55,
													"height": 100
												},
												"hidden": true,
												"hideSeparator": true
											},
											"*": {
												"form-content-right-1": {
													"type": "FlexibleFormLine",
													"options": {
														"version": 0
													},
													"*": {
														"PreviewPanel": {
															"type": "PanelPreview",
															"options": {
																"border": {},
																"version": 0,
																"labelLength": 0,
																"iconURL": "",
																"TitleFontSize": "S",
																"hideActionButtons": false,
																"hideTitleBar": false,
																"hideTitle": false,
																"label": "_Document Preview"
															},
															"*": {
																"Preview": {
																	"data": [
																		"previewdata"
																	],
																	"type": "Preview",
																	"options": {
																		"version": 0
																	},
																	"stamp": 32
																}
															},
															"stamp": 33,
															"data": []
														}
													},
													"stamp": 34,
													"data": []
												}
											},
											"stamp": 35,
											"data": []
										}
									},
									"stamp": 36,
									"data": []
								}
							},
							"stamp": 37,
							"data": []
						}
					},
					"stamp": 38,
					"data": []
				},
				"form-footer": {
					"type": "FlexibleFormFooter",
					"options": {
						"splitterType": "simple-h",
						"version": 0,
						"maxwidth": 1024
					},
					"*": {
						"RecallInvoices": {
							"type": "SubmitButton",
							"options": {
								"label": "_RecallInvoices",
								"action": "approve",
								"submit": true,
								"version": 0,
								"textPosition": "text-right",
								"textSize": "MS",
								"textColor": "default",
								"nextprocess": {
									"processName": "",
									"attachmentsMode": "all",
									"willBeChild": true
								},
								"url": ""
							},
							"stamp": 39,
							"data": []
						},
						"Close": {
							"type": "SubmitButton",
							"options": {
								"label": "_Close",
								"action": "cancel",
								"submit": true,
								"version": 0
							},
							"stamp": 40,
							"data": []
						}
					},
					"stamp": 41,
					"data": []
				}
			},
			"stamp": 42,
			"data": []
		}
	},
	"stamps": 42,
	"data": []
}</layout>
    </ui>
  </properties>
  <field deleted="0" format="" guid="LFDXF8747" id="UQY552000SG7" label="_RecallToAPComment" length="65535" name="RecallToAPComment__" originalProcessID="PHQGF8D18" precision="0" processid="TQY552000SG7" submitable="1" type="STR">
    <properties>
      <db>
        <fullname>/job/processfields/UQY552000SG7</fullname>
        <defaultvalue>
        </defaultvalue>
        <RecordLastWrite>2017-01-04 15:27:39</RecordLastWrite>
      </db>
      <extrainfo>
        <ProcessFieldVersion vartype="INT">1</ProcessFieldVersion>
      </extrainfo>
      <field>
        <isLongText>true</isLongText>
      </field>
      <gdr>
        <DisableAutolearn>1</DisableAutolearn>
      </gdr>
      <help>
        <helpData>{"helpText":"","helpURL":"","helpFormat":"HTML Format"}</helpData>
      </help>
      <ui>
        <_type>String</_type>
        <automatic>true</automatic>
      </ui>
    </properties>
  </field>
  <type id="RJRH13130EF" name="CD">
  </type>
</process>