﻿<?xml version="1.0" encoding="UTF-8" standalone="no"?>
<process accountid="20063076" allowrepairprocess="0" builtin="0" builtinversion="0" carriesapplicationversion="0" creationdatetime="2022-10-25 17:06:05" deleted="0" eskerapplication="" global="0" id="EYY552000SG7" keepcustomization="0" keepfieldsonly="0" keepfieldsproperties="0" keepnewcontroloptions="0" migrationversion="4" name="Flip PO" needvalidation="0" ootofilter="" ootoversion="1" originalProcessID="YBFU00000IYP" ownerid="cn=admin_p2p@paragon-cc.fr,ou=DEV,ou=TrainingP2P,ou=DEMO_JULIEN,ou=05284299,ou=ESK,s=eoo" ownerpb="OnDemand AddressBook" public="1" pushnotification="0" reuseengine="0" sprintversion="5.261.0" transportname="CustomData" upgradable="1" userid="0" version="1" visibility="1">
  <properties>
    <gdr>
      <FinalizationScriptAllowRetry>
      </FinalizationScriptAllowRetry>
      <finalizationscriptIncludedScripts>Sys/Sys_Helpers_CSVReader</finalizationscriptIncludedScripts>
      <finalizationscriptIncludedScripts>Lib_AP_VendorPortal_V12.0.461.0</finalizationscriptIncludedScripts>
      <finalizationscriptIncludedScripts>Lib_AP_Mapping_UBL_V12.0.461.0</finalizationscriptIncludedScripts>
      <finalizationscriptIncludedScripts>Lib_Parameters_P2P_V12.0.461.0</finalizationscriptIncludedScripts>
      <finalizationscriptIncludedScripts>[Lib_Custom_Parameters]</finalizationscriptIncludedScripts>
      <finalizationscriptIncludedScripts>[Lib_P2P_Custom_Parameters]</finalizationscriptIncludedScripts>
      <FinalizationScript>///#GLOBALS Lib Sys
var options = {
	maxElementsPerRecall: 500
};
Process.SetTimeOut(3600);
var NOT_FINISHED = 0;
var FINISHED = 1;
/**
 * Create the CIData and the CI instance with the CIData attached to the instance
 *
 * @param {string} companyCode
 * @param {string} vendorNumber
 * @param {string} orderNumber
 * @param {additionnalData} structure which contains additionnal data
 */
function createCIInstance(order, interactive)
{
	var ciData = Lib.AP.VendorPortal.createCIDataFromPO(order.companyCode, order.vendorNumber, order.orderNumber, order.additionnalData);
	Log.Info("Got CIData: " + JSON.stringify(ciData));
	if (ciData)
	{
		Lib.AP.VendorPortal.CreateCIFromCIData(ciData, interactive);
	}
	else
	{
		Log.Warn("Cannot find the PO " + order.orderNumber);
	}
}

function generateCIsFromCSV()
{
	var csvHelper = getCSVReader();
	var poList = [];
	var lineCount = 0;
	var line = csvHelper.GetNextLine();
	while (line !== null)
	{
		lineCount++;
		var lineArray = csvHelper.GetCurrentLineArray();
		if (!isPOAlreadyHandle(lineArray, poList))
		{
			if (!Lib.AP.VendorPortal.GetOrCreateVendor(
				{
					CompanyCode__: lineArray[0],
					VendorNumber__: lineArray[1]
				}))
			{
				Log.Error("Unable to create the vendor login", lineArray[1], "for the PO", lineArray[2]);
				line = csvHelper.GetNextLine();
				continue;
			}
			createCIInstance(
			{
				companyCode: lineArray[0],
				vendorNumber: lineArray[1],
				orderNumber: lineArray[2]
			}, false);
			if (lineCount &gt;= options.maxElementsPerRecall)
			{
				csvHelper.SerializeCurrentState();
				return NOT_FINISHED;
			}
		}
		line = csvHelper.GetNextLine();
	}
	return FINISHED;
}
/**
 * Reload the current CSVReader from the Variables or create a new one if none exists
 */
function getCSVReader()
{
	var csvHelper;
	if (!Variable.GetValueAsString(Sys.Helpers.CSVReader.GetSerializeIdentifier()))
	{
		csvHelper = Sys.Helpers.CSVReader.CreateInstance(0, "V2");
		csvHelper.ReturnSeparator = "\n";
		// read first line (Header line) and guess the separator
		csvHelper.GuessSeparator();
	}
	else
	{
		csvHelper = Sys.Helpers.CSVReader.ReloadInstance("V2");
	}
	return csvHelper;
}
/**
 * Check is a PO was already read from the CSV to avoid duplicate generation of invoice
 * for the same PO number
 * @param {string[]} lineArray The CSV line array to check
 * @param {string[]} postList The list of PO already processed
 * @return {boolean} True if the PO was already processed, false if not
 */
function isPOAlreadyHandle(lineArray, poList)
{
	var poLine = lineArray.map(function (s)
	{
		return s.trim();
	}).join("-");
	if (poList.indexOf(poLine) &gt; -1)
	{
		Log.Warn("PO ".concat(lineArray[2], " found twice in the CSV, skipping"));
		return true;
	}
	poList.push(poLine);
	return false;
}

function generateCIFromExternalVariable()
{
	// If no CSV is provided, check JSON serialize in external variable
	var jsonOrder = Variable.GetValueAsString(Lib.AP.VendorPortal.FlipPO.VariableOrderToConvert);
	if (jsonOrder)
	{
		try
		{
			createCIInstance(JSON.parse(jsonOrder), true);
		}
		catch (_a)
		{
			Log.Warn("Unable to extract the order information from OrderToConvert variable: ".concat(jsonOrder));
		}
	}
}

function main()
{
	if (Attach.GetNbAttach() &gt; 0)
	{
		if (generateCIsFromCSV() === NOT_FINISHED)
		{
			Process.RecallScript("flip_po_in_progress", true);
		}
	}
	else
	{
		generateCIFromExternalVariable();
	}
}
main();</FinalizationScript>
      <AllowTagCoverPages>true</AllowTagCoverPages>
      <AllowTagNewDocuments>true</AllowTagNewDocuments>
      <AllowTagAttachments>true</AllowTagAttachments>
      <AllowRemovePages>true</AllowRemovePages>
      <AllowSwapPages>true</AllowSwapPages>
    </gdr>
    <lg>
      <process_DE>{
	"Flip PO": "Bestellumwandlung in Rechnung"
}</process_DE>
      <process_JA>{
	"Flip PO": "注文を請求書に変換"
}</process_JA>
      <process_en>{
	"Flip PO": "Convert Order to Invoice"
}</process_en>
      <process_ES>{
	"Flip PO": "Conversión de pedido en factura"
}</process_ES>
      <process_FR>{
	"Flip PO": "Conversion de commande en facture"
}</process_FR>
      <process_nl-NL>{
	"Flip PO": "Bestelling omvormen tot factuur"
}</process_nl-NL>
      <process_IT>{
	"Flip PO": "Conversione ordine in fattura"
}</process_IT>
      <process_ZH-CN>{
	"Flip PO": "从订单生成账单"
}</process_ZH-CN>
      <process_pt-BR>{
	"Flip PO": "Converter pedido em fatura"
}</process_pt-BR>
    </lg>
    <ocr>
      <trade-off>accurate</trade-off>
      <image-binarization>no</image-binarization>
      <image-draft-fax>no</image-draft-fax>
      <image-despeckle>no</image-despeckle>
      <allowed-language>0</allowed-language>
      <image-resolution-enhancement>auto</image-resolution-enhancement>
      <pdf-processing>no-ocr</pdf-processing>
      <ocr_engine>Nuance190</ocr_engine>
      <ocrpagestoprocess>0</ocrpagestoprocess>
      <extractionAdditionalOptions>
      </extractionAdditionalOptions>
    </ocr>
    <process>
      <flowtype>processing</flowtype>
      <ocrpreset>scan</ocrpreset>
      <homepagelabel>Flip PO</homepagelabel>
      <enableflexibleauditing>
      </enableflexibleauditing>
      <enableflexibleediting>
      </enableflexibleediting>
      <enableflexibleteaching>
      </enableflexibleteaching>
      <disableocr>
      </disableocr>
      <instanciable>1</instanciable>
      <disableautolearning>true</disableautolearning>
      <backgroundprocessingthreshold>
      </backgroundprocessingthreshold>
      <EnablePreviewPrecomputation>
      </EnablePreviewPrecomputation>
      <enablerounddecimal>true</enablerounddecimal>
      <pdfNormalizeFilter>
      </pdfNormalizeFilter>
      <archiveDuration>0</archiveDuration>
      <OverrideAllowedDocumentExtensions>CSV</OverrideAllowedDocumentExtensions>
      <ownhomepage>
      </ownhomepage>
      <ocrpagestoprocess>0</ocrpagestoprocess>
      <ScriptEngineType>2</ScriptEngineType>
      <ScriptEngineType>2</ScriptEngineType>
      <UseActionNameWithScriptApproval>true</UseActionNameWithScriptApproval>
      <displayWidth>1024</displayWidth>
      <AllowUploadAttachment>1</AllowUploadAttachment>
      <AllowUploadReferenceDocument>1</AllowUploadReferenceDocument>
      <UseCultureFormat>true</UseCultureFormat>
      <AllowRetryExtractCD>true</AllowRetryExtractCD>
      <TransportName>CustomData</TransportName>
      <LayoutVersion>1.0</LayoutVersion>
      <printToProcess>
      </printToProcess>
    </process>
    <ui>
      <layout>{
	"*": {
		"GDRData": {
			"type": "GDRData",
			"options": {
				"version": 0
			},
			"stamp": 1,
			"data": []
		},
		"OCRParams": {
			"type": "OCRParams",
			"options": {
				"version": 0
			},
			"stamp": 2,
			"data": []
		},
		"Screen": {
			"type": "FlexibleFormLayout",
			"options": {
				"splitterType": "complex",
				"version": 0,
				"maxwidth": 1024
			},
			"*": {
				"form-header": {
					"type": "FlexibleFormHeader",
					"options": {
						"version": 0,
						"maxwidth": 1024
					},
					"stamp": 4,
					"data": []
				},
				"form-center": {
					"type": "FlexibleFormCenter",
					"options": {
						"version": 0,
						"maxwidth": 1024
					},
					"*": {
						"form-content": {
							"type": "FlexibleFormContent",
							"options": {
								"version": 0
							},
							"*": {
								"form-content-top": {
									"type": "FlexibleFormSplitter",
									"options": {
										"autosize": true,
										"version": 1,
										"box": {
											"top": 0,
											"left": 0,
											"width": 100,
											"height": 17
										},
										"hidden": false
									},
									"*": {
										"form-content-top-1": {
											"type": "FlexibleFormLine",
											"options": {
												"version": 0
											},
											"*": {
												"DocumentsPanel": {
													"type": "PanelDocument",
													"options": {
														"version": 0,
														"border": {},
														"labelLength": 0,
														"iconURL": "",
														"TitleFontSize": "S",
														"hideActionButtons": false,
														"hideTitleBar": false,
														"hideTitle": false,
														"label": "_Documents"
													},
													"*": {
														"Document": {
															"data": [
																"documentscontroldata"
															],
															"type": "Documents",
															"options": {
																"version": 0
															},
															"stamp": 10
														}
													},
													"stamp": 9,
													"data": []
												}
											},
											"stamp": 8,
											"data": []
										}
									},
									"stamp": 7,
									"data": []
								},
								"form-content-bottom": {
									"type": "FlexibleFormSplitter",
									"options": {
										"version": 1,
										"box": {
											"top": 17,
											"left": 0,
											"width": 100,
											"height": 83
										},
										"hidden": false
									},
									"*": {
										"form-content-left": {
											"type": "FlexibleFormSplitter",
											"options": {
												"version": 1,
												"box": {
													"top": 0,
													"left": 0,
													"width": 100,
													"height": 99
												},
												"hidden": false
											},
											"*": {
												"form-content-left-1": {
													"type": "FlexibleFormLine",
													"options": {
														"version": 0
													},
													"*": {
														"DataPanel": {
															"type": "PanelData",
															"options": {
																"border": {},
																"version": 0,
																"labelLength": 0,
																"iconURL": "",
																"TitleFontSize": "S",
																"hideActionButtons": false,
																"hideTitleBar": false,
																"hideTitle": false,
																"backgroundcolor": "default",
																"labelsAlignment": "right",
																"label": "_Document data"
															},
															"*": {
																"FieldsManager": {
																	"type": "FieldsManager",
																	"options": {
																		"controlsAssociation": {},
																		"version": 0
																	},
																	"*": {
																		"Grid": {
																			"type": "GridLayout",
																			"options": {
																				"lines": 0,
																				"columns": 2,
																				"version": 0,
																				"ctrlsPos": {},
																				"colspans": []
																			},
																			"data": [
																				"fields"
																			],
																			"*": {},
																			"stamp": 16
																		}
																	},
																	"stamp": 15,
																	"data": []
																}
															},
															"stamp": 14,
															"data": []
														}
													},
													"stamp": 13,
													"data": []
												},
												"form-content-left-2": {
													"type": "FlexibleFormLine",
													"options": {
														"version": 0
													},
													"*": {
														"SystemData": {
															"type": "PanelSystemData",
															"options": {
																"multicolumn": false,
																"version": 0,
																"border": {},
																"labelLength": 0,
																"iconURL": "",
																"TitleFontSize": "S",
																"hideActionButtons": false,
																"hideTitleBar": false,
																"hideTitle": false,
																"label": "_System data"
															},
															"stamp": 18,
															"data": []
														}
													},
													"stamp": 17,
													"data": []
												},
												"form-content-left-3": {
													"type": "FlexibleFormLine",
													"options": {
														"version": 0
													},
													"*": {
														"NextProcess": {
															"type": "PanelNextProcess",
															"options": {
																"hidden": true,
																"version": 0,
																"border": {},
																"labelLength": 0,
																"iconURL": "",
																"TitleFontSize": "S",
																"hideActionButtons": false,
																"hideTitleBar": false,
																"hideTitle": false,
																"label": "_Next Process"
															},
															"stamp": 20,
															"data": []
														}
													},
													"stamp": 19,
													"data": []
												}
											},
											"stamp": 12,
											"data": []
										},
										"form-content-right": {
											"type": "FlexibleFormSplitter",
											"options": {
												"version": 1,
												"box": {
													"top": 0,
													"left": 45,
													"width": 55,
													"height": 99
												},
												"hidden": true,
												"hideSeparator": true
											},
											"*": {
												"form-content-right-1": {
													"type": "FlexibleFormLine",
													"options": {
														"version": 0
													},
													"*": {
														"PreviewPanel": {
															"type": "PanelPreview",
															"options": {
																"border": {},
																"version": 0,
																"labelLength": 0,
																"iconURL": "",
																"TitleFontSize": "S",
																"hideActionButtons": false,
																"hideTitleBar": false,
																"hideTitle": false,
																"label": "_Document Preview"
															},
															"*": {
																"Preview": {
																	"data": [
																		"previewdata"
																	],
																	"type": "Preview",
																	"options": {
																		"version": 0
																	},
																	"stamp": 24
																}
															},
															"stamp": 23,
															"data": []
														}
													},
													"stamp": 22,
													"data": []
												}
											},
											"stamp": 21,
											"data": []
										}
									},
									"stamp": 11,
									"data": []
								}
							},
							"stamp": 6,
							"data": []
						}
					},
					"stamp": 5,
					"data": []
				},
				"form-footer": {
					"type": "FlexibleFormFooter",
					"options": {
						"splitterType": "simple-h",
						"version": 0,
						"maxwidth": 1024
					},
					"*": {
						"Save": {
							"type": "SubmitButton",
							"options": {
								"label": "_Save",
								"action": "save",
								"submit": true,
								"version": 0
							},
							"stamp": 26,
							"data": []
						},
						"Approve": {
							"type": "SubmitButton",
							"options": {
								"label": "_Approve",
								"action": "approve",
								"submit": true,
								"version": 0
							},
							"stamp": 27,
							"data": []
						},
						"Reject": {
							"type": "SubmitButton",
							"options": {
								"label": "_Reject",
								"action": "reject",
								"submit": true,
								"version": 0
							},
							"stamp": 28,
							"data": []
						},
						"Reprocess": {
							"type": "SubmitButton",
							"options": {
								"label": "_Reprocess",
								"action": "reprocess",
								"submit": true,
								"version": 0
							},
							"stamp": 29,
							"data": []
						},
						"Close": {
							"type": "SubmitButton",
							"options": {
								"label": "_Close",
								"action": "cancel",
								"submit": true,
								"version": 0
							},
							"stamp": 30,
							"data": []
						}
					},
					"stamp": 25,
					"data": []
				}
			},
			"stamp": 3,
			"data": []
		}
	},
	"stamps": 30,
	"data": []
}</layout>
    </ui>
  </properties>
  <type id="RJRH13130EF" name="CD">
  </type>
</process>