﻿<?xml version="1.0" encoding="UTF-8" standalone="no"?>
<process accountid="20063076" allowrepairprocess="0" builtin="0" builtinversion="0" carriesapplicationversion="0" creationdatetime="2022-10-25 17:04:54" deleted="0" eskerapplication="" global="0" id="NYW552000SG7" keepcustomization="0" keepfieldsonly="0" keepfieldsproperties="0" keepnewcontroloptions="0" migrationversion="4" name="P2P - Good issue - Headers__" needvalidation="0" ootofilter="" ootoversion="1" originalProcessID="N9JY00000IYP" ownerid="cn=admin_p2p@paragon-cc.fr,ou=DEV,ou=TrainingP2P,ou=DEMO_JULIEN,ou=05284299,ou=ESK,s=eoo" ownerpb="OnDemand AddressBook" public="1" pushnotification="0" reuseengine="0" sprintversion="5.261.0" transportname="CustomTable" upgradable="1" userid="0" version="1" visibility="0">
  <properties>
    <dbIndex>
      <AUTO_AOYW552000SG7A>&lt;Index&gt;&lt;Ref Name="AOYW552000SG7" Option="ASC"/&gt;&lt;/Index&gt;</AUTO_AOYW552000SG7A>
      <AUTO_AQYW552000SG7A>&lt;Index&gt;&lt;Ref Name="AQYW552000SG7" Option="ASC"/&gt;&lt;/Index&gt;</AUTO_AQYW552000SG7A>
      <AUTO_ARYW552000SG7A>&lt;Index&gt;&lt;Ref Name="ARYW552000SG7" Option="ASC"/&gt;&lt;/Index&gt;</AUTO_ARYW552000SG7A>
      <AUTO_ATYW552000SG7A>&lt;Index&gt;&lt;Ref Name="ATYW552000SG7" Option="ASC"/&gt;&lt;/Index&gt;</AUTO_ATYW552000SG7A>
    </dbIndex>
    <gdr>
    </gdr>
    <lg>
      <process_DE>{
	"_Company code": "Buchungskreis",
	"_Company code_report": "Buchungskreis",
	"_Document data": "Informationen zum Warenausgang",
	"_Good issue amount": "Warenausgangsbetrag",
	"_Good issue amount_report": "Warenausgangsbetrag",
	"_Good issue date": "Warenausgangsdatum",
	"_Good issue date_report": "Warenausgangsdatum",
	"_Good issue number": "Warenausgangsnummer",
	"_Good issue number_report": "Warenausgangsnr.",
	"_Settlement number": "Abrechnungsnummer",
	"_Settlement number_report": "Abrechnungsnr.",
	"_Vendor number": "Lieferantennummer",
	"_Vendor number_report": "Lieferantennr.",
	"P2P - Good issue - Headers": "P2P - Warenausgänge - Kopfzeilen",
	"P2P - Good issue - Headers__": "P2P - Warenausgänge - Artikel"
}</process_DE>
      <process_JA>{
	"_Company code": "会社コード",
	"_Company code_report": "会社コード",
	"_Document data": "出庫情報",
	"_Good issue amount": "出庫金額",
	"_Good issue amount_report": "出庫金額",
	"_Good issue date": "出庫日",
	"_Good issue date_report": "出庫日",
	"_Good issue number": "出庫番号",
	"_Good issue number_report": "出庫番号",
	"_Settlement number": "決済番号",
	"_Settlement number_report": "決済番号",
	"_Vendor number": "仕入先番号",
	"_Vendor number_report": "仕入先番号",
	"P2P - Good issue - Headers": "P2P - 出庫 - ヘッダー",
	"P2P - Good issue - Headers__": "P2P - 出庫 - ヘッダー"
}</process_JA>
      <process_en>{
	"_Company code": "Company code",
	"_Company code_report": "Company code",
	"_Document data": "Goods Issue Information",
	"_Good issue amount": "Goods issue amount",
	"_Good issue amount_report": "Goods issue amount",
	"_Good issue date": "Goods issue date",
	"_Good issue date_report": "Goods issue date",
	"_Good issue number": "Goods issue number",
	"_Good issue number_report": "Goods issue number",
	"_Settlement number": "Settlement number",
	"_Settlement number_report": "Settlement number",
	"_Vendor number": "Vendor number",
	"_Vendor number_report": "Vendor number",
	"P2P - Good issue - Headers": "P2P - Goods issues - Headers",
	"P2P - Good issue - Headers__": "P2P - Goods issues - Headers"
}</process_en>
      <process_ES>{
	"_Company code": "Código de empresa",
	"_Company code_report": "Código de empresa",
	"_Document data": "Información sobre la salida de mercancías",
	"_Good issue amount": "Importe de salida de mercancías",
	"_Good issue amount_report": "Importe de salida de mercancías",
	"_Good issue date": "Fecha de salida de mercancías",
	"_Good issue date_report": "Fecha de salida de mercancías",
	"_Good issue number": "Número de salida de mercancías",
	"_Good issue number_report": "Nº de salida de mercancías",
	"_Settlement number": "Número de liquidación",
	"_Settlement number_report": "Nº de liquidación",
	"_Vendor number": "Número de proveedor",
	"_Vendor number_report": "Nº de proveedor",
	"P2P - Good issue - Headers": "P2P - Salidas de mercancías - Encabezados",
	"P2P - Good issue - Headers__": "P2P - Salidas de mercancías - Encabezados"
}</process_ES>
      <process_FR>{
	"_Company code": "Code société",
	"_Company code_report": "Code société",
	"_Document data": "Informations sur la sortie de marchandises",
	"_Good issue amount": "Montant de sortie de marchandises",
	"_Good issue amount_report": "Montant de sortie de marchandises",
	"_Good issue date": "Date de sortie de marchandises",
	"_Good issue date_report": "Date de sortie de marchandises",
	"_Good issue number": "Numéro de sortie de marchandises",
	"_Good issue number_report": "N° de sortie de marchandises",
	"_Settlement number": "Numéro du décompte",
	"_Settlement number_report": "N° du décompte",
	"_Vendor number": "Numéro fournisseur",
	"_Vendor number_report": "N° fournisseur",
	"P2P - Good issue - Headers": "P2P - Sorties de marchandises - En-têtes",
	"P2P - Good issue - Headers__": "P2P - Sorties de marchandises - Postes"
}</process_FR>
      <process_nl-NL>{
	"_Company code": "Bedrijfscode",
	"_Company code_report": "Bedrijfscode",
	"_Document data": "Informatie goederenuitgifte",
	"_Good issue amount": "Bedrag goederenuitgifte",
	"_Good issue amount_report": "Bedrag goederenuitgifte",
	"_Good issue date": "Datum goederenuitgifte",
	"_Good issue date_report": "Datum goederenuitgifte",
	"_Good issue number": "Uitgiftenummer goederen",
	"_Good issue number_report": "Uitgiftenummer goederen",
	"_Settlement number": "Nummer betaling",
	"_Settlement number_report": "Nummer betaling",
	"_Vendor number": "Nummer leverancier",
	"_Vendor number_report": "Nummer leverancier",
	"P2P - Good issue - Headers": "P2P - Goederenuitgiftes - Kopteksten",
	"P2P - Good issue - Headers__": "P2P - Goederenuitgiftes - Kopteksten"
}</process_nl-NL>
      <process_IT>{
	"_Company code": "Codice società",
	"_Company code_report": "Codice società",
	"_Document data": "Informazioni uscita merci",
	"_Good issue amount": "Importo uscita merci",
	"_Good issue amount_report": "Importo uscita merci",
	"_Good issue date": "Data uscita merci",
	"_Good issue date_report": "Data uscita merci",
	"_Good issue number": "Numero uscita merci",
	"_Good issue number_report": "N. uscita merci",
	"_Settlement number": "Numero di liquidazione",
	"_Settlement number_report": "N. di liquidazione",
	"_Vendor number": "Numero fornitore",
	"_Vendor number_report": "N. fornitore",
	"P2P - Good issue - Headers": "P2P - Uscite merci - Intestazioni",
	"P2P - Good issue - Headers__": "P2P - Uscite merci - Elementi"
}</process_IT>
      <process_ZH-CN>{
	"_Company code": "公司代码",
	"_Company code_report": "公司代码",
	"_Document data": "发货信息",
	"_Good issue amount": "发货量",
	"_Good issue amount_report": "发货量",
	"_Good issue date": "发货日期",
	"_Good issue date_report": "发货日期",
	"_Good issue number": "发货单号",
	"_Good issue number_report": "发货单号",
	"_Settlement number": "结算编号",
	"_Settlement number_report": "结算编号",
	"_Vendor number": "供应商编号",
	"_Vendor number_report": "供应商编号",
	"P2P - Good issue - Headers": "采购到支付 - 发货单 - 标题",
	"P2P - Good issue - Headers__": "采购到支付 - 发货单 - 标题"
}</process_ZH-CN>
      <process_pt-BR>{
	"_Company code": "Código da empresa",
	"_Company code_report": "Código da empresa",
	"_Document data": "Informações sobre saída de mercadorias",
	"_Good issue amount": "Valor da saída de mercadorias",
	"_Good issue amount_report": "Valor da saída de mercadorias",
	"_Good issue date": "Data de saída de mercadorias",
	"_Good issue date_report": "Data de saída de mercadorias",
	"_Good issue number": "Número de saída de mercadorias",
	"_Good issue number_report": "Número de saída de mercadorias",
	"_Settlement number": "Número da liquidação",
	"_Settlement number_report": "Número da liquidação",
	"_Vendor number": "Número do fornecedor",
	"_Vendor number_report": "Número do fornecedor",
	"P2P - Good issue - Headers": "P2P - Saída de mercadorias - Cabeçalhos",
	"P2P - Good issue - Headers__": "P2P - Saída de mercadorias - Cabeçalhos"
}</process_pt-BR>
    </lg>
    <process>
      <flowtype>processing</flowtype>
      <homepagelabel>P2P - Good issue - Headers</homepagelabel>
      <instanciable>1</instanciable>
      <enablerounddecimal>true</enablerounddecimal>
      <OverrideAllowedAttachmentExtensions>*</OverrideAllowedAttachmentExtensions>
      <UseActionNameWithScriptApproval>true</UseActionNameWithScriptApproval>
      <AllowUploadAttachment>0</AllowUploadAttachment>
      <AllowUploadReferenceDocument>0</AllowUploadReferenceDocument>
      <shouldRollbackManualRecordEdits>true</shouldRollbackManualRecordEdits>
      <shouldShowManualEditsWarning>false</shouldShowManualEditsWarning>
      <UseCultureFormat>true</UseCultureFormat>
      <TransportName>CustomTable</TransportName>
      <LayoutVersion>1.0</LayoutVersion>
    </process>
    <ui>
      <layout>{
	"*": {
		"Screen": {
			"type": "FlexibleFormLayout",
			"options": {
				"splitterType": "simple-v",
				"version": 0
			},
			"*": {
				"form-header": {
					"type": "FlexibleFormHeader",
					"options": {
						"hidePanelsMenu": false,
						"version": 0
					},
					"stamp": 2,
					"data": []
				},
				"form-center": {
					"type": "FlexibleFormCenter",
					"options": {
						"version": 0
					},
					"*": {
						"form-content": {
							"type": "FlexibleFormContent",
							"options": {
								"version": 0
							},
							"*": {
								"form-content-center": {
									"type": "FlexibleFormSplitter",
									"options": {
										"version": 1,
										"box": {
											"top": "0%",
											"left": "0%",
											"width": "100%"
										},
										"hidden": false
									},
									"*": {
										"form-content-center-1": {
											"type": "FlexibleFormLine",
											"data": [],
											"options": {},
											"stamp": 9,
											"*": {
												"DataPanel": {
													"type": "PanelData",
													"options": {
														"border": {},
														"version": 0,
														"labelLength": 0,
														"iconURL": "",
														"TitleFontSize": "S",
														"hideActionButtons": false,
														"hideTitleBar": false,
														"hideTitle": false,
														"backgroundcolor": "default",
														"labelsAlignment": "right",
														"label": "_Document data"
													},
													"*": {
														"FieldsManager": {
															"type": "FieldsManager",
															"options": {
																"controlsAssociation": {
																	"VendorNumber__": "LabelVendorNumber__",
																	"LabelVendorNumber__": "VendorNumber__",
																	"SettlementNumber__": "LabelSettlementNumber__",
																	"LabelSettlementNumber__": "SettlementNumber__",
																	"GoodIssueDate__": "LabelGoodIssueDate__",
																	"LabelGoodIssueDate__": "GoodIssueDate__",
																	"GoodIssueAmount__": "LabelGoodIssueAmount__",
																	"LabelGoodIssueAmount__": "GoodIssueAmount__",
																	"CompanyCode__": "LabelCompanyCode__",
																	"LabelCompanyCode__": "CompanyCode__",
																	"GoodIssueNumber__": "LabelGoodIssueNumber__",
																	"LabelGoodIssueNumber__": "GoodIssueNumber__"
																},
																"version": 0
															},
															"*": {
																"Grid": {
																	"type": "GridLayout",
																	"options": {
																		"lines": 6,
																		"columns": 2,
																		"version": 0,
																		"ctrlsPos": {
																			"VendorNumber__": {
																				"line": 2,
																				"column": 2
																			},
																			"LabelVendorNumber__": {
																				"line": 2,
																				"column": 1
																			},
																			"SettlementNumber__": {
																				"line": 6,
																				"column": 2
																			},
																			"LabelSettlementNumber__": {
																				"line": 6,
																				"column": 1
																			},
																			"GoodIssueDate__": {
																				"line": 4,
																				"column": 2
																			},
																			"LabelGoodIssueDate__": {
																				"line": 4,
																				"column": 1
																			},
																			"GoodIssueAmount__": {
																				"line": 5,
																				"column": 2
																			},
																			"LabelGoodIssueAmount__": {
																				"line": 5,
																				"column": 1
																			},
																			"CompanyCode__": {
																				"line": 1,
																				"column": 2
																			},
																			"LabelCompanyCode__": {
																				"line": 1,
																				"column": 1
																			},
																			"GoodIssueNumber__": {
																				"line": 3,
																				"column": 2
																			},
																			"LabelGoodIssueNumber__": {
																				"line": 3,
																				"column": 1
																			}
																		},
																		"colspans": [
																			[],
																			[],
																			[],
																			[],
																			[],
																			[]
																		]
																	},
																	"data": [
																		"fields"
																	],
																	"*": {
																		"LabelCompanyCode__": {
																			"type": "Label",
																			"data": [
																				"CompanyCode__"
																			],
																			"options": {
																				"label": "_Company code"
																			},
																			"stamp": 30
																		},
																		"CompanyCode__": {
																			"type": "DatabaseComboBox",
																			"data": [
																				"CompanyCode__"
																			],
																			"options": {
																				"version": 1,
																				"label": "_Company code",
																				"activable": true,
																				"width": 230,
																				"helpText": "",
																				"helpURL": "",
																				"helpFormat": "HTML Format",
																				"minNbLines": 1,
																				"maxNbLines": 1,
																				"fTSmaxRecords": "20",
																				"browsable": true
																			},
																			"stamp": 31
																		},
																		"LabelVendorNumber__": {
																			"type": "Label",
																			"data": [
																				"VendorNumber__"
																			],
																			"options": {
																				"label": "_Vendor number"
																			},
																			"stamp": 14
																		},
																		"VendorNumber__": {
																			"type": "DatabaseComboBox",
																			"data": [
																				"VendorNumber__"
																			],
																			"options": {
																				"version": 1,
																				"label": "_Vendor number",
																				"activable": true,
																				"width": 230,
																				"helpText": "",
																				"helpURL": "",
																				"helpFormat": "HTML Format",
																				"minNbLines": 1,
																				"maxNbLines": 1,
																				"fTSmaxRecords": "20",
																				"browsable": true
																			},
																			"stamp": 15
																		},
																		"LabelGoodIssueNumber__": {
																			"type": "Label",
																			"data": [
																				"GoodIssueNumber__"
																			],
																			"options": {
																				"label": "_Good issue number"
																			},
																			"stamp": 32
																		},
																		"GoodIssueNumber__": {
																			"type": "ShortText",
																			"data": [
																				"GoodIssueNumber__"
																			],
																			"options": {
																				"textSize": "S",
																				"textAlignment": "left",
																				"textStyle": "default",
																				"textColor": "default",
																				"version": 1,
																				"label": "_Good issue number",
																				"activable": true,
																				"width": 230,
																				"helpText": "",
																				"helpURL": "",
																				"helpFormat": "HTML Format",
																				"browsable": false
																			},
																			"stamp": 33
																		},
																		"LabelGoodIssueDate__": {
																			"type": "Label",
																			"data": [
																				"GoodIssueDate__"
																			],
																			"options": {
																				"label": "_Good issue date"
																			},
																			"stamp": 26
																		},
																		"GoodIssueDate__": {
																			"type": "DateTime",
																			"data": [
																				"GoodIssueDate__"
																			],
																			"options": {
																				"displayLongFormat": false,
																				"label": "_Good issue date",
																				"activable": true,
																				"width": 230,
																				"helpText": "",
																				"helpURL": "",
																				"helpFormat": "HTML Format"
																			},
																			"stamp": 27
																		},
																		"LabelGoodIssueAmount__": {
																			"type": "Label",
																			"data": [
																				"GoodIssueAmount__"
																			],
																			"options": {
																				"label": "_Good issue amount"
																			},
																			"stamp": 28
																		},
																		"GoodIssueAmount__": {
																			"type": "Decimal",
																			"data": [
																				"GoodIssueAmount__"
																			],
																			"options": {
																				"version": 2,
																				"textSize": "S",
																				"textAlignment": "right",
																				"textStyle": "default",
																				"textColor": "default",
																				"integer": false,
																				"label": "_Good issue amount",
																				"precision_internal": 2,
																				"precision_current": 2,
																				"activable": true,
																				"width": 230,
																				"helpText": "",
																				"helpURL": "",
																				"helpFormat": "HTML Format"
																			},
																			"stamp": 29
																		},
																		"LabelSettlementNumber__": {
																			"type": "Label",
																			"data": [
																				"SettlementNumber__"
																			],
																			"options": {
																				"label": "_Settlement number"
																			},
																			"stamp": 22
																		},
																		"SettlementNumber__": {
																			"type": "ShortText",
																			"data": [
																				"SettlementNumber__"
																			],
																			"options": {
																				"textSize": "S",
																				"textAlignment": "left",
																				"textStyle": "default",
																				"textColor": "default",
																				"version": 1,
																				"label": "_Settlement number",
																				"activable": true,
																				"width": 230,
																				"helpText": "",
																				"helpURL": "",
																				"helpFormat": "HTML Format",
																				"browsable": false
																			},
																			"stamp": 23
																		}
																	},
																	"stamp": 8
																}
															},
															"stamp": 7,
															"data": []
														}
													},
													"stamp": 6,
													"data": []
												}
											}
										}
									},
									"stamp": 5,
									"data": []
								}
							},
							"stamp": 4,
							"data": []
						}
					},
					"stamp": 3,
					"data": []
				},
				"form-footer": {
					"type": "FlexibleFormFooter",
					"options": {
						"splitterType": "simple-h",
						"version": 0
					},
					"*": {
						"Save": {
							"type": "SubmitButton",
							"options": {
								"label": "_Save",
								"action": "savequit",
								"submit": true,
								"version": 0,
								"shortCut": "S"
							},
							"stamp": 11,
							"data": []
						},
						"Close": {
							"type": "SubmitButton",
							"options": {
								"label": "_Close",
								"action": "cancel",
								"submit": true,
								"version": 0,
								"shortCut": "Q"
							},
							"stamp": 12,
							"data": []
						},
						"Delete": {
							"type": "SubmitButton",
							"options": {
								"label": "_Delete",
								"action": "delete",
								"submit": true,
								"version": 0,
								"disabled": true
							},
							"stamp": 13,
							"data": []
						}
					},
					"stamp": 10,
					"data": []
				}
			},
			"stamp": 1,
			"data": []
		}
	},
	"stamps": 33,
	"data": []
}</layout>
    </ui>
  </properties>
  <field deleted="0" format="" guid="P9JY00000IYP" id="OYW552000SG7" label="_Company code_report" length="50" name="CompanyCode__" originalProcessID="N9JY00000IYP" precision="0" processid="NYW552000SG7" submitable="1" type="STR">
    <properties>
      <db>
        <alias>AOYW552000SG7</alias>
        <index vartype="INT">1</index>
        <noxml>1</noxml>
        <fullname>/job/processfields/CompanyCode__</fullname>
        <defaultvalue>
        </defaultvalue>
        <RecordLastWrite>2022-10-25 17:04:53</RecordLastWrite>
      </db>
      <extrainfo>
        <Label>_Company code_report</Label>
        <Alias>AOYW552000SG7</Alias>
        <ProcessFieldVersion vartype="INT">1</ProcessFieldVersion>
      </extrainfo>
      <field>
        <Editable>false</Editable>
        <SortOrder>
        </SortOrder>
        <DisplayedColumns>
        </DisplayedColumns>
        <UseTableForAutolearn>false</UseTableForAutolearn>
        <SavedColumn>
        </SavedColumn>
        <KeyColumnId>
        </KeyColumnId>
        <KeyAttribute>
        </KeyAttribute>
        <CustomFilter>
        </CustomFilter>
      </field>
      <gdr>
        <DisableAutolearn>1</DisableAutolearn>
      </gdr>
      <help>
        <helpData>{"helpText":"","helpURL":"","helpFormat":"HTML Format"}</helpData>
      </help>
      <ui>
        <_type>String</_type>
        <automatic>true</automatic>
      </ui>
    </properties>
  </field>
  <field deleted="0" format="" guid="T9JY00000IYP" id="PYW552000SG7" label="_Good issue amount_report" length="17" name="GoodIssueAmount__" originalProcessID="N9JY00000IYP" precision="2" processid="NYW552000SG7" submitable="1" type="DECIMAL">
    <properties>
      <db>
        <alias>APYW552000SG7</alias>
        <noxml>1</noxml>
        <fullname>/job/processfields/GoodIssueAmount__</fullname>
        <defaultvalue>
        </defaultvalue>
        <RecordLastWrite>2022-10-25 17:04:53</RecordLastWrite>
      </db>
      <extrainfo>
        <Label>_Good issue amount_report</Label>
        <Alias>APYW552000SG7</Alias>
        <DecimalPrecision vartype="INT">2</DecimalPrecision>
        <ProcessFieldVersion vartype="INT">1</ProcessFieldVersion>
      </extrainfo>
      <gdr>
        <VarType>Area</VarType>
        <DisableAutolearn>1</DisableAutolearn>
      </gdr>
      <help>
        <helpData>{"helpText":"","helpURL":"","helpFormat":"HTML Format"}</helpData>
      </help>
      <ui>
        <_type>Number</_type>
        <automatic>true</automatic>
      </ui>
    </properties>
  </field>
  <field deleted="0" format="" guid="S9JY00000IYP" id="QYW552000SG7" label="_Good issue date_report" length="0" name="GoodIssueDate__" originalProcessID="N9JY00000IYP" precision="0" processid="NYW552000SG7" submitable="1" type="DATE">
    <properties>
      <db>
        <alias>AQYW552000SG7</alias>
        <index vartype="INT">1</index>
        <noxml>1</noxml>
        <fullname>/job/processfields/GoodIssueDate__</fullname>
        <defaultvalue>
        </defaultvalue>
        <RecordLastWrite>2022-10-25 17:04:54</RecordLastWrite>
      </db>
      <extrainfo>
        <Label>_Good issue date_report</Label>
        <Alias>AQYW552000SG7</Alias>
        <ProcessFieldVersion vartype="INT">1</ProcessFieldVersion>
      </extrainfo>
      <gdr>
        <VarType>Area</VarType>
        <DisableAutolearn>1</DisableAutolearn>
      </gdr>
      <help>
        <helpData>{"helpText":"","helpURL":"","helpFormat":"HTML Format"}</helpData>
      </help>
      <ui>
        <_type>Date</_type>
        <automatic>true</automatic>
      </ui>
    </properties>
  </field>
  <field deleted="0" format="" guid="Q9JY00000IYP" id="RYW552000SG7" label="_Good issue number_report" length="50" name="GoodIssueNumber__" originalProcessID="N9JY00000IYP" precision="0" processid="NYW552000SG7" submitable="1" type="STR">
    <properties>
      <db>
        <alias>ARYW552000SG7</alias>
        <index vartype="INT">1</index>
        <noxml>1</noxml>
        <fullname>/job/processfields/GoodIssueNumber__</fullname>
        <defaultvalue>
        </defaultvalue>
        <RecordLastWrite>2022-10-25 17:04:54</RecordLastWrite>
      </db>
      <extrainfo>
        <Label>_Good issue number_report</Label>
        <Alias>ARYW552000SG7</Alias>
        <ProcessFieldVersion vartype="INT">1</ProcessFieldVersion>
      </extrainfo>
      <gdr>
        <VarType>Area</VarType>
        <DisableAutolearn>1</DisableAutolearn>
      </gdr>
      <help>
        <helpData>{"helpText":"","helpURL":"","helpFormat":"HTML Format"}</helpData>
      </help>
      <ui>
        <_type>String</_type>
        <automatic>true</automatic>
      </ui>
    </properties>
  </field>
  <field deleted="0" format="" guid="R9JY00000IYP" id="SYW552000SG7" label="_Settlement number_report" length="50" name="SettlementNumber__" originalProcessID="N9JY00000IYP" precision="0" processid="NYW552000SG7" submitable="1" type="STR">
    <properties>
      <db>
        <alias>ASYW552000SG7</alias>
        <noxml>1</noxml>
        <fullname>/job/processfields/SettlementNumber__</fullname>
        <defaultvalue>
        </defaultvalue>
        <RecordLastWrite>2022-10-25 17:04:54</RecordLastWrite>
      </db>
      <extrainfo>
        <Label>_Settlement number_report</Label>
        <Alias>ASYW552000SG7</Alias>
        <ProcessFieldVersion vartype="INT">1</ProcessFieldVersion>
      </extrainfo>
      <gdr>
        <VarType>Area</VarType>
        <DisableAutolearn>1</DisableAutolearn>
      </gdr>
      <help>
        <helpData>{"helpText":"","helpURL":"","helpFormat":"HTML Format"}</helpData>
      </help>
      <ui>
        <_type>String</_type>
        <automatic>true</automatic>
      </ui>
    </properties>
  </field>
  <field deleted="0" format="" guid="O9JY00000IYP" id="TYW552000SG7" label="_Vendor number_report" length="50" name="VendorNumber__" originalProcessID="N9JY00000IYP" precision="0" processid="NYW552000SG7" submitable="1" type="STR">
    <properties>
      <db>
        <alias>ATYW552000SG7</alias>
        <index vartype="INT">1</index>
        <noxml>1</noxml>
        <fullname>/job/processfields/VendorNumber__</fullname>
        <defaultvalue>
        </defaultvalue>
        <RecordLastWrite>2022-10-25 17:04:54</RecordLastWrite>
      </db>
      <extrainfo>
        <Label>_Vendor number_report</Label>
        <Alias>ATYW552000SG7</Alias>
        <ProcessFieldVersion vartype="INT">1</ProcessFieldVersion>
      </extrainfo>
      <field>
        <Editable>false</Editable>
        <SortOrder>
        </SortOrder>
        <DisplayedColumns>
        </DisplayedColumns>
        <UseTableForAutolearn>false</UseTableForAutolearn>
        <SavedColumn>
        </SavedColumn>
        <KeyColumnId>
        </KeyColumnId>
        <KeyAttribute>
        </KeyAttribute>
        <CustomFilter>
        </CustomFilter>
      </field>
      <gdr>
        <DisableAutolearn>1</DisableAutolearn>
      </gdr>
      <help>
        <helpData>{"helpText":"","helpURL":"","helpFormat":"HTML Format"}</helpData>
      </help>
      <ui>
        <_type>String</_type>
        <automatic>true</automatic>
      </ui>
    </properties>
  </field>
  <type id="JLLP13130F1" name="CT">
  </type>
</process>