﻿<?xml version="1.0" encoding="UTF-8" standalone="no"?>
<process accountid="20063076" allowrepairprocess="0" builtin="0" builtinversion="0" carriesapplicationversion="0" creationdatetime="2022-10-25 17:06:50" deleted="0" eskerapplication="" global="0" id="ZJ0652000SG7" keepcustomization="0" keepfieldsonly="0" keepfieldsproperties="0" keepnewcontroloptions="0" migrationversion="4" name="PurchasingBudgetOperationDetails__" needvalidation="1" ootofilter="" ootoversion="0" originalProcessID="PHQG134850" ownerid="cn=admin_p2p@paragon-cc.fr,ou=DEV,ou=TrainingP2P,ou=DEMO_JULIEN,ou=05284299,ou=ESK,s=eoo" ownerpb="OnDemand AddressBook" public="1" pushnotification="0" reuseengine="0" sprintversion="5.261.0" transportname="CustomTable" upgradable="1" userid="0" version="1" visibility="0">
  <properties>
    <dataConditions>
      <listDataConditions>
				&lt;dataCondition&gt;
					&lt;tableName&gt;P2P - Global Application Settings__&lt;/tableName&gt;
					&lt;filter&gt;msnex=*&lt;/filter&gt;
					&lt;labelKey&gt;_Purchasing disabled&lt;/labelKey&gt;
					&lt;conditions&gt;
						&lt;allowCondition&gt;
							&lt;fieldName&gt;EnablePurchasingGlobalSetting__&lt;/fieldName&gt;
							&lt;fieldValue&gt;1&lt;/fieldValue&gt;
						&lt;/allowCondition&gt;
					&lt;/conditions&gt;
				&lt;/dataCondition&gt;
			</listDataConditions>
    </dataConditions>
    <dbIndex>
      <AUTO_ABK0652000SG7A>&lt;Index&gt;&lt;Ref Name="ABK0652000SG7" Option="ASC"/&gt;&lt;/Index&gt;</AUTO_ABK0652000SG7A>
      <AUTO_AIK0652000SG7A>&lt;Index&gt;&lt;Ref Name="AIK0652000SG7" Option="ASC"/&gt;&lt;/Index&gt;</AUTO_AIK0652000SG7A>
      <AUTO_AJK0652000SG7A>&lt;Index&gt;&lt;Ref Name="AJK0652000SG7" Option="ASC"/&gt;&lt;/Index&gt;</AUTO_AJK0652000SG7A>
    </dbIndex>
    <gdr>
    </gdr>
    <lg>
      <process_de>{
	"_Amount": "Betrag",
	"_Amount report": "Betrag",
	"_BudgetID": "Budget-ID",
	"_BudgetID report": "Budget-ID",
	"_CapEx": "CapEx",
	"_Committed": "Verfügt",
	"_Committed report": "Verfügt",
	"_Company code": "Buchungskreis",
	"_Company code report": "Buchungskreis",
	"_Cost center": "Kostenstelle",
	"_Cost center report": "Kostenstelle",
	"_CostType": "Kostenart",
	"_CostType report": "Kostenart",
	"_Document data": "Dokumentdaten",
	"_Goods receipt": "Wareneingangs- und Serviceerbringungsbeleg",
	"_Group": "Spesenkategorie",
	"_Group_report": "Spesenkategorie",
	"_Invoiced non po": "Fakturiert (ohne Bestellung)",
	"_Invoiced po": "Fakturiert (mit Bestellung)",
	"_Note": "Details",
	"_Note_report": "Details",
	"_Operation ID": "Belegnummer",
	"_Operation ID report": "Belegnummer",
	"_Operation ruidex": "Interne Nachrichten-ID",
	"_Operation ruidex report": "Interne Nachrichten-ID",
	"_OpEx": "OpEx",
	"_Ordered": "Bestellt",
	"_Ordered report": "Bestellt",
	"_Period code": "Periodencode",
	"_Period code report": "Periodencode",
	"_Purchase order": "Bestellung",
	"_Purchase requisition": "Bestellanforderung",
	"_Received": "Empfangen",
	"_Received report": "Empfangen",
	"_Source type": "Quelltyp",
	"_SourceTypeName": "Quelltyp",
	"_SourceTypeNameReport": "Typ",
	"_ToApprove": "Ausstehende Mittelbindungen",
	"_ToApprove report": "Ausstehende Mittelbindungen",
	"_Vendor invoice": "Lieferantenrechnung",
	"_VendorName": "Name des Lieferanten",
	"_VendorName_report": "Name des Lieferanten",
	"_VendorNumber": "Lieferantennummer",
	"_VendorNumber_report": "Lieferantennummer",
	"Purchasing - Budget's Operation Details": "P2P - Details zu den Budgetvorgängen",
	"PurchasingBudgetOperationDetails": "P2P - Details zu den Budgetvorgängen",
	"PurchasingBudgetOperationDetails__": "P2P - Details zu den Budgetvorgängen"
}</process_de>
      <process_JA>{
	"_Amount": "金額",
	"_Amount report": "金額",
	"_BudgetID": "予算ID",
	"_BudgetID report": "予算ID",
	"_CapEx": "CapEx",
	"_Committed": "対応済み",
	"_Committed report": "対応済み",
	"_Company code": "会社コード",
	"_Company code report": "会社コード",
	"_Cost center": "コストセンター",
	"_Cost center report": "コストセンター",
	"_CostType": "コスト種別",
	"_CostType report": "コスト種別",
	"_Document data": "文書データ",
	"_Goods receipt": "品物とサービスの受領書",
	"_Group": "費用分類",
	"_Group_report": "費用分類",
	"_Invoiced non po": "請求済み（POなし）",
	"_Invoiced po": "請求済み（PO）",
	"_Note": "詳細",
	"_Note_report": "詳細",
	"_Operation ID": "書類番号",
	"_Operation ID report": "書類番号",
	"_Operation ruidex": "内部メッセージID",
	"_Operation ruidex report": "内部メッセージID",
	"_OpEx": "OpEx",
	"_Ordered": "注文済み",
	"_Ordered report": "注文済み",
	"_Period code": "期間コード",
	"_Period code report": "期間コード",
	"_Purchase order": "発注書",
	"_Purchase requisition": "購買依頼",
	"_Received": "受信済み",
	"_Received report": "受信済み",
	"_Source type": "ソースタイプ",
	"_SourceTypeName": "ソースタイプ",
	"_SourceTypeNameReport": "タイプ",
	"_ToApprove": "保留中の対応",
	"_ToApprove report": "保留中の対応",
	"_Vendor invoice": "仕入先請求書",
	"_VendorName": "仕入先名",
	"_VendorName_report": "仕入先名",
	"_VendorNumber": "仕入先番号",
	"_VendorNumber_report": "仕入先番号",
	"Purchasing - Budget's Operation Details": "P2P - 予算運用の詳細",
	"PurchasingBudgetOperationDetails": "P2P - 予算運用の詳細",
	"PurchasingBudgetOperationDetails__": "P2P - 予算運用の詳細"
}</process_JA>
      <process_en>{
	"_Amount": "Amount",
	"_Amount report": "Amount",
	"_BudgetID": "Budget ID",
	"_BudgetID report": "Budget ID",
	"_CapEx": "CapEx",
	"_Committed": "Committed",
	"_Committed report": "Committed",
	"_Company code": "Company code",
	"_Company code report": "Company code",
	"_Cost center": "Cost center",
	"_Cost center report": "Cost center",
	"_CostType": "Cost type",
	"_CostType report": "Cost type",
	"_Document data": "Document data",
	"_Goods receipt": "Goods and services receipt",
	"_Group": "Expense category",
	"_Group_report": "Expense category",
	"_Invoiced non po": "Invoiced (non-PO)",
	"_Invoiced po": "Invoiced (PO)",
	"_Note": "Details",
	"_Note_report": "Details",
	"_Operation ID": "Document number",
	"_Operation ID report": "Document number",
	"_Operation ruidex": "Internal message ID",
	"_Operation ruidex report": "Internal message ID",
	"_OpEx": "OpEx",
	"_Ordered": "Ordered",
	"_Ordered report": "Ordered",
	"_Period code": "Period code",
	"_Period code report": "Period code",
	"_Purchase order": "Purchase order",
	"_Purchase requisition": "Purchase requisition",
	"_Received": "Received",
	"_Received report": "Received",
	"_Source type": "Source type",
	"_SourceTypeName": "Source type",
	"_SourceTypeNameReport": "Type",
	"_ToApprove": "Pending commitments",
	"_ToApprove report": "Pending commitments",
	"_Vendor invoice": "Vendor invoice",
	"_VendorName": "Vendor name",
	"_VendorName_report": "Vendor name",
	"_VendorNumber": "Vendor number",
	"_VendorNumber_report": "Vendor number",
	"Purchasing - Budget's Operation Details": "P2P - Budget operation details",
	"PurchasingBudgetOperationDetails": "P2P - Budget operation details",
	"PurchasingBudgetOperationDetails__": "P2P - Budget operation details"
}</process_en>
      <process_es>{
	"_Amount": "Importe",
	"_Amount report": "Importe",
	"_BudgetID": "ID de presupuesto",
	"_BudgetID report": "ID de presupuesto",
	"_CapEx": "CapEx",
	"_Committed": "Comprometido",
	"_Committed report": "Comprometido",
	"_Company code": "Código de empresa",
	"_Company code report": "Código de empresa",
	"_Cost center": "Centro de costes",
	"_Cost center report": "Centro de costes",
	"_CostType": "Tipo de coste",
	"_CostType report": "Tipo de coste",
	"_Document data": "Datos del documento",
	"_Goods receipt": "Entrada de bienes y servicios",
	"_Group": "Categoría de gastos",
	"_Group_report": "Categoría de gastos",
	"_Invoiced non po": "Facturado (sin pedido)",
	"_Invoiced po": "Facturado (con pedido)",
	"_Note": "Detalles",
	"_Note_report": "Detalles",
	"_Operation ID": "Número de documento",
	"_Operation ID report": "Número de documento",
	"_Operation ruidex": "ID interno de mensaje",
	"_Operation ruidex report": "ID interno de mensaje",
	"_OpEx": "OpEx",
	"_Ordered": "Pedido",
	"_Ordered report": "Pedido",
	"_Period code": "Código del período",
	"_Period code report": "Código del período",
	"_Purchase order": "Pedido de compra",
	"_Purchase requisition": "Solicitud de compra",
	"_Received": "Recibido",
	"_Received report": "Recibido",
	"_Source type": "Tipo de origen",
	"_SourceTypeName": "Tipo de origen",
	"_SourceTypeNameReport": "Tipo",
	"_ToApprove": "Compromisos pendientes",
	"_ToApprove report": "Compromisos pendientes",
	"_Vendor invoice": "Factura de proveedor",
	"_VendorName": "Nombre de proveedor",
	"_VendorName_report": "Nombre de proveedor",
	"_VendorNumber": "Número de proveedor",
	"_VendorNumber_report": "Número de proveedor",
	"Purchasing - Budget's Operation Details": "P2P - Detalles de las operaciones presupuestarias",
	"PurchasingBudgetOperationDetails": "P2P - Detalles de las operaciones presupuestarias",
	"PurchasingBudgetOperationDetails__": "P2P - Detalles de las operaciones presupuestarias"
}</process_es>
      <process_fr>{
	"_Amount": "Montant",
	"_Amount report": "Montant",
	"_BudgetID": "ID de budget",
	"_BudgetID report": "ID de budget",
	"_CapEx": "CapEx",
	"_Committed": "Engagé",
	"_Committed report": "Engagé",
	"_Company code": "Code société",
	"_Company code report": "Code société",
	"_Cost center": "Centre de coût",
	"_Cost center report": "Centre de coût",
	"_CostType": "Type de coût",
	"_CostType report": "Type de coût",
	"_Document data": "Données du document",
	"_Goods receipt": "Entrée de biens et services",
	"_Group": "Catégorie de dépenses",
	"_Group_report": "Catégorie de dépenses",
	"_Invoiced non po": "Facturé (sans commande)",
	"_Invoiced po": "Facturé (achat de marchandises)",
	"_Note": "Détails",
	"_Note_report": "Détails",
	"_Operation ID": "Numéro du document",
	"_Operation ID report": "Numéro du document",
	"_Operation ruidex": "Identifiant interne du message",
	"_Operation ruidex report": "Identifiant interne du message",
	"_OpEx": "OpEx",
	"_Ordered": "Commandé",
	"_Ordered report": "Commandé",
	"_Period code": "Code période",
	"_Period code report": "Code période",
	"_Purchase order": "Commande fournisseur",
	"_Purchase requisition": "Demande d'achat",
	"_Received": "Reçu",
	"_Received report": "Reçu",
	"_Source type": "Type de source",
	"_SourceTypeName": "Type de source",
	"_SourceTypeNameReport": "Type",
	"_ToApprove": "Engagements en cours",
	"_ToApprove report": "Engagements en cours",
	"_Vendor invoice": "Facture fournisseur",
	"_VendorName": "Nom du fournisseur",
	"_VendorName_report": "Nom du fournisseur",
	"_VendorNumber": "Numéro fournisseur",
	"_VendorNumber_report": "Numéro fournisseur",
	"Purchasing - Budget's Operation Details": "P2P - Détails des opérations budgétaires",
	"PurchasingBudgetOperationDetails": "P2P - Détails des opérations budgétaires",
	"PurchasingBudgetOperationDetails__": "P2P - Détails des opérations budgétaires"
}</process_fr>
      <process_nl-NL>{
	"_Amount": "Bedrag",
	"_Amount report": "Bedrag",
	"_BudgetID": "Budget-ID",
	"_BudgetID report": "Budget-ID",
	"_CapEx": "CapEx",
	"_Committed": "Geëngageerd",
	"_Committed report": "Geëngageerd",
	"_Company code": "Bedrijfscode",
	"_Company code report": "Bedrijfscode",
	"_Cost center": "Kostenplaats",
	"_Cost center report": "Kostenplaats",
	"_CostType": "Type kosten",
	"_CostType report": "Type kosten",
	"_Document data": "Documentgegevens",
	"_Goods receipt": "Ontvangstbewijs van goederen en services",
	"_Group": "Uitgavencategorie",
	"_Group_report": "Uitgavencategorie",
	"_Invoiced non po": "Gefactureerd (zonder PO)",
	"_Invoiced po": "Gefactureerd (PO)",
	"_Note": "Details",
	"_Note_report": "Details",
	"_Operation ID": "Documentnummer",
	"_Operation ID report": "Documentnummer",
	"_Operation ruidex": "Interne bericht-ID",
	"_Operation ruidex report": "Interne bericht-ID",
	"_OpEx": "OpEx",
	"_Ordered": "Besteld",
	"_Ordered report": "Besteld",
	"_Period code": "Code periode",
	"_Period code report": "Code periode",
	"_Purchase order": "Kooporder",
	"_Purchase requisition": "Inkoopvordering",
	"_Received": "Ontvangen",
	"_Received report": "Ontvangen",
	"_Source type": "Type bron",
	"_SourceTypeName": "Type bron",
	"_SourceTypeNameReport": "Type",
	"_ToApprove": "In afwachting van engagementen",
	"_ToApprove report": "In afwachting van engagementen",
	"_Vendor invoice": "Leveranciersfactuur",
	"_VendorName": "Naam leverancier",
	"_VendorName_report": "Naam leverancier",
	"_VendorNumber": "Nummer leverancier",
	"_VendorNumber_report": "Nummer leverancier",
	"Purchasing - Budget's Operation Details": "P2P - Budget details",
	"PurchasingBudgetOperationDetails": "P2P - Budget details",
	"PurchasingBudgetOperationDetails__": "P2P - Budget details"
}</process_nl-NL>
      <process_it>{
	"_Amount": "Importo",
	"_Amount report": "Importo",
	"_BudgetID": "ID budget",
	"_BudgetID report": "ID budget",
	"_CapEx": "CapEx",
	"_Committed": "Impegnato",
	"_Committed report": "Impegnato",
	"_Company code": "Codice società",
	"_Company code report": "Codice società",
	"_Cost center": "Centro di costo",
	"_Cost center report": "Centro di costo",
	"_CostType": "Tipo di costo",
	"_CostType report": "Tipo di costo",
	"_Document data": "Dati documento",
	"_Goods receipt": "Entrata merci e servizi",
	"_Group": "Categoria di spesa",
	"_Group_report": "Categoria di spesa",
	"_Invoiced non po": "Fatturato (senza ordine)",
	"_Invoiced po": "Fatturato (con ordine)",
	"_Note": "Dettagli",
	"_Note_report": "Dettagli",
	"_Operation ID": "Numero documento",
	"_Operation ID report": "Numero documento",
	"_Operation ruidex": "ID interno messaggio",
	"_Operation ruidex report": "ID interno messaggio",
	"_OpEx": "OpEx",
	"_Ordered": "Ordinato",
	"_Ordered report": "Ordinato",
	"_Period code": "Codice periodo",
	"_Period code report": "Codice periodo",
	"_Purchase order": "Ordine di acquisto",
	"_Purchase requisition": "Richiesta di acquisto",
	"_Received": "Ricevuto",
	"_Received report": "Ricevuto",
	"_Source type": "Tipo di origine",
	"_SourceTypeName": "Tipo di origine",
	"_SourceTypeNameReport": "Tipo",
	"_ToApprove": "Impegni in sospeso",
	"_ToApprove report": "Impegni in sospeso",
	"_Vendor invoice": "Fattura fornitore",
	"_VendorName": "Nome fornitore",
	"_VendorName_report": "Nome fornitore",
	"_VendorNumber": "Numero fornitore",
	"_VendorNumber_report": "Numero fornitore",
	"Purchasing - Budget's Operation Details": "P2P - Dettagli delle operazioni di budget",
	"PurchasingBudgetOperationDetails": "P2P - Dettagli delle operazioni di budget",
	"PurchasingBudgetOperationDetails__": "P2P - Dettagli delle operazioni di budget"
}</process_it>
      <process_zh-CN>{
	"_Amount": "金额",
	"_Amount report": "金额",
	"_BudgetID": "预算ID",
	"_BudgetID report": "预算ID",
	"_CapEx": "资本性支出",
	"_Committed": "承诺付款",
	"_Committed report": "承诺付款",
	"_Company code": "公司代码",
	"_Company code report": "公司代码",
	"_Cost center": "成本中心",
	"_Cost center report": "成本中心",
	"_CostType": "成本类型",
	"_CostType report": "成本类型",
	"_Document data": "文档数据",
	"_Goods receipt": "货物与服务接收单",
	"_Group": "费用类别",
	"_Group_report": "费用类别",
	"_Invoiced non po": "已开票（无订单）",
	"_Invoiced po": "已开票（有订单）",
	"_Note": "详细信息",
	"_Note_report": "详细信息",
	"_Operation ID": "文件号",
	"_Operation ID report": "文件号",
	"_Operation ruidex": "消息内部ID",
	"_Operation ruidex report": "消息内部ID",
	"_OpEx": "运营费用",
	"_Ordered": "已订购",
	"_Ordered report": "已订购",
	"_Period code": "期间代码",
	"_Period code report": "期间代码",
	"_Purchase order": "采购订单",
	"_Purchase requisition": "请购单",
	"_Received": "已收到",
	"_Received report": "已收到",
	"_Source type": "源类型",
	"_SourceTypeName": "源类型",
	"_SourceTypeNameReport": "类型",
	"_ToApprove": "潜在承诺付款",
	"_ToApprove report": "潜在承诺付款",
	"_Vendor invoice": "供应商发票",
	"_VendorName": "供应商名称",
	"_VendorName_report": "供应商名称",
	"_VendorNumber": "供应商编号",
	"_VendorNumber_report": "供应商编号",
	"Purchasing - Budget's Operation Details": "采购到支付 - 预算操作详情",
	"PurchasingBudgetOperationDetails": "采购到支付 - 预算操作详情",
	"PurchasingBudgetOperationDetails__": "采购到支付 - 预算操作详情"
}</process_zh-CN>
      <process_pt-BR>{
	"_Amount": "Valor",
	"_Amount report": "Valor",
	"_BudgetID": "ID do orçamento",
	"_BudgetID report": "ID do orçamento",
	"_CapEx": "Capex",
	"_Committed": "Comprometido",
	"_Committed report": "Comprometido",
	"_Company code": "Código da empresa",
	"_Company code report": "Código da empresa",
	"_Cost center": "Centro de custo",
	"_Cost center report": "Centro de custo",
	"_CostType": "Tipo de custo",
	"_CostType report": "Tipo de custo",
	"_Document data": "Informação de documento",
	"_Goods receipt": "Recebimento de bens e serviços",
	"_Group": "Categoria de despesa",
	"_Group_report": "Categoria de despesa",
	"_Invoiced non po": "Faturado (não pedido de compra)",
	"_Invoiced po": "Faturado (pedido de compra)",
	"_Note": "Detalhes",
	"_Note_report": "Detalhes",
	"_Operation ID": "Número de documento",
	"_Operation ID report": "Número de documento",
	"_Operation ruidex": "ID da mensagem interna",
	"_Operation ruidex report": "ID da mensagem interna",
	"_OpEx": "OpEx",
	"_Ordered": "Pedido",
	"_Ordered report": "Pedido",
	"_Period code": "Código do período",
	"_Period code report": "Código do período",
	"_Purchase order": "Pedido de compra",
	"_Purchase requisition": "Requisição de compra",
	"_Received": "Recebido",
	"_Received report": "Recebido",
	"_Source type": "Tipo de origem",
	"_SourceTypeName": "Tipo de origem",
	"_SourceTypeNameReport": "Tipo",
	"_ToApprove": "Compromissos pendentes",
	"_ToApprove report": "Compromissos pendentes",
	"_Vendor invoice": "Fatura de fornecedor",
	"_VendorName": "Nome do fornecedor",
	"_VendorName_report": "Nome do fornecedor",
	"_VendorNumber": "Número do fornecedor",
	"_VendorNumber_report": "Número do fornecedor",
	"Purchasing - Budget's Operation Details": "P2P - Detalhes da operação do orçamento",
	"PurchasingBudgetOperationDetails": "P2P - Detalhes da operação do orçamento",
	"PurchasingBudgetOperationDetails__": "P2P - Detalhes da operação do orçamento"
}</process_pt-BR>
    </lg>
    <process>
      <flowtype>processing</flowtype>
      <homepagelabel>Purchasing - Budget's Operation Details</homepagelabel>
      <upgradable>yes</upgradable>
      <instanciable>1</instanciable>
      <isTableReadOnly>true</isTableReadOnly>
      <OverrideAllowedAttachmentExtensions>*</OverrideAllowedAttachmentExtensions>
      <AllowUploadAttachment>0</AllowUploadAttachment>
      <AllowUploadReferenceDocument>0</AllowUploadReferenceDocument>
      <shouldRollbackManualRecordEdits>true</shouldRollbackManualRecordEdits>
      <UseCultureFormat>true</UseCultureFormat>
      <TransportName>CustomTable</TransportName>
      <LayoutVersion>1.0</LayoutVersion>
    </process>
    <ui>
      <layout>{
	"*": {
		"Screen": {
			"type": "FlexibleFormLayout",
			"options": {
				"splitterType": "simple-v",
				"version": 0,
				"processHelpId": "5084",
				"backColor": "text-backgroundcolor-default",
				"style": null,
				"footerStyle": "default"
			},
			"*": {
				"form-header": {
					"type": "FlexibleFormHeader",
					"options": {
						"hidePanelsMenu": false,
						"version": 0
					},
					"stamp": 2,
					"data": []
				},
				"form-center": {
					"type": "FlexibleFormCenter",
					"options": {
						"version": 0
					},
					"*": {
						"form-content": {
							"type": "FlexibleFormContent",
							"options": {
								"version": 0
							},
							"*": {
								"form-content-center": {
									"type": "FlexibleFormSplitter",
									"options": {
										"version": 1,
										"box": {
											"top": "0%",
											"left": "0%",
											"width": "100%"
										},
										"hidden": false,
										"hideSeparator": true
									},
									"*": {
										"form-content-center-1": {
											"type": "FlexibleFormLine",
											"data": [],
											"options": {
												"version": 0
											},
											"stamp": 9,
											"*": {
												"DataPanel": {
													"type": "PanelData",
													"options": {
														"border": {},
														"version": 0,
														"labelLength": 0,
														"iconURL": "",
														"TitleFontSize": "S",
														"hideActionButtons": false,
														"hideTitleBar": false,
														"backgroundcolor": "default",
														"labelsAlignment": "right",
														"label": "_Document data",
														"hideTitle": false,
														"sameHeightAsSiblings": false
													},
													"*": {
														"FieldsManager": {
															"type": "FieldsManager",
															"options": {
																"controlsAssociation": {
																	"CostCenter__": "LabelCostCenter__",
																	"LabelCostCenter__": "CostCenter__",
																	"CompanyCode__": "LabelCompanyCode__",
																	"LabelCompanyCode__": "CompanyCode__",
																	"OperationID__": "LabelOperation_ID__",
																	"LabelOperation_ID__": "OperationID__",
																	"OperationRuidex__": "LabelOperation_ruidex__",
																	"LabelOperation_ruidex__": "OperationRuidex__",
																	"ToApprove__": "LabelToApprove__",
																	"LabelToApprove__": "ToApprove__",
																	"Committed__": "LabelCommitted__",
																	"LabelCommitted__": "Committed__",
																	"Ordered__": "LabelOrdered__",
																	"LabelOrdered__": "Ordered__",
																	"Received__": "LabelReceived__",
																	"LabelReceived__": "Received__",
																	"PeriodCode__": "LabelPeriod_code__",
																	"LabelPeriod_code__": "PeriodCode__",
																	"SourceType__": "LabelSource_type__",
																	"LabelSource_type__": "SourceType__",
																	"InvoicedNonPO__": "LabelInvoicedNonPO__",
																	"LabelInvoicedNonPO__": "InvoicedNonPO__",
																	"InvoicedPO__": "LabelInvoicedPO__",
																	"LabelInvoicedPO__": "InvoicedPO__",
																	"Group__": "LabelGroup__",
																	"LabelGroup__": "Group__",
																	"BudgetID__": "LabelBudgetID__",
																	"LabelBudgetID__": "BudgetID__",
																	"CostType__": "LabelCostType__",
																	"LabelCostType__": "CostType__",
																	"SourceTypeName__": "LabelSourceTypeName__",
																	"LabelSourceTypeName__": "SourceTypeName__",
																	"VendorName__": "LabelVendorName__",
																	"LabelVendorName__": "VendorName__",
																	"VendorNumber__": "LabelVendorNumber__",
																	"LabelVendorNumber__": "VendorNumber__",
																	"Note__": "LabelNote__",
																	"LabelNote__": "Note__"
																},
																"version": 0
															},
															"*": {
																"Grid": {
																	"type": "GridLayout",
																	"options": {
																		"lines": 19,
																		"columns": 2,
																		"version": 0,
																		"ctrlsPos": {
																			"CostCenter__": {
																				"line": 8,
																				"column": 2
																			},
																			"LabelCostCenter__": {
																				"line": 8,
																				"column": 1
																			},
																			"CompanyCode__": {
																				"line": 5,
																				"column": 2
																			},
																			"LabelCompanyCode__": {
																				"line": 5,
																				"column": 1
																			},
																			"OperationID__": {
																				"line": 1,
																				"column": 2
																			},
																			"LabelOperation_ID__": {
																				"line": 1,
																				"column": 1
																			},
																			"OperationRuidex__": {
																				"line": 4,
																				"column": 2
																			},
																			"LabelOperation_ruidex__": {
																				"line": 4,
																				"column": 1
																			},
																			"ToApprove__": {
																				"line": 14,
																				"column": 2
																			},
																			"LabelToApprove__": {
																				"line": 14,
																				"column": 1
																			},
																			"Committed__": {
																				"line": 15,
																				"column": 2
																			},
																			"LabelCommitted__": {
																				"line": 15,
																				"column": 1
																			},
																			"Ordered__": {
																				"line": 16,
																				"column": 2
																			},
																			"LabelOrdered__": {
																				"line": 16,
																				"column": 1
																			},
																			"Received__": {
																				"line": 17,
																				"column": 2
																			},
																			"LabelReceived__": {
																				"line": 17,
																				"column": 1
																			},
																			"PeriodCode__": {
																				"line": 7,
																				"column": 2
																			},
																			"LabelPeriod_code__": {
																				"line": 7,
																				"column": 1
																			},
																			"SourceType__": {
																				"line": 2,
																				"column": 2
																			},
																			"LabelSource_type__": {
																				"line": 2,
																				"column": 1
																			},
																			"InvoicedNonPO__": {
																				"line": 19,
																				"column": 2
																			},
																			"LabelInvoicedNonPO__": {
																				"line": 19,
																				"column": 1
																			},
																			"InvoicedPO__": {
																				"line": 18,
																				"column": 2
																			},
																			"LabelInvoicedPO__": {
																				"line": 18,
																				"column": 1
																			},
																			"Group__": {
																				"line": 9,
																				"column": 2
																			},
																			"LabelGroup__": {
																				"line": 9,
																				"column": 1
																			},
																			"BudgetID__": {
																				"line": 6,
																				"column": 2
																			},
																			"LabelBudgetID__": {
																				"line": 6,
																				"column": 1
																			},
																			"CostType__": {
																				"line": 10,
																				"column": 2
																			},
																			"LabelCostType__": {
																				"line": 10,
																				"column": 1
																			},
																			"SourceTypeName__": {
																				"line": 3,
																				"column": 2
																			},
																			"LabelSourceTypeName__": {
																				"line": 3,
																				"column": 1
																			},
																			"VendorName__": {
																				"line": 11,
																				"column": 2
																			},
																			"LabelVendorName__": {
																				"line": 11,
																				"column": 1
																			},
																			"VendorNumber__": {
																				"line": 12,
																				"column": 2
																			},
																			"LabelVendorNumber__": {
																				"line": 12,
																				"column": 1
																			},
																			"Note__": {
																				"line": 13,
																				"column": 2
																			},
																			"LabelNote__": {
																				"line": 13,
																				"column": 1
																			}
																		},
																		"colspans": [
																			[],
																			[],
																			[],
																			[],
																			[],
																			[],
																			[],
																			[],
																			[],
																			[],
																			[],
																			[],
																			[],
																			[],
																			[],
																			[],
																			[],
																			[],
																			[]
																		]
																	},
																	"data": [
																		"fields"
																	],
																	"*": {
																		"LabelOperation_ID__": {
																			"type": "Label",
																			"data": [
																				"OperationID__"
																			],
																			"options": {
																				"label": "_Operation ID",
																				"version": 0
																			},
																			"stamp": 14
																		},
																		"OperationID__": {
																			"type": "ShortText",
																			"data": [
																				"OperationID__"
																			],
																			"options": {
																				"textSize": "S",
																				"textAlignment": "left",
																				"textStyle": "default",
																				"textColor": "default",
																				"label": "_Operation ID",
																				"activable": true,
																				"width": 230,
																				"browsable": false,
																				"version": 0
																			},
																			"stamp": 15
																		},
																		"LabelSource_type__": {
																			"type": "Label",
																			"data": [
																				"SourceType__"
																			],
																			"options": {
																				"label": "_Source type",
																				"version": 0
																			},
																			"stamp": 38
																		},
																		"SourceType__": {
																			"type": "Integer",
																			"data": [
																				"SourceType__"
																			],
																			"options": {
																				"version": 1,
																				"textSize": "S",
																				"textAlignment": "right",
																				"textStyle": "default",
																				"textColor": "default",
																				"integer": true,
																				"label": "_Source type",
																				"precision_internal": 0,
																				"activable": true,
																				"width": 230,
																				"precision_current": 0
																			},
																			"stamp": 39
																		},
																		"LabelSourceTypeName__": {
																			"type": "Label",
																			"data": [
																				"SourceTypeName__"
																			],
																			"options": {
																				"label": "_SourceTypeName",
																				"version": 0
																			},
																			"stamp": 50
																		},
																		"SourceTypeName__": {
																			"type": "ComboBox",
																			"data": [
																				"SourceTypeName__"
																			],
																			"options": {
																				"possibleValues": {
																					"0": "_Purchase requisition",
																					"1": "_Purchase order",
																					"2": "_Vendor invoice",
																					"3": "_Goods receipt"
																				},
																				"maxNbLinesToDisplay": 10,
																				"version": 1,
																				"keyValueMode": true,
																				"possibleKeys": {
																					"0": "10",
																					"1": "20",
																					"2": "30",
																					"3": "40"
																				},
																				"label": "_SourceTypeName",
																				"activable": true,
																				"width": 230,
																				"helpText": "",
																				"helpURL": "",
																				"helpFormat": "HTML Format",
																				"helpIconPosition": "Right",
																				"DataSourceOrigin": "Standalone",
																				"DisplayedColumns": "",
																				"readonly": true
																			},
																			"stamp": 51
																		},
																		"LabelOperation_ruidex__": {
																			"type": "Label",
																			"data": [
																				"OperationRuidex__"
																			],
																			"options": {
																				"label": "_Operation ruidex",
																				"version": 0
																			},
																			"stamp": 28
																		},
																		"OperationRuidex__": {
																			"type": "ShortText",
																			"data": [
																				"OperationRuidex__"
																			],
																			"options": {
																				"textSize": "S",
																				"textAlignment": "left",
																				"textStyle": "default",
																				"textColor": "default",
																				"label": "_Operation ruidex",
																				"activable": true,
																				"width": 230,
																				"length": 200,
																				"browsable": false,
																				"version": 0
																			},
																			"stamp": 29
																		},
																		"LabelCompanyCode__": {
																			"type": "Label",
																			"data": [
																				"CompanyCode__"
																			],
																			"options": {
																				"label": "_Company code",
																				"version": 0
																			},
																			"stamp": 16
																		},
																		"CompanyCode__": {
																			"type": "ShortText",
																			"data": [
																				"CompanyCode__"
																			],
																			"options": {
																				"textSize": "S",
																				"textAlignment": "left",
																				"textStyle": "default",
																				"textColor": "default",
																				"label": "_Company code",
																				"activable": true,
																				"width": 230,
																				"browsable": false,
																				"version": 0
																			},
																			"stamp": 17
																		},
																		"LabelBudgetID__": {
																			"type": "Label",
																			"data": [
																				"BudgetID__"
																			],
																			"options": {
																				"label": "_BudgetID",
																				"version": 0
																			},
																			"stamp": 46
																		},
																		"BudgetID__": {
																			"type": "ShortText",
																			"data": [
																				"BudgetID__"
																			],
																			"options": {
																				"textSize": "S",
																				"textAlignment": "left",
																				"textStyle": "default",
																				"textColor": "default",
																				"label": "_BudgetID",
																				"activable": true,
																				"width": 230,
																				"helpText": "",
																				"helpURL": "",
																				"helpFormat": "HTML Format",
																				"browsable": false,
																				"length": 128,
																				"version": 0
																			},
																			"stamp": 47
																		},
																		"LabelPeriod_code__": {
																			"type": "Label",
																			"data": [
																				"PeriodCode__"
																			],
																			"options": {
																				"label": "_Period code",
																				"version": 0
																			},
																			"stamp": 36
																		},
																		"PeriodCode__": {
																			"type": "DatabaseComboBox",
																			"data": [
																				"PeriodCode__"
																			],
																			"options": {
																				"browsable": true,
																				"label": "_Period code",
																				"activable": true,
																				"width": 230,
																				"fTSmaxRecords": "20",
																				"PreFillFTS": true,
																				"version": 0,
																				"autoCompleteSearchMode": "startswith",
																				"searchMode": "matches"
																			},
																			"stamp": 37
																		},
																		"LabelCostCenter__": {
																			"type": "Label",
																			"data": [
																				"CostCenter__"
																			],
																			"options": {
																				"label": "_Cost center",
																				"version": 0
																			},
																			"stamp": 18
																		},
																		"CostCenter__": {
																			"type": "ShortText",
																			"data": [
																				"CostCenter__"
																			],
																			"options": {
																				"textSize": "S",
																				"textAlignment": "left",
																				"textStyle": "default",
																				"textColor": "default",
																				"label": "_Cost center",
																				"activable": true,
																				"width": 230,
																				"browsable": false,
																				"version": 0
																			},
																			"stamp": 19
																		},
																		"LabelGroup__": {
																			"type": "Label",
																			"data": [
																				"Group__"
																			],
																			"options": {
																				"label": "_Group",
																				"version": 0
																			},
																			"stamp": 44
																		},
																		"Group__": {
																			"type": "ShortText",
																			"data": [
																				"Group__"
																			],
																			"options": {
																				"textSize": "S",
																				"textAlignment": "left",
																				"textStyle": "default",
																				"textColor": "default",
																				"label": "_Group",
																				"activable": true,
																				"width": 230,
																				"length": 64,
																				"browsable": false,
																				"version": 0
																			},
																			"stamp": 45
																		},
																		"LabelCostType__": {
																			"type": "Label",
																			"data": [
																				"CostType__"
																			],
																			"options": {
																				"label": "_CostType",
																				"version": 0
																			},
																			"stamp": 48
																		},
																		"CostType__": {
																			"type": "ComboBox",
																			"data": [
																				"CostType__"
																			],
																			"options": {
																				"possibleValues": {
																					"0": "",
																					"1": "_OpEx",
																					"2": "_CapEx"
																				},
																				"version": 1,
																				"keyValueMode": true,
																				"possibleKeys": {
																					"0": "",
																					"1": "OpEx",
																					"2": "CapEx"
																				},
																				"label": "_CostType",
																				"activable": true,
																				"width": 80,
																				"helpText": "",
																				"helpURL": "",
																				"helpFormat": "HTML Format",
																				"DataSourceOrigin": "Standalone",
																				"DisplayedColumns": "",
																				"maxNbLinesToDisplay": 10
																			},
																			"stamp": 49
																		},
																		"LabelVendorName__": {
																			"type": "Label",
																			"data": [
																				"VendorName__"
																			],
																			"options": {
																				"label": "_VendorName"
																			},
																			"stamp": 52
																		},
																		"VendorName__": {
																			"type": "ShortText",
																			"data": [
																				"VendorName__"
																			],
																			"options": {
																				"textSize": "S",
																				"textAlignment": "left",
																				"textStyle": "default",
																				"textColor": "default",
																				"version": 1,
																				"label": "_VendorName",
																				"activable": true,
																				"width": 230,
																				"helpText": "",
																				"helpURL": "",
																				"helpFormat": "HTML Format",
																				"helpIconPosition": "Right",
																				"browsable": false,
																				"readonly": true
																			},
																			"stamp": 53
																		},
																		"LabelVendorNumber__": {
																			"type": "Label",
																			"data": [
																				"VendorNumber__"
																			],
																			"options": {
																				"label": "_VendorNumber"
																			},
																			"stamp": 54
																		},
																		"VendorNumber__": {
																			"type": "ShortText",
																			"data": [
																				"VendorNumber__"
																			],
																			"options": {
																				"textSize": "S",
																				"textAlignment": "left",
																				"textStyle": "default",
																				"textColor": "default",
																				"version": 1,
																				"label": "_VendorNumber",
																				"activable": true,
																				"width": 230,
																				"helpText": "",
																				"helpURL": "",
																				"helpFormat": "HTML Format",
																				"helpIconPosition": "Right",
																				"readonly": true,
																				"browsable": false
																			},
																			"stamp": 55
																		},
																		"LabelNote__": {
																			"type": "Label",
																			"data": [
																				"Note__"
																			],
																			"options": {
																				"label": "_Note"
																			},
																			"stamp": 56
																		},
																		"Note__": {
																			"type": "LongText",
																			"data": [
																				"Note__"
																			],
																			"options": {
																				"textSize": "S",
																				"textAlignment": "left",
																				"textStyle": "default",
																				"textColor": "default",
																				"version": 1,
																				"minNbLines": 4,
																				"label": "_Note",
																				"activable": true,
																				"width": "500",
																				"helpText": "",
																				"helpURL": "",
																				"helpFormat": "HTML Format",
																				"helpIconPosition": "Right",
																				"browsable": false
																			},
																			"stamp": 57
																		},
																		"LabelToApprove__": {
																			"type": "Label",
																			"data": [
																				"ToApprove__"
																			],
																			"options": {
																				"label": "_ToApprove",
																				"version": 0
																			},
																			"stamp": 24
																		},
																		"ToApprove__": {
																			"type": "Decimal",
																			"data": [
																				"ToApprove__"
																			],
																			"options": {
																				"version": 1,
																				"textSize": "S",
																				"textAlignment": "right",
																				"textStyle": "default",
																				"textColor": "default",
																				"integer": false,
																				"label": "_ToApprove",
																				"precision_internal": 2,
																				"activable": true,
																				"width": 230,
																				"precision_current": 2
																			},
																			"stamp": 25
																		},
																		"LabelCommitted__": {
																			"type": "Label",
																			"data": [
																				"Committed__"
																			],
																			"options": {
																				"label": "_Committed",
																				"version": 0
																			},
																			"stamp": 30
																		},
																		"Committed__": {
																			"type": "Decimal",
																			"data": [
																				"Committed__"
																			],
																			"options": {
																				"version": 1,
																				"textSize": "S",
																				"textAlignment": "right",
																				"textStyle": "default",
																				"textColor": "default",
																				"integer": false,
																				"label": "_Committed",
																				"precision_internal": 2,
																				"activable": true,
																				"width": 230,
																				"precision_current": 2
																			},
																			"stamp": 31
																		},
																		"LabelOrdered__": {
																			"type": "Label",
																			"data": [
																				"Ordered__"
																			],
																			"options": {
																				"label": "_Ordered",
																				"version": 0
																			},
																			"stamp": 32
																		},
																		"Ordered__": {
																			"type": "Decimal",
																			"data": [
																				"Ordered__"
																			],
																			"options": {
																				"version": 1,
																				"textSize": "S",
																				"textAlignment": "right",
																				"textStyle": "default",
																				"textColor": "default",
																				"integer": false,
																				"label": "_Ordered",
																				"precision_internal": 2,
																				"activable": true,
																				"width": 230,
																				"precision_current": 2
																			},
																			"stamp": 33
																		},
																		"LabelReceived__": {
																			"type": "Label",
																			"data": [
																				"Received__"
																			],
																			"options": {
																				"label": "_Received",
																				"version": 0
																			},
																			"stamp": 34
																		},
																		"Received__": {
																			"type": "Decimal",
																			"data": [
																				"Received__"
																			],
																			"options": {
																				"version": 1,
																				"textSize": "S",
																				"textAlignment": "right",
																				"textStyle": "default",
																				"textColor": "default",
																				"integer": false,
																				"label": "_Received",
																				"precision_internal": 2,
																				"activable": true,
																				"width": 230,
																				"precision_current": 2
																			},
																			"stamp": 35
																		},
																		"LabelInvoicedPO__": {
																			"type": "Label",
																			"data": [
																				"InvoicedPO__"
																			],
																			"options": {
																				"label": "_Invoiced po",
																				"version": 0
																			},
																			"stamp": 42
																		},
																		"InvoicedPO__": {
																			"type": "Decimal",
																			"data": [
																				"InvoicedPO__"
																			],
																			"options": {
																				"version": 1,
																				"textSize": "S",
																				"textAlignment": "right",
																				"textStyle": "default",
																				"textColor": "default",
																				"integer": false,
																				"label": "_Invoiced po",
																				"precision_internal": 2,
																				"activable": true,
																				"width": 230,
																				"autocompletable": false,
																				"precision_current": 2
																			},
																			"stamp": 43
																		},
																		"LabelInvoicedNonPO__": {
																			"type": "Label",
																			"data": [
																				"InvoicedNonPO__"
																			],
																			"options": {
																				"label": "_Invoiced non po",
																				"version": 0
																			},
																			"stamp": 40
																		},
																		"InvoicedNonPO__": {
																			"type": "Decimal",
																			"data": [
																				"InvoicedNonPO__"
																			],
																			"options": {
																				"version": 1,
																				"textSize": "S",
																				"textAlignment": "right",
																				"textStyle": "default",
																				"textColor": "default",
																				"integer": false,
																				"label": "_Invoiced non po",
																				"precision_internal": 2,
																				"activable": true,
																				"width": 230,
																				"autocompletable": false,
																				"precision_current": 2
																			},
																			"stamp": 41
																		}
																	},
																	"stamp": 8
																}
															},
															"stamp": 7,
															"data": []
														}
													},
													"stamp": 6,
													"data": []
												}
											}
										}
									},
									"stamp": 5,
									"data": []
								}
							},
							"stamp": 4,
							"data": []
						}
					},
					"stamp": 3,
					"data": []
				},
				"form-footer": {
					"type": "FlexibleFormFooter",
					"options": {
						"splitterType": "simple-h",
						"version": 0
					},
					"*": {
						"Save": {
							"type": "SubmitButton",
							"options": {
								"label": "_Save",
								"action": "savequit",
								"submit": true,
								"version": 0,
								"shortCut": "S",
								"textSize": "S",
								"disabled": true
							},
							"stamp": 11,
							"data": []
						},
						"Close": {
							"type": "SubmitButton",
							"options": {
								"label": "_Close",
								"action": "cancel",
								"submit": true,
								"version": 0,
								"shortCut": "Q",
								"textSize": "S"
							},
							"stamp": 12,
							"data": []
						},
						"Delete": {
							"type": "SubmitButton",
							"options": {
								"label": "_Delete",
								"action": "delete",
								"submit": true,
								"version": 0,
								"disabled": true,
								"textSize": "S"
							},
							"stamp": 13,
							"data": []
						}
					},
					"stamp": 10,
					"data": []
				}
			},
			"stamp": 1,
			"data": []
		}
	},
	"stamps": 57,
	"data": []
}</layout>
    </ui>
  </properties>
  <field deleted="0" format="" guid="PHQG42294B21" id="QK0652000SG7" label="_BudgetID report" length="128" name="BudgetID__" originalProcessID="PHQG134850" precision="0" processid="ZJ0652000SG7" submitable="1" type="STR">
    <properties>
      <db>
        <alias>AQK0652000SG7</alias>
        <noxml>1</noxml>
        <fullname>/job/processfields/BudgetID__</fullname>
        <defaultvalue>
        </defaultvalue>
        <RecordLastWrite>2022-10-25 17:06:50</RecordLastWrite>
      </db>
      <extrainfo>
        <Label>_BudgetID report</Label>
        <Alias>AQK0652000SG7</Alias>
        <ProcessFieldVersion vartype="INT">1</ProcessFieldVersion>
      </extrainfo>
      <gdr>
        <VarType>Area</VarType>
        <DisableAutolearn>1</DisableAutolearn>
      </gdr>
      <help>
        <helpData>{"helpText":"","helpURL":"","helpFormat":"HTML Format"}</helpData>
      </help>
      <ui>
        <_type>String</_type>
        <automatic>true</automatic>
      </ui>
    </properties>
  </field>
  <field deleted="0" format="" guid="FIRC134813" id="AK0652000SG7" label="_Committed report" length="17" name="Committed__" originalProcessID="PHQG134850" precision="2" processid="ZJ0652000SG7" submitable="1" type="DECIMAL">
    <properties>
      <db>
        <alias>AAK0652000SG7</alias>
        <noxml>1</noxml>
        <fullname>/job/processfields/Committed__</fullname>
        <defaultvalue>
        </defaultvalue>
        <RecordLastWrite>2022-10-25 17:06:49</RecordLastWrite>
      </db>
      <extrainfo>
        <Label>_Committed report</Label>
        <Alias>AAK0652000SG7</Alias>
        <DecimalPrecision vartype="INT">2</DecimalPrecision>
        <ProcessFieldVersion vartype="INT">1</ProcessFieldVersion>
      </extrainfo>
      <gdr>
        <VarType>Area</VarType>
      </gdr>
      <ui>
        <_type>Number</_type>
        <automatic>true</automatic>
      </ui>
    </properties>
  </field>
  <field deleted="0" format="" guid="LFDX134854" id="BK0652000SG7" label="_Company code report" length="50" name="CompanyCode__" originalProcessID="PHQG134850" precision="0" processid="ZJ0652000SG7" submitable="1" type="STR">
    <properties>
      <db>
        <alias>ABK0652000SG7</alias>
        <index vartype="INT">1</index>
        <noxml>1</noxml>
        <fullname>/job/processfields/CompanyCode__</fullname>
        <jointable>PurchasingCompanycodes__</jointable>
        <jointableid>CT#ECW552000SG7</jointableid>
        <defaultvalue>
        </defaultvalue>
        <joincondition>(source.CompanyCode__=dest.CompanyCode__)</joincondition>
        <RecordLastWrite>2022-10-25 17:06:49</RecordLastWrite>
      </db>
      <extrainfo>
        <Label>_Company code report</Label>
        <Alias>ABK0652000SG7</Alias>
        <ProcessFieldVersion vartype="INT">1</ProcessFieldVersion>
      </extrainfo>
      <gdr>
        <VarType>Area</VarType>
      </gdr>
      <ui>
        <_type>String</_type>
        <automatic>true</automatic>
      </ui>
    </properties>
  </field>
  <field deleted="0" format="" guid="AYLN134853" id="CK0652000SG7" label="_Cost center report" length="50" name="CostCenter__" originalProcessID="PHQG134850" precision="0" processid="ZJ0652000SG7" submitable="1" type="STR">
    <properties>
      <db>
        <alias>ACK0652000SG7</alias>
        <noxml>1</noxml>
        <fullname>/job/processfields/CostCenter__</fullname>
        <defaultvalue>
        </defaultvalue>
        <RecordLastWrite>2022-10-25 17:06:49</RecordLastWrite>
      </db>
      <extrainfo>
        <Label>_Cost center report</Label>
        <Alias>ACK0652000SG7</Alias>
        <ProcessFieldVersion vartype="INT">1</ProcessFieldVersion>
      </extrainfo>
      <gdr>
        <VarType>Area</VarType>
      </gdr>
      <ui>
        <_type>String</_type>
        <automatic>true</automatic>
      </ui>
    </properties>
  </field>
  <field deleted="0" format="" guid="XLC3FP000M4H" id="DK0652000SG7" label="_CostType report" length="50" name="CostType__" originalProcessID="PHQG134850" precision="0" processid="ZJ0652000SG7" submitable="1" type="STR">
    <properties>
      <db>
        <alias>ADK0652000SG7</alias>
        <noxml>1</noxml>
        <fullname>/job/processfields/CostType__</fullname>
        <defaultvalue>
        </defaultvalue>
        <RecordLastWrite>2022-10-25 17:06:49</RecordLastWrite>
      </db>
      <extrainfo>
        <Type>webaccess.Process.Columns.WithPossibleValues</Type>
        <Label>_CostType report</Label>
        <Alias>ADK0652000SG7</Alias>
        <ProcessFieldVersion vartype="INT">1</ProcessFieldVersion>
      </extrainfo>
      <field>
        <TableName>
        </TableName>
        <DisplayedColumns>
        </DisplayedColumns>
        <DataSourceOrigin>Standalone</DataSourceOrigin>
        <possibleKeys>
OpEx
CapEx</possibleKeys>
        <SavedColumn>
        </SavedColumn>
        <possibleValues>
_OpEx
_CapEx</possibleValues>
        <ProcessName>
        </ProcessName>
      </field>
      <gdr>
        <DisableAutolearn>1</DisableAutolearn>
      </gdr>
      <help>
        <helpData>{"helpText":"","helpURL":"","helpFormat":"HTML Format"}</helpData>
      </help>
      <ui>
        <_type>String</_type>
        <automatic>true</automatic>
      </ui>
    </properties>
  </field>
  <field deleted="0" format="" guid="KNHU134714" id="EK0652000SG7" label="_Group_report" length="64" name="Group__" originalProcessID="PHQG134850" precision="0" processid="ZJ0652000SG7" submitable="1" type="STR">
    <properties>
      <db>
        <alias>AEK0652000SG7</alias>
        <noxml>1</noxml>
        <fullname>/job/processfields/Group__</fullname>
        <defaultvalue>
        </defaultvalue>
        <RecordLastWrite>2022-10-25 17:06:49</RecordLastWrite>
      </db>
      <extrainfo>
        <Label>_Group_report</Label>
        <Alias>AEK0652000SG7</Alias>
        <ProcessFieldVersion vartype="INT">1</ProcessFieldVersion>
      </extrainfo>
      <gdr>
        <VarType>Area</VarType>
      </gdr>
      <ui>
        <_type>String</_type>
        <automatic>true</automatic>
      </ui>
    </properties>
  </field>
  <field deleted="0" format="" guid="JBFR1001492" id="FK0652000SG7" label="_Invoiced non po" length="17" name="InvoicedNonPO__" originalProcessID="PHQG134850" precision="2" processid="ZJ0652000SG7" submitable="1" type="DECIMAL">
    <properties>
      <db>
        <alias>AFK0652000SG7</alias>
        <noxml>1</noxml>
        <fullname>/job/processfields/InvoicedNonPO__</fullname>
        <defaultvalue>
        </defaultvalue>
        <RecordLastWrite>2022-10-25 17:06:49</RecordLastWrite>
      </db>
      <extrainfo>
        <Label>_Invoiced non po</Label>
        <Alias>AFK0652000SG7</Alias>
        <DecimalPrecision vartype="INT">2</DecimalPrecision>
        <ProcessFieldVersion vartype="INT">1</ProcessFieldVersion>
      </extrainfo>
      <gdr>
        <VarType>Area</VarType>
      </gdr>
      <ui>
        <_type>Number</_type>
        <automatic>true</automatic>
      </ui>
    </properties>
  </field>
  <field deleted="0" format="" guid="MTPJ1011861" id="GK0652000SG7" label="_Invoiced po" length="17" name="InvoicedPO__" originalProcessID="PHQG134850" precision="2" processid="ZJ0652000SG7" submitable="1" type="DECIMAL">
    <properties>
      <db>
        <alias>AGK0652000SG7</alias>
        <noxml>1</noxml>
        <fullname>/job/processfields/InvoicedPO__</fullname>
        <defaultvalue>
        </defaultvalue>
        <RecordLastWrite>2022-10-25 17:06:49</RecordLastWrite>
      </db>
      <extrainfo>
        <Label>_Invoiced po</Label>
        <Alias>AGK0652000SG7</Alias>
        <DecimalPrecision vartype="INT">2</DecimalPrecision>
        <ProcessFieldVersion vartype="INT">1</ProcessFieldVersion>
      </extrainfo>
      <gdr>
        <VarType>Area</VarType>
      </gdr>
      <ui>
        <_type>Number</_type>
        <automatic>true</automatic>
      </ui>
    </properties>
  </field>
  <field deleted="0" format="" guid="RJDLG0000SG1" id="HK0652000SG7" label="_Note_report" length="32766" name="Note__" originalProcessID="PHQG134850" precision="0" processid="ZJ0652000SG7" submitable="1" type="STR">
    <properties>
      <db>
        <alias>AHK0652000SG7</alias>
        <noxml>1</noxml>
        <fullname>/job/processfields/Note__</fullname>
        <defaultvalue>
        </defaultvalue>
        <RecordLastWrite>2022-10-25 17:06:49</RecordLastWrite>
      </db>
      <extrainfo>
        <Label>_Note_report</Label>
        <Alias>AHK0652000SG7</Alias>
        <ProcessFieldVersion vartype="INT">1</ProcessFieldVersion>
      </extrainfo>
      <gdr>
        <DisableAutolearn>1</DisableAutolearn>
      </gdr>
      <help>
        <helpData>{"helpText":"","helpURL":"","helpFormat":"HTML Format","helpIconPosition":"Right"}</helpData>
      </help>
      <ui>
        <_type>String</_type>
        <automatic>true</automatic>
      </ui>
    </properties>
  </field>
  <field deleted="0" format="" guid="PHQG134851" id="IK0652000SG7" label="_Operation ID report" length="50" name="OperationID__" originalProcessID="PHQG134850" precision="0" processid="ZJ0652000SG7" submitable="1" type="STR">
    <properties>
      <db>
        <alias>AIK0652000SG7</alias>
        <index vartype="INT">1</index>
        <noxml>1</noxml>
        <fullname>/job/processfields/OperationID__</fullname>
        <defaultvalue>
        </defaultvalue>
        <RecordLastWrite>2022-10-25 17:06:49</RecordLastWrite>
      </db>
      <extrainfo>
        <Label>_Operation ID report</Label>
        <Alias>AIK0652000SG7</Alias>
        <ProcessFieldVersion vartype="INT">1</ProcessFieldVersion>
      </extrainfo>
      <gdr>
        <VarType>Area</VarType>
      </gdr>
      <ui>
        <_type>String</_type>
        <automatic>true</automatic>
      </ui>
    </properties>
  </field>
  <field deleted="0" format="" guid="YAMP136371" id="JK0652000SG7" label="_Operation ruidex report" length="200" name="OperationRuidex__" originalProcessID="PHQG134850" precision="0" processid="ZJ0652000SG7" submitable="1" type="STR">
    <properties>
      <db>
        <alias>AJK0652000SG7</alias>
        <index vartype="INT">1</index>
        <noxml>1</noxml>
        <fullname>/job/processfields/OperationRuidex__</fullname>
        <defaultvalue>
        </defaultvalue>
        <RecordLastWrite>2022-10-25 17:06:49</RecordLastWrite>
      </db>
      <extrainfo>
        <Label>_Operation ruidex report</Label>
        <Alias>AJK0652000SG7</Alias>
        <ProcessFieldVersion vartype="INT">1</ProcessFieldVersion>
      </extrainfo>
      <gdr>
        <VarType>Area</VarType>
      </gdr>
      <ui>
        <_type>String</_type>
        <automatic>true</automatic>
      </ui>
    </properties>
  </field>
  <field deleted="0" format="" guid="VSCX134814" id="KK0652000SG7" label="_Ordered report" length="17" name="Ordered__" originalProcessID="PHQG134850" precision="2" processid="ZJ0652000SG7" submitable="1" type="DECIMAL">
    <properties>
      <db>
        <alias>AKK0652000SG7</alias>
        <noxml>1</noxml>
        <fullname>/job/processfields/Ordered__</fullname>
        <defaultvalue>
        </defaultvalue>
        <RecordLastWrite>2022-10-25 17:06:49</RecordLastWrite>
      </db>
      <extrainfo>
        <Label>_Ordered report</Label>
        <Alias>AKK0652000SG7</Alias>
        <DecimalPrecision vartype="INT">2</DecimalPrecision>
        <ProcessFieldVersion vartype="INT">1</ProcessFieldVersion>
      </extrainfo>
      <gdr>
        <VarType>Area</VarType>
      </gdr>
      <ui>
        <_type>Number</_type>
        <automatic>true</automatic>
      </ui>
    </properties>
  </field>
  <field deleted="0" format="" guid="QOOD133133" id="LK0652000SG7" label="_Period code report" length="50" name="PeriodCode__" originalProcessID="PHQG134850" precision="0" processid="ZJ0652000SG7" submitable="1" type="STR">
    <properties>
      <db>
        <alias>ALK0652000SG7</alias>
        <noxml>1</noxml>
        <fullname>/job/processfields/PeriodCode__</fullname>
        <jointable>P2P - Accounting period__</jointable>
        <jointableid>CT#SFZ552000SG7</jointableid>
        <defaultvalue>
        </defaultvalue>
        <joincondition>(&amp;(source.CompanyCode__=dest.CompanyCode__)(source.PeriodCode__=dest.PeriodCode__))</joincondition>
        <RecordLastWrite>2022-10-25 17:06:49</RecordLastWrite>
      </db>
      <extrainfo>
        <Label>_Period code report</Label>
        <Alias>ALK0652000SG7</Alias>
        <ProcessFieldVersion vartype="INT">1</ProcessFieldVersion>
      </extrainfo>
      <field>
        <Editable>true</Editable>
        <TableName>CT#SFZ552000SG7</TableName>
        <SortOrder>
        </SortOrder>
        <DisplayedColumns>PeriodCode__|CompanyCode__|PeriodName__|PeriodStart__|PeriodEnd__</DisplayedColumns>
        <DisplayedColumnsIds>
        </DisplayedColumnsIds>
        <SavedColumn>PeriodCode__</SavedColumn>
        <SavedColumnId>
        </SavedColumnId>
        <ProcessName>P2P - Accounting period__</ProcessName>
        <CustomFilter>
        </CustomFilter>
      </field>
      <ui>
        <_type>String</_type>
        <automatic>true</automatic>
      </ui>
    </properties>
  </field>
  <field deleted="0" format="" guid="GGBW134815" id="MK0652000SG7" label="_Received report" length="17" name="Received__" originalProcessID="PHQG134850" precision="2" processid="ZJ0652000SG7" submitable="1" type="DECIMAL">
    <properties>
      <db>
        <alias>AMK0652000SG7</alias>
        <noxml>1</noxml>
        <fullname>/job/processfields/Received__</fullname>
        <defaultvalue>
        </defaultvalue>
        <RecordLastWrite>2022-10-25 17:06:49</RecordLastWrite>
      </db>
      <extrainfo>
        <Label>_Received report</Label>
        <Alias>AMK0652000SG7</Alias>
        <DecimalPrecision vartype="INT">2</DecimalPrecision>
        <ProcessFieldVersion vartype="INT">1</ProcessFieldVersion>
      </extrainfo>
      <gdr>
        <VarType>Area</VarType>
      </gdr>
      <ui>
        <_type>Number</_type>
        <automatic>true</automatic>
      </ui>
    </properties>
  </field>
  <field deleted="0" format="" guid="QQ47FP000SG1" id="OK0652000SG7" label="_SourceTypeNameReport" length="50" name="SourceTypeName__" originalProcessID="PHQG134850" precision="0" processid="ZJ0652000SG7" submitable="1" type="STR">
    <properties>
      <db>
        <alias>AOK0652000SG7</alias>
        <noxml>1</noxml>
        <fullname>/job/processfields/SourceTypeName__</fullname>
        <defaultvalue>10</defaultvalue>
        <RecordLastWrite>2022-10-25 17:06:49</RecordLastWrite>
      </db>
      <extrainfo>
        <Type>webaccess.Process.Columns.WithPossibleValues</Type>
        <Label>_SourceTypeNameReport</Label>
        <Alias>AOK0652000SG7</Alias>
        <ProcessFieldVersion vartype="INT">1</ProcessFieldVersion>
      </extrainfo>
      <field>
        <TableName>
        </TableName>
        <DisplayedColumns>
        </DisplayedColumns>
        <DataSourceOrigin>Standalone</DataSourceOrigin>
        <possibleKeys>10
20
30
40</possibleKeys>
        <SavedColumn>
        </SavedColumn>
        <possibleValues>_Purchase requisition
_Purchase order
_Vendor invoice
_Goods receipt</possibleValues>
        <ProcessName>
        </ProcessName>
      </field>
      <gdr>
        <DisableAutolearn>1</DisableAutolearn>
      </gdr>
      <help>
        <helpData>{"helpText":"","helpURL":"","helpFormat":"HTML Format","helpIconPosition":"Right"}</helpData>
      </help>
      <ui>
        <_type>String</_type>
        <automatic>true</automatic>
      </ui>
    </properties>
  </field>
  <field deleted="0" format="" guid="BIIJ133664" id="NK0652000SG7" label="Source type" length="0" name="SourceType__" originalProcessID="PHQG134850" precision="0" processid="ZJ0652000SG7" submitable="1" type="INT">
    <properties>
      <db>
        <alias>ANK0652000SG7</alias>
        <noxml>1</noxml>
        <fullname>/job/processfields/SourceType__</fullname>
        <defaultvalue>
        </defaultvalue>
        <RecordLastWrite>2022-10-25 17:06:49</RecordLastWrite>
      </db>
      <extrainfo>
        <Label>Source type</Label>
        <Alias>ANK0652000SG7</Alias>
        <ProcessFieldVersion vartype="INT">1</ProcessFieldVersion>
      </extrainfo>
      <gdr>
        <VarType>Area</VarType>
      </gdr>
      <ui>
        <_type>Number</_type>
        <automatic>true</automatic>
      </ui>
    </properties>
  </field>
  <field deleted="0" format="" guid="FIRC134855" id="PK0652000SG7" label="_ToApprove report" length="17" name="ToApprove__" originalProcessID="PHQG134850" precision="2" processid="ZJ0652000SG7" submitable="1" type="DECIMAL">
    <properties>
      <db>
        <alias>APK0652000SG7</alias>
        <noxml>1</noxml>
        <fullname>/job/processfields/ToApprove__</fullname>
        <defaultvalue>
        </defaultvalue>
        <RecordLastWrite>2022-10-25 17:06:50</RecordLastWrite>
      </db>
      <extrainfo>
        <Label>_ToApprove report</Label>
        <Alias>APK0652000SG7</Alias>
        <DecimalPrecision vartype="INT">2</DecimalPrecision>
        <ProcessFieldVersion vartype="INT">1</ProcessFieldVersion>
      </extrainfo>
      <gdr>
        <VarType>Area</VarType>
      </gdr>
      <ui>
        <_type>Number</_type>
        <automatic>true</automatic>
      </ui>
    </properties>
  </field>
  <field deleted="0" format="" guid="PJDLG0000SG1" id="RK0652000SG7" label="_VendorName_report" length="50" name="VendorName__" originalProcessID="PHQG134850" precision="0" processid="ZJ0652000SG7" submitable="1" type="STR">
    <properties>
      <db>
        <alias>ARK0652000SG7</alias>
        <noxml>1</noxml>
        <fullname>/job/processfields/VendorName__</fullname>
        <defaultvalue>
        </defaultvalue>
        <RecordLastWrite>2022-10-25 17:06:50</RecordLastWrite>
      </db>
      <extrainfo>
        <Label>_VendorName_report</Label>
        <Alias>ARK0652000SG7</Alias>
        <ProcessFieldVersion vartype="INT">1</ProcessFieldVersion>
      </extrainfo>
      <gdr>
        <VarType>Area</VarType>
        <DisableAutolearn>1</DisableAutolearn>
      </gdr>
      <help>
        <helpData>{"helpText":"","helpURL":"","helpFormat":"HTML Format","helpIconPosition":"Right"}</helpData>
      </help>
      <ui>
        <_type>String</_type>
        <automatic>true</automatic>
      </ui>
    </properties>
  </field>
  <field deleted="0" format="" guid="QJDLG0000SG1" id="SK0652000SG7" label="_VendorNumber_report" length="50" name="VendorNumber__" originalProcessID="PHQG134850" precision="0" processid="ZJ0652000SG7" submitable="1" type="STR">
    <properties>
      <db>
        <alias>ASK0652000SG7</alias>
        <noxml>1</noxml>
        <fullname>/job/processfields/VendorNumber__</fullname>
        <defaultvalue>
        </defaultvalue>
        <RecordLastWrite>2022-10-25 17:06:50</RecordLastWrite>
      </db>
      <extrainfo>
        <Label>_VendorNumber_report</Label>
        <Alias>ASK0652000SG7</Alias>
        <ProcessFieldVersion vartype="INT">1</ProcessFieldVersion>
      </extrainfo>
      <gdr>
        <VarType>Area</VarType>
        <DisableAutolearn>1</DisableAutolearn>
      </gdr>
      <help>
        <helpData>{"helpText":"","helpURL":"","helpFormat":"HTML Format"}</helpData>
      </help>
      <ui>
        <_type>String</_type>
        <automatic>true</automatic>
      </ui>
    </properties>
  </field>
  <type id="JLLP13130F1" name="CT">
  </type>
</process>