﻿<?xml version="1.0" encoding="UTF-8" standalone="no"?>
<process accountid="20063076" allowrepairprocess="0" builtin="0" builtinversion="0" carriesapplicationversion="0" creationdatetime="2022-10-25 17:05:40" deleted="0" eskerapplication="" global="0" id="HMY552000SG7" keepcustomization="0" keepfieldsonly="0" keepfieldsproperties="0" keepnewcontroloptions="0" migrationversion="4" name="Reminders for payment approval" needvalidation="0" ootofilter="" ootoversion="0" originalProcessID="QGUQ15073" ownerid="cn=admin_p2p@paragon-cc.fr,ou=DEV,ou=TrainingP2P,ou=DEMO_JULIEN,ou=05284299,ou=ESK,s=eoo" ownerpb="OnDemand AddressBook" public="1" pushnotification="0" reuseengine="0" sprintversion="5.261.0" transportname="CustomData" upgradable="1" userid="0" version="1" visibility="0">
  <properties>
    <dataConditions>
      <listDataConditions>
			&lt;dataCondition&gt;
				&lt;tableName&gt;P2P - Global Application Settings__&lt;/tableName&gt;
				&lt;filter&gt;msnex=*&lt;/filter&gt;
				&lt;labelKey&gt;_AP disabled&lt;/labelKey&gt;
				&lt;conditions&gt;
					&lt;allowCondition&gt;
						&lt;fieldName&gt;EnableAccountPayableGlobalSetting__&lt;/fieldName&gt;
						&lt;fieldValue&gt;1&lt;/fieldValue&gt;
					&lt;/allowCondition&gt;
				&lt;/conditions&gt;
			&lt;/dataCondition&gt;
		</listDataConditions>
    </dataConditions>
    <gdr>
      <AllowTagCoverPages>true</AllowTagCoverPages>
      <AllowTagNewDocuments>true</AllowTagNewDocuments>
      <AllowTagAttachments>true</AllowTagAttachments>
      <extractionscriptIncludedScripts>Sys/Sys_Helpers_Attach</extractionscriptIncludedScripts>
      <extractionscriptIncludedScripts>Sys/Sys_EmailNotification</extractionscriptIncludedScripts>
      <extractionscriptIncludedScripts>Lib_Parameters_P2P_V12.0.461.0</extractionscriptIncludedScripts>
      <extractionscriptIncludedScripts>[Lib_Custom_Parameters]</extractionscriptIncludedScripts>
      <extractionscriptIncludedScripts>[Lib_P2P_Custom_Parameters]</extractionscriptIncludedScripts>
      <ExtractionScript>// This process is generic for AP scheduled task reminders
/** *************** **/
/** MAPPING **/
/** *************** **/
var ReminderMapping = {};
ReminderMapping.paymentApproval = {
	"template": "AP-ReminderForPaymentApproval.htm",
	"trads":
	{
		"tradKeySingleItem": "_Invoice pending approval",
		"tradKeyMultiItem": "_Invoices pending approval"
	},
	"viewNameUrl": "/View.link?tabName=_My%20documents-AP_SAP&amp;viewName=_AP_View%20-%20Assigned%20to%20me",
	"fromName": "Esker Accounts payable",
	"query":
	{
		"processName": "Vendor invoice",
		"filter": "(&amp;(InvoiceStatus__=To approve)(State=70))",
		"includeDnValidate": true
	}
};
ReminderMapping.vendorRegistrationApproval = {
	"template": "AP-ReminderForVendorRegistrationApproval.htm",
	"trads":
	{
		"tradKeySingleItem": "_Vendor registration pending approval",
		"tradKeyMultiItem": "_Vendor registrations pending approval"
	},
	"viewNameUrl": "/View.link?tabName=_Vendor%20registration&amp;viewName=_Vendor%20registration%20-%20ToValidate",
	"fromName": "Esker Vendor management",
	"query":
	{
		"processName": "Vendor Registration",
		"filter": "(&amp;(ProcessStatus__=ToValidate)(State=70))",
		"includeDnValidate": false
	}
};
ReminderMapping.defaultReminder = ReminderMapping.paymentApproval;
/** *************** **/
/** CONTROL HELPERS **/
/** *************** **/
var EmailNotificationCtrl = {
	GetSubject: function (count)
	{
		if (count &gt; 1)
		{
			return {
				key: ReminderMapping[scheduleName].trads.tradKeyMultiItem,
				parameters: [count]
			};
		}
		return {
			key: ReminderMapping[scheduleName].trads.tradKeySingleItem
		};
	},
	GetCustomTags: function (count, approver)
	{
		var baseUrl = Data.GetValue("ValidationUrl");
		baseUrl = baseUrl.substr(0, baseUrl.lastIndexOf("/"));
		var SSO_URL = Sys.Parameters.GetInstance("P2P").GetParameter("SSO_URL", null);
		var viewName = ReminderMapping[scheduleName].viewNameUrl;
		var validationURL = baseUrl + viewName;
		if (!Sys.Helpers.IsEmpty(SSO_URL))
		{
			var decodeViewName = decodeURIComponent(viewName);
			validationURL = SSO_URL + "&amp;ReturnURL=" + encodeURIComponent(baseUrl) + encodeURIComponent(decodeViewName);
		}
		var customTags = {
			ApproverDisplayName: approver.GetValue("DisplayName"),
			ValidationUrl: validationURL,
			NumberOfInvoice: count,
			NumberOfItems: count
		};
		if (count &gt; 1)
		{
			customTags.PlurialItems = "true";
			customTags.PlurialInvoices = "true";
		}
		return customTags;
	},
	NotifyApprover: function (login, count)
	{
		var approver = Users.GetUser(login);
		if (approver)
		{
			var approverLanguage = approver.GetValue("Language");
			var email = Sys.EmailNotification.CreateEmailWithUser(
			{
				user: approver,
				subject: this.GetSubject(count),
				template: ReminderMapping[scheduleName].template,
				customTags: this.GetCustomTags(count, approver),
				escapeCustomTags: true,
				backupUserAsCC: true,
				sendToAllMembersIfGroup: Sys.Parameters.GetInstance("P2P").GetParameter("SendNotificationsToEachGroupMembers") === "1"
			});
			if (email)
			{
				Sys.EmailNotification.AddSender(email, "notification@eskerondemand.com", Language.TranslateInto(ReminderMapping[scheduleName].fromName, approverLanguage, false));
				Sys.EmailNotification.SendEmail(email);
			}
		}
		else
		{
			Log.Warn("approver with login '" + login + "' not found");
		}
	}
};
var ReadFromRecords = {
	/**
	 * Extract info from records
	 */
	getUsers: function ()
	{
		var users = {};
		var processId = Process.GetProcessID(ReminderMapping[scheduleName].query.processName);
		var filter = ReminderMapping[scheduleName].query.filter;
		var prefixTable = "CD#";
		var attributes = ["OwnerId"];
		var handleResultsFunc = handleQueryResult;
		if (ReminderMapping[scheduleName].query.includeDnValidate)
		{
			attributes.push("DnValidate");
			handleResultsFunc = handleQueryResultWithDnValidate;
		}
		var query = Process.CreateQueryAsProcessAdmin();
		query.SetSpecificTable("".concat(prefixTable).concat(processId));
		query.SetFilter(filter);
		query.SetAttributesList(attributes.join(","));
		query.SetOptionEx("Limit=-1");
		query.SetOptionEx("FastSearch=1");
		query.SetOptions(0x00210000); // DBSET_READONLY | DBSET_QUICK
		var record = query.MoveFirst() ? query.MoveNextRecord() : null;
		if (record)
		{
			do {
				handleResultsFunc(record);
				record = query.MoveNextRecord();
			} while (record);
		}
		else
		{
			Log.Error("Unable to retrieve users : ".concat(query.GetLastErrorMessage()));
		}

		function handleQueryResultWithDnValidate(userRecord)
		{
			if (userRecord)
			{
				var nbDnValidate = userRecord.GetVars().GetNbValues("DnValidate");
				for (var i = 0; i &lt; nbDnValidate; i++)
				{
					var dn = userRecord.GetVars().GetValue_String("DnValidate", i);
					var userLogin = dn ? Sys.Helpers.String.ExtractLoginFromDN(dn) : "";
					if (userLogin)
					{
						ReadFromRecords.updateLogin(users, userLogin);
					}
				}
				// FT-026568 : if no dnvalidate has been found, we use the ownerid
				if (nbDnValidate == 0)
				{
					var ownerid = userRecord.GetVars().GetValue_String("OwnerId", 0);
					var userLogin = ownerid ? Sys.Helpers.String.ExtractLoginFromDN(ownerid) : "";
					if (userLogin)
					{
						ReadFromRecords.updateLogin(users, userLogin);
					}
				}
			}
		}

		function handleQueryResult(userRecord)
		{
			if (userRecord)
			{
				var ownerId = userRecord.GetVars().GetValue_String("OwnerId", 0);
				var userLogin = ownerId ? Sys.Helpers.String.ExtractLoginFromDN(ownerId) : "";
				if (userLogin)
				{
					ReadFromRecords.updateLogin(users, userLogin);
				}
			}
		}
		return users;
	},
	/**
	 * update count for a specific login
	 */
	updateLogin: function (users, login)
	{
		if (Object.prototype.hasOwnProperty.call(users, login))
		{
			users[login]++;
		}
		else
		{
			users[login] = 1;
		}
	}
};
/**
 * sent an email to all users specified as parameter
 */
function notifyUsers(users)
{
	for (var login in users)
	{
		if (Object.prototype.hasOwnProperty.call(users, login))
		{
			EmailNotificationCtrl.NotifyApprover(login, users[login]);
		}
	}
}
/**
 * Retrieve schedule name to remind and check if exiting in ReminderMapping
 */
function getExistingScheduleName()
{
	var reportParameter = Variable.GetValueAsString("reportParameter");
	if (reportParameter)
	{
		var params = JSON.parse(reportParameter);
		if ("scheduleName" in params &amp;&amp; !!ReminderMapping[params.scheduleName])
		{
			return params.scheduleName;
		}
		Log.Error("Schedule name is missing or unknown in reportParameter variable : ".concat(JSON.stringify(reportParameter), ". Prevent to execute schedule task."));
		Process.Exit(200);
		return null;
	}
	Log.Warn("Variable reportParameter is missing.");
	Log.Info("This process is updated in version 249 and requires 'reportParameter' variable process in scheduled task settings but old accounts do not have this variable yet. The default schedule task is 'Reminders for payment approval'.");
	return "defaultReminder";
}
var scheduleName = getExistingScheduleName();
if (scheduleName !== null)
{
	var usersToNotify = ReadFromRecords.getUsers();
	notifyUsers(usersToNotify);
}</ExtractionScript>
      <AllowRemovePages>true</AllowRemovePages>
      <AllowSwapPages>true</AllowSwapPages>
    </gdr>
    <lg>
      <process_de>{
	"_Invoice pending approval": "Ausstehende Zahlungsgenehmigungen",
	"_Invoices pending approval": "Ausstehende Zahlungsgenehmigung",
	"_Vendor registration pending approval": "Lieferantenregistrierung ausstehend",
	"_Vendor registrations pending approval": "Lieferantenregistrierungen ausstehend",
	"Esker Accounts payable": "Esker Lieferantenrechnungen",
	"Esker Vendor management": "Esker-Lieferantenmanagement",
	"Reminders for payment approval": "P2P - Automatisierte Genehmigungserinnerungen"
}</process_de>
      <process_JA>{
	"_Invoice pending approval": "承認保留中の請求書",
	"_Invoices pending approval": "承認保留中の請求書",
	"_Vendor registration pending approval": "承認待ちの仕入先登録",
	"_Vendor registrations pending approval": "承認待ちの仕入先登録",
	"Esker Accounts payable": "Esker買掛金",
	"Esker Vendor management": "Esker仕入先管理",
	"Reminders for payment approval": "P2P - 自動承認リマインダー"
}</process_JA>
      <process_en>{
	"_Invoice pending approval": "Invoice pending approval",
	"_Invoices pending approval": "Invoices pending approval",
	"_Vendor registration pending approval": "Vendor registration pending approval",
	"_Vendor registrations pending approval": "Vendor registrations pending approval",
	"Esker Accounts payable": "Esker Accounts Payable",
	"Esker Vendor management": "Esker Vendor Management",
	"Reminders for payment approval": "P2P - Automatic approval reminders"
}</process_en>
      <process_es>{
	"_Invoice pending approval": "Factura en espera de aprobación",
	"_Invoices pending approval": "Facturas en espera de aprobación",
	"_Vendor registration pending approval": "Solicitud de registro en espera de aprobación",
	"_Vendor registrations pending approval": "Solicitudes de registro en espera de aprobación",
	"Esker Accounts payable": "Esker Facturas de proveedor",
	"Esker Vendor management": "Esker Gestión de proveedores",
	"Reminders for payment approval": "P2P - Recordatorios automáticos de aprobación"
}</process_es>
      <process_fr>{
	"_Invoice pending approval": "Facture en attente d'approbation",
	"_Invoices pending approval": "Factures en attente d'approbation",
	"_Vendor registration pending approval": "Demande d'enregistrement en attente d'approbation",
	"_Vendor registrations pending approval": "Demandes d'enregistrement en attente d'approbation",
	"Esker Accounts payable": "Esker Factures fournisseurs",
	"Esker Vendor management": "Esker Gestion des fournisseurs",
	"Reminders for payment approval": "P2P - Rappels automatiques d'approbation"
}</process_fr>
      <process_nl-NL>{
	"_Invoice pending approval": "Factuur in afwachting van goedkeuring",
	"_Invoices pending approval": "Facturen in afwachting van goedkeuring",
	"_Vendor registration pending approval": "Registratie leverancier in afwachting van goedkeuring",
	"_Vendor registrations pending approval": "Registraties leverancier in afwachting van goedkeuring",
	"Esker Accounts payable": "Esker Crediteuren",
	"Esker Vendor management": "Uitgavenbeheer Esker",
	"Reminders for payment approval": "P2P - Automatische herinneringen goedkeuring"
}</process_nl-NL>
      <process_it>{
	"_Invoice pending approval": "Fattura in attesa di approvazione",
	"_Invoices pending approval": "Fatture in attesa di approvazione",
	"_Vendor registration pending approval": "Richiesta di registrazione in attesa di approvazione",
	"_Vendor registrations pending approval": "Richieste di registrazione in attesa di approvazione",
	"Esker Accounts payable": "Esker Fatture fornitore",
	"Esker Vendor management": "Esker Gestione fornitori",
	"Reminders for payment approval": "P2P - Promemoria automatici di approvazione"
}</process_it>
      <process_zh-CN>{
	"_Invoice pending approval": "账单发票等待审批",
	"_Invoices pending approval": "账单发票等待审批",
	"_Vendor registration pending approval": "供应商注册等待审批",
	"_Vendor registrations pending approval": "供应商注册等待审批",
	"Esker Accounts payable": "Esker应付帐款",
	"Esker Vendor management": "Esker 供应商管理",
	"Reminders for payment approval": "采购到支付 - 自动审批提醒"
}</process_zh-CN>
      <process_pt-BR>{
	"_Invoice pending approval": "Fatura pendente de aprovação",
	"_Invoices pending approval": "Faturas pendentes de aprovação",
	"_Vendor registration pending approval": "Registro de fornecedor pendente de aprovação",
	"_Vendor registrations pending approval": "Registros de fornecedores pendentes de aprovação",
	"Esker Accounts payable": "Esker Contas a pagar",
	"Esker Vendor management": "Gerenciamento de fornecedores Esker",
	"Reminders for payment approval": "P2P - Lembretes de aprovação automática"
}</process_pt-BR>
    </lg>
    <ocr>
      <trade-off>accurate</trade-off>
      <image-binarization>no</image-binarization>
      <image-draft-fax>no</image-draft-fax>
      <image-despeckle>no</image-despeckle>
      <allowed-language>0</allowed-language>
      <image-resolution-enhancement>auto</image-resolution-enhancement>
      <ocr_engine>Nuance190</ocr_engine>
    </ocr>
    <process>
      <flowtype>processing</flowtype>
      <ocrpreset>scan</ocrpreset>
      <homepagelabel>AP - Reminders for payment approval</homepagelabel>
      <enableflexibleauditing>
      </enableflexibleauditing>
      <enableflexibleediting>
      </enableflexibleediting>
      <enableflexibleteaching>
      </enableflexibleteaching>
      <upgradable>yes</upgradable>
      <disableocr>
      </disableocr>
      <instanciable>1</instanciable>
      <disableautolearning>true</disableautolearning>
      <backgroundprocessingthreshold>
      </backgroundprocessingthreshold>
      <EnablePreviewPrecomputation>
      </EnablePreviewPrecomputation>
      <archiveDuration>0</archiveDuration>
      <ocrpagestoprocess>
      </ocrpagestoprocess>
      <ScriptEngineType>2</ScriptEngineType>
      <AllowUploadAttachment>1</AllowUploadAttachment>
      <AllowUploadReferenceDocument>1</AllowUploadReferenceDocument>
      <UseCultureFormat>true</UseCultureFormat>
      <AllowRetryExtractCD>true</AllowRetryExtractCD>
      <TransportName>CustomData</TransportName>
      <LayoutVersion>1.0</LayoutVersion>
    </process>
    <ui>
      <layout>{
	"*": {
		"GDRData": {
			"type": "GDRData",
			"options": {
				"version": 0
			},
			"stamp": 1,
			"data": []
		},
		"OCRParams": {
			"type": "OCRParams",
			"options": {
				"version": 0
			},
			"stamp": 2,
			"data": []
		},
		"Screen": {
			"type": "FlexibleFormLayout",
			"options": {
				"splitterType": "complex",
				"version": 0
			},
			"*": {
				"form-header": {
					"type": "FlexibleFormHeader",
					"options": {
						"version": 0
					},
					"stamp": 3,
					"data": []
				},
				"form-center": {
					"type": "FlexibleFormCenter",
					"options": {
						"version": 0
					},
					"*": {
						"form-content": {
							"type": "FlexibleFormContent",
							"options": {
								"version": 0
							},
							"*": {
								"form-content-top": {
									"type": "FlexibleFormSplitter",
									"options": {
										"autosize": true,
										"version": 1,
										"box": {
											"top": "0%",
											"left": "0%",
											"width": null,
											"height": "16%"
										},
										"hidden": false
									},
									"*": {
										"form-content-top-1": {
											"type": "FlexibleFormLine",
											"options": {
												"version": 0
											},
											"*": {
												"DocumentsPanel": {
													"type": "PanelDocument",
													"options": {
														"version": 0,
														"border": {},
														"labelLength": 0,
														"label": "_Documents"
													},
													"*": {
														"Document": {
															"data": [
																"documentscontroldata"
															],
															"type": "Documents",
															"options": {
																"version": 0
															},
															"stamp": 4
														}
													},
													"stamp": 5,
													"data": []
												}
											},
											"stamp": 6,
											"data": []
										}
									},
									"stamp": 7,
									"data": []
								},
								"form-content-bottom": {
									"type": "FlexibleFormSplitter",
									"options": {
										"version": 1,
										"box": {
											"top": "16%",
											"left": "0%",
											"width": null,
											"height": "84%"
										},
										"hidden": false
									},
									"*": {
										"form-content-left": {
											"type": "FlexibleFormSplitter",
											"options": {
												"version": 1,
												"box": {
													"top": "0%",
													"left": "0%",
													"width": "100%",
													"height": null
												},
												"hidden": false
											},
											"*": {
												"form-content-left-1": {
													"type": "FlexibleFormLine",
													"options": {
														"version": 0
													},
													"*": {
														"DataPanel": {
															"type": "PanelData",
															"options": {
																"border": {},
																"version": 0,
																"labelLength": 0,
																"label": "_Document data"
															},
															"*": {
																"FieldsManager": {
																	"type": "FieldsManager",
																	"options": {
																		"controlsAssociation": {},
																		"version": 0
																	},
																	"*": {
																		"Grid": {
																			"type": "GridLayout",
																			"options": {
																				"lines": 0,
																				"columns": 2,
																				"version": 0,
																				"ctrlsPos": {},
																				"colspans": []
																			},
																			"data": [
																				"fields"
																			],
																			"*": {},
																			"stamp": 8
																		}
																	},
																	"stamp": 9,
																	"data": []
																}
															},
															"stamp": 10,
															"data": []
														}
													},
													"stamp": 11,
													"data": []
												},
												"form-content-left-2": {
													"type": "FlexibleFormLine",
													"options": {
														"version": 0
													},
													"*": {
														"SystemData": {
															"type": "PanelSystemData",
															"options": {
																"multicolumn": false,
																"version": 0,
																"border": {},
																"labelLength": 0,
																"label": "_System data",
																"hidden": true
															},
															"stamp": 12,
															"data": []
														}
													},
													"stamp": 13,
													"data": []
												},
												"form-content-left-3": {
													"type": "FlexibleFormLine",
													"options": {
														"version": 0
													},
													"*": {
														"NextProcess": {
															"type": "PanelNextProcess",
															"options": {
																"hidden": true,
																"version": 0,
																"border": {},
																"labelLength": 0,
																"label": "_Next Process"
															},
															"stamp": 14,
															"data": []
														}
													},
													"stamp": 15,
													"data": []
												}
											},
											"stamp": 16,
											"data": []
										},
										"form-content-right": {
											"type": "FlexibleFormSplitter",
											"options": {
												"version": 1,
												"box": {
													"top": "0%",
													"left": "45%",
													"width": "55%"
												},
												"hidden": true,
												"hideSeparator": true
											},
											"*": {
												"form-content-right-1": {
													"type": "FlexibleFormLine",
													"options": {
														"version": 0
													},
													"*": {
														"PreviewPanel": {
															"type": "PanelPreview",
															"options": {
																"border": {},
																"version": 0,
																"labelLength": 0,
																"label": "_Document Preview"
															},
															"*": {
																"Preview": {
																	"data": [
																		"previewdata"
																	],
																	"type": "Preview",
																	"options": {
																		"version": 0
																	},
																	"stamp": 17
																}
															},
															"stamp": 18,
															"data": []
														}
													},
													"stamp": 19,
													"data": []
												}
											},
											"stamp": 20,
											"data": []
										}
									},
									"stamp": 21,
									"data": []
								}
							},
							"stamp": 22,
							"data": []
						}
					},
					"stamp": 23,
					"data": []
				},
				"form-footer": {
					"type": "FlexibleFormFooter",
					"options": {
						"splitterType": "simple-h",
						"version": 0
					},
					"*": {
						"Save": {
							"type": "SubmitButton",
							"options": {
								"label": "_Save",
								"action": "save",
								"submit": true,
								"version": 0,
								"disabled": true
							},
							"stamp": 24,
							"data": []
						},
						"Approve": {
							"type": "SubmitButton",
							"options": {
								"label": "_Approve",
								"action": "approve",
								"submit": true,
								"version": 0,
								"disabled": true
							},
							"stamp": 25,
							"data": []
						},
						"Reject": {
							"type": "SubmitButton",
							"options": {
								"label": "_Reject",
								"action": "reject",
								"submit": true,
								"version": 0,
								"disabled": true
							},
							"stamp": 26,
							"data": []
						},
						"Reprocess": {
							"type": "SubmitButton",
							"options": {
								"label": "_Reprocess",
								"action": "reprocess",
								"submit": true,
								"version": 0,
								"disabled": true
							},
							"stamp": 27,
							"data": []
						},
						"Close": {
							"type": "SubmitButton",
							"options": {
								"label": "_Close",
								"action": "cancel",
								"submit": true,
								"version": 0
							},
							"stamp": 28,
							"data": []
						}
					},
					"stamp": 29,
					"data": []
				}
			},
			"stamp": 30,
			"data": []
		}
	},
	"stamps": 30,
	"data": []
}</layout>
    </ui>
  </properties>
  <type id="RJRH13130EF" name="CD">
  </type>
</process>