﻿<?xml version="1.0" encoding="UTF-8" standalone="no"?>
<process accountid="20063076" allowrepairprocess="0" builtin="0" builtinversion="0" carriesapplicationversion="0" creationdatetime="2022-10-25 17:09:13" deleted="0" eskerapplication="" global="0" id="IJ2652000SG7" keepcustomization="0" keepfieldsonly="0" keepfieldsproperties="0" keepnewcontroloptions="0" migrationversion="4" name="BudgetIntegrityValidation__" needvalidation="0" ootofilter="" ootoversion="0" originalProcessID="HUME135123" ownerid="cn=admin_p2p@paragon-cc.fr,ou=DEV,ou=TrainingP2P,ou=DEMO_JULIEN,ou=05284299,ou=ESK,s=eoo" ownerpb="OnDemand AddressBook" public="1" pushnotification="0" reuseengine="1" sprintversion="5.261.0" transportname="CustomData" upgradable="1" userid="0" version="1" visibility="0">
  <properties>
    <dataConditions>
      <listDataConditions>
				&lt;dataCondition&gt;
					&lt;tableName&gt;P2P - Global Application Settings__&lt;/tableName&gt;
					&lt;filter&gt;msnex=*&lt;/filter&gt;
					&lt;labelKey&gt;_Purchasing disabled&lt;/labelKey&gt;
					&lt;conditions&gt;
						&lt;allowCondition&gt;
							&lt;fieldName&gt;EnablePurchasingGlobalSetting__&lt;/fieldName&gt;
							&lt;fieldValue&gt;1&lt;/fieldValue&gt;
						&lt;/allowCondition&gt;
					&lt;/conditions&gt;
				&lt;/dataCondition&gt;
			</listDataConditions>
    </dataConditions>
    <gdr>
      <FinalizationScriptAllowRetry>
      </FinalizationScriptAllowRetry>
      <FinalizationScript>
      </FinalizationScript>
      <ValidationScriptAllowRetry>
      </ValidationScriptAllowRetry>
      <validationscriptIncludedScripts>Lib_V12.0.461.0</validationscriptIncludedScripts>
      <validationscriptIncludedScripts>Lib_Purchasing_V12.0.461.0</validationscriptIncludedScripts>
      <validationscriptIncludedScripts>Lib_P2P_V12.0.461.0</validationscriptIncludedScripts>
      <validationscriptIncludedScripts>Lib_Budget_V12.0.461.0</validationscriptIncludedScripts>
      <validationscriptIncludedScripts>Lib_Budget_Recovery_V12.0.461.0</validationscriptIncludedScripts>
      <validationscriptIncludedScripts>Sys/Sys_Helpers</validationscriptIncludedScripts>
      <ValidationScript>///#GLOBALS Lib
/*globals Data, Log, Lib, Process, Query */

var RecoveryHelper =
{
	/** Recovery for PAC */
	Recover: function ()
	{
		var operationsId = [];
		var budgetToCompute = [];

		var when = new Date();
		when.setTime(when.getTime() - 86400 * 3 * 1000);  // Only check 3 days old records		
		var filter = "(&amp;(state&gt;100)(CompletionDateTime&gt;" + Sys.Helpers.Date.Date2DBDateTime(when) + "))";

		this.PopulateBudgetToCompute(operationsId, "Purchase requisition V2", filter);
		this.PopulateBudgetToCompute(operationsId, "Purchase order V2", filter);
		this.PopulateBudgetToCompute(operationsId, "Goods receipt V2", filter);
		this.PopulateBudgetToCompute(operationsId, "Vendor invoice", this.FindInvoicesInError());

		//delete operation detail from failed purchase Requisition
		for (var i = 0; i &lt; operationsId.length; i++)
		{
			Lib.Budget.CleanOperationDetails(operationsId[i], budgetToCompute);
		}

		//recompute all impacted budget
		for (var index in budgetToCompute)
		{
			var budget = {};
			budget[budgetToCompute[index]] = null;
			var criticalSectionName = Lib.Budget.GetCriticalSection(budget);
			Log.Info("Try entering Budget critical section: " + criticalSectionName);
			Process.PreventConcurrentAccess(criticalSectionName,
				function ()
				{
					Log.Info("Entered budget critical section");
					Lib.Budget.ComputeBudgetFromOperationDetails(budgetToCompute[index]);
				},
				null,
				60);

		}

		//delete operation detail from failed purchase Requisition
		for (var i = 0; i &lt; operationsId.length; i++)
		{
			Lib.Budget.DeleteOperationDetails(operationsId[i]);
		}
	},

	FindInvoicesInError: function ()
	{
		var when = new Date();
		when.setTime(when.getTime() - 86400 * 3 * 1000);  // Only check 3 days old records		
		return "&amp;(State&gt;100)(ERPInvoiceNumber__=)(InvoiceStatus__!=Rejected)(CompletionDateTime&gt;" + Sys.Helpers.Date.Date2DBDateTime(when) + "))";
	},

	PopulateBudgetToCompute: function (operationsId, processName, filter)
	{
		var xTransport;
		var vars;
		// Query for old PAC version
		Log.Info("PopulateBudgetToCompute with PAC");
		Query.Reset();
		Query.SetOptionEx("Limit=-1");
		Query.SetSpecificTable("CDNAME#" + processName);
		Query.SetAttributesList("RUIDEX");
		var when = new Date();
		when.setTime(when.getTime() - 86400 * 3 * 1000);  // Only check 3 days old records		
		Query.SetFilter("(&amp;(state&gt;100)(CompletionDateTime&gt;" + Sys.Helpers.Date.Date2DBDateTime(when) + "))");
		if (Query.MoveFirst())
		{
			xTransport = Query.MoveNext();
			while (xTransport)
			{
				vars = xTransport.GetUninheritedVars();
				var ruidEx = vars.GetValue_String("RUIDEX", 0);
				operationsId.push(ruidEx);
				Log.Info("Check RUIDEX " + ruidEx);
				xTransport = Query.MoveNext();
			}
		}
		else
		{
			Log.Error(Query.GetLastErrorMessage());
		}
	}
};

var InvoicesRecoveryHelper =
{
	/** Recovery for AP */
	RecoverInvoices: function ()
	{
		this.RecoverInvoicesPostedNotExported();
	},

	FindInvoices: function (filter)
	{
		// [[invoicesRUIDEX, invoiceCompanyCode, deletedfromoperation][...]]
		var invoices = [];
		Query.Reset();
		Query.SetSpecificTable("CDNAME#Vendor invoice");
		Query.SetAttributesList("RUIDEX");
		Query.SetOptionEx("Limit=-1");
		Query.SetFilter(filter);

		if (Query.MoveFirst())
		{
			var xTransport = Query.MoveNext();
			var vars;
			while (xTransport)
			{
				vars = xTransport.GetUninheritedVars();
				Log.Info("Found invoice :" + vars.GetValue_String("RUIDEX", 0) + " - " + vars.GetValue_String("CompanyCode__", 0));
				invoices.push(
					{
						ruidex: vars.GetValue_String("RUIDEX", 0),
					});

				xTransport = Query.MoveNext();
			}
		}
		else
		{
			Log.Error(Query.GetLastErrorMessage());
		}
		return invoices;
	},

	/**
	* Find invoices posted but not exported by the VIP
	*/
	FindInvoicesPostedNotExported: function ()
	{
		var when = new Date();
		when.setTime(when.getTime() - 86400 * 3 * 1000);  // Only check 3 days old records		
		return this.FindInvoices("(&amp;(BudgetExportStatus__!=success)(BudgetExportStatus__!=ignored)(ERPInvoiceNumber__!=)(CompletionDateTime&gt;" + Sys.Helpers.Date.Date2DBDateTime(when) + "))");
	},


	/**
	* Recreate operations and compute budget for all invoices posted but not exported
	*/
	RecoverInvoicesPostedNotExported: function ()
	{
		Log.Info("start RecoverInvoicesPostedNotExported");
		// [[invoicesRUIDEX,invoiceCompanyCode][...]]
		var invoices = this.FindInvoicesPostedNotExported();

		/** Recover invoices */
		for (var i = 0; i &lt; invoices.length; i++)
		{
			Lib.Budget.RecreateOperationDetails(invoices[i].ruidex);
		}
	},

	/**
	* Get the concurrent access and call the callback with Invoices
	*/
	ProcessConcurrentAccess: function (invoice, callback)
	{
		var criticalSectionName = "PAC_Budget_" + Process.GetProcessID(Lib.P2P.GetPRProcessName()) + "_" + invoice.companyCode;
		return Process.PreventConcurrentAccess(criticalSectionName, function ()
		{
			Log.Info("Entered budget critical section");
			callback(invoice);
		},
			function (ruidex)
			{
				Log.Info("Entered budget recovery section");
				Lib.Budget.recoverFromConcurrentAccess(ruidex);
			},
			60);
	}
};



if (Data.GetActionName() === "Approve" || Data.GetActionName() === "" &amp;&amp; Lib.Budget.IsEnabled())
{
	Process.SetTimeOut(3600);

	/** Budget recovery */
	RecoveryHelper.Recover();

	/** AP budget recovery */
	InvoicesRecoveryHelper.RecoverInvoices();
}</ValidationScript>
      <AllowTagCoverPages>true</AllowTagCoverPages>
      <AllowTagNewDocuments>true</AllowTagNewDocuments>
      <AllowTagAttachments>true</AllowTagAttachments>
      <ExtractionScriptAllowRetry>
      </ExtractionScriptAllowRetry>
      <ExtractionScript>
      </ExtractionScript>
      <AllowRemovePages>true</AllowRemovePages>
      <AllowSwapPages>true</AllowSwapPages>
      <PostProcessingScriptAllowRetry>
      </PostProcessingScriptAllowRetry>
      <PostProcessingScript>
      </PostProcessingScript>
    </gdr>
    <lg>
      <process_de>{
	"BudgetIntegrityValidation__": "Wiederherstellung von Budgetvorgängen"
}</process_de>
      <process_ja>{
	"BudgetIntegrityValidation__": "予算の運用回復"
}</process_ja>
      <process_en>{
	"BudgetIntegrityValidation__": "Budget Operation Recovery"
}</process_en>
      <process_es>{
	"BudgetIntegrityValidation__": "Recuperación de operaciones presupuestarias"
}</process_es>
      <process_fr>{
	"BudgetIntegrityValidation__": "Récupération des opérations budgétaires"
}</process_fr>
      <process_nl-NL>{
	"BudgetIntegrityValidation__": "Recuperatie budgethandelingen"
}</process_nl-NL>
      <process_it>{
	"BudgetIntegrityValidation__": "Recupero operazioni di budget"
}</process_it>
      <process_zh-CN>{
	"BudgetIntegrityValidation__": "预算操作恢复"
}</process_zh-CN>
      <process_pt-BR>{
	"BudgetIntegrityValidation__": "Recuperação da operação orçamentária"
}</process_pt-BR>
    </lg>
    <ocr>
      <trade-off>accurate</trade-off>
      <image-binarization>no</image-binarization>
      <image-draft-fax>no</image-draft-fax>
      <image-despeckle>no</image-despeckle>
      <allowed-language>0</allowed-language>
      <image-resolution-enhancement>auto</image-resolution-enhancement>
      <ocrpagestoprocess>
      </ocrpagestoprocess>
      <extractionAdditionalOptions>
      </extractionAdditionalOptions>
    </ocr>
    <process>
      <flowtype>processing</flowtype>
      <ocrpreset>scan</ocrpreset>
      <homepagelabel>BudgetIntegrityValidation__</homepagelabel>
      <enableflexibleauditing>
      </enableflexibleauditing>
      <enableflexibleediting>
      </enableflexibleediting>
      <enableflexibleteaching>
      </enableflexibleteaching>
      <upgradable>yes</upgradable>
      <disableocr>
      </disableocr>
      <instanciable>1</instanciable>
      <disableautolearning>true</disableautolearning>
      <backgroundprocessingthreshold>
      </backgroundprocessingthreshold>
      <EnablePreviewPrecomputation>
      </EnablePreviewPrecomputation>
      <archiveDuration>0</archiveDuration>
      <ownhomepage>
      </ownhomepage>
      <ocrpagestoprocess>
      </ocrpagestoprocess>
      <ScriptEngineType>2</ScriptEngineType>
      <displayWidth>
      </displayWidth>
      <AllowUploadAttachment>1</AllowUploadAttachment>
      <AllowUploadReferenceDocument>1</AllowUploadReferenceDocument>
      <UseCultureFormat>true</UseCultureFormat>
      <AllowRetryExtractCD>true</AllowRetryExtractCD>
      <TransportName>CustomData</TransportName>
      <LayoutVersion>1.0</LayoutVersion>
    </process>
    <ui>
      <layout>{
	"*": {
		"GDRData": {
			"type": "GDRData",
			"options": {
				"version": 0
			},
			"stamp": 1,
			"data": []
		},
		"OCRParams": {
			"type": "OCRParams",
			"options": {
				"version": 0
			},
			"stamp": 2,
			"data": []
		},
		"Screen": {
			"type": "FlexibleFormLayout",
			"options": {
				"splitterType": "complex",
				"version": 0,
				"maxwidth": ""
			},
			"*": {
				"form-header": {
					"type": "FlexibleFormHeader",
					"options": {
						"version": 0,
						"maxwidth": ""
					},
					"stamp": 4,
					"data": []
				},
				"form-center": {
					"type": "FlexibleFormCenter",
					"options": {
						"version": 0,
						"maxwidth": ""
					},
					"*": {
						"form-content": {
							"type": "FlexibleFormContent",
							"options": {
								"version": 0
							},
							"*": {
								"form-content-top": {
									"type": "FlexibleFormSplitter",
									"options": {
										"autosize": true,
										"version": 1,
										"box": {
											"top": 0,
											"left": 0,
											"width": 100,
											"height": 17
										},
										"hidden": false
									},
									"*": {
										"form-content-top-1": {
											"type": "FlexibleFormLine",
											"options": {
												"version": 0
											},
											"*": {
												"DocumentsPanel": {
													"type": "PanelDocument",
													"options": {
														"version": 0,
														"border": {},
														"labelLength": 0,
														"iconURL": "",
														"TitleFontSize": "S",
														"hideActionButtons": false,
														"hideTitleBar": false,
														"label": "_Documents"
													},
													"*": {
														"Document": {
															"data": [
																"documentscontroldata"
															],
															"type": "Documents",
															"options": {
																"version": 0
															},
															"stamp": 10
														}
													},
													"stamp": 9,
													"data": []
												}
											},
											"stamp": 8,
											"data": []
										}
									},
									"stamp": 7,
									"data": []
								},
								"form-content-bottom": {
									"type": "FlexibleFormSplitter",
									"options": {
										"version": 1,
										"box": {
											"top": "17%",
											"left": "0%",
											"width": null,
											"height": "83%"
										},
										"hidden": false
									},
									"*": {
										"form-content-left": {
											"type": "FlexibleFormSplitter",
											"options": {
												"version": 1,
												"box": {
													"top": "0%",
													"left": "0%",
													"width": "45%",
													"height": null
												},
												"hidden": false
											},
											"*": {
												"form-content-left-1": {
													"type": "FlexibleFormLine",
													"options": {
														"version": 0
													},
													"*": {
														"DataPanel": {
															"type": "PanelData",
															"options": {
																"border": {},
																"version": 0,
																"labelLength": 0,
																"iconURL": "",
																"TitleFontSize": "S",
																"hideActionButtons": false,
																"hideTitleBar": false,
																"backgroundcolor": "default",
																"labelsAlignment": "right",
																"label": "_Document data"
															},
															"*": {
																"FieldsManager": {
																	"type": "FieldsManager",
																	"options": {
																		"controlsAssociation": {},
																		"version": 0
																	},
																	"*": {
																		"Grid": {
																			"type": "GridLayout",
																			"options": {
																				"lines": 0,
																				"columns": 2,
																				"version": 0,
																				"ctrlsPos": {},
																				"colspans": []
																			},
																			"data": [
																				"fields"
																			],
																			"*": {},
																			"stamp": 16
																		}
																	},
																	"stamp": 15,
																	"data": []
																}
															},
															"stamp": 14,
															"data": []
														}
													},
													"stamp": 13,
													"data": []
												},
												"form-content-left-2": {
													"type": "FlexibleFormLine",
													"options": {
														"version": 0
													},
													"*": {
														"SystemData": {
															"type": "PanelSystemData",
															"options": {
																"multicolumn": false,
																"version": 0,
																"border": {},
																"labelLength": 0,
																"iconURL": "",
																"TitleFontSize": "S",
																"hideActionButtons": false,
																"hideTitleBar": false,
																"label": "_System data"
															},
															"stamp": 18,
															"data": []
														}
													},
													"stamp": 17,
													"data": []
												},
												"form-content-left-3": {
													"type": "FlexibleFormLine",
													"options": {
														"version": 0
													},
													"*": {
														"NextProcess": {
															"type": "PanelNextProcess",
															"options": {
																"hidden": true,
																"version": 0,
																"border": {},
																"labelLength": 0,
																"iconURL": "",
																"TitleFontSize": "S",
																"hideActionButtons": false,
																"hideTitleBar": false,
																"label": "_Next Process"
															},
															"stamp": 20,
															"data": []
														}
													},
													"stamp": 19,
													"data": []
												}
											},
											"stamp": 12,
											"data": []
										},
										"form-content-right": {
											"type": "FlexibleFormSplitter",
											"options": {
												"version": 1,
												"box": {
													"top": "0%",
													"left": "45%",
													"width": "55%",
													"height": null
												},
												"hidden": false
											},
											"*": {
												"form-content-right-1": {
													"type": "FlexibleFormLine",
													"options": {
														"version": 0
													},
													"*": {
														"PreviewPanel": {
															"type": "PanelPreview",
															"options": {
																"border": {},
																"version": 0,
																"labelLength": 0,
																"iconURL": "",
																"TitleFontSize": "S",
																"hideActionButtons": false,
																"hideTitleBar": false,
																"label": "_Document Preview"
															},
															"*": {
																"Preview": {
																	"data": [
																		"previewdata"
																	],
																	"type": "Preview",
																	"options": {
																		"version": 0
																	},
																	"stamp": 24
																}
															},
															"stamp": 23,
															"data": []
														}
													},
													"stamp": 22,
													"data": []
												}
											},
											"stamp": 21,
											"data": []
										}
									},
									"stamp": 11,
									"data": []
								}
							},
							"stamp": 6,
							"data": []
						}
					},
					"stamp": 5,
					"data": []
				},
				"form-footer": {
					"type": "FlexibleFormFooter",
					"options": {
						"splitterType": "simple-h",
						"version": 0,
						"maxwidth": ""
					},
					"*": {
						"Save": {
							"type": "SubmitButton",
							"options": {
								"label": "_Save",
								"action": "save",
								"submit": true,
								"version": 0
							},
							"stamp": 26,
							"data": []
						},
						"Approve": {
							"type": "SubmitButton",
							"options": {
								"label": "_Approve",
								"action": "approve",
								"submit": true,
								"version": 0
							},
							"stamp": 27,
							"data": []
						},
						"Reject": {
							"type": "SubmitButton",
							"options": {
								"label": "_Reject",
								"action": "reject",
								"submit": true,
								"version": 0
							},
							"stamp": 28,
							"data": []
						},
						"Reprocess": {
							"type": "SubmitButton",
							"options": {
								"label": "_Reprocess",
								"action": "reprocess",
								"submit": true,
								"version": 0
							},
							"stamp": 29,
							"data": []
						},
						"Close": {
							"type": "SubmitButton",
							"options": {
								"label": "_Close",
								"action": "cancel",
								"submit": true,
								"version": 0
							},
							"stamp": 30,
							"data": []
						}
					},
					"stamp": 25,
					"data": []
				}
			},
			"stamp": 3,
			"data": []
		}
	},
	"stamps": 30,
	"data": []
}</layout>
    </ui>
  </properties>
  <type id="RJRH13130EF" name="CD">
  </type>
</process>