﻿<?xml version="1.0" encoding="UTF-8" standalone="no"?>
<process accountid="20063076" allowrepairprocess="0" builtin="0" builtinversion="0" carriesapplicationversion="0" creationdatetime="2022-10-25 17:08:19" deleted="0" eskerapplication="" global="0" id="HS1652000SG7" keepcustomization="0" keepfieldsonly="0" keepfieldsproperties="0" keepnewcontroloptions="0" migrationversion="4" name="P2P - UDC area__" needvalidation="0" ootofilter="" ootoversion="1" originalProcessID="LV0X00000PA9" ownerid="cn=admin_p2p@paragon-cc.fr,ou=DEV,ou=TrainingP2P,ou=DEMO_JULIEN,ou=05284299,ou=ESK,s=eoo" ownerpb="OnDemand AddressBook" public="1" pushnotification="0" reuseengine="0" sprintversion="5.261.0" transportname="CustomTable" upgradable="1" userid="0" version="1" visibility="0">
  <properties>
    <dbIndex>
      <AUTO_AJS1652000SG7A>&lt;Index&gt;&lt;Ref Name="AJS1652000SG7" Option="ASC"/&gt;&lt;/Index&gt;</AUTO_AJS1652000SG7A>
    </dbIndex>
    <gdr>
    </gdr>
    <lg>
      <process_de>{
	"_Area": "Betragsposition",
	"_Area_report": "Betragsposition",
	"_CompanyCode": "Buchungskreis",
	"_CompanyCode_report": "Buchungskreis",
	"_Document data": "Erkennungskriterien",
	"_Keyword": "Schlüsselwort für automatische Ermittlung",
	"_Keyword_report": "Schlüsselwort für automatische Ermittlung",
	"_VendorNumber": "Lieferantennummer",
	"_VendorNumber_report": "Lieferantennummer",
	"P2P - UDC area__": "P2P - Positionierung von ungeplanten Lieferkosten",
	"P2P - Unplanned delivery costs area": "P2P - Positionierung von ungeplanten Lieferkosten"
}</process_de>
      <process_ja>{
	"_Area": "金額が記載されている位置",
	"_Area_report": "金額が記載されている位置",
	"_CompanyCode": "会社コード",
	"_CompanyCode_report": "会社コード",
	"_Document data": "認識条件",
	"_Keyword": "自動決定に使用されるキーワード",
	"_Keyword_report": "自動決定用キーワード",
	"_VendorNumber": "仕入先番号",
	"_VendorNumber_report": "仕入先番号",
	"P2P - UDC area__": "P2P - 予定外の納品コストの記載位置",
	"P2P - Unplanned delivery costs area": "P2P - 予定外の納品コストの記載位置"
}</process_ja>
      <process_en>{
	"_Area": "Amount position",
	"_Area_report": "Amount position",
	"_CompanyCode": "Company code",
	"_CompanyCode_report": "Company code",
	"_Document data": "Recognition Criteria",
	"_Keyword": "Keyword used for automatic determination",
	"_Keyword_report": "Keyword used for automatic determination",
	"_VendorNumber": "Vendor number",
	"_VendorNumber_report": "Vendor number",
	"P2P - UDC area__": "P2P - Unplanned delivery cost positioning",
	"P2P - Unplanned delivery costs area": "P2P - Unplanned delivery cost positioning"
}</process_en>
      <process_es>{
	"_Area": "Posición del importe",
	"_Area_report": "Posición del importe",
	"_CompanyCode": "Código de empresa",
	"_CompanyCode_report": "Código de empresa",
	"_Document data": "Criterios de reconocimiento",
	"_Keyword": "Palabra clave usada para la determinación automática",
	"_Keyword_report": "Palabra clave usada para la determinación automática",
	"_VendorNumber": "Número de proveedor",
	"_VendorNumber_report": "Número de proveedor",
	"P2P - UDC area__": "P2P - Posicionamiento de costes de entrega no previstos",
	"P2P - Unplanned delivery costs area": "P2P - Posicionamiento de costes de entrega no previstos"
}</process_es>
      <process_fr>{
	"_Area": "Position du montant",
	"_Area_report": "Position du montant",
	"_CompanyCode": "Code société",
	"_CompanyCode_report": "Code société",
	"_Document data": "Critères de reconnaissance",
	"_Keyword": "Mot-clé utilisé pour la détermination automatique",
	"_Keyword_report": "Mot-clé utilisé pour la détermination automatique",
	"_VendorNumber": "Numéro fournisseur",
	"_VendorNumber_report": "Numéro fournisseur",
	"P2P - UDC area__": "P2P - Positionnement des coûts de livraison non planifiés",
	"P2P - Unplanned delivery costs area": "P2P - Positionnement des coûts de livraison non planifiés"
}</process_fr>
      <process_nl-NL>{
	"_Area": "Positie bedrag",
	"_Area_report": "Positie bedrag",
	"_CompanyCode": "Bedrijfscode",
	"_CompanyCode_report": "Bedrijfscode",
	"_Document data": "Herkenningscriteria",
	"_Keyword": "Trefwoord gebruikt voor automatische bepaling",
	"_Keyword_report": "Trefwoord gebruikt voor automatische bepaling",
	"_VendorNumber": "Nummer leverancier",
	"_VendorNumber_report": "Nummer leverancier",
	"P2P - UDC area__": "P2P - Positionering ongeplande leveringskosten",
	"P2P - Unplanned delivery costs area": "P2P - Positionering ongeplande leveringskosten"
}</process_nl-NL>
      <process_it>{
	"_Area": "Posizione importo",
	"_Area_report": "Posizione importo",
	"_CompanyCode": "Codice società",
	"_CompanyCode_report": "Codice società",
	"_Document data": "Criteri di riconoscimento",
	"_Keyword": "Parola chiave per la determinazione automatica",
	"_Keyword_report": "Parola chiave per la determinazione automatica",
	"_VendorNumber": "Numero fornitore",
	"_VendorNumber_report": "Numero fornitore",
	"P2P - UDC area__": "P2P - Posizionamento dei costi di consegna non pianificati",
	"P2P - Unplanned delivery costs area": "P2P - Posizionamento dei costi di consegna non pianificati"
}</process_it>
      <process_zh-cn>{
	"_Area": "金额位置",
	"_Area_report": "金额位置",
	"_CompanyCode": "公司代码",
	"_CompanyCode_report": "公司代码",
	"_Document data": "识别标准",
	"_Keyword": "自动决定使用的关键字",
	"_Keyword_report": "自动决定使用的关键字",
	"_VendorNumber": "供应商编号",
	"_VendorNumber_report": "供应商编号",
	"P2P - UDC area__": "采购到支付 - 计划外交付成本定位",
	"P2P - Unplanned delivery costs area": "采购到支付 - 计划外交付成本定位"
}</process_zh-cn>
      <process_pt-br>{
	"_Area": "Posição de valor",
	"_Area_report": "Posição de valor",
	"_CompanyCode": "Código da empresa",
	"_CompanyCode_report": "Código de empresa",
	"_Document data": "Critérios de reconhecimento",
	"_Keyword": "Palavra-chave usada para determinação automática",
	"_Keyword_report": "Palavra-chave usada para determinação automática",
	"_VendorNumber": "Número do fornecedor",
	"_VendorNumber_report": "Número do fornecedor",
	"P2P - UDC area__": "P2P - Posicionamento de custo de entrega não planejada",
	"P2P - Unplanned delivery costs area": "P2P - Posicionamento de custo de entrega não planejada"
}</process_pt-br>
    </lg>
    <process>
      <BUColumn>CompanyCode__</BUColumn>
      <flowtype>processing</flowtype>
      <homepagelabel>P2P - Unplanned delivery costs area</homepagelabel>
      <instanciable>1</instanciable>
      <enablerounddecimal>true</enablerounddecimal>
      <OverrideAllowedAttachmentExtensions>*</OverrideAllowedAttachmentExtensions>
      <UseActionNameWithScriptApproval>true</UseActionNameWithScriptApproval>
      <AllowUploadAttachment>0</AllowUploadAttachment>
      <AllowUploadReferenceDocument>0</AllowUploadReferenceDocument>
      <shouldRollbackManualRecordEdits>true</shouldRollbackManualRecordEdits>
      <shouldShowManualEditsWarning>false</shouldShowManualEditsWarning>
      <UseCultureFormat>true</UseCultureFormat>
      <TransportName>CustomTable</TransportName>
      <LayoutVersion>1.0</LayoutVersion>
    </process>
    <ui>
      <layout>{
	"*": {
		"Screen": {
			"type": "FlexibleFormLayout",
			"options": {
				"splitterType": "simple-v",
				"version": 0,
				"backColor": "text-backgroundcolor-default",
				"style": null
			},
			"*": {
				"form-header": {
					"type": "FlexibleFormHeader",
					"options": {
						"hidePanelsMenu": false,
						"version": 0
					},
					"stamp": 2,
					"data": []
				},
				"form-center": {
					"type": "FlexibleFormCenter",
					"options": {
						"version": 0
					},
					"*": {
						"form-content": {
							"type": "FlexibleFormContent",
							"options": {
								"version": 0
							},
							"*": {
								"form-content-center": {
									"type": "FlexibleFormSplitter",
									"options": {
										"version": 1,
										"box": {
											"top": "0%",
											"left": "0%",
											"width": "100%"
										},
										"hidden": false
									},
									"*": {
										"form-content-center-1": {
											"type": "FlexibleFormLine",
											"data": [],
											"options": {
												"version": 0
											},
											"stamp": 9,
											"*": {
												"DataPanel": {
													"type": "PanelData",
													"options": {
														"border": {},
														"version": 0,
														"labelLength": 0,
														"iconURL": "",
														"TitleFontSize": "S",
														"hideActionButtons": false,
														"hideTitleBar": false,
														"hideTitle": false,
														"sameHeightAsSiblings": false,
														"backgroundcolor": "default",
														"labelsAlignment": "right",
														"label": "_Document data"
													},
													"*": {
														"FieldsManager": {
															"type": "FieldsManager",
															"options": {
																"controlsAssociation": {
																	"CompanyCode__": "LabelCompanyCode__",
																	"LabelCompanyCode__": "CompanyCode__",
																	"Keyword__": "LabelKeyword__",
																	"LabelKeyword__": "Keyword__",
																	"VendorNumber__": "LabelVendorNumber__",
																	"LabelVendorNumber__": "VendorNumber__",
																	"Area__": "LabelArea__",
																	"LabelArea__": "Area__"
																},
																"version": 0
															},
															"*": {
																"Grid": {
																	"type": "GridLayout",
																	"options": {
																		"lines": 4,
																		"columns": 2,
																		"version": 0,
																		"ctrlsPos": {
																			"CompanyCode__": {
																				"line": 1,
																				"column": 2
																			},
																			"LabelCompanyCode__": {
																				"line": 1,
																				"column": 1
																			},
																			"Keyword__": {
																				"line": 2,
																				"column": 2
																			},
																			"LabelKeyword__": {
																				"line": 2,
																				"column": 1
																			},
																			"VendorNumber__": {
																				"line": 3,
																				"column": 2
																			},
																			"LabelVendorNumber__": {
																				"line": 3,
																				"column": 1
																			},
																			"Area__": {
																				"line": 4,
																				"column": 2
																			},
																			"LabelArea__": {
																				"line": 4,
																				"column": 1
																			}
																		},
																		"colspans": [
																			[],
																			[],
																			[],
																			[]
																		]
																	},
																	"data": [
																		"fields"
																	],
																	"*": {
																		"LabelCompanyCode__": {
																			"type": "Label",
																			"data": [
																				"CompanyCode__"
																			],
																			"options": {
																				"label": "_CompanyCode"
																			},
																			"stamp": 14
																		},
																		"CompanyCode__": {
																			"type": "DatabaseComboBox",
																			"data": [
																				"CompanyCode__"
																			],
																			"options": {
																				"version": 1,
																				"autoCompleteSearchMode": "startswith",
																				"searchMode": "matches",
																				"label": "_CompanyCode",
																				"activable": true,
																				"width": "500",
																				"helpText": "",
																				"helpURL": "",
																				"helpFormat": "HTML Format",
																				"helpIconPosition": "Right",
																				"minNbLines": 1,
																				"maxNbLines": 1,
																				"PreFillFTS": true,
																				"fTSmaxRecords": "20",
																				"browsable": true
																			},
																			"stamp": 15
																		},
																		"LabelKeyword__": {
																			"type": "Label",
																			"data": [
																				"Keyword__"
																			],
																			"options": {
																				"label": "_Keyword"
																			},
																			"stamp": 16
																		},
																		"Keyword__": {
																			"type": "ShortText",
																			"data": [
																				"Keyword__"
																			],
																			"options": {
																				"textSize": "S",
																				"textAlignment": "left",
																				"textStyle": "default",
																				"textColor": "default",
																				"version": 1,
																				"label": "_Keyword",
																				"activable": true,
																				"width": "500",
																				"helpText": "",
																				"helpURL": "",
																				"helpFormat": "HTML Format",
																				"helpIconPosition": "Right",
																				"browsable": false
																			},
																			"stamp": 17
																		},
																		"LabelVendorNumber__": {
																			"type": "Label",
																			"data": [
																				"VendorNumber__"
																			],
																			"options": {
																				"label": "_VendorNumber"
																			},
																			"stamp": 18
																		},
																		"VendorNumber__": {
																			"type": "DatabaseComboBox",
																			"data": [
																				"VendorNumber__"
																			],
																			"options": {
																				"version": 1,
																				"autoCompleteSearchMode": "startswith",
																				"searchMode": "matches",
																				"label": "_VendorNumber",
																				"activable": true,
																				"width": "500",
																				"helpText": "",
																				"helpURL": "",
																				"helpFormat": "HTML Format",
																				"helpIconPosition": "Right",
																				"minNbLines": 1,
																				"maxNbLines": 1,
																				"PreFillFTS": true,
																				"fTSmaxRecords": "20",
																				"browsable": true
																			},
																			"stamp": 19
																		},
																		"LabelArea__": {
																			"type": "Label",
																			"data": [
																				"Area__"
																			],
																			"options": {
																				"label": "_Area"
																			},
																			"stamp": 20
																		},
																		"Area__": {
																			"type": "ShortText",
																			"data": [
																				"Area__"
																			],
																			"options": {
																				"textSize": "S",
																				"textAlignment": "left",
																				"textStyle": "default",
																				"textColor": "default",
																				"version": 1,
																				"label": "_Area",
																				"activable": true,
																				"width": 500,
																				"helpText": "",
																				"helpURL": "",
																				"helpFormat": "HTML Format",
																				"helpIconPosition": "Right",
																				"browsable": false
																			},
																			"stamp": 21
																		}
																	},
																	"stamp": 8
																}
															},
															"stamp": 7,
															"data": []
														}
													},
													"stamp": 6,
													"data": []
												}
											}
										}
									},
									"stamp": 5,
									"data": []
								}
							},
							"stamp": 4,
							"data": []
						}
					},
					"stamp": 3,
					"data": []
				},
				"form-footer": {
					"type": "FlexibleFormFooter",
					"options": {
						"splitterType": "simple-h",
						"version": 0
					},
					"*": {
						"Save": {
							"type": "SubmitButton",
							"options": {
								"label": "_Save",
								"action": "savequit",
								"submit": true,
								"version": 0,
								"shortCut": "S"
							},
							"stamp": 11,
							"data": []
						},
						"Close": {
							"type": "SubmitButton",
							"options": {
								"label": "_Close",
								"action": "cancel",
								"submit": true,
								"version": 0,
								"shortCut": "Q"
							},
							"stamp": 12,
							"data": []
						},
						"Delete": {
							"type": "SubmitButton",
							"options": {
								"label": "_Delete",
								"action": "delete",
								"submit": true,
								"version": 0,
								"disabled": true
							},
							"stamp": 13,
							"data": []
						}
					},
					"stamp": 10,
					"data": []
				}
			},
			"stamp": 1,
			"data": []
		}
	},
	"stamps": 21,
	"data": []
}</layout>
    </ui>
  </properties>
  <field deleted="0" format="" guid="QV0X00000PA9" id="IS1652000SG7" label="_Area_report" length="200" name="Area__" originalProcessID="LV0X00000PA9" precision="0" processid="HS1652000SG7" submitable="1" type="STR">
    <properties>
      <db>
        <alias>AIS1652000SG7</alias>
        <noxml>1</noxml>
        <fullname>/job/processfields/Area__</fullname>
        <defaultvalue>
        </defaultvalue>
        <RecordLastWrite>2022-10-25 17:08:18</RecordLastWrite>
      </db>
      <extrainfo>
        <Label>_Area_report</Label>
        <Alias>AIS1652000SG7</Alias>
        <ProcessFieldVersion vartype="INT">1</ProcessFieldVersion>
      </extrainfo>
      <gdr>
        <VarType>Area</VarType>
        <DisableAutolearn>1</DisableAutolearn>
      </gdr>
      <help>
        <helpData>{"helpText":"","helpURL":"","helpFormat":"HTML Format","helpIconPosition":"Right"}</helpData>
      </help>
      <ui>
        <_type>String</_type>
        <automatic>true</automatic>
      </ui>
    </properties>
  </field>
  <field deleted="0" format="" guid="NV0X00000PA9" id="JS1652000SG7" label="_CompanyCode_report" length="50" name="CompanyCode__" originalProcessID="LV0X00000PA9" precision="0" processid="HS1652000SG7" submitable="1" type="STR">
    <properties>
      <db>
        <alias>AJS1652000SG7</alias>
        <index vartype="INT">1</index>
        <noxml>1</noxml>
        <fullname>/job/processfields/CompanyCode__</fullname>
        <defaultvalue>
        </defaultvalue>
        <RecordLastWrite>2022-10-25 17:08:18</RecordLastWrite>
      </db>
      <extrainfo>
        <Label>_CompanyCode_report</Label>
        <Alias>AJS1652000SG7</Alias>
        <ProcessFieldVersion vartype="INT">1</ProcessFieldVersion>
      </extrainfo>
      <field>
        <Editable>true</Editable>
        <required>true</required>
        <TableName>CT#ECW552000SG7</TableName>
        <SortOrder>
        </SortOrder>
        <DisplayedColumns>CompanyCode__|CompanyName__</DisplayedColumns>
        <DisplayedColumnsIds>
        </DisplayedColumnsIds>
        <UseTableForAutolearn>false</UseTableForAutolearn>
        <SavedColumn>CompanyCode__</SavedColumn>
        <SavedColumnId>
        </SavedColumnId>
        <ExposedColumns>
        </ExposedColumns>
        <ProcessName>PurchasingCompanycodes__</ProcessName>
        <KeyColumnId>
        </KeyColumnId>
        <KeyAttribute>
        </KeyAttribute>
        <CustomFilter>
        </CustomFilter>
      </field>
      <gdr>
        <DisableAutolearn>1</DisableAutolearn>
      </gdr>
      <help>
        <helpData>{"helpText":"","helpURL":"","helpFormat":"HTML Format","helpIconPosition":"Right"}</helpData>
      </help>
      <ui>
        <_type>String</_type>
        <automatic>true</automatic>
      </ui>
    </properties>
  </field>
  <field deleted="0" format="" guid="OV0X00000PA9" id="KS1652000SG7" label="_Keyword_report" length="50" name="Keyword__" originalProcessID="LV0X00000PA9" precision="0" processid="HS1652000SG7" submitable="1" type="STR">
    <properties>
      <db>
        <alias>AKS1652000SG7</alias>
        <noxml>1</noxml>
        <fullname>/job/processfields/Keyword__</fullname>
        <defaultvalue>
        </defaultvalue>
        <RecordLastWrite>2022-10-25 17:08:18</RecordLastWrite>
      </db>
      <extrainfo>
        <Label>_Keyword_report</Label>
        <Alias>AKS1652000SG7</Alias>
        <ProcessFieldVersion vartype="INT">1</ProcessFieldVersion>
      </extrainfo>
      <field>
        <required>true</required>
      </field>
      <gdr>
        <VarType>Area</VarType>
        <DisableAutolearn>1</DisableAutolearn>
      </gdr>
      <help>
        <helpData>{"helpText":"","helpURL":"","helpFormat":"HTML Format","helpIconPosition":"Right"}</helpData>
      </help>
      <ui>
        <_type>String</_type>
        <automatic>true</automatic>
      </ui>
    </properties>
  </field>
  <field deleted="0" format="" guid="PV0X00000PA9" id="LS1652000SG7" label="_VendorNumber_report" length="50" name="VendorNumber__" originalProcessID="LV0X00000PA9" precision="0" processid="HS1652000SG7" submitable="1" type="STR">
    <properties>
      <db>
        <alias>ALS1652000SG7</alias>
        <noxml>1</noxml>
        <fullname>/job/processfields/VendorNumber__</fullname>
        <defaultvalue>
        </defaultvalue>
        <RecordLastWrite>2022-10-25 17:08:18</RecordLastWrite>
      </db>
      <extrainfo>
        <Label>_VendorNumber_report</Label>
        <Alias>ALS1652000SG7</Alias>
        <ProcessFieldVersion vartype="INT">1</ProcessFieldVersion>
      </extrainfo>
      <field>
        <Editable>true</Editable>
        <TableName>CT#ZLW552000SG7</TableName>
        <SortOrder>
        </SortOrder>
        <DisplayedColumns>Number__|Name__</DisplayedColumns>
        <DisplayedColumnsIds>
        </DisplayedColumnsIds>
        <UseTableForAutolearn>false</UseTableForAutolearn>
        <SavedColumn>Number__</SavedColumn>
        <SavedColumnId>
        </SavedColumnId>
        <ExposedColumns>
        </ExposedColumns>
        <ProcessName>AP - Vendors__</ProcessName>
        <KeyColumnId>
        </KeyColumnId>
        <KeyAttribute>
        </KeyAttribute>
        <CustomFilter>
        </CustomFilter>
      </field>
      <gdr>
        <DisableAutolearn>1</DisableAutolearn>
      </gdr>
      <help>
        <helpData>{"helpText":"","helpURL":"","helpFormat":"HTML Format","helpIconPosition":"Right"}</helpData>
      </help>
      <ui>
        <_type>String</_type>
        <automatic>true</automatic>
      </ui>
    </properties>
  </field>
  <type id="JLLP13130F1" name="CT">
  </type>
</process>