﻿<?xml version="1.0" encoding="UTF-8" standalone="no"?>
<process accountid="20063076" allowrepairprocess="0" builtin="0" builtinversion="0" carriesapplicationversion="0" creationdatetime="2022-10-25 17:08:39" deleted="0" eskerapplication="Expense" global="0" id="G22652000SG7" keepcustomization="0" keepfieldsonly="0" keepfieldsproperties="0" keepnewcontroloptions="0" migrationversion="4" name="Reminder expense reports control" needvalidation="0" ootofilter="" ootoversion="1" originalProcessID="R8Z1FP000FSX" ownerid="cn=admin_p2p@paragon-cc.fr,ou=DEV,ou=TrainingP2P,ou=DEMO_JULIEN,ou=05284299,ou=ESK,s=eoo" ownerpb="OnDemand AddressBook" public="1" pushnotification="0" reuseengine="0" sprintversion="5.261.0" transportname="CustomData" upgradable="1" userid="0" version="1" visibility="0">
  <properties>
    <dataConditions>
      <listDataConditions>
				&lt;dataCondition&gt;
					&lt;tableName&gt;P2P - Global Application Settings__&lt;/tableName&gt;
					&lt;filter&gt;msnex=*&lt;/filter&gt;
					&lt;labelKey&gt;_Expense claims disabled&lt;/labelKey&gt;
					&lt;conditions&gt;
						&lt;allowCondition&gt;
							&lt;fieldName&gt;EnableExpenseClaimsGlobalSetting__&lt;/fieldName&gt;
							&lt;fieldValue&gt;1&lt;/fieldValue&gt;
						&lt;/allowCondition&gt;
					&lt;/conditions&gt;
				&lt;/dataCondition&gt;
			</listDataConditions>
    </dataConditions>
    <gdr>
      <AllowTagCoverPages>true</AllowTagCoverPages>
      <AllowTagNewDocuments>true</AllowTagNewDocuments>
      <AllowTagAttachments>true</AllowTagAttachments>
      <extractionscriptIncludedScripts>Sys/Sys_Helpers_Attach</extractionscriptIncludedScripts>
      <extractionscriptIncludedScripts>Sys/Sys_EmailNotification</extractionscriptIncludedScripts>
      <extractionscriptIncludedScripts>Lib_V12.0.461.0</extractionscriptIncludedScripts>
      <extractionscriptIncludedScripts>Lib_P2P_V12.0.461.0</extractionscriptIncludedScripts>
      <extractionscriptIncludedScripts>Lib_Parameters_P2P_V12.0.461.0</extractionscriptIncludedScripts>
      <ExtractionScript>///#GLOBALS Lib Sys
Sys.EmailNotification.SendReminders({
    template: "Expense_Email_ReminderForExpRepControl.htm",
    fromName: "_EskerExpenseReports",
    backupUserAsCC: true,
    GetCustomTags: function (user) {
        var vars = user.dbInfo.GetVars();
        var language = vars.GetValue_String("Language", 0);
        var baseUrl = Data.GetValue("ValidationUrl");
        baseUrl = baseUrl.substr(0, baseUrl.lastIndexOf("/"));
        return {
            "ControlerDisplayName": vars.GetValue_String("DisplayName", 0),
            "ExpenseReportWithNumber": Language.TranslateInto(user.count &gt; 1 ? "X Expense Reports" : "1 Expense Report", language, false, user.count),
            "ExpenseReport": Language.TranslateInto(user.count &gt; 1 ? "Expense Reports" : "Expense Report", language, false),
            "ExpenseReportWithArticle": Language.TranslateInto(user.count &gt; 1 ? "THE Expense Reports" : "THE Expense Report", language, false),
            "ValidationUrl": baseUrl + "/View.link?tabName=_Expense%20report&amp;viewName=_Expense%20report%20-%20To%20control"
        };
    },
    sendToAllMembersIfGroup: Sys.Parameters.GetInstance("P2P").GetParameter("SendNotificationsToEachGroupMembers") === "1"
});
</ExtractionScript>
      <AllowRemovePages>true</AllowRemovePages>
      <AllowSwapPages>true</AllowSwapPages>
    </gdr>
    <lg>
      <process_DE>{
	"_EskerExpenseReports": "Esker Ausgabenberichte",
	"1 Expense Report": "es wurde Ihnen ein neuer Ausgabenbericht",
	"Expense Report": "Ausgabenbericht wartet",
	"Expense Reports": "Ausgabenberichte warten",
	"Reminder expense reports control": "Erinnerungen zu ausstehenden Überprüfungen von Ausgabenberichten",
	"THE Expense Report": "den Ausgabenbericht",
	"THE Expense Reports": "die Ausgabenberichte",
	"X Expense Reports": "es wurden Ihnen {0} neue Ausgabenberichte"
}</process_DE>
      <process_ja>{
	"_EskerExpenseReports": "Esker費用管理",
	"1 Expense Report": "1件の新しい費用レポート",
	"Expense Report": "費用レポート",
	"Expense Reports": "費用レポート",
	"Reminder expense reports control": "保留中の費用レポート管理のリマインダー",
	"THE Expense Report": "費用レポート",
	"THE Expense Reports": "費用レポート",
	"X Expense Reports": "{0} 件の新しい費用レポート"
}</process_ja>
      <process_en>{
	"_EskerExpenseReports": "Esker Expense Management",
	"1 Expense Report": "one new expense report",
	"Expense Report": "Expense report",
	"Expense Reports": "Expense reports",
	"Reminder expense reports control": "Reminders for pending expense report controls",
	"THE Expense Report": "the expense report",
	"THE Expense Reports": "the expense reports",
	"X Expense Reports": "{0} new expense reports"
}</process_en>
      <process_ES>{
	"_EskerExpenseReports": "Esker Informes de gastos",
	"1 Expense Report": "un nuevo informe de gastos",
	"Expense Report": "Informe de gastos",
	"Expense Reports": "Informes de gastos",
	"Reminder expense reports control": "Recordatorios para informes de gastos en espera de control",
	"THE Expense Report": "el informe de gastos",
	"THE Expense Reports": "los informes de gastos",
	"X Expense Reports": "{0} nuevos informes de gastos"
}</process_ES>
      <process_FR>{
	"_EskerExpenseReports": "Esker Notes de frais",
	"1 Expense Report": "une nouvelle note de frais",
	"Expense Report": "Note de frais",
	"Expense Reports": "Notes de frais",
	"Reminder expense reports control": "Rappels pour les notes de frais en attente de contrôle",
	"THE Expense Report": "la note de frais",
	"THE Expense Reports": "les notes de frais",
	"X Expense Reports": "{0} nouvelles notes de frais"
}</process_FR>
      <process_nl-NL>{
	"_EskerExpenseReports": "Esker Uitgavenbeheer",
	"1 Expense Report": "één nieuwe uitgavenstaat",
	"Expense Report": "Uitgavenstaat",
	"Expense Reports": "Uitgavenstaten",
	"Reminder expense reports control": "Herinneringen voor controles uitgavenstaten in uitvoering",
	"THE Expense Report": "de uitgavenstaat",
	"THE Expense Reports": "de uitgavenstaten",
	"X Expense Reports": "{0} nieuwe uitgavenstaten"
}</process_nl-NL>
      <process_IT>{
	"_EskerExpenseReports": "Esker Note spese",
	"1 Expense Report": "ti è stata trasmessa una nuova nota spese",
	"Expense Report": "Nota spese",
	"Expense Reports": "Note spese",
	"Reminder expense reports control": "Promemoria per note spese in attesa di controllo",
	"THE Expense Report": "la nota spese",
	"THE Expense Reports": "le note spese",
	"X Expense Reports": "ti sono state trasmesse {0} nuove note spese"
}</process_IT>
      <process_ZH-CN>{
	"_EskerExpenseReports": "Esker 费用管理",
	"1 Expense Report": "一张新报销单",
	"Expense Report": "报销单",
	"Expense Reports": "报销单",
	"Reminder expense reports control": "待验证报销单提醒",
	"THE Expense Report": "报销单",
	"THE Expense Reports": "报销单",
	"X Expense Reports": "{0}张新报销单"
}</process_ZH-CN>
      <process_pt-BR>{
	"_EskerExpenseReports": "Esker Declaração de despesas",
	"1 Expense Report": "um novo relatório de despesas",
	"Expense Report": "Relatório de despesas",
	"Expense Reports": "Relatórios de despesas",
	"Reminder expense reports control": "Lembretes para controles de relatório de despesas pendentes",
	"THE Expense Report": "o relatório de despesas",
	"THE Expense Reports": "os relatórios de despesas",
	"X Expense Reports": "{0} novos relatórios de despesas"
}</process_pt-BR>
    </lg>
    <ocr>
      <trade-off>accurate</trade-off>
      <image-binarization>no</image-binarization>
      <image-draft-fax>no</image-draft-fax>
      <image-despeckle>no</image-despeckle>
      <allowed-language>0</allowed-language>
      <image-resolution-enhancement>auto</image-resolution-enhancement>
      <pdf-processing>no-ocr</pdf-processing>
      <ocr_engine>Nuance190</ocr_engine>
      <ocrpagestoprocess>0</ocrpagestoprocess>
      <extractionAdditionalOptions>
      </extractionAdditionalOptions>
    </ocr>
    <process>
      <flowtype>processing</flowtype>
      <ocrpreset>scan</ocrpreset>
      <homepagelabel>Reminder expense reports control</homepagelabel>
      <enableflexibleauditing>
      </enableflexibleauditing>
      <enableflexibleediting>
      </enableflexibleediting>
      <enableflexibleteaching>
      </enableflexibleteaching>
      <upgradable>yes</upgradable>
      <disableocr>
      </disableocr>
      <instanciable>1</instanciable>
      <disableautolearning>true</disableautolearning>
      <backgroundprocessingthreshold>
      </backgroundprocessingthreshold>
      <EnablePreviewPrecomputation>
      </EnablePreviewPrecomputation>
      <enablerounddecimal>true</enablerounddecimal>
      <pdfNormalizeFilter>
      </pdfNormalizeFilter>
      <archiveDuration>0</archiveDuration>
      <ownhomepage>
      </ownhomepage>
      <ocrpagestoprocess>0</ocrpagestoprocess>
      <ScriptEngineType>2</ScriptEngineType>
      <UseActionNameWithScriptApproval>true</UseActionNameWithScriptApproval>
      <displayWidth>
      </displayWidth>
      <AllowUploadAttachment>1</AllowUploadAttachment>
      <AllowUploadReferenceDocument>0</AllowUploadReferenceDocument>
      <UseCultureFormat>true</UseCultureFormat>
      <AllowRetryExtractCD>true</AllowRetryExtractCD>
      <TransportName>CustomData</TransportName>
      <LayoutVersion>1.0</LayoutVersion>
      <printToProcess>
      </printToProcess>
    </process>
    <ui>
      <layout>{
	"*": {
		"GDRData": {
			"type": "GDRData",
			"options": {
				"version": 0
			},
			"stamp": 1,
			"data": []
		},
		"OCRParams": {
			"type": "OCRParams",
			"options": {
				"version": 0
			},
			"stamp": 2,
			"data": []
		},
		"Screen": {
			"type": "FlexibleFormLayout",
			"options": {
				"splitterType": "complex",
				"version": 0,
				"maxwidth": ""
			},
			"*": {
				"form-header": {
					"type": "FlexibleFormHeader",
					"options": {
						"version": 0,
						"maxwidth": ""
					},
					"stamp": 4,
					"data": []
				},
				"form-center": {
					"type": "FlexibleFormCenter",
					"options": {
						"version": 0,
						"maxwidth": ""
					},
					"*": {
						"form-content": {
							"type": "FlexibleFormContent",
							"options": {
								"version": 0
							},
							"*": {
								"form-content-top": {
									"type": "FlexibleFormSplitter",
									"options": {
										"autosize": true,
										"version": 1,
										"box": {
											"top": "0%",
											"left": "0%",
											"height": "25%"
										},
										"hidden": false
									},
									"*": {
										"form-content-top-1": {
											"type": "FlexibleFormLine",
											"options": {
												"version": 0
											},
											"*": {
												"DocumentsPanel": {
													"type": "PanelDocument",
													"options": {
														"version": 0,
														"border": {},
														"labelLength": 0,
														"iconURL": "",
														"TitleFontSize": "S",
														"hideActionButtons": false,
														"hideTitleBar": false,
														"hideTitle": false,
														"label": "_Documents"
													},
													"*": {
														"Document": {
															"data": [
																"documentscontroldata"
															],
															"type": "Documents",
															"options": {
																"version": 0
															},
															"stamp": 10
														}
													},
													"stamp": 9,
													"data": []
												}
											},
											"stamp": 8,
											"data": []
										}
									},
									"stamp": 7,
									"data": []
								},
								"form-content-bottom": {
									"type": "FlexibleFormSplitter",
									"options": {
										"version": 1,
										"box": {
											"top": 25,
											"left": 0,
											"width": 100,
											"height": 75
										},
										"hidden": false
									},
									"*": {
										"form-content-left": {
											"type": "FlexibleFormSplitter",
											"options": {
												"version": 1,
												"box": {
													"top": "0%",
													"left": "0%",
													"width": "45%"
												},
												"hidden": false
											},
											"*": {
												"form-content-left-1": {
													"type": "FlexibleFormLine",
													"options": {
														"version": 0
													},
													"*": {
														"DataPanel": {
															"type": "PanelData",
															"options": {
																"border": {},
																"version": 0,
																"labelLength": 0,
																"iconURL": "",
																"TitleFontSize": "S",
																"hideActionButtons": false,
																"hideTitleBar": false,
																"hideTitle": false,
																"backgroundcolor": "default",
																"labelsAlignment": "right",
																"label": "_Document data"
															},
															"*": {
																"FieldsManager": {
																	"type": "FieldsManager",
																	"options": {
																		"controlsAssociation": {},
																		"version": 0
																	},
																	"*": {
																		"Grid": {
																			"type": "GridLayout",
																			"options": {
																				"lines": 0,
																				"columns": 2,
																				"version": 0,
																				"ctrlsPos": {},
																				"colspans": []
																			},
																			"data": [
																				"fields"
																			],
																			"*": {},
																			"stamp": 16
																		}
																	},
																	"stamp": 15,
																	"data": []
																}
															},
															"stamp": 14,
															"data": []
														}
													},
													"stamp": 13,
													"data": []
												},
												"form-content-left-2": {
													"type": "FlexibleFormLine",
													"options": {
														"version": 0
													},
													"*": {
														"SystemData": {
															"type": "PanelSystemData",
															"options": {
																"multicolumn": false,
																"version": 0,
																"border": {},
																"labelLength": 0,
																"iconURL": "",
																"TitleFontSize": "S",
																"hideActionButtons": false,
																"hideTitleBar": false,
																"hideTitle": false,
																"label": "_System data"
															},
															"stamp": 18,
															"data": []
														}
													},
													"stamp": 17,
													"data": []
												},
												"form-content-left-3": {
													"type": "FlexibleFormLine",
													"options": {
														"version": 0
													},
													"*": {
														"NextProcess": {
															"type": "PanelNextProcess",
															"options": {
																"hidden": true,
																"version": 0,
																"border": {},
																"labelLength": 0,
																"iconURL": "",
																"TitleFontSize": "S",
																"hideActionButtons": false,
																"hideTitleBar": false,
																"hideTitle": false,
																"label": "_Next Process"
															},
															"stamp": 20,
															"data": []
														}
													},
													"stamp": 19,
													"data": []
												}
											},
											"stamp": 12,
											"data": []
										},
										"form-content-right": {
											"type": "FlexibleFormSplitter",
											"options": {
												"version": 1,
												"box": {
													"top": 0,
													"left": 45,
													"width": 55,
													"height": 99
												},
												"hidden": false
											},
											"*": {
												"form-content-right-1": {
													"type": "FlexibleFormLine",
													"options": {
														"version": 0
													},
													"*": {
														"PreviewPanel": {
															"type": "PanelPreview",
															"options": {
																"border": {},
																"version": 0,
																"labelLength": 0,
																"iconURL": "",
																"TitleFontSize": "S",
																"hideActionButtons": false,
																"hideTitleBar": false,
																"hideTitle": false,
																"label": "_Document Preview"
															},
															"*": {
																"Preview": {
																	"data": [
																		"previewdata"
																	],
																	"type": "Preview",
																	"options": {
																		"version": 0
																	},
																	"stamp": 24
																}
															},
															"stamp": 23,
															"data": []
														}
													},
													"stamp": 22,
													"data": []
												}
											},
											"stamp": 21,
											"data": []
										}
									},
									"stamp": 11,
									"data": []
								}
							},
							"stamp": 6,
							"data": []
						}
					},
					"stamp": 5,
					"data": []
				},
				"form-footer": {
					"type": "FlexibleFormFooter",
					"options": {
						"splitterType": "simple-h",
						"version": 0,
						"maxwidth": ""
					},
					"*": {
						"Save": {
							"type": "SubmitButton",
							"options": {
								"label": "_Save",
								"action": "save",
								"submit": true,
								"version": 0
							},
							"stamp": 26,
							"data": []
						},
						"Approve": {
							"type": "SubmitButton",
							"options": {
								"label": "_Approve",
								"action": "approve",
								"submit": true,
								"version": 0
							},
							"stamp": 27,
							"data": []
						},
						"Reject": {
							"type": "SubmitButton",
							"options": {
								"label": "_Reject",
								"action": "reject",
								"submit": true,
								"version": 0
							},
							"stamp": 28,
							"data": []
						},
						"Reprocess": {
							"type": "SubmitButton",
							"options": {
								"label": "_Reprocess",
								"action": "reprocess",
								"submit": true,
								"version": 0
							},
							"stamp": 29,
							"data": []
						},
						"Close": {
							"type": "SubmitButton",
							"options": {
								"label": "_Close",
								"action": "cancel",
								"submit": true,
								"version": 0
							},
							"stamp": 30,
							"data": []
						}
					},
					"stamp": 25,
					"data": []
				}
			},
			"stamp": 3,
			"data": []
		}
	},
	"stamps": 30,
	"data": []
}</layout>
    </ui>
  </properties>
  <type id="RJRH13130EF" name="CD">
  </type>
</process>