﻿<?xml version="1.0" encoding="UTF-8" standalone="no"?>
<process accountid="20063076" allowrepairprocess="0" builtin="0" builtinversion="0" carriesapplicationversion="0" creationdatetime="2022-10-25 17:08:50" deleted="0" eskerapplication="" global="0" id="B82652000SG7" keepcustomization="0" keepfieldsonly="0" keepfieldsproperties="0" keepnewcontroloptions="0" migrationversion="4" name="CTR - Update Contract" needvalidation="0" ootofilter="" ootoversion="1" originalProcessID="L484FP000M4H" ownerid="cn=admin_p2p@paragon-cc.fr,ou=DEV,ou=TrainingP2P,ou=DEMO_JULIEN,ou=05284299,ou=ESK,s=eoo" ownerpb="OnDemand AddressBook" public="1" pushnotification="0" reuseengine="0" sprintversion="5.261.0" transportname="CustomData" upgradable="1" userid="0" version="1" visibility="0">
  <properties>
    <dataConditions>
      <listDataConditions>
				&lt;dataCondition&gt;
					&lt;tableName&gt;P2P - Global Application Settings__&lt;/tableName&gt;
					&lt;filter&gt;msnex=*&lt;/filter&gt;
					&lt;labelKey&gt;_Contracts disabled&lt;/labelKey&gt;
					&lt;conditions&gt;
						&lt;allowCondition&gt;
							&lt;fieldName&gt;EnableContractGlobalSetting__&lt;/fieldName&gt;
							&lt;fieldValue&gt;1&lt;/fieldValue&gt;
						&lt;/allowCondition&gt;
					&lt;/conditions&gt;
				&lt;/dataCondition&gt;
			</listDataConditions>
    </dataConditions>
    <gdr>
      <FinalizationScriptAllowRetry>
      </FinalizationScriptAllowRetry>
      <FinalizationScript>
      </FinalizationScript>
      <ValidationScriptAllowRetry>
      </ValidationScriptAllowRetry>
      <ValidationScript>
      </ValidationScript>
      <AllowTagCoverPages>true</AllowTagCoverPages>
      <AllowTagNewDocuments>true</AllowTagNewDocuments>
      <AllowTagAttachments>true</AllowTagAttachments>
      <ExtractionScriptAllowRetry>
      </ExtractionScriptAllowRetry>
      <extractionscriptIncludedScripts>Lib_V12.0.461.0</extractionscriptIncludedScripts>
      <extractionscriptIncludedScripts>Lib_P2P_V12.0.461.0</extractionscriptIncludedScripts>
      <extractionscriptIncludedScripts>Sys/Sys_Helpers_String</extractionscriptIncludedScripts>
      <extractionscriptIncludedScripts>Sys/Sys_Helpers_CSVReader</extractionscriptIncludedScripts>
      <extractionscriptIncludedScripts>Sys/Sys_Helpers_Date</extractionscriptIncludedScripts>
      <extractionscriptIncludedScripts>Sys/Sys_EmailNotification</extractionscriptIncludedScripts>
      <ExtractionScript>///#GLOBALS Sys Lib
// TODO replace by language.translate
var COLUMNS = {
	MSNEX: 0,
	NAME__: 1,
	REFERENCENUMBER__: 2,
	ENDDATE__: 3,
	TACITRENEWAL__: 4,
	NOTIFICATIONDATE__: 5,
	INITIALLYEXPECTEDENDDATE__: 6,
	OWNERID: 7,
	CREATOROWNERID: 8,
	ORIGINALOWNERID: 9,
	CREATEONBEHALF: 10,
	OWNERLOGIN__: 11,
	REQUESTERLOGIN__: 12,
	SEND: 13
};
var contracts = [];
var usersToNotify = [];

function ReadCSV()
{
	Log.Info("ReadCSV: START");
	var csvReader = Sys.Helpers.CSVReader.CreateInstance(0, "V2");
	csvReader.ReturnSeparator = "\n";
	csvReader.GuessSeparator(); // Warning: it reads the first line
	Log.Info("Guessed separator: " + csvReader.SplitSeparator);
	var count = 0;
	while (csvReader.GetNextLine())
	{
		try
		{
			count++;
			var parsedLine = csvReader.GetCurrentLineArray();
			Log.Info("Contract " + count + ": " + parsedLine);
			var culture = Lib.P2P.GetValidatorOrOwner().GetValue("Culture");
			var endDate = Sys.Helpers.Date.ParseLocaleDate(parsedLine[COLUMNS.ENDDATE__], culture);
			var tacitRenewal = Sys.Helpers.String.ToBoolean(parsedLine[COLUMNS.TACITRENEWAL__]);
			var notifDate = Sys.Helpers.Date.ParseLocaleDate(parsedLine[COLUMNS.NOTIFICATIONDATE__], culture);
			var initiallyExpectedEndDate = !Sys.Helpers.IsEmpty(parsedLine[COLUMNS.INITIALLYEXPECTEDENDDATE__]) ? Sys.Helpers.Date.ParseLocaleDate(parsedLine[COLUMNS.INITIALLYEXPECTEDENDDATE__], culture) : null;
			contracts.push(
			{
				RuidEx: GetRuidEX(parsedLine[COLUMNS.MSNEX]),
				Name: parsedLine[COLUMNS.NAME__],
				OwnerId: parsedLine[COLUMNS.OWNERID],
				Culture: culture,
				EndDate: endDate,
				TacitRenewal: tacitRenewal,
				NotificationDate: notifDate,
				InitiallyExpectedEndDate: initiallyExpectedEndDate,
				Notifiable: true,
				ContractOwnerLogin: parsedLine[COLUMNS.OWNERLOGIN__],
				RequesterLogin: parsedLine[COLUMNS.REQUESTERLOGIN__],
			});
		}
		catch (e)
		{
			Log.Error("Error parsing CSV file. Ligne " + count + "\n" + e);
		}
	}
	Log.Info("ReadCSV: END. " + count + " contract(s) found.");
}

function GetRuidEX(msnEx)
{
	var processID = Process.GetProcessID("P2P - Contract");
	return "CD#".concat(processID, ".").concat(msnEx);
}

function ManageContracts()
{
	Log.Info("ManageContracts: START");
	for (var _i = 0, contracts_1 = contracts; _i &lt; contracts_1.length; _i++)
	{
		var contract = contracts_1[_i];
		var endDate = contract.EndDate ? Sys.Helpers.Date.NormalizeToEskerDate(contract.EndDate) : null;
		var notificationDate = contract.NotificationDate ? Sys.Helpers.Date.NormalizeToEskerDate(contract.NotificationDate) : null;
		if (Sys.Helpers.Date.CompareDateToToday(endDate) &lt; 0)
		{
			Log.Info("Contract endDate passed for contract: ".concat(contract.Name, "' , call UpdateContract."));
			var ctrTransport = Process.GetUpdatableTransportAsProcessAdmin(contract.RuidEx);
			//ResumeWithActionAsync works with record in state = 100 where ResumeWithAction does not. TODO : ResumeWithAction should work with record in state 100
			ctrTransport.ResumeWithActionAsync("UpdateContract");
			contract.Notifiable = false;
		}
		else if (Sys.Helpers.Date.CompareDateToToday(notificationDate) === 0)
		{
			// notif
			Log.Info("New contract close to end or renewal: '".concat(contract.Name, "'. ").concat(contract.OwnerId, " will be notified"));
			if (contract.RequesterLogin)
			{
				usersToNotify.push(contract.RequesterLogin);
			}
			if (contract.ContractOwnerLogin)
			{
				usersToNotify.push(contract.ContractOwnerLogin);
			}
		}
		else
		{
			Log.Info("Contract close to end or renewal '".concat(contract.Name, "'. ").concat(contract.OwnerId, " but already notified"));
		}
	}
	Log.Info("ManageContracts: END.");
}

function SendNotifs()
{
	var contractNotifiable = contracts.filter(function (c)
	{
		return c.Notifiable !== false;
	});
	var groupedContractToNotify = {};

	function groupContractByUserToNotify(userID, contract)
	{
		if (userID &amp;&amp; usersToNotify.indexOf(userID) !== -1)
		{
			if (groupedContractToNotify[userID])
			{
				groupedContractToNotify[userID].push(contract);
			}
			else
			{
				groupedContractToNotify[userID] = [contract];
			}
		}
	}
	for (var _i = 0, contractNotifiable_1 = contractNotifiable; _i &lt; contractNotifiable_1.length; _i++)
	{
		var contract = contractNotifiable_1[_i];
		groupContractByUserToNotify(contract.ContractOwnerLogin, contract);
	}
	for (var userId in groupedContractToNotify)
	{
		if (groupedContractToNotify.hasOwnProperty(userId))
		{
			groupedContractToNotify[userId].sort(function (a, b)
			{
				return Sys.Helpers.Date.CompareDate(a.EndDate, b.EndDate);
			});
			var contractsCloseToEnd = 0;
			var contractsCloseToRenewal = 0;
			for (var _a = 0, _b = groupedContractToNotify[userId]; _a &lt; _b.length; _a++)
			{
				var contract = _b[_a];
				if (contract.TacitRenewal &amp;&amp; !Sys.Helpers.IsEmpty(contract.InitiallyExpectedEndDate))
				{
					contractsCloseToRenewal++;
				}
				else
				{
					contractsCloseToEnd++;
				}
			}
			Log.Info("Send notif to " + userId + " for " + contractsCloseToEnd + " contracts close to end and " + contractsCloseToRenewal + " contracts close to renewals.");
			var user = Users.GetUser(userId);
			var userEmail = user.GetValue("EmailAddress");
			if (Sys.Helpers.IsEmpty(userEmail))
			{
				Log.Error("No email address to notify user.");
				return;
			}
			var baseUrl = Data.GetValue("ValidationUrl");
			baseUrl = baseUrl.substr(0, baseUrl.lastIndexOf("/"));
			var customTags = {
				ViewUrl_CloseToEnd: baseUrl + "/View.link?tabName=_My documents-P2P%20Contract&amp;viewName=_P2P_Views%20-%20My%20Contracts%20expiring%20soon",
				ViewUrl_CloseToRenewal: baseUrl + "/View.link?tabName=_My documents-P2P%20Contract&amp;viewName=_P2P_Views%20-%20My%20Contracts%20upcoming%20renewals"
			};
			if (contractsCloseToEnd &gt; 0)
			{
				if (contractsCloseToEnd &gt; 1)
				{
					customTags.SeveralContractsCloseToEnd = "true";
					customTags.NumberOfContractsCloseToEnd = contractsCloseToEnd.toString();
				}
				else
				{
					customTags.OneContractCloseToEnd = "true";
				}
			}
			if (contractsCloseToRenewal &gt; 0)
			{
				if (contractsCloseToRenewal &gt; 1)
				{
					customTags.SeveralContractsCloseToRenewal = "true";
					customTags.NumberOfContractsCloseToRenewal = contractsCloseToRenewal.toString();
				}
				else
				{
					customTags.OneContractCloseToRenewal = "true";
				}
			}
			try
			{
				SendEmailNotification(userId, null, "Contract_Email_NotifReminder.htm", null, customTags);
			}
			catch (e)
			{
				Log.Error("Cannot send the notification. Details: " + e);
			}
		}
	}
}

function SendEmailNotification(userID, subject, template, backupUserAsCC, tags)
{
	var options = {
		userId: userID,
		subject: subject,
		template: template,
		customTags: tags,
		fromName: "_EskerContract",
		backupUserAsCC: !!backupUserAsCC
	};
	try
	{
		Sys.EmailNotification.SendEmailNotification(options);
	}
	catch (e)
	{
		Log.Error("Cannot send the notification. Details: " + e);
	}
}
ReadCSV();
ManageContracts();
SendNotifs();</ExtractionScript>
      <ExtractionScriptRunOnOCRFailed>
      </ExtractionScriptRunOnOCRFailed>
      <AllowRemovePages>true</AllowRemovePages>
      <AllowSwapPages>true</AllowSwapPages>
      <PostProcessingScriptAllowRetry>
      </PostProcessingScriptAllowRetry>
      <PostProcessingScript>
      </PostProcessingScript>
    </gdr>
    <lg>
      <process_de>{
	"_EskerContract": "Esker Lieferantenverträge",
	"CTR - Update Contract": "Lieferantenverträge - Statusaktualisierungen &amp; Ablauf-/Erneuerungserinnerungen"
}</process_de>
      <process_JA>{
	"_EskerContract": "Esker仕入先契約",
	"CTR - Update Contract": "仕入先契約 - ステータス更新と満了/更新リマインダー"
}</process_JA>
      <process_en>{
	"_EskerContract": "Esker Vendor Contracts",
	"CTR - Update Contract": "Vendor Contracts - Status Updates &amp; Expiration/Renewal Reminders"
}</process_en>
      <process_ES>{
	"_EskerContract": "Esker Contratos de proveedores",
	"CTR - Update Contract": "Contratos de proveedores - Actualizaciones de estado y Recordatorios de vencimiento/renovación"
}</process_ES>
      <process_fr>{
	"_EskerContract": "Esker Contrats fournisseurs",
	"CTR - Update Contract": "Contrats fournisseurs - Mises à jour d'état &amp; Rappels d'expiration/de reconduction"
}</process_fr>
      <process_nl-NL>{
	"_EskerContract": "Esker Leverancierscontracten",
	"CTR - Update Contract": "Leverancierscontracten - statusupdates en herinneringen vervaldatum/vernieuwen"
}</process_nl-NL>
      <process_it>{
	"_EskerContract": "Esker Contratti fornitori",
	"CTR - Update Contract": "Contratti fornitori - Aggiornamenti stato &amp; Promemoria scadenze/rinnovi"
}</process_it>
      <process_zh-CN>{
	"_EskerContract": "Esker 供应商合同",
	"CTR - Update Contract": "供应商合同 - 状态更新与到期/续约提醒"
}</process_zh-CN>
      <process_pt-BR>{
	"_EskerContract": "Esker Contratos do fornecedor",
	"CTR - Update Contract": "Contratos de fornecedores - Atualizações de status e lembretes de vencimento/renovação"
}</process_pt-BR>
    </lg>
    <ocr>
      <trade-off>accurate</trade-off>
      <image-binarization>no</image-binarization>
      <image-draft-fax>no</image-draft-fax>
      <image-despeckle>no</image-despeckle>
      <allowed-language>0</allowed-language>
      <image-resolution-enhancement>auto</image-resolution-enhancement>
      <pdf-processing>no-ocr</pdf-processing>
      <ocr_engine>Nuance190</ocr_engine>
      <ocrpagestoprocess>0</ocrpagestoprocess>
      <extractionAdditionalOptions>
      </extractionAdditionalOptions>
    </ocr>
    <process>
      <flowtype>processing</flowtype>
      <ocrpreset>scan</ocrpreset>
      <homepagelabel>CTR - Update Contract</homepagelabel>
      <enableflexibleauditing>
      </enableflexibleauditing>
      <enableflexibleediting>
      </enableflexibleediting>
      <enableflexibleteaching>
      </enableflexibleteaching>
      <disableocr>
      </disableocr>
      <instanciable>1</instanciable>
      <disableautolearning>true</disableautolearning>
      <backgroundprocessingthreshold>
      </backgroundprocessingthreshold>
      <EnablePreviewPrecomputation>
      </EnablePreviewPrecomputation>
      <enablerounddecimal>true</enablerounddecimal>
      <pdfNormalizeFilter>
      </pdfNormalizeFilter>
      <archiveDuration>0</archiveDuration>
      <ocrpagestoprocess>0</ocrpagestoprocess>
      <ScriptEngineType>2</ScriptEngineType>
      <UseActionNameWithScriptApproval>true</UseActionNameWithScriptApproval>
      <displayWidth>
      </displayWidth>
      <AllowUploadAttachment>1</AllowUploadAttachment>
      <AllowUploadReferenceDocument>1</AllowUploadReferenceDocument>
      <UseCultureFormat>true</UseCultureFormat>
      <AllowRetryExtractCD>true</AllowRetryExtractCD>
      <TransportName>CustomData</TransportName>
      <LayoutVersion>1.0</LayoutVersion>
      <printToProcess>
      </printToProcess>
    </process>
    <ui>
      <layout>{
	"*": {
		"GDRData": {
			"type": "GDRData",
			"options": {
				"version": 0
			},
			"stamp": 1,
			"data": []
		},
		"OCRParams": {
			"type": "OCRParams",
			"options": {
				"version": 0
			},
			"stamp": 2,
			"data": []
		},
		"Screen": {
			"type": "FlexibleFormLayout",
			"options": {
				"splitterType": "complex",
				"version": 0,
				"maxwidth": "",
				"backColor": "text-backgroundcolor-default",
				"style": null
			},
			"*": {
				"form-header": {
					"type": "FlexibleFormHeader",
					"options": {
						"version": 0,
						"maxwidth": ""
					},
					"stamp": 4,
					"data": []
				},
				"form-center": {
					"type": "FlexibleFormCenter",
					"options": {
						"version": 0,
						"maxwidth": ""
					},
					"*": {
						"form-content": {
							"type": "FlexibleFormContent",
							"options": {
								"version": 0
							},
							"*": {
								"form-content-top": {
									"type": "FlexibleFormSplitter",
									"options": {
										"autosize": true,
										"version": 1,
										"box": {
											"top": "0%",
											"left": "0%",
											"height": "25%"
										},
										"hidden": false
									},
									"*": {
										"form-content-top-1": {
											"type": "FlexibleFormLine",
											"options": {
												"version": 0
											},
											"*": {
												"DocumentsPanel": {
													"type": "PanelDocument",
													"options": {
														"version": 0,
														"border": {},
														"labelLength": 0,
														"iconURL": "",
														"TitleFontSize": "S",
														"hideActionButtons": false,
														"hideTitleBar": false,
														"hideTitle": false,
														"label": "_Documents"
													},
													"*": {
														"Document": {
															"data": [
																"documentscontroldata"
															],
															"type": "Documents",
															"options": {
																"version": 0
															},
															"stamp": 10
														}
													},
													"stamp": 9,
													"data": []
												}
											},
											"stamp": 8,
											"data": []
										}
									},
									"stamp": 7,
									"data": []
								},
								"form-content-bottom": {
									"type": "FlexibleFormSplitter",
									"options": {
										"version": 1,
										"box": {
											"top": 25,
											"left": 0,
											"width": 100,
											"height": 75
										},
										"hidden": false
									},
									"*": {
										"form-content-left": {
											"type": "FlexibleFormSplitter",
											"options": {
												"version": 1,
												"box": {
													"top": "0%",
													"left": "0%",
													"width": "45%"
												},
												"hidden": false
											},
											"*": {
												"form-content-left-1": {
													"type": "FlexibleFormLine",
													"options": {
														"version": 0
													},
													"*": {
														"DataPanel": {
															"type": "PanelData",
															"options": {
																"border": {},
																"version": 0,
																"labelLength": 0,
																"iconURL": "",
																"TitleFontSize": "S",
																"hideActionButtons": false,
																"hideTitleBar": false,
																"hideTitle": false,
																"backgroundcolor": "default",
																"labelsAlignment": "right",
																"label": "_Document data"
															},
															"*": {
																"FieldsManager": {
																	"type": "FieldsManager",
																	"options": {
																		"controlsAssociation": {},
																		"version": 0
																	},
																	"*": {
																		"Grid": {
																			"type": "GridLayout",
																			"options": {
																				"lines": 0,
																				"columns": 2,
																				"version": 0,
																				"ctrlsPos": {},
																				"colspans": []
																			},
																			"data": [
																				"fields"
																			],
																			"*": {},
																			"stamp": 16
																		}
																	},
																	"stamp": 15,
																	"data": []
																}
															},
															"stamp": 14,
															"data": []
														}
													},
													"stamp": 13,
													"data": []
												},
												"form-content-left-2": {
													"type": "FlexibleFormLine",
													"options": {
														"version": 0
													},
													"*": {
														"SystemData": {
															"type": "PanelSystemData",
															"options": {
																"multicolumn": false,
																"version": 0,
																"border": {},
																"labelLength": 0,
																"iconURL": "",
																"TitleFontSize": "S",
																"hideActionButtons": false,
																"hideTitleBar": false,
																"hideTitle": false,
																"label": "_System data"
															},
															"stamp": 18,
															"data": []
														}
													},
													"stamp": 17,
													"data": []
												},
												"form-content-left-3": {
													"type": "FlexibleFormLine",
													"options": {
														"version": 0
													},
													"*": {
														"NextProcess": {
															"type": "PanelNextProcess",
															"options": {
																"hidden": true,
																"version": 0,
																"border": {},
																"labelLength": 0,
																"iconURL": "",
																"TitleFontSize": "S",
																"hideActionButtons": false,
																"hideTitleBar": false,
																"hideTitle": false,
																"label": "_Next Process"
															},
															"stamp": 20,
															"data": []
														}
													},
													"stamp": 19,
													"data": []
												}
											},
											"stamp": 12,
											"data": []
										},
										"form-content-right": {
											"type": "FlexibleFormSplitter",
											"options": {
												"version": 1,
												"box": {
													"top": 0,
													"left": 45,
													"width": 55,
													"height": 99
												},
												"hidden": false
											},
											"*": {
												"form-content-right-1": {
													"type": "FlexibleFormLine",
													"options": {
														"version": 0
													},
													"*": {
														"PreviewPanel": {
															"type": "PanelPreview",
															"options": {
																"border": {},
																"version": 0,
																"labelLength": 0,
																"iconURL": "",
																"TitleFontSize": "S",
																"hideActionButtons": false,
																"hideTitleBar": false,
																"hideTitle": false,
																"label": "_Document Preview"
															},
															"*": {
																"Preview": {
																	"data": [
																		"previewdata"
																	],
																	"type": "Preview",
																	"options": {
																		"version": 0
																	},
																	"stamp": 24
																}
															},
															"stamp": 23,
															"data": []
														}
													},
													"stamp": 22,
													"data": []
												}
											},
											"stamp": 21,
											"data": []
										}
									},
									"stamp": 11,
									"data": []
								}
							},
							"stamp": 6,
							"data": []
						}
					},
					"stamp": 5,
					"data": []
				},
				"form-footer": {
					"type": "FlexibleFormFooter",
					"options": {
						"splitterType": "simple-h",
						"version": 0,
						"maxwidth": ""
					},
					"*": {
						"Save": {
							"type": "SubmitButton",
							"options": {
								"label": "_Save",
								"action": "save",
								"submit": true,
								"version": 0
							},
							"stamp": 26,
							"data": []
						},
						"Approve": {
							"type": "SubmitButton",
							"options": {
								"label": "_Approve",
								"action": "approve",
								"submit": true,
								"version": 0
							},
							"stamp": 27,
							"data": []
						},
						"Reject": {
							"type": "SubmitButton",
							"options": {
								"label": "_Reject",
								"action": "reject",
								"submit": true,
								"version": 0
							},
							"stamp": 28,
							"data": []
						},
						"Reprocess": {
							"type": "SubmitButton",
							"options": {
								"label": "_Reprocess",
								"action": "reprocess",
								"submit": true,
								"version": 0
							},
							"stamp": 29,
							"data": []
						},
						"Close": {
							"type": "SubmitButton",
							"options": {
								"label": "_Close",
								"action": "cancel",
								"submit": true,
								"version": 0
							},
							"stamp": 30,
							"data": []
						}
					},
					"stamp": 25,
					"data": []
				}
			},
			"stamp": 3,
			"data": []
		}
	},
	"stamps": 30,
	"data": []
}</layout>
    </ui>
  </properties>
  <type id="RJRH13130EF" name="CD">
  </type>
</process>