﻿<?xml version="1.0" encoding="UTF-8" standalone="no"?>
<process accountid="20063076" allowrepairprocess="0" builtin="0" builtinversion="0" carriesapplicationversion="0" creationdatetime="2022-10-25 17:09:07" deleted="0" eskerapplication="" global="0" id="AG2652000SG7" keepcustomization="0" keepfieldsonly="1" keepfieldsproperties="0" keepnewcontroloptions="0" migrationversion="4" name="VM - Scoring Agency Settings__" needvalidation="0" ootofilter="" ootoversion="1" originalProcessID="J6BX00000PA9" ownerid="cn=admin_p2p@paragon-cc.fr,ou=DEV,ou=TrainingP2P,ou=DEMO_JULIEN,ou=05284299,ou=ESK,s=eoo" ownerpb="OnDemand AddressBook" public="1" pushnotification="0" reuseengine="0" sprintversion="5.261.0" transportname="CustomTable" upgradable="1" userid="0" version="1" visibility="0">
  <properties>
    <dbIndex>
      <AUTO_AEG2652000SG7A>&lt;Index&gt;&lt;Ref Name="AEG2652000SG7" Option="ASC"/&gt;&lt;/Index&gt;</AUTO_AEG2652000SG7A>
    </dbIndex>
    <gdr>
    </gdr>
    <lg>
      <process_de>{
	"_AutomaticPollingNewVendor": "Bewertungen automatisch abrufen",
	"_AutomaticPollingNewVendor_report": "Bewertungen automatisch abrufen",
	"_AutoPollScoring": "Wählen Sie diese Option, um die Bewertungen in allen Lieferantenprofilen automatisch zu aktualisieren.&lt;br&gt;\nWenn die Option nicht aktiviert ist, können Sie Bewertungen manuell für einzelne Lieferanten abrufen.",
	"_ConfigurationName": "Konfiguration",
	"_ConfigurationName_report": "Konfiguration",
	"_ContractId": "Vertragsnummer",
	"_ContractId_report": "Vertragsnummer",
	"_Dun and Bradstreet": "Dun &amp; Bradstreet",
	"_DUNS": "Dun &amp; Bradstreet",
	"_ExistingProvider": "Es ist bereits eine Konfiguration für diese Rating-Agentur vorhanden",
	"_ExpectingAProvider": "Bitte wählen Sie eine Rating-Agentur aus",
	"_General": "Risiko-Rating-Agenturen",
	"_GeneralPane": "Allgemein",
	"_LoginPane": "Anmeldeeinstellungen",
	"_Password": "Kennwort",
	"_Password_report": "Kennwort",
	"_Provider": "Rating-Agentur",
	"_Provider_report": "Rating-Agentur",
	"_ScoringAgencyHomePage": "Agentur-Webadresse",
	"_ScoringAgencyHomePage_report": "Agentur-Webadresse",
	"_ScoringAgencySettings": "Konfigurieren Sie die Einstellungen der Risiko-Rating-Agenturen",
	"_UserId": "Agentur-Konto-ID",
	"_UserId_report": "Agentur-Konto-ID",
	"VM - Scoring Agency Settings": "Lieferantenmanagement - Konfiguration der Lieferantenrisiko-Rating-Agentur"
}</process_de>
      <process_ja>{
	"_AutomaticPollingNewVendor": "自動的にスコアを出す",
	"_AutomaticPollingNewVendor_report": "自動的にスコアを出す",
	"_AutoPollScoring": "すべての仕入先プロファイルで自動的にスコアを再読み込みするには、このオプションを選択します。&lt;br&gt;\nこのオプションが選択されていない場合、仕入先ごとに手作業でスコアを取得できます。",
	"_ConfigurationName": "設定",
	"_ConfigurationName_report": "設定",
	"_ContractId": "契約番号",
	"_ContractId_report": "契約番号",
	"_Dun and Bradstreet": "Dun &amp; Bradstreet",
	"_DUNS": "Dun &amp; Bradstreet",
	"_ExistingProvider": "この評価機関の設定は既に存在します。",
	"_ExpectingAProvider": "評価機関を選択してください",
	"_General": "リスク格付け機関",
	"_GeneralPane": "全般",
	"_LoginPane": "ログイン設定",
	"_Password": "パスワード",
	"_Password_report": "パスワード",
	"_Provider": "評価機関",
	"_Provider_report": "評価機関",
	"_ScoringAgencyHomePage": "評価機関ウェブページ",
	"_ScoringAgencyHomePage_report": "評価機関ウェブページ",
	"_ScoringAgencySettings": "リスク格付け機関の設定を行う",
	"_UserId": "評価機関アカウントID",
	"_UserId_report": "評価機関アカウントID",
	"VM - Scoring Agency Settings": "仕入先管理 - サプライヤーのリスク評価機関の設定"
}</process_ja>
      <process_en>{
	"_AutomaticPollingNewVendor": "Pull scores automatically",
	"_AutomaticPollingNewVendor_report": "Pull scores automatically",
	"_AutoPollScoring": "Select this option to refresh scores automatically in all vendor profiles.&lt;br&gt;\nIf this option is unselected, you can obtain scores manually on a vendor-by-vendor basis.",
	"_CompanyInformation": "Company information",
	"_CompanyInformation_report": "Company information",
	"_ConfigurationName": "Configuration",
	"_ConfigurationName_report": "Configuration",
	"_ContractId": "Contract number",
	"_ContractId_report": "Contract number",
	"_Dun and Bradstreet": "Dun &amp; Bradstreet",
	"_DUNS": "Dun &amp; Bradstreet",
	"_ESGRating": "ESG rating",
	"_ESGRating_report": "ESG rating",
	"_ExistingProvider": "There is already a configuration for this rating agency",
	"_ExpectingAProvider": "Please select a rating agency",
	"_General": "Rating Agencies",
	"_GeneralPane": "General",
	"_LoginPane": "Login Settings",
	"_OptionsPane": "Options",
	"_Password": "Password",
	"_Password_report": "Password",
	"_Provider": "Rating agency",
	"_Provider_report": "Rating agency",
	"_RiskRating": "Risk rating",
	"_RiskRating_report": "Risk rating",
	"_ScoringAgencyHomePage": "Agency Web address",
	"_ScoringAgencyHomePage_report": "Agency Web address",
	"_ScoringAgencySettings": "Configure the rating agency settings",
	"_UserId": "Agency account identifier",
	"_UserId_report": "Agency account identifier",
	"VM - Scoring Agency Settings": "Vendor Management - Supplier rating agency configuration"
}</process_en>
      <process_es>{
	"_AutomaticPollingNewVendor": "Recuperar la puntuación automáticamente",
	"_AutomaticPollingNewVendor_report": "Recuperar la puntuación automáticamente",
	"_AutoPollScoring": "Seleccione esta opción para actualizar automáticamente las puntuaciones en todos los perfiles de proveedores.&lt;br&gt;\nSi no se selecciona esta opción, se pueden obtener las puntuaciones manualmente para proveedores individuales.&lt;br&gt;",
	"_ConfigurationName": "Configuración",
	"_ConfigurationName_report": "Configuración",
	"_ContractId": "Número de contrato",
	"_ContractId_report": "Número de contrato",
	"_Dun and Bradstreet": "Dun &amp; Bradstreet",
	"_DUNS": "Dun &amp; Bradstreet",
	"_ExistingProvider": "Ya existe una configuración para esta agencia de calificación",
	"_ExpectingAProvider": "Seleccione una agencia de calificación",
	"_General": "Agencias de calificación de riesgos",
	"_GeneralPane": "General",
	"_LoginPane": "Parámetros de conexión",
	"_Password": "Contraseña",
	"_Password_report": "Contraseña",
	"_Provider": "Agencia de calificación",
	"_Provider_report": "Agencia de calificación",
	"_ScoringAgencyHomePage": "Dirección web de la agencia",
	"_ScoringAgencyHomePage_report": "Dirección web de la agencia",
	"_ScoringAgencySettings": "Configure los parámetros de las agencias de calificación de riesgos",
	"_UserId": "Identificador de la cuenta de la agencia",
	"_UserId_report": "Identificador de la cuenta de la agencia",
	"VM - Scoring Agency Settings": "Gestión de proveedores - Configuración de la agencia de calificación de riesgos de proveedores"
}</process_es>
      <process_fr>{
	"_AutomaticPollingNewVendor": "Récupérer automatiquement les scores",
	"_AutomaticPollingNewVendor_report": "Récupérer automatiquement les scores",
	"_AutoPollScoring": "Sélectionnez cette option pour rafraîchir automatiquement les scores sur tous les profils fournisseurs.&lt;br&gt;\nSi cette option est désélectionnée, vous pouvez obtenir les scores manuellement pour les fournisseurs individuels.",
	"_ConfigurationName": "Configuration",
	"_ConfigurationName_report": "Configuration",
	"_ContractId": "Numéro de contrat",
	"_ContractId_report": "Numéro de contrat",
	"_Dun and Bradstreet": "Dun &amp; Bradstreet",
	"_DUNS": "Dun &amp; Bradstreet",
	"_ExistingProvider": "Il existe déjà une configuration pour cette agence de notation",
	"_ExpectingAProvider": "Veuillez sélectionner une agence de notation",
	"_General": "Agences de notation du risque",
	"_GeneralPane": "Général",
	"_LoginPane": "Paramètres de connexion",
	"_Password": "Mot de passe",
	"_Password_report": "Mot de passe",
	"_Provider": "Agence de notation",
	"_Provider_report": "Agence de notation",
	"_ScoringAgencyHomePage": "Adresse Web de l'agence",
	"_ScoringAgencyHomePage_report": "Adresse Web de l'agence",
	"_ScoringAgencySettings": "Configurez les paramètres des agences de notation du risque",
	"_UserId": "Identifiant du compte de l'agence",
	"_UserId_report": "Identifiant du compte de l'agence",
	"VM - Scoring Agency Settings": "Gestion des fournisseurs - Configuration de l'agence de notation du risque fournisseurs"
}</process_fr>
      <process_nl-NL>{
	"_AutomaticPollingNewVendor": "Scores automatisch ophalen",
	"_AutomaticPollingNewVendor_report": "Scores automatisch ophalen",
	"_AutoPollScoring": "Selecteer deze optie om scores automatisch te vernieuwen in alle leveranciersprofielen.&lt;br&gt; Als deze optie is afgevinkt, kunt u de scores handmatig ophalen per leverancier.",
	"_ConfigurationName": "Configuratie",
	"_ConfigurationName_report": "Configuratie",
	"_ContractId": "Contractnummer",
	"_ContractId_report": "Contractnummer",
	"_Dun and Bradstreet": "Dun &amp; Bradstreet",
	"_DUNS": "Dun &amp; Bradstreet",
	"_ExistingProvider": "Er is al een configuratie voor dit ratingbureau",
	"_ExpectingAProvider": "Selecteer een ratingbureau",
	"_General": "Bureaus voor risicoscore",
	"_GeneralPane": "Algemeen",
	"_LoginPane": "Instellingen inloggen",
	"_Password": "Wachtwoord",
	"_Password_report": "Wachtwoord",
	"_Provider": "Ratingbureau",
	"_Provider_report": "Ratingbureau",
	"_ScoringAgencyHomePage": "Webadres bureau",
	"_ScoringAgencyHomePage_report": "Webadres bureau",
	"_ScoringAgencySettings": "Instellingen bureaus voor risicoscore configureren",
	"_UserId": "Account-ID bureau",
	"_UserId_report": "Account-ID bureau",
	"VM - Scoring Agency Settings": "Leveranciersbeheer - configuratie ratingbureau risico leverancier"
}</process_nl-NL>
      <process_it>{
	"_AutomaticPollingNewVendor": "Recupera automaticamente le valutazioni",
	"_AutomaticPollingNewVendor_report": "Recupera automaticamente le valutazioni",
	"_AutoPollScoring": "Selezionare questa opzione per aggiornare automaticamente i punteggi in tutti i profili dei fornitori.&lt;br&gt;\nSe l'opzione è deselezionata, è possibile ottenere le valutazioni manualmente per singoli fornitori.",
	"_ConfigurationName": "Configurazione",
	"_ConfigurationName_report": "Configurazione",
	"_ContractId": "Numero contratto",
	"_ContractId_report": "Numero contratto",
	"_Dun and Bradstreet": "Dun &amp; Bradstreet",
	"_DUNS": "Dun &amp; Bradstreet",
	"_ExistingProvider": "Esiste già una configurazione per questa agenzia di valutazione",
	"_ExpectingAProvider": "Selezionare une agenzia di valutazione",
	"_General": "Agenzie di valutazione del rischio",
	"_GeneralPane": "Generale",
	"_LoginPane": "Impostazioni connessione",
	"_Password": "Password",
	"_Password_report": "Password",
	"_Provider": "Agenzia di valutazione",
	"_Provider_report": "Agenzia di valutazione",
	"_ScoringAgencyHomePage": "Indirizzo Web agenzia",
	"_ScoringAgencyHomePage_report": "Indirizzo Web agenzia",
	"_ScoringAgencySettings": "Configurare le impostazioni delle agenzie di valutazione del rischio",
	"_UserId": "Identificatore account agenzia",
	"_UserId_report": "Identificatore account agenzia",
	"VM - Scoring Agency Settings": "Gestione fornitori - Configurazione agenzia di valutazione del rischio fornitori"
}</process_it>
      <process_zh-CN>{
	"_AutomaticPollingNewVendor": "自动获取评分",
	"_AutomaticPollingNewVendor_report": "自动获取评分",
	"_AutoPollScoring": "选择此选项可自动刷新所有供应商配置文件中的评分。&lt;br&gt;\n如果不选择此选项，则可以逐个手动获取供应商评分。",
	"_ConfigurationName": "配置",
	"_ConfigurationName_report": "配置",
	"_ContractId": "合同编号",
	"_ContractId_report": "合同编号",
	"_Dun and Bradstreet": "Dun &amp; Bradstreet",
	"_DUNS": "邓白氏（Dun &amp; Bradstreet）",
	"_ExistingProvider": "此评级机构已有配置",
	"_ExpectingAProvider": "请选择评级机构",
	"_General": "风险评级机构",
	"_GeneralPane": "通用",
	"_LoginPane": "登录设置",
	"_Password": "密码",
	"_Password_report": "密码",
	"_Provider": "评级机构",
	"_Provider_report": "评级机构",
	"_ScoringAgencyHomePage": "机构网址",
	"_ScoringAgencyHomePage_report": "机构网址",
	"_ScoringAgencySettings": "配置风险评级机构设置",
	"_UserId": "机构账户标识符",
	"_UserId_report": "机构账户标识符",
	"VM - Scoring Agency Settings": "供应商管理 - 供应商风险评级机构配置"
}</process_zh-CN>
      <process_pt-BR>{
	"_AutomaticPollingNewVendor": "Puxar scores automaticamente",
	"_AutomaticPollingNewVendor_report": "Puxar scores automaticamente",
	"_AutoPollScoring": "Selecione esta opção para atualizar os scores automaticamente em todos os perfis de fornecedores.&lt;br&gt; Se essa opção estiver desmarcada, você poderá obter scores manualmente, fornecedor a fornecedor.",
	"_ConfigurationName": "Configuração",
	"_ConfigurationName_report": "Configuração",
	"_ContractId": "Número de contrato",
	"_ContractId_report": "Número de contrato",
	"_Dun and Bradstreet": "Dun &amp; Bradstreet",
	"_DUNS": "Dun &amp; Bradstreet",
	"_ExistingProvider": "Já existe uma configuração para esta agência de avaliação",
	"_ExpectingAProvider": "Por favor, selecione uma agência de avaliação",
	"_General": "Agências de avaliação de risco",
	"_GeneralPane": "Geral",
	"_LoginPane": "Configurações de login",
	"_Password": "Senha",
	"_Password_report": "Senha",
	"_Provider": "Agência de avaliação",
	"_Provider_report": "Agência de avaliação",
	"_ScoringAgencyHomePage": "Endereço da web da agência",
	"_ScoringAgencyHomePage_report": "Endereço da web da agência",
	"_ScoringAgencySettings": "Defina as configurações da agência de avaliação de risco",
	"_UserId": "Identificador de conta da agência",
	"_UserId_report": "Identificador de conta da agência",
	"VM - Scoring Agency Settings": "Gerenciamento de fornecedores - Configuração da agência de classificação de risco de fornecedores"
}</process_pt-BR>
    </lg>
    <process>
      <flowtype>processing</flowtype>
      <EnableNegativeNumbersBetweenBrackets>true</EnableNegativeNumbersBetweenBrackets>
      <homepagelabel>VM - Scoring Agency Settings</homepagelabel>
      <instanciable>1</instanciable>
      <ESDirectIndexing>1</ESDirectIndexing>
      <enablerounddecimal>true</enablerounddecimal>
      <OverrideAllowedAttachmentExtensions>*</OverrideAllowedAttachmentExtensions>
      <ownhomepage>
      </ownhomepage>
      <UseActionNameWithScriptApproval>true</UseActionNameWithScriptApproval>
      <AllowUploadAttachment>0</AllowUploadAttachment>
      <AllowUploadReferenceDocument>0</AllowUploadReferenceDocument>
      <RemovePointWhenCastingIntToString>true</RemovePointWhenCastingIntToString>
      <shouldRollbackManualRecordEdits>true</shouldRollbackManualRecordEdits>
      <shouldShowManualEditsWarning>false</shouldShowManualEditsWarning>
      <UseCultureFormat>true</UseCultureFormat>
      <TransportName>CustomTable</TransportName>
      <LayoutVersion>1.0</LayoutVersion>
    </process>
    <ui>
      <CustomScriptDebug>false</CustomScriptDebug>
      <customscriptIncludedScripts>Sys/Sys_Helpers_Array</customscriptIncludedScripts>
      <customscriptIncludedScripts>Sys/Sys_Helpers_Date</customscriptIncludedScripts>
      <customscriptIncludedScripts>Lib_Wizard_V12.0.461.0</customscriptIncludedScripts>
      <customscriptIncludedScripts>[LIB_AP_CUSTOMIZATION_WIZARD]</customscriptIncludedScripts>
      <CustomScriptReadonly>true</CustomScriptReadonly>
      <CustomScript>///#GLOBALS Lib Sys
/**
 * Manage the General step
 */
var generalStep = {
	panels: [Controls.GeneralPane, Controls.LoginPane],
	icon: "fa-cog",
	title: "_General",
	description: "_ScoringAgencySettings",
	helpId: 2498,
	onStart: function ()
	{
		generalStep.initLayout();
		generalStep.handleErrorMessage();
	},
	onQuit: function ()
	{
		var existingProviders = [];
		if (Variable.GetValueAsString("ExistingProviders") &amp;&amp; JSON.parse(Variable.GetValueAsString("ExistingProviders")))
		{
			existingProviders = JSON.parse(Variable.GetValueAsString("ExistingProviders"));
		}
		var provider = Data.GetValue("Provider__");
		var result = true;
		if (!provider)
		{
			Controls.Provider__.SetError(Language.Translate("_ExpectingAProvider"));
			result = false;
		}
		else if (Sys.Helpers.Array.IndexOf(existingProviders, provider) !== -1)
		{
			Controls.Provider__.SetError(Language.Translate("_ExistingProvider"));
			result = false;
		}
		if (!result)
		{
			return result;
		}
		// After the first step, do not allow to change configuration name
		Controls.Provider__.SetReadOnly(true);
		Data.SetValue("ConfigurationName__", provider);
		return true;
	},
	updateWizard: function ()
	{
		Lib.Wizard.Wizard.DrawSteps();
	},
	handleErrorMessage: function ()
	{
		var errorMessage = Variable.GetValueAsString("ErrorMessage");
		if (errorMessage)
		{
			Popup.Alert(Language.Translate(errorMessage));
			// to uncomment when several provider will be set
			// Controls.Provider__.SetReadOnly(false);
			Variable.SetValueAsString("ErrorMessage", "");
		}
		else if (Variable.GetValueAsString("currentStep"))
		{
			//Once the first step has been left with a correct configuration name, the configuration name cannot be changed
			//in order to avoid issues with extraction configurations
			Controls.Provider__.SetReadOnly(true);
		}
	},
	initLayout: function ()
	{
		// add init code here
	}
};

function InitializeProviders(callback)
{
	function StoreProviders()
	{
		var err = this.GetQueryError();
		if (err)
		{
			Popup.Alert(err);
			return;
		}
		var existingProviders = [];
		for (var i = 0; i &lt; this.GetRecordsCount(); i++)
		{
			existingProviders.push(this.GetQueryValue("Provider__", i));
		}
		Variable.SetValueAsString("ExistingProviders", JSON.stringify(existingProviders));
		callback();
	}
	// Only query if it's a new configuration =&gt; configuration name is empty
	if (!Data.GetValue("ConfigurationName__"))
	{
		// Query all configuration names
		Query.DBQuery(StoreProviders, "VM - Scoring Agency Settings__", "Provider__");
	}
	else
	{
		callback();
	}
}
var steps = [generalStep];

function OnSave()
{
	for (var _i = 0, steps_1 = steps; _i &lt; steps_1.length; _i++)
	{
		var step = steps_1[_i];
		if (!step.onQuit())
		{
			return false;
		}
	}
	return true;
}

function Main()
{
	Lib.Wizard.Wizard.Init(
	{
		steps: steps,
		previousButton: Controls.Previous,
		nextButton: Controls.Next,
		wizardControl: Controls.Wizard_steps__,
		descriptionControl: Controls.Wizard_step_desc__,
		LoadFirstStep: function ()
		{
			return Variable.GetValueAsString("currentStep");
		},
		SaveCurrentStep: function (currentStep)
		{
			ProcessInstance.SetSilentChange(true);
			Variable.SetValueAsString("currentStep", currentStep);
			ProcessInstance.SetSilentChange(false);
		},
		RefreshDefaultValues: function (runWizardCb)
		{
			if (!Variable.GetValueAsString("currentStep"))
			{
				InitializeProviders(runWizardCb);
			}
			else
			{
				runWizardCb();
			}
		}
	});
	// Other layout initializations
	Controls.Save.OnClick = OnSave;
}
/// ==================================
/// Entry point !!!
/// ==================================
Main();</CustomScript>
      <layout>{
	"*": {
		"Screen": {
			"type": "FlexibleFormLayout",
			"options": {
				"splitterType": "simple-v",
				"style": null,
				"version": 0,
				"maxwidth": 1024,
				"backColor": "text-backgroundcolor-default"
			},
			"*": {
				"form-header": {
					"type": "FlexibleFormHeader",
					"options": {
						"hidePanelsMenu": false,
						"version": 0,
						"maxwidth": 1024
					},
					"stamp": 2,
					"data": []
				},
				"form-center": {
					"type": "FlexibleFormCenter",
					"options": {
						"version": 0,
						"maxwidth": 1024
					},
					"*": {
						"form-content": {
							"type": "FlexibleFormContent",
							"options": {
								"version": 0
							},
							"*": {
								"form-content-center": {
									"type": "FlexibleFormSplitter",
									"options": {
										"version": 1,
										"box": {
											"top": "0%",
											"left": "0%",
											"width": "100%"
										},
										"hidden": false,
										"hideSeparator": true
									},
									"*": {
										"form-content-center-4": {
											"type": "FlexibleFormLine",
											"data": [],
											"options": {
												"version": 0
											},
											"stamp": 36,
											"*": {
												"Wizard_steps": {
													"type": "PanelData",
													"data": [],
													"options": {
														"border": {},
														"iconURL": "",
														"TitleFontSize": "S",
														"hideActionButtons": true,
														"hideTitleBar": true,
														"hideTitle": true,
														"sameHeightAsSiblings": false,
														"backgroundcolor": "color1",
														"labelsAlignment": "right",
														"label": "Wizard steps",
														"hidden": false,
														"leftImageURL": "",
														"removeMargins": false,
														"elementsAlignment": "left",
														"version": 0,
														"labelLength": 0
													},
													"stamp": 33,
													"*": {
														"FieldsManager": {
															"type": "FieldsManager",
															"data": [],
															"options": {
																"controlsAssociation": {},
																"version": 0
															},
															"stamp": 34,
															"*": {
																"Grid": {
																	"type": "GridLayout",
																	"data": [
																		"fields"
																	],
																	"options": {
																		"ctrlsPos": {
																			"Wizard_steps__": {
																				"line": 1,
																				"column": 1
																			},
																			"Spacer__": {
																				"line": 2,
																				"column": 1
																			},
																			"Wizard_step_desc__": {
																				"line": 3,
																				"column": 1
																			},
																			"Spacer2__": {
																				"line": 4,
																				"column": 1
																			}
																		},
																		"lines": 4,
																		"columns": 2,
																		"colspans": [
																			[
																				{
																					"index": 0,
																					"length": 2
																				}
																			],
																			[
																				{
																					"index": 0,
																					"length": 2
																				}
																			],
																			[
																				{
																					"index": 0,
																					"length": 2
																				}
																			],
																			[
																				{
																					"index": 0,
																					"length": 2
																				}
																			]
																		],
																		"version": 0
																	},
																	"stamp": 35,
																	"*": {
																		"Wizard_steps__": {
																			"type": "HTML",
																			"data": false,
																			"options": {
																				"label": "Wizard_steps__",
																				"css": "@ .wizard-container {\n\tleft: 50%;\n\tposition: absolute;\n}@ \n.wizard-timeline {\n\tcontent: \"\";\n\theight: 3px;\n\tmargin-top: 35px;\n\tposition: absolute;\n\tbackground-color: #00b4bd;\n\tz-index: 10;\n\tleft: 0px;\n}@ \n.wizard {\n\theight: 150px;\n\tpadding-bottom: 15px;\n\tz-index: 30;\n\tleft: 0px;\n\tposition: absolute;\n\tcolor: #263645;\n}@ \n.wizard td {\n\ttext-align: center;\n\tfont-size: 14px;\n}@ \n.wizard td i {\n\twidth: 50px;\n\tpadding: 10px;\n}@ \n.wizard td.text {\n\ttext-transform: uppercase;\n\twhite-space: pre-wrap;\n\tvertical-align: top;\n\tfont-size: 12px;\n}@ \n.wizard td.wizardSelected {\n\tcolor: White;\n}@ ",
																				"width": "100%",
																				"version": 0
																			},
																			"stamp": 40
																		},
																		"Spacer__": {
																			"type": "Spacer",
																			"data": false,
																			"options": {
																				"height": "130",
																				"width": "",
																				"color": "default",
																				"label": "_Spacer",
																				"version": 0
																			},
																			"stamp": 41
																		},
																		"Wizard_step_desc__": {
																			"type": "Text",
																			"data": false,
																			"options": {
																				"marge": 0,
																				"textSize": "M",
																				"textAlignment": "center",
																				"textStyle": "default",
																				"textColor": "color8",
																				"backgroundcolor": "default",
																				"iconClass": "",
																				"label": "Select the scoring agency.",
																				"version": 0
																			},
																			"stamp": 52
																		},
																		"Spacer2__": {
																			"type": "Spacer",
																			"data": false,
																			"options": {
																				"height": "",
																				"width": "",
																				"color": "default",
																				"label": "_Spacer2",
																				"version": 0
																			},
																			"stamp": 53
																		}
																	}
																}
															}
														}
													}
												}
											}
										},
										"form-content-center-6": {
											"type": "FlexibleFormLine",
											"data": [],
											"options": {
												"version": 0
											},
											"stamp": 47,
											"*": {
												"TitleArrow": {
													"type": "PanelData",
													"data": [],
													"options": {
														"border": {},
														"iconURL": "",
														"TitleFontSize": "S",
														"hideActionButtons": true,
														"hideTitleBar": true,
														"hideTitle": false,
														"sameHeightAsSiblings": false,
														"backgroundcolor": "default",
														"labelsAlignment": "right",
														"label": "TitleArrow",
														"hidden": false,
														"leftImageURL": "",
														"removeMargins": false,
														"elementsAlignment": "left",
														"version": 0,
														"labelLength": 0
													},
													"stamp": 43,
													"*": {
														"FieldsManager": {
															"type": "FieldsManager",
															"data": [],
															"options": {
																"controlsAssociation": {},
																"version": 0
															},
															"stamp": 44,
															"*": {
																"Grid": {
																	"type": "GridLayout",
																	"data": [
																		"fields"
																	],
																	"options": {
																		"ctrlsPos": {
																			"HTMLArrow__": {
																				"line": 1,
																				"column": 1
																			}
																		},
																		"lines": 1,
																		"columns": 2,
																		"colspans": [
																			[
																				{
																					"index": 0,
																					"length": 2
																				}
																			]
																		],
																		"version": 0
																	},
																	"stamp": 45,
																	"*": {
																		"HTMLArrow__": {
																			"type": "HTML",
																			"data": false,
																			"options": {
																				"label": "HTMLArrow__",
																				"htmlContent": "&lt;div class=\"wizard-arrow\"&gt;&lt;/div&gt;",
																				"css": "@ .wizard-arrow {\nbackground-color: white;\nwidth: 0;\nheight: 0;\nborder-style: solid;\nborder-width: 20px 25px 0 25px;\nborder-color: #008998 transparent transparent transparent;\nposition: absolute;\ntop: -10px;\nheight: 50px;\nleft: 50%;\nmargin-left: -25px;\n}@ ",
																				"width": "100%",
																				"version": 0
																			},
																			"stamp": 51
																		}
																	}
																}
															}
														}
													}
												}
											}
										},
										"form-content-center-1": {
											"type": "FlexibleFormLine",
											"data": [],
											"options": {
												"version": 0
											},
											"stamp": 9,
											"*": {
												"GeneralPane": {
													"type": "PanelData",
													"options": {
														"border": {},
														"version": 0,
														"iconURL": "",
														"TitleFontSize": "S",
														"hideActionButtons": true,
														"hideTitleBar": false,
														"hideTitle": false,
														"sameHeightAsSiblings": false,
														"backgroundcolor": "default",
														"labelsAlignment": "right",
														"label": "_GeneralPane",
														"leftImageURL": "",
														"removeMargins": false,
														"elementsAlignment": "left",
														"labelLength": "500px"
													},
													"*": {
														"FieldsManager": {
															"type": "FieldsManager",
															"options": {
																"controlsAssociation": {
																	"ConfigurationName__": "LabelConfigurationName__",
																	"LabelConfigurationName__": "ConfigurationName__",
																	"Provider__": "LabelProvider__",
																	"LabelProvider__": "Provider__",
																	"ScoringAgencyHomePage__": "LabelScoringAgencyHomePage__",
																	"LabelScoringAgencyHomePage__": "ScoringAgencyHomePage__"
																},
																"version": 0
															},
															"*": {
																"Grid": {
																	"type": "GridLayout",
																	"options": {
																		"lines": 3,
																		"columns": 2,
																		"version": 0,
																		"ctrlsPos": {
																			"ConfigurationName__": {
																				"line": 1,
																				"column": 2
																			},
																			"LabelConfigurationName__": {
																				"line": 1,
																				"column": 1
																			},
																			"Provider__": {
																				"line": 2,
																				"column": 2
																			},
																			"LabelProvider__": {
																				"line": 2,
																				"column": 1
																			},
																			"ScoringAgencyHomePage__": {
																				"line": 3,
																				"column": 2
																			},
																			"LabelScoringAgencyHomePage__": {
																				"line": 3,
																				"column": 1
																			}
																		},
																		"colspans": [
																			[],
																			[],
																			[]
																		]
																	},
																	"data": [
																		"fields"
																	],
																	"*": {
																		"LabelConfigurationName__": {
																			"type": "Label",
																			"data": [
																				"ConfigurationName__"
																			],
																			"options": {
																				"label": "_ConfigurationName",
																				"version": 0
																			},
																			"stamp": 14
																		},
																		"ConfigurationName__": {
																			"type": "ShortText",
																			"data": [
																				"ConfigurationName__"
																			],
																			"options": {
																				"textSize": "S",
																				"textAlignment": "left",
																				"textStyle": "default",
																				"textColor": "default",
																				"version": 1,
																				"label": "_ConfigurationName",
																				"activable": true,
																				"width": 230,
																				"helpText": "",
																				"helpURL": "",
																				"helpFormat": "HTML Format",
																				"helpIconPosition": "Right",
																				"browsable": false,
																				"hidden": true
																			},
																			"stamp": 15
																		},
																		"LabelProvider__": {
																			"type": "Label",
																			"data": [
																				"Provider__"
																			],
																			"options": {
																				"label": "_Provider",
																				"version": 0
																			},
																			"stamp": 16
																		},
																		"Provider__": {
																			"type": "ComboBox",
																			"data": [
																				"Provider__"
																			],
																			"options": {
																				"possibleValues": {
																					"0": "_Dun and Bradstreet"
																				},
																				"version": 1,
																				"keyValueMode": true,
																				"possibleKeys": {
																					"0": "duns"
																				},
																				"label": "_Provider",
																				"activable": true,
																				"width": 230,
																				"helpText": "",
																				"helpURL": "",
																				"helpFormat": "HTML Format",
																				"DataSourceOrigin": "Standalone",
																				"DisplayedColumns": "",
																				"maxNbLinesToDisplay": 10,
																				"readonly": true
																			},
																			"stamp": 17
																		},
																		"LabelScoringAgencyHomePage__": {
																			"type": "Label",
																			"data": [
																				"ScoringAgencyHomePage__"
																			],
																			"options": {
																				"label": "_ScoringAgencyHomePage",
																				"version": 0
																			},
																			"stamp": 20
																		},
																		"ScoringAgencyHomePage__": {
																			"type": "ShortText",
																			"data": [
																				"ScoringAgencyHomePage__"
																			],
																			"options": {
																				"textSize": "S",
																				"textAlignment": "left",
																				"textStyle": "default",
																				"textColor": "default",
																				"version": 1,
																				"label": "_ScoringAgencyHomePage",
																				"activable": true,
																				"width": 230,
																				"helpText": "",
																				"helpURL": "",
																				"helpFormat": "HTML Format",
																				"helpIconPosition": "Right",
																				"browsable": false
																			},
																			"stamp": 21
																		}
																	},
																	"stamp": 8
																}
															},
															"stamp": 7,
															"data": []
														}
													},
													"stamp": 6,
													"data": []
												}
											}
										},
										"form-content-center-2": {
											"type": "FlexibleFormLine",
											"data": [],
											"options": {
												"version": 0
											},
											"stamp": 22,
											"*": {
												"LoginPane": {
													"type": "PanelData",
													"data": [],
													"options": {
														"border": {},
														"iconURL": "",
														"TitleFontSize": "S",
														"hideActionButtons": true,
														"hideTitleBar": false,
														"hideTitle": false,
														"sameHeightAsSiblings": false,
														"backgroundcolor": "default",
														"labelsAlignment": "right",
														"label": "_LoginPane",
														"hidden": false,
														"leftImageURL": "",
														"removeMargins": false,
														"elementsAlignment": "left",
														"version": 0,
														"labelLength": "500px"
													},
													"stamp": 23,
													"*": {
														"FieldsManager": {
															"type": "FieldsManager",
															"data": [],
															"options": {
																"controlsAssociation": {
																	"ContractId__": "LabelContractId__",
																	"LabelContractId__": "ContractId__",
																	"UserId__": "LabelUserId__",
																	"LabelUserId__": "UserId__",
																	"Password__": "Label_Password",
																	"Label_Password": "Password__"
																},
																"version": 0
															},
															"stamp": 24,
															"*": {
																"Grid": {
																	"type": "GridLayout",
																	"data": [
																		"fields"
																	],
																	"options": {
																		"ctrlsPos": {
																			"ContractId__": {
																				"line": 1,
																				"column": 2
																			},
																			"LabelContractId__": {
																				"line": 1,
																				"column": 1
																			},
																			"UserId__": {
																				"line": 2,
																				"column": 2
																			},
																			"LabelUserId__": {
																				"line": 2,
																				"column": 1
																			},
																			"Label_Password": {
																				"line": 3,
																				"column": 1
																			},
																			"Password__": {
																				"line": 3,
																				"column": 2
																			}
																		},
																		"lines": 3,
																		"columns": 2,
																		"colspans": [
																			[],
																			[],
																			[]
																		],
																		"version": 0
																	},
																	"stamp": 25,
																	"*": {
																		"LabelContractId__": {
																			"type": "Label",
																			"data": [
																				"ContractId__"
																			],
																			"options": {
																				"label": "_ContractId",
																				"version": 0
																			},
																			"stamp": 26
																		},
																		"ContractId__": {
																			"type": "ShortText",
																			"data": [
																				"ContractId__"
																			],
																			"options": {
																				"textSize": "S",
																				"textAlignment": "left",
																				"textStyle": "default",
																				"textColor": "default",
																				"version": 1,
																				"label": "_ContractId",
																				"activable": true,
																				"width": 230,
																				"hidden": true
																			},
																			"stamp": 27
																		},
																		"LabelUserId__": {
																			"type": "Label",
																			"data": [
																				"UserId__"
																			],
																			"options": {
																				"label": "_UserId",
																				"version": 0
																			},
																			"stamp": 28
																		},
																		"UserId__": {
																			"type": "ShortText",
																			"data": [
																				"UserId__"
																			],
																			"options": {
																				"textSize": "S",
																				"textAlignment": "left",
																				"textStyle": "default",
																				"textColor": "default",
																				"version": 1,
																				"label": "_UserId",
																				"activable": true,
																				"width": 230
																			},
																			"stamp": 29
																		},
																		"Label_Password": {
																			"type": "Label",
																			"data": [
																				"Password__"
																			],
																			"options": {
																				"label": "_Password",
																				"version": 0
																			},
																			"stamp": 30
																		},
																		"Password__": {
																			"type": "Password",
																			"data": [
																				"Password__"
																			],
																			"options": {
																				"textSize": "S",
																				"textAlignment": "left",
																				"textStyle": "default",
																				"textColor": "default",
																				"version": 1,
																				"label": "_Password",
																				"activable": true,
																				"width": 230,
																				"helpText": "",
																				"helpURL": "",
																				"helpFormat": "HTML Format",
																				"helpIconPosition": "Right"
																			},
																			"stamp": 31
																		}
																	}
																}
															}
														}
													}
												}
											}
										}
									},
									"stamp": 5,
									"data": []
								}
							},
							"stamp": 4,
							"data": []
						}
					},
					"stamp": 3,
					"data": []
				},
				"form-footer": {
					"type": "FlexibleFormFooter",
					"options": {
						"splitterType": "simple-h",
						"version": 0,
						"maxwidth": 1024
					},
					"*": {
						"Save": {
							"type": "SubmitButton",
							"options": {
								"label": "_Save",
								"action": "savequit",
								"submit": true,
								"version": 0,
								"shortCut": "S"
							},
							"stamp": 11,
							"data": []
						},
						"Close": {
							"type": "SubmitButton",
							"options": {
								"label": "_Close",
								"action": "cancel",
								"submit": true,
								"version": 0,
								"shortCut": "Q"
							},
							"stamp": 12,
							"data": []
						},
						"Delete": {
							"type": "SubmitButton",
							"options": {
								"label": "_Delete",
								"action": "delete",
								"submit": true,
								"version": 0,
								"disabled": true
							},
							"stamp": 13,
							"data": []
						},
						"Previous": {
							"type": "SubmitButton",
							"data": false,
							"options": {
								"label": "Previous__",
								"textPosition": "text-right",
								"textSize": "MS",
								"textStyle": "default",
								"textColor": "default",
								"iconColor": "default",
								"nextprocess": {
									"processName": "",
									"attachmentsMode": "all",
									"willBeChild": true
								},
								"urlImageOverlay": "",
								"url": "",
								"position": null,
								"action": "none",
								"version": 0,
								"hidden": true
							},
							"stamp": 54
						},
						"Next": {
							"type": "SubmitButton",
							"data": false,
							"options": {
								"label": "Next__",
								"textPosition": "text-right",
								"textSize": "MS",
								"textStyle": "default",
								"textColor": "default",
								"iconColor": "default",
								"nextprocess": {
									"processName": "",
									"attachmentsMode": "all",
									"willBeChild": true
								},
								"urlImageOverlay": "",
								"url": "",
								"position": null,
								"action": "none",
								"version": 0,
								"hidden": true
							},
							"stamp": 55
						}
					},
					"stamp": 10,
					"data": []
				}
			},
			"stamp": 1,
			"data": []
		}
	},
	"stamps": 59,
	"data": []
}</layout>
    </ui>
  </properties>
  <field deleted="0" format="" guid="K6BX00000PA9" id="BG2652000SG7" label="_ConfigurationName_report" length="50" name="ConfigurationName__" originalProcessID="J6BX00000PA9" precision="0" processid="AG2652000SG7" submitable="1" type="STR">
    <properties>
      <db>
        <alias>ABG2652000SG7</alias>
        <noxml>1</noxml>
        <fullname>/job/processfields/ConfigurationName__</fullname>
        <defaultvalue>
        </defaultvalue>
        <RecordLastWrite>2022-10-25 17:09:06</RecordLastWrite>
      </db>
      <extrainfo>
        <Label>_ConfigurationName_report</Label>
        <Alias>ABG2652000SG7</Alias>
        <ProcessFieldVersion vartype="INT">1</ProcessFieldVersion>
      </extrainfo>
      <gdr>
        <VarType>Area</VarType>
        <DisableAutolearn>1</DisableAutolearn>
      </gdr>
      <help>
        <helpData>{"helpText":"","helpURL":"","helpFormat":"HTML Format","helpIconPosition":"Right"}</helpData>
      </help>
      <ui>
        <_type>String</_type>
        <automatic>true</automatic>
      </ui>
    </properties>
  </field>
  <field deleted="0" format="" guid="O6BX00000PA9" id="CG2652000SG7" label="_ContractId_report" length="50" name="ContractId__" originalProcessID="J6BX00000PA9" precision="0" processid="AG2652000SG7" submitable="1" type="STR">
    <properties>
      <db>
        <alias>ACG2652000SG7</alias>
        <noxml>1</noxml>
        <fullname>/job/processfields/ContractId__</fullname>
        <defaultvalue>
        </defaultvalue>
        <RecordLastWrite>2022-10-25 17:09:06</RecordLastWrite>
      </db>
      <extrainfo>
        <Label>_ContractId_report</Label>
        <Alias>ACG2652000SG7</Alias>
        <ProcessFieldVersion vartype="INT">1</ProcessFieldVersion>
      </extrainfo>
      <gdr>
        <VarType>Area</VarType>
        <DisableAutolearn>1</DisableAutolearn>
      </gdr>
      <ui>
        <_type>String</_type>
        <automatic>true</automatic>
      </ui>
    </properties>
  </field>
  <field deleted="0" format="" guid="Q6BX00000PA9" id="DG2652000SG7" label="_Password_report" length="0" name="Password__" originalProcessID="J6BX00000PA9" precision="0" processid="AG2652000SG7" submitable="1" type="STR">
    <properties>
      <db>
        <alias>ADG2652000SG7</alias>
        <noxml>1</noxml>
        <fullname>/job/processfields/Password__</fullname>
        <defaultvalue>
        </defaultvalue>
        <RecordLastWrite>2022-10-25 17:09:06</RecordLastWrite>
      </db>
      <extrainfo>
        <Label>_Password_report</Label>
        <Alias>ADG2652000SG7</Alias>
        <Encrypted>1</Encrypted>
        <ProcessFieldVersion vartype="INT">1</ProcessFieldVersion>
        <DoNotShowInDM>1</DoNotShowInDM>
      </extrainfo>
      <gdr>
        <DisableAutolearn>1</DisableAutolearn>
      </gdr>
      <help>
        <helpData>{"helpText":"","helpURL":"","helpFormat":"HTML Format","helpIconPosition":"Right"}</helpData>
      </help>
      <ui>
        <_type>String</_type>
        <automatic>true</automatic>
      </ui>
    </properties>
  </field>
  <field deleted="0" format="" guid="L6BX00000PA9" id="EG2652000SG7" label="_Provider_report" length="50" name="Provider__" originalProcessID="J6BX00000PA9" precision="0" processid="AG2652000SG7" submitable="1" type="STR">
    <properties>
      <db>
        <alias>AEG2652000SG7</alias>
        <index vartype="INT">1</index>
        <noxml>1</noxml>
        <fullname>/job/processfields/Provider__</fullname>
        <defaultvalue>duns</defaultvalue>
        <RecordLastWrite>2022-10-25 17:09:06</RecordLastWrite>
      </db>
      <extrainfo>
        <Type>webaccess.Process.Columns.WithPossibleValues</Type>
        <Label>_Provider_report</Label>
        <Alias>AEG2652000SG7</Alias>
        <ProcessFieldVersion vartype="INT">1</ProcessFieldVersion>
      </extrainfo>
      <field>
        <DisplayedColumns>
        </DisplayedColumns>
        <DataSourceOrigin>Standalone</DataSourceOrigin>
        <possibleKeys>duns</possibleKeys>
        <SavedColumn>
        </SavedColumn>
        <possibleValues>_Dun and Bradstreet</possibleValues>
        <ProcessName>
        </ProcessName>
      </field>
      <gdr>
        <VarType>Area</VarType>
        <DisableAutolearn>1</DisableAutolearn>
      </gdr>
      <help>
        <helpData>{"helpText":"","helpURL":"","helpFormat":"HTML Format","helpIconPosition":"Right"}</helpData>
      </help>
      <ui>
        <_type>String</_type>
        <automatic>true</automatic>
      </ui>
    </properties>
  </field>
  <field deleted="0" format="" guid="N6BX00000PA9" id="FG2652000SG7" label="_ScoringAgencyHomePage_report" length="50" name="ScoringAgencyHomePage__" originalProcessID="J6BX00000PA9" precision="0" processid="AG2652000SG7" submitable="1" type="STR">
    <properties>
      <db>
        <alias>AFG2652000SG7</alias>
        <noxml>1</noxml>
        <fullname>/job/processfields/ScoringAgencyHomePage__</fullname>
        <defaultvalue>
        </defaultvalue>
        <RecordLastWrite>2022-10-25 17:09:06</RecordLastWrite>
      </db>
      <extrainfo>
        <Label>_ScoringAgencyHomePage_report</Label>
        <Alias>AFG2652000SG7</Alias>
        <ProcessFieldVersion vartype="INT">1</ProcessFieldVersion>
      </extrainfo>
      <gdr>
        <VarType>Area</VarType>
        <DisableAutolearn>1</DisableAutolearn>
      </gdr>
      <help>
        <helpData>{"helpText":"","helpURL":"","helpFormat":"HTML Format","helpIconPosition":"Right"}</helpData>
      </help>
      <ui>
        <_type>String</_type>
        <automatic>true</automatic>
      </ui>
    </properties>
  </field>
  <field deleted="0" format="" guid="P6BX00000PA9" id="GG2652000SG7" label="_UserId_report" length="250" name="UserId__" originalProcessID="J6BX00000PA9" precision="0" processid="AG2652000SG7" submitable="1" type="STR">
    <properties>
      <db>
        <alias>AGG2652000SG7</alias>
        <noxml>1</noxml>
        <fullname>/job/processfields/UserId__</fullname>
        <defaultvalue>
        </defaultvalue>
        <RecordLastWrite>2022-10-25 17:09:06</RecordLastWrite>
      </db>
      <extrainfo>
        <Label>_UserId_report</Label>
        <Alias>AGG2652000SG7</Alias>
        <ProcessFieldVersion vartype="INT">1</ProcessFieldVersion>
      </extrainfo>
      <gdr>
        <VarType>Area</VarType>
        <DisableAutolearn>1</DisableAutolearn>
      </gdr>
      <ui>
        <_type>String</_type>
        <automatic>true</automatic>
      </ui>
    </properties>
  </field>
  <field deleted="1" format="" guid="M6BX00000PA9" id="HG2652000SG7" label="_AutomaticPollingNewVendor_report" length="0" name="AutomaticPollingNewVendor__" originalProcessID="J6BX00000PA9" precision="0" processid="AG2652000SG7" submitable="1" type="BOOL">
    <properties>
      <db>
        <alias>AHG2652000SG7</alias>
        <noxml>1</noxml>
        <fullname>/job/processfields/AutomaticPollingNewVendor__</fullname>
        <defaultvalue>false</defaultvalue>
        <RecordLastWrite>2022-10-25 17:09:06</RecordLastWrite>
      </db>
      <extrainfo>
        <Label>_AutomaticPollingNewVendor_report</Label>
        <Alias>AHG2652000SG7</Alias>
        <ProcessFieldVersion vartype="INT">1</ProcessFieldVersion>
      </extrainfo>
      <gdr>
        <DisableAutolearn>1</DisableAutolearn>
      </gdr>
      <help>
        <helpData>{"helpText":"_AutoPollScoring","helpURL":"","helpFormat":"HTML Format","helpIconPosition":"Right"}</helpData>
      </help>
      <ui>
        <_type>Boolean</_type>
        <automatic>true</automatic>
      </ui>
    </properties>
  </field>
  <type id="JLLP13130F1" name="CT">
  </type>
</process>