﻿<?xml version="1.0" encoding="UTF-8" standalone="no"?>
<process accountid="20063076" allowrepairprocess="0" builtin="0" builtinversion="0" carriesapplicationversion="0" creationdatetime="2022-10-25 17:05:12" deleted="0" eskerapplication="" global="0" id="S7X552000SG7" keepcustomization="0" keepfieldsonly="0" keepfieldsproperties="0" keepnewcontroloptions="0" migrationversion="4" name="P2P - Vendor Category__" needvalidation="0" ootofilter="" ootoversion="1" originalProcessID="Z5AIG0000SG1" ownerid="cn=admin_p2p@paragon-cc.fr,ou=DEV,ou=TrainingP2P,ou=DEMO_JULIEN,ou=05284299,ou=ESK,s=eoo" ownerpb="OnDemand AddressBook" public="1" pushnotification="0" reuseengine="0" sprintversion="5.261.0" transportname="CustomTable" upgradable="1" userid="0" version="1" visibility="0">
  <properties>
    <dbIndex>
      <AUTO_AT7X552000SG7A>&lt;Index&gt;&lt;Ref Name="AT7X552000SG7" Option="ASC"/&gt;&lt;/Index&gt;</AUTO_AT7X552000SG7A>
      <AUTO_AU7X552000SG7A>&lt;Index&gt;&lt;Ref Name="AU7X552000SG7" Option="ASC"/&gt;&lt;/Index&gt;</AUTO_AU7X552000SG7A>
    </dbIndex>
    <gdr>
    </gdr>
    <lg>
      <process_de>{
	"_Code": "Kategorie",
	"_Code_report": "Kategorie",
	"_DefaultValue": "Als Standardkategorie verwenden",
	"_DefaultValue_report": "Standardkategorie",
	"P2P - Vendor Category__": "P2P - Lieferantenkategorien"
}</process_de>
      <process_ja>{
	"_Code": "分類",
	"_Code_report": "分類",
	"_DefaultValue": "既定のカテゴリーとして使用",
	"_DefaultValue_report": "既定のカテゴリー",
	"P2P - Vendor Category__": "P2P - 仕入先カテゴリー"
}</process_ja>
      <process_en>{
	"_Code": "Category",
	"_Code_report": "Category",
	"_DefaultValue": "Use as default category",
	"_DefaultValue_report": "Default category",
	"P2P - Vendor Category__": "P2P - Vendor categories"
}</process_en>
      <process_es>{
	"_Code": "Categoría",
	"_Code_report": "Categoría",
	"_DefaultValue": "Usar como categoría predeterminada",
	"_DefaultValue_report": "Categoría predeterminada",
	"P2P - Vendor Category__": "P2P - Categorías de proveedores"
}</process_es>
      <process_fr>{
	"_Code": "Catégorie",
	"_Code_report": "Catégorie",
	"_DefaultValue": "Utiliser comme catégorie par défaut",
	"_DefaultValue_report": "Catégorie par défaut",
	"P2P - Vendor Category__": "P2P - Catégories de fournisseurs"
}</process_fr>
      <process_nl-NL>{
	"_Code": "Categorie",
	"_Code_report": "Categorie",
	"_DefaultValue": "Gebruiken als standaardcategorie",
	"_DefaultValue_report": "Standaardcategorie",
	"P2P - Vendor Category__": "P2P - Categorieën leveranciers"
}</process_nl-NL>
      <process_it>{
	"_Code": "Categoria",
	"_Code_report": "Categoria",
	"_DefaultValue": "Utilizza come categoria predefinita",
	"_DefaultValue_report": "Categoria predefinita",
	"P2P - Vendor Category__": "P2P - Categorie fornitori"
}</process_it>
      <process_zh-CN>{
	"_Code": "类别",
	"_Code_report": "类别",
	"_DefaultValue": "用作默认类别",
	"_DefaultValue_report": "默认类别",
	"P2P - Vendor Category__": "采购到支付 - 供应商类别"
}</process_zh-CN>
      <process_pt-BR>{
	"_Code": "Categoria",
	"_Code_report": "Categoria",
	"_DefaultValue": "Usar como categoria padrão",
	"_DefaultValue_report": "Categoria padrão",
	"P2P - Vendor Category__": "P2P - Categorias de fornecedor"
}</process_pt-BR>
    </lg>
    <process>
      <flowtype>processing</flowtype>
      <EnableNegativeNumbersBetweenBrackets>true</EnableNegativeNumbersBetweenBrackets>
      <homepagelabel>P2P - Vendor Category</homepagelabel>
      <upgradable>yes</upgradable>
      <instanciable>1</instanciable>
      <ESDirectIndexing>1</ESDirectIndexing>
      <enablerounddecimal>true</enablerounddecimal>
      <OverrideAllowedAttachmentExtensions>*</OverrideAllowedAttachmentExtensions>
      <UseActionNameWithScriptApproval>true</UseActionNameWithScriptApproval>
      <AllowUploadAttachment>0</AllowUploadAttachment>
      <AllowUploadReferenceDocument>0</AllowUploadReferenceDocument>
      <RemovePointWhenCastingIntToString>true</RemovePointWhenCastingIntToString>
      <shouldRollbackManualRecordEdits>true</shouldRollbackManualRecordEdits>
      <shouldShowManualEditsWarning>false</shouldShowManualEditsWarning>
      <UseCultureFormat>true</UseCultureFormat>
      <TransportName>CustomTable</TransportName>
      <LayoutVersion>1.0</LayoutVersion>
    </process>
    <ui>
      <layout>{
	"*": {
		"Screen": {
			"type": "FlexibleFormLayout",
			"options": {
				"splitterType": "simple-v",
				"style": "FlexibleFormLight",
				"version": 0,
				"backColor": "text-backgroundcolor-default"
			},
			"*": {
				"form-header": {
					"type": "FlexibleFormHeader",
					"options": {
						"hidePanelsMenu": false,
						"version": 0
					},
					"stamp": 2,
					"data": []
				},
				"form-center": {
					"type": "FlexibleFormCenter",
					"options": {
						"version": 0
					},
					"*": {
						"form-content": {
							"type": "FlexibleFormContent",
							"options": {
								"version": 0
							},
							"*": {
								"form-content-center": {
									"type": "FlexibleFormSplitter",
									"options": {
										"version": 1,
										"box": {
											"top": "0%",
											"left": "0%",
											"width": "100%"
										},
										"hidden": false,
										"hideSeparator": true
									},
									"*": {
										"form-content-center-1": {
											"type": "FlexibleFormLine",
											"data": [],
											"options": {
												"version": 0
											},
											"stamp": 9,
											"*": {
												"DataPanel": {
													"type": "PanelData",
													"options": {
														"border": {},
														"version": 0,
														"labelLength": 0,
														"iconURL": "",
														"TitleFontSize": "S",
														"hideActionButtons": false,
														"hideTitleBar": false,
														"hideTitle": false,
														"sameHeightAsSiblings": false,
														"backgroundcolor": "default",
														"labelsAlignment": "right",
														"label": "_Document data"
													},
													"*": {
														"FieldsManager": {
															"type": "FieldsManager",
															"options": {
																"controlsAssociation": {
																	"Code__": "LabelCode__",
																	"LabelCode__": "Code__",
																	"DefaultValue__": "LabelDefaultValue__",
																	"LabelDefaultValue__": "DefaultValue__"
																},
																"version": 0
															},
															"*": {
																"Grid": {
																	"type": "GridLayout",
																	"options": {
																		"lines": 2,
																		"columns": 2,
																		"version": 0,
																		"ctrlsPos": {
																			"Code__": {
																				"line": 1,
																				"column": 2
																			},
																			"LabelCode__": {
																				"line": 1,
																				"column": 1
																			},
																			"DefaultValue__": {
																				"line": 2,
																				"column": 2
																			},
																			"LabelDefaultValue__": {
																				"line": 2,
																				"column": 1
																			}
																		},
																		"colspans": [
																			[],
																			[]
																		]
																	},
																	"data": [
																		"fields"
																	],
																	"*": {
																		"LabelCode__": {
																			"type": "Label",
																			"data": [
																				"Code__"
																			],
																			"options": {
																				"label": "_Code",
																				"version": 0
																			},
																			"stamp": 14
																		},
																		"Code__": {
																			"type": "ShortText",
																			"data": [
																				"Code__"
																			],
																			"options": {
																				"textSize": "S",
																				"textAlignment": "left",
																				"textStyle": "default",
																				"textColor": "default",
																				"version": 1,
																				"label": "_Code",
																				"activable": true,
																				"width": 230,
																				"helpText": "",
																				"helpURL": "",
																				"helpFormat": "HTML Format",
																				"helpIconPosition": "Right",
																				"length": 100,
																				"browsable": false
																			},
																			"stamp": 15
																		},
																		"LabelDefaultValue__": {
																			"type": "Label",
																			"data": [
																				"DefaultValue__"
																			],
																			"options": {
																				"label": "_DefaultValue",
																				"version": 0
																			},
																			"stamp": 16
																		},
																		"DefaultValue__": {
																			"type": "CheckBox",
																			"data": [
																				"DefaultValue__"
																			],
																			"options": {
																				"label": "_DefaultValue",
																				"activable": true,
																				"width": 230,
																				"version": 0,
																				"helpText": "",
																				"helpURL": "",
																				"helpFormat": "HTML Format",
																				"helpIconPosition": "Right",
																				"possibleValues": {},
																				"possibleKeys": {}
																			},
																			"stamp": 17
																		}
																	},
																	"stamp": 8
																}
															},
															"stamp": 7,
															"data": []
														}
													},
													"stamp": 6,
													"data": []
												}
											}
										}
									},
									"stamp": 5,
									"data": []
								}
							},
							"stamp": 4,
							"data": []
						}
					},
					"stamp": 3,
					"data": []
				},
				"form-footer": {
					"type": "FlexibleFormFooter",
					"options": {
						"splitterType": "simple-h",
						"version": 0
					},
					"*": {
						"Save": {
							"type": "SubmitButton",
							"options": {
								"label": "_Save",
								"action": "savequit",
								"submit": true,
								"version": 0,
								"shortCut": "S"
							},
							"stamp": 11,
							"data": []
						},
						"Close": {
							"type": "SubmitButton",
							"options": {
								"label": "_Close",
								"action": "cancel",
								"submit": true,
								"version": 0,
								"shortCut": "Q"
							},
							"stamp": 12,
							"data": []
						},
						"Delete": {
							"type": "SubmitButton",
							"options": {
								"label": "_Delete",
								"action": "delete",
								"submit": true,
								"version": 0,
								"disabled": true
							},
							"stamp": 13,
							"data": []
						}
					},
					"stamp": 10,
					"data": []
				}
			},
			"stamp": 1,
			"data": []
		}
	},
	"stamps": 17,
	"data": []
}</layout>
    </ui>
  </properties>
  <field deleted="0" format="" guid="Y5AIG0000SG1" id="T7X552000SG7" label="_Code_report" length="100" name="Code__" originalProcessID="Z5AIG0000SG1" precision="0" processid="S7X552000SG7" submitable="1" type="STR">
    <properties>
      <db>
        <alias>AT7X552000SG7</alias>
        <index vartype="INT">1</index>
        <noxml>1</noxml>
        <fullname>/job/processfields/Code__</fullname>
        <defaultvalue>
        </defaultvalue>
        <RecordLastWrite>2022-10-25 17:05:12</RecordLastWrite>
      </db>
      <extrainfo>
        <Label>_Code_report</Label>
        <Alias>AT7X552000SG7</Alias>
        <ProcessFieldVersion vartype="INT">1</ProcessFieldVersion>
      </extrainfo>
      <gdr>
        <VarType>Area</VarType>
        <DisableAutolearn>1</DisableAutolearn>
      </gdr>
      <help>
        <helpData>{"helpText":"","helpURL":"","helpFormat":"HTML Format","helpIconPosition":"Right"}</helpData>
      </help>
      <ui>
        <_type>String</_type>
        <automatic>true</automatic>
      </ui>
    </properties>
  </field>
  <field deleted="0" format="" guid="UUIY00000SG1" id="U7X552000SG7" label="_DefaultValue_report" length="0" name="DefaultValue__" originalProcessID="Z5AIG0000SG1" precision="0" processid="S7X552000SG7" submitable="1" type="BOOL">
    <properties>
      <db>
        <alias>AU7X552000SG7</alias>
        <index vartype="INT">1</index>
        <noxml>1</noxml>
        <fullname>/job/processfields/DefaultValue__</fullname>
        <defaultvalue>false</defaultvalue>
        <RecordLastWrite>2022-10-25 17:05:12</RecordLastWrite>
      </db>
      <extrainfo>
        <Label>_DefaultValue_report</Label>
        <Alias>AU7X552000SG7</Alias>
        <ProcessFieldVersion vartype="INT">1</ProcessFieldVersion>
      </extrainfo>
      <gdr>
        <DisableAutolearn>1</DisableAutolearn>
      </gdr>
      <help>
        <helpData>{"helpText":"","helpURL":"","helpFormat":"HTML Format","helpIconPosition":"Right"}</helpData>
      </help>
      <ui>
        <_type>Boolean</_type>
        <automatic>true</automatic>
      </ui>
    </properties>
  </field>
  <type id="JLLP13130F1" name="CT">
  </type>
</process>