﻿<?xml version="1.0" encoding="UTF-8" standalone="no"?>
<process accountid="20063076" allowrepairprocess="0" builtin="0" builtinversion="0" carriesapplicationversion="0" creationdatetime="2022-10-25 17:04:32" deleted="0" eskerapplication="" global="0" id="YNW552000SG7" keepcustomization="0" keepfieldsonly="0" keepfieldsproperties="0" keepnewcontroloptions="0" migrationversion="4" name="AP - Vendors officers__" needvalidation="0" ootofilter="" ootoversion="1" originalProcessID="HPPU00000IYP" ownerid="cn=admin_p2p@paragon-cc.fr,ou=DEV,ou=TrainingP2P,ou=DEMO_JULIEN,ou=05284299,ou=ESK,s=eoo" ownerpb="OnDemand AddressBook" public="1" pushnotification="0" reuseengine="0" sprintversion="5.261.0" transportname="CustomTable" upgradable="1" userid="0" version="1" visibility="0">
  <properties>
    <dbIndex>
      <AUTO_AAOW552000SG7A>&lt;Index&gt;&lt;Ref Name="AAOW552000SG7" Option="ASC"/&gt;&lt;/Index&gt;</AUTO_AAOW552000SG7A>
      <AUTO_ABOW552000SG7A>&lt;Index&gt;&lt;Ref Name="ABOW552000SG7" Option="ASC"/&gt;&lt;/Index&gt;</AUTO_ABOW552000SG7A>
      <AUTO_AZNW552000SG7A>&lt;Index&gt;&lt;Ref Name="AZNW552000SG7" Option="ASC"/&gt;&lt;/Index&gt;</AUTO_AZNW552000SG7A>
    </dbIndex>
    <gdr>
    </gdr>
    <lg>
      <process_DE>{
	"_CompanyCode": "Buchungskreis",
	"_CompanyCode_report": "Buchungskreis",
	"_Email": "E-mail",
	"_Email_report": "E-mail",
	"_FirstName": "Vorname",
	"_FirstName_report": "Vorname",
	"_LastName": "Nachname",
	"_LastName_report": "Nachname",
	"_Role": "Position",
	"_Role_report": "Position",
	"_Table index": "Index",
	"_Table index_report": "Index",
	"_VendorNumber": "Lieferantennummer",
	"_VendorNumber_report": "Lieferantennummer",
	"_VendorOfficersPane": "Ansprechpartner",
	"AP - Vendors officers__": "AP - Lieferanten-Entscheidungsträger"
}</process_DE>
      <process_ja>{
	"_CompanyCode": "会社コード",
	"_CompanyCode_report": "会社コード",
	"_Email": "電子メール",
	"_Email_report": "電子メール",
	"_FirstName": "名",
	"_FirstName_report": "名",
	"_LastName": "姓",
	"_LastName_report": "姓",
	"_Role": "職位",
	"_Role_report": "職位",
	"_Table index": "インデックス",
	"_Table index_report": "インデックス",
	"_VendorNumber": "仕入先番号",
	"_VendorNumber_report": "仕入先番号",
	"_VendorOfficersPane": "担当者",
	"AP - Vendors officers__": "買掛金 - 仕入先の意思決定者"
}</process_ja>
      <process_en>{
	"_CompanyCode": "Company code",
	"_CompanyCode_report": "Company code",
	"_Email": "Email",
	"_Email_report": "Email",
	"_FirstName": "First name",
	"_FirstName_report": "First name",
	"_LastName": "Last name",
	"_LastName_report": "Last name",
	"_Role": "Position",
	"_Role_report": "Position",
	"_Table index": "Index",
	"_Table index_report": "Index",
	"_VendorNumber": "Vendor number",
	"_VendorNumber_report": "Vendor number",
	"_VendorOfficersPane": "Contact Person",
	"AP - Vendors officers__": "AP - Vendor decision makers"
}</process_en>
      <process_ES>{
	"_CompanyCode": "Código de empresa",
	"_CompanyCode_report": "Código de empresa",
	"_Email": "Correo electrónico",
	"_Email_report": "Correo electrónico",
	"_FirstName": "Nombre",
	"_FirstName_report": "Nombre",
	"_LastName": "Apellido",
	"_LastName_report": "Apellido",
	"_Role": "Posición",
	"_Role_report": "Posición",
	"_Table index": "Índice",
	"_Table index_report": "Índice",
	"_VendorNumber": "Número de proveedor",
	"_VendorNumber_report": "Número de proveedor",
	"_VendorOfficersPane": "Contacto",
	"AP - Vendors officers__": "AP - Responsables de la toma de decisión del lado del proveedor"
}</process_ES>
      <process_FR>{
	"_CompanyCode": "Code société",
	"_CompanyCode_report": "Code société",
	"_Email": "E-mail",
	"_Email_report": "E-mail",
	"_FirstName": "Prénom",
	"_FirstName_report": "Prénom",
	"_LastName": "Nom",
	"_LastName_report": "Nom",
	"_Role": "Fonction",
	"_Role_report": "Fonction",
	"_Table index": "Index",
	"_Table index_report": "Index",
	"_VendorNumber": "Numéro fournisseur",
	"_VendorNumber_report": "Numéro fournisseur",
	"_VendorOfficersPane": "Contact",
	"AP - Vendors officers__": "AP - Décideurs côté fournisseur"
}</process_FR>
      <process_nl-NL>{
	"_CompanyCode": "Bedrijfscode",
	"_CompanyCode_report": "Bedrijfscode",
	"_Email": "E-mail",
	"_Email_report": "E-mail",
	"_FirstName": "Voornaam",
	"_FirstName_report": "Voornaam",
	"_LastName": "Familienaam",
	"_LastName_report": "Familienaam",
	"_Role": "Functie",
	"_Role_report": "Functie",
	"_Table index": "Index",
	"_Table index_report": "Index",
	"_VendorNumber": "Nummer leverancier",
	"_VendorNumber_report": "Nummer leverancier",
	"_VendorOfficersPane": "Contactpersoon",
	"AP - Vendors officers__": "AP - Beslissers leverancier"
}</process_nl-NL>
      <process_IT>{
	"_CompanyCode": "Codice società",
	"_CompanyCode_report": "Codice società",
	"_Email": "E-mail",
	"_Email_report": "E-mail",
	"_FirstName": "Nome",
	"_FirstName_report": "Nome",
	"_LastName": "Cognome",
	"_LastName_report": "Cognome",
	"_Role": "Posizione",
	"_Role_report": "Posizione",
	"_Table index": "Indice",
	"_Table index_report": "Indice",
	"_VendorNumber": "Numero fornitore",
	"_VendorNumber_report": "Numero fornitore",
	"_VendorOfficersPane": "Contatto",
	"AP - Vendors officers__": "AP - Responsabili decisionali fornitore"
}</process_IT>
      <process_zh-CN>{
	"_CompanyCode": "公司代码",
	"_CompanyCode_report": "公司代码",
	"_Email": "电子邮件",
	"_Email_report": "电子邮件",
	"_FirstName": "名",
	"_FirstName_report": "名",
	"_LastName": "姓",
	"_LastName_report": "姓",
	"_Role": "职位",
	"_Role_report": "职位",
	"_Table index": "序列",
	"_Table index_report": "序列",
	"_VendorNumber": "供应商号",
	"_VendorNumber_report": "供应商号",
	"_VendorOfficersPane": "联系人",
	"AP - Vendors officers__": "应付账款 - 供应商决策者"
}</process_zh-CN>
      <process_pt-BR>{
	"_CompanyCode": "Código da empresa",
	"_CompanyCode_report": "Código da empresa",
	"_Email": "E-mail",
	"_Email_report": "E-mail",
	"_FirstName": "Nome",
	"_FirstName_report": "Nome",
	"_LastName": "Apelido",
	"_LastName_report": "Apelido",
	"_Role": "Função",
	"_Role_report": "Função",
	"_Table index": "Índice",
	"_Table index_report": "Índice",
	"_VendorNumber": "Número do fornecedor",
	"_VendorNumber_report": "Número do fornecedor",
	"_VendorOfficersPane": "Pessoa de contato",
	"AP - Vendors officers__": "AP - Decisores do fornecedor"
}</process_pt-BR>
    </lg>
    <process>
      <BUColumn>CompanyCode__</BUColumn>
      <flowtype>processing</flowtype>
      <homepagelabel>AP - Vendors officers</homepagelabel>
      <instanciable>1</instanciable>
      <enablerounddecimal>true</enablerounddecimal>
      <OverrideAllowedAttachmentExtensions>*</OverrideAllowedAttachmentExtensions>
      <UseActionNameWithScriptApproval>true</UseActionNameWithScriptApproval>
      <AllowUploadAttachment>0</AllowUploadAttachment>
      <AllowUploadReferenceDocument>0</AllowUploadReferenceDocument>
      <shouldRollbackManualRecordEdits>true</shouldRollbackManualRecordEdits>
      <shouldShowManualEditsWarning>false</shouldShowManualEditsWarning>
      <UseCultureFormat>true</UseCultureFormat>
      <TransportName>CustomTable</TransportName>
      <LayoutVersion>1.0</LayoutVersion>
    </process>
    <ui>
      <layout>{
	"*": {
		"Screen": {
			"type": "FlexibleFormLayout",
			"options": {
				"splitterType": "simple-v",
				"version": 0,
				"style": null
			},
			"*": {
				"form-header": {
					"type": "FlexibleFormHeader",
					"options": {
						"hidePanelsMenu": false,
						"version": 0
					},
					"stamp": 2,
					"data": []
				},
				"form-center": {
					"type": "FlexibleFormCenter",
					"options": {
						"version": 0
					},
					"*": {
						"form-content": {
							"type": "FlexibleFormContent",
							"options": {
								"version": 0
							},
							"*": {
								"form-content-center": {
									"type": "FlexibleFormSplitter",
									"options": {
										"version": 1,
										"box": {
											"top": "0%",
											"left": "0%",
											"width": "100%"
										},
										"hidden": false
									},
									"*": {
										"form-content-center-1": {
											"type": "FlexibleFormLine",
											"data": [],
											"options": {
												"version": 0
											},
											"stamp": 9,
											"*": {
												"DataPanel": {
													"type": "PanelData",
													"options": {
														"border": {},
														"version": 0,
														"labelLength": 0,
														"iconURL": "",
														"TitleFontSize": "S",
														"hideActionButtons": true,
														"hideTitleBar": false,
														"hideTitle": false,
														"backgroundcolor": "default",
														"labelsAlignment": "right",
														"label": "_VendorOfficersPane",
														"leftImageURL": "",
														"removeMargins": false,
														"elementsAlignment": "left"
													},
													"*": {
														"FieldsManager": {
															"type": "FieldsManager",
															"options": {
																"controlsAssociation": {
																	"CompanyCode__": "LabelCompanyCode__",
																	"LabelCompanyCode__": "CompanyCode__",
																	"VendorNumber__": "LabelVendorNumber__",
																	"LabelVendorNumber__": "VendorNumber__",
																	"Role__": "LabelRole__",
																	"LabelRole__": "Role__",
																	"FirstName__": "LabelFirstName__",
																	"LabelFirstName__": "FirstName__",
																	"LastName__": "LabelLastName__",
																	"LabelLastName__": "LastName__",
																	"Email__": "LabelEmail__",
																	"LabelEmail__": "Email__",
																	"TableIndex__": "LabelTableIndex__",
																	"LabelTableIndex__": "TableIndex__"
																},
																"version": 0
															},
															"*": {
																"Grid": {
																	"type": "GridLayout",
																	"options": {
																		"lines": 7,
																		"columns": 2,
																		"version": 0,
																		"ctrlsPos": {
																			"CompanyCode__": {
																				"line": 1,
																				"column": 2
																			},
																			"LabelCompanyCode__": {
																				"line": 1,
																				"column": 1
																			},
																			"VendorNumber__": {
																				"line": 2,
																				"column": 2
																			},
																			"LabelVendorNumber__": {
																				"line": 2,
																				"column": 1
																			},
																			"Role__": {
																				"line": 4,
																				"column": 2
																			},
																			"LabelRole__": {
																				"line": 4,
																				"column": 1
																			},
																			"FirstName__": {
																				"line": 5,
																				"column": 2
																			},
																			"LabelFirstName__": {
																				"line": 5,
																				"column": 1
																			},
																			"LastName__": {
																				"line": 6,
																				"column": 2
																			},
																			"LabelLastName__": {
																				"line": 6,
																				"column": 1
																			},
																			"Email__": {
																				"line": 7,
																				"column": 2
																			},
																			"LabelEmail__": {
																				"line": 7,
																				"column": 1
																			},
																			"TableIndex__": {
																				"line": 3,
																				"column": 2
																			},
																			"LabelTableIndex__": {
																				"line": 3,
																				"column": 1
																			}
																		},
																		"colspans": [
																			[],
																			[],
																			[],
																			[],
																			[],
																			[],
																			[]
																		]
																	},
																	"data": [
																		"fields"
																	],
																	"*": {
																		"LabelCompanyCode__": {
																			"type": "Label",
																			"data": [
																				"CompanyCode__"
																			],
																			"options": {
																				"label": "_CompanyCode",
																				"version": 0
																			},
																			"stamp": 14
																		},
																		"CompanyCode__": {
																			"type": "DatabaseComboBox",
																			"data": [
																				"CompanyCode__"
																			],
																			"options": {
																				"version": 1,
																				"label": "_CompanyCode",
																				"activable": true,
																				"width": 230,
																				"helpText": "",
																				"helpURL": "",
																				"helpFormat": "HTML Format",
																				"minNbLines": 1,
																				"maxNbLines": 1,
																				"fTSmaxRecords": "20",
																				"browsable": true
																			},
																			"stamp": 15
																		},
																		"LabelVendorNumber__": {
																			"type": "Label",
																			"data": [
																				"VendorNumber__"
																			],
																			"options": {
																				"label": "_VendorNumber",
																				"version": 0
																			},
																			"stamp": 16
																		},
																		"VendorNumber__": {
																			"type": "DatabaseComboBox",
																			"data": [
																				"VendorNumber__"
																			],
																			"options": {
																				"version": 1,
																				"label": "_VendorNumber",
																				"activable": true,
																				"width": 230,
																				"helpText": "",
																				"helpURL": "",
																				"helpFormat": "HTML Format",
																				"minNbLines": 1,
																				"maxNbLines": 1,
																				"fTSmaxRecords": "20",
																				"browsable": true
																			},
																			"stamp": 17
																		},
																		"LabelTableIndex__": {
																			"type": "Label",
																			"data": [
																				"TableIndex__"
																			],
																			"options": {
																				"label": "_Table index"
																			},
																			"stamp": 26
																		},
																		"TableIndex__": {
																			"type": "Integer",
																			"data": [
																				"TableIndex__"
																			],
																			"options": {
																				"version": 2,
																				"textSize": "S",
																				"textAlignment": "right",
																				"textStyle": "default",
																				"textColor": "default",
																				"integer": true,
																				"label": "_Table index",
																				"precision_internal": 2,
																				"precision_current": 2,
																				"activable": true,
																				"width": 230,
																				"helpText": "",
																				"helpURL": "",
																				"helpFormat": "HTML Format",
																				"defaultValue": "0",
																				"enablePlusMinus": false,
																				"browsable": false
																			},
																			"stamp": 27
																		},
																		"LabelRole__": {
																			"type": "Label",
																			"data": [
																				"Role__"
																			],
																			"options": {
																				"label": "_Role",
																				"version": 0
																			},
																			"stamp": 18
																		},
																		"Role__": {
																			"type": "ShortText",
																			"data": [
																				"Role__"
																			],
																			"options": {
																				"textSize": "S",
																				"textAlignment": "left",
																				"textStyle": "default",
																				"textColor": "default",
																				"version": 1,
																				"label": "_Role",
																				"activable": true,
																				"width": 230,
																				"helpText": "",
																				"helpURL": "",
																				"helpFormat": "HTML Format",
																				"browsable": false
																			},
																			"stamp": 19
																		},
																		"LabelFirstName__": {
																			"type": "Label",
																			"data": [
																				"FirstName__"
																			],
																			"options": {
																				"label": "_FirstName",
																				"version": 0
																			},
																			"stamp": 20
																		},
																		"FirstName__": {
																			"type": "ShortText",
																			"data": [
																				"FirstName__"
																			],
																			"options": {
																				"textSize": "S",
																				"textAlignment": "left",
																				"textStyle": "default",
																				"textColor": "default",
																				"version": 1,
																				"label": "_FirstName",
																				"activable": true,
																				"width": 230,
																				"helpText": "",
																				"helpURL": "",
																				"helpFormat": "HTML Format",
																				"browsable": false
																			},
																			"stamp": 21
																		},
																		"LabelLastName__": {
																			"type": "Label",
																			"data": [
																				"LastName__"
																			],
																			"options": {
																				"label": "_LastName",
																				"version": 0
																			},
																			"stamp": 22
																		},
																		"LastName__": {
																			"type": "ShortText",
																			"data": [
																				"LastName__"
																			],
																			"options": {
																				"textSize": "S",
																				"textAlignment": "left",
																				"textStyle": "default",
																				"textColor": "default",
																				"version": 1,
																				"label": "_LastName",
																				"activable": true,
																				"width": 230,
																				"helpText": "",
																				"helpURL": "",
																				"helpFormat": "HTML Format",
																				"browsable": false
																			},
																			"stamp": 23
																		},
																		"LabelEmail__": {
																			"type": "Label",
																			"data": [
																				"Email__"
																			],
																			"options": {
																				"label": "_Email",
																				"version": 0
																			},
																			"stamp": 24
																		},
																		"Email__": {
																			"type": "ShortText",
																			"data": [
																				"Email__"
																			],
																			"options": {
																				"textSize": "S",
																				"textAlignment": "left",
																				"textStyle": "default",
																				"textColor": "default",
																				"version": 1,
																				"label": "_Email",
																				"activable": true,
																				"width": 230,
																				"helpText": "",
																				"helpURL": "",
																				"helpFormat": "HTML Format",
																				"browsable": false
																			},
																			"stamp": 25
																		}
																	},
																	"stamp": 8
																}
															},
															"stamp": 7,
															"data": []
														}
													},
													"stamp": 6,
													"data": []
												}
											}
										}
									},
									"stamp": 5,
									"data": []
								}
							},
							"stamp": 4,
							"data": []
						}
					},
					"stamp": 3,
					"data": []
				},
				"form-footer": {
					"type": "FlexibleFormFooter",
					"options": {
						"splitterType": "simple-h",
						"version": 0
					},
					"*": {
						"Save": {
							"type": "SubmitButton",
							"options": {
								"label": "_Save",
								"action": "savequit",
								"submit": true,
								"version": 0,
								"shortCut": "S"
							},
							"stamp": 11,
							"data": []
						},
						"Close": {
							"type": "SubmitButton",
							"options": {
								"label": "_Close",
								"action": "cancel",
								"submit": true,
								"version": 0,
								"shortCut": "Q"
							},
							"stamp": 12,
							"data": []
						},
						"Delete": {
							"type": "SubmitButton",
							"options": {
								"label": "_Delete",
								"action": "delete",
								"submit": true,
								"version": 0,
								"disabled": true
							},
							"stamp": 13,
							"data": []
						}
					},
					"stamp": 10,
					"data": []
				}
			},
			"stamp": 1,
			"data": []
		}
	},
	"stamps": 27,
	"data": []
}</layout>
    </ui>
  </properties>
  <field deleted="0" format="" guid="IPPU00000IYP" id="ZNW552000SG7" label="_CompanyCode_report" length="50" name="CompanyCode__" originalProcessID="HPPU00000IYP" precision="0" processid="YNW552000SG7" submitable="1" type="STR">
    <properties>
      <db>
        <Alias>AZNW552000SG7</Alias>
        <index vartype="INT">1</index>
        <noxml>1</noxml>
        <fullname>/job/processfields/CompanyCode__</fullname>
        <defaultvalue>
        </defaultvalue>
        <RecordLastWrite>2022-10-25 17:04:31</RecordLastWrite>
      </db>
      <extrainfo>
        <Label>_CompanyCode_report</Label>
        <Alias>AZNW552000SG7</Alias>
        <ProcessFieldVersion vartype="INT">1</ProcessFieldVersion>
      </extrainfo>
      <field>
        <Editable>true</Editable>
        <TableName>CT#ECW552000SG7</TableName>
        <SortOrder>
        </SortOrder>
        <DisplayedColumns>CompanyName__|Country__</DisplayedColumns>
        <DisplayedColumnsIds>
        </DisplayedColumnsIds>
        <UseTableForAutolearn>false</UseTableForAutolearn>
        <SavedColumn>CompanyCode__</SavedColumn>
        <SavedColumnId>
        </SavedColumnId>
        <ProcessName>PurchasingCompanycodes__</ProcessName>
        <KeyColumnId>
        </KeyColumnId>
        <KeyAttribute>
        </KeyAttribute>
        <CustomFilter>
        </CustomFilter>
      </field>
      <gdr>
        <DisableAutolearn>1</DisableAutolearn>
      </gdr>
      <help>
        <helpData>{"helpText":"","helpURL":"","helpFormat":"HTML Format"}</helpData>
      </help>
      <ui>
        <_type>String</_type>
        <automatic>true</automatic>
      </ui>
    </properties>
  </field>
  <field deleted="0" format="" guid="NPPU00000IYP" id="FOW552000SG7" label="_Email" length="80" name="Email__" originalProcessID="HPPU00000IYP" precision="0" processid="YNW552000SG7" submitable="1" type="STR">
    <properties>
      <db>
        <Alias>AFOW552000SG7</Alias>
        <noxml>1</noxml>
        <fullname>/job/processfields/Email__</fullname>
        <defaultvalue>
        </defaultvalue>
        <RecordLastWrite>2022-10-25 17:04:31</RecordLastWrite>
      </db>
      <extrainfo>
        <Label>_Email</Label>
        <Alias>AFOW552000SG7</Alias>
        <ProcessFieldVersion vartype="INT">1</ProcessFieldVersion>
      </extrainfo>
      <field>
        <required>true</required>
      </field>
      <gdr>
        <VarType>Area</VarType>
        <DisableAutolearn>1</DisableAutolearn>
      </gdr>
      <help>
        <helpData>{"helpText":"","helpURL":"","helpFormat":"HTML Format"}</helpData>
      </help>
      <ui>
        <_type>String</_type>
        <automatic>true</automatic>
      </ui>
    </properties>
  </field>
  <field deleted="0" format="" guid="LPPU00000IYP" id="DOW552000SG7" label="_FirstName_report" length="50" name="FirstName__" originalProcessID="HPPU00000IYP" precision="0" processid="YNW552000SG7" submitable="1" type="STR">
    <properties>
      <db>
        <Alias>ADOW552000SG7</Alias>
        <noxml>1</noxml>
        <fullname>/job/processfields/FirstName__</fullname>
        <defaultvalue>
        </defaultvalue>
        <RecordLastWrite>2022-10-25 17:04:31</RecordLastWrite>
      </db>
      <extrainfo>
        <Label>_FirstName_report</Label>
        <Alias>ADOW552000SG7</Alias>
        <ProcessFieldVersion vartype="INT">1</ProcessFieldVersion>
      </extrainfo>
      <field>
        <required>true</required>
      </field>
      <gdr>
        <VarType>Area</VarType>
        <DisableAutolearn>1</DisableAutolearn>
      </gdr>
      <help>
        <helpData>{"helpText":"","helpURL":"","helpFormat":"HTML Format"}</helpData>
      </help>
      <ui>
        <_type>String</_type>
        <automatic>true</automatic>
      </ui>
    </properties>
  </field>
  <field deleted="0" format="" guid="MPPU00000IYP" id="EOW552000SG7" label="_LastName_report" length="50" name="LastName__" originalProcessID="HPPU00000IYP" precision="0" processid="YNW552000SG7" submitable="1" type="STR">
    <properties>
      <db>
        <Alias>AEOW552000SG7</Alias>
        <noxml>1</noxml>
        <fullname>/job/processfields/LastName__</fullname>
        <defaultvalue>
        </defaultvalue>
        <RecordLastWrite>2022-10-25 17:04:31</RecordLastWrite>
      </db>
      <extrainfo>
        <Label>_LastName_report</Label>
        <Alias>AEOW552000SG7</Alias>
        <ProcessFieldVersion vartype="INT">1</ProcessFieldVersion>
      </extrainfo>
      <field>
        <required>true</required>
      </field>
      <gdr>
        <VarType>Area</VarType>
        <DisableAutolearn>1</DisableAutolearn>
      </gdr>
      <help>
        <helpData>{"helpText":"","helpURL":"","helpFormat":"HTML Format"}</helpData>
      </help>
      <ui>
        <_type>String</_type>
        <automatic>true</automatic>
      </ui>
    </properties>
  </field>
  <field deleted="0" format="" guid="KPPU00000IYP" id="COW552000SG7" label="_Role_report" length="50" name="Role__" originalProcessID="HPPU00000IYP" precision="0" processid="YNW552000SG7" submitable="1" type="STR">
    <properties>
      <db>
        <Alias>ACOW552000SG7</Alias>
        <noxml>1</noxml>
        <fullname>/job/processfields/Role__</fullname>
        <defaultvalue>
        </defaultvalue>
        <RecordLastWrite>2022-10-25 17:04:31</RecordLastWrite>
      </db>
      <extrainfo>
        <Label>_Role_report</Label>
        <Alias>ACOW552000SG7</Alias>
        <ProcessFieldVersion vartype="INT">1</ProcessFieldVersion>
      </extrainfo>
      <field>
        <required>true</required>
      </field>
      <gdr>
        <VarType>Area</VarType>
        <DisableAutolearn>1</DisableAutolearn>
      </gdr>
      <help>
        <helpData>{"helpText":"","helpURL":"","helpFormat":"HTML Format"}</helpData>
      </help>
      <ui>
        <_type>String</_type>
        <automatic>true</automatic>
      </ui>
    </properties>
  </field>
  <field deleted="0" format="" guid="VC0V00000IYP" id="BOW552000SG7" label="_Table index_report" length="0" name="TableIndex__" originalProcessID="HPPU00000IYP" precision="0" processid="YNW552000SG7" submitable="1" type="INT">
    <properties>
      <db>
        <alias>ABOW552000SG7</alias>
        <index vartype="INT">1</index>
        <noxml>1</noxml>
        <fullname>/job/processfields/TableIndex__</fullname>
        <defaultvalue>
        </defaultvalue>
        <RecordLastWrite>2022-10-25 17:04:31</RecordLastWrite>
      </db>
      <extrainfo>
        <Label>_Table index_report</Label>
        <Alias>ABOW552000SG7</Alias>
        <ProcessFieldVersion vartype="INT">1</ProcessFieldVersion>
      </extrainfo>
      <field>
        <required>true</required>
      </field>
      <gdr>
        <VarType>Area</VarType>
        <DisableAutolearn>1</DisableAutolearn>
      </gdr>
      <help>
        <helpData>{"helpText":"","helpURL":"","helpFormat":"HTML Format"}</helpData>
      </help>
      <ui>
        <_type>Number</_type>
        <automatic>true</automatic>
      </ui>
    </properties>
  </field>
  <field deleted="0" format="" guid="JPPU00000IYP" id="AOW552000SG7" label="_VendorNumber_report" length="50" name="VendorNumber__" originalProcessID="HPPU00000IYP" precision="0" processid="YNW552000SG7" submitable="1" type="STR">
    <properties>
      <db>
        <Alias>AAOW552000SG7</Alias>
        <index vartype="INT">1</index>
        <noxml>1</noxml>
        <fullname>/job/processfields/VendorNumber__</fullname>
        <defaultvalue>
        </defaultvalue>
        <RecordLastWrite>2022-10-25 17:04:31</RecordLastWrite>
      </db>
      <extrainfo>
        <Label>_VendorNumber_report</Label>
        <Alias>AAOW552000SG7</Alias>
        <ProcessFieldVersion vartype="INT">1</ProcessFieldVersion>
      </extrainfo>
      <field>
        <Editable>true</Editable>
        <required>true</required>
        <TableName>CT#ZLW552000SG7</TableName>
        <SortOrder>
        </SortOrder>
        <DisplayedColumns>Name__|CompanyCode__|Street__|PostalCode__|City__|Country__</DisplayedColumns>
        <DisplayedColumnsIds>
        </DisplayedColumnsIds>
        <UseTableForAutolearn>false</UseTableForAutolearn>
        <SavedColumn>Number__</SavedColumn>
        <SavedColumnId>
        </SavedColumnId>
        <ProcessName>AP - Vendors__</ProcessName>
        <KeyColumnId>
        </KeyColumnId>
        <KeyAttribute>
        </KeyAttribute>
        <CustomFilter>(|(CompanyCode__=%[CompanyCode__])(CompanyCode__=)(!(CompanyCode__=*)))</CustomFilter>
      </field>
      <gdr>
        <DisableAutolearn>1</DisableAutolearn>
      </gdr>
      <help>
        <helpData>{"helpText":"","helpURL":"","helpFormat":"HTML Format"}</helpData>
      </help>
      <ui>
        <_type>String</_type>
        <automatic>true</automatic>
      </ui>
    </properties>
  </field>
  <type id="JLLP13130F1" name="CT">
  </type>
</process>