﻿<?xml version="1.0" encoding="UTF-8" standalone="no"?>
<process accountid="20063076" allowrepairprocess="0" builtin="0" builtinversion="0" carriesapplicationversion="0" creationdatetime="2022-10-25 17:04:23" deleted="0" eskerapplication="" global="0" id="BKW552000SG7" keepcustomization="0" keepfieldsonly="0" keepfieldsproperties="0" keepnewcontroloptions="0" migrationversion="4" name="AP - Sections__" needvalidation="1" ootofilter="" ootoversion="0" originalProcessID="PHQG225546" ownerid="cn=admin_p2p@paragon-cc.fr,ou=DEV,ou=TrainingP2P,ou=DEMO_JULIEN,ou=05284299,ou=ESK,s=eoo" ownerpb="OnDemand AddressBook" public="1" pushnotification="0" reuseengine="0" sprintversion="5.261.0" transportname="CustomTable" upgradable="1" userid="0" version="1" visibility="0">
  <properties>
    <dataConditions>
      <listDataConditions>
			&lt;dataCondition&gt;
				&lt;tableName&gt;P2P - Global Application Settings__&lt;/tableName&gt;
				&lt;filter&gt;msnex=*&lt;/filter&gt;
				&lt;labelKey&gt;_AP disabled&lt;/labelKey&gt;
				&lt;conditions&gt;
					&lt;allowCondition&gt;
						&lt;fieldName&gt;EnableAccountPayableGlobalSetting__&lt;/fieldName&gt;
						&lt;fieldValue&gt;1&lt;/fieldValue&gt;
					&lt;/allowCondition&gt;
				&lt;/conditions&gt;
			&lt;/dataCondition&gt;
		</listDataConditions>
    </dataConditions>
    <dbIndex>
      <AUTO_ACKW552000SG7A>&lt;Index&gt;&lt;Ref Name="ACKW552000SG7" Option="ASC"/&gt;&lt;/Index&gt;</AUTO_ACKW552000SG7A>
      <AUTO_ADKW552000SG7A>&lt;Index&gt;&lt;Ref Name="ADKW552000SG7" Option="ASC"/&gt;&lt;/Index&gt;</AUTO_ADKW552000SG7A>
      <AUTO_AEKW552000SG7A>&lt;Index&gt;&lt;Ref Name="AEKW552000SG7" Option="ASC"/&gt;&lt;/Index&gt;</AUTO_AEKW552000SG7A>
    </dbIndex>
    <gdr>
    </gdr>
    <lg>
      <process_de>{
	"Axe": "Analytische Achse",
	"Company code": "Buchungskreis",
	"Section": "Bereich"
}</process_de>
      <process_JA>{
	"Axe": "分析軸",
	"Company code": "会社コード",
	"Section": "区分"
}</process_JA>
      <process_en>{
	"Axe": "Analytical axis",
	"Company code": "Company code",
	"Section": "Section"
}</process_en>
      <process_es>{
	"Axe": "Eje analítico",
	"Company code": "Código de empresa",
	"Section": "Sección"
}</process_es>
      <process_fr>{
	"Axe": "Axe analytique",
	"Company code": "Code société",
	"Section": "Section"
}</process_fr>
      <process_nl-NL>{
	"Axe": "Analytische as",
	"Company code": "Bedrijfscode",
	"Section": "Sectie"
}</process_nl-NL>
      <process_it>{
	"Axe": "Asse analitico",
	"Company code": "Codice società",
	"Section": "Sezione"
}</process_it>
      <process_zh-CN>{
	"Axe": "分析轴",
	"Company code": "公司代码",
	"Section": "部分"
}</process_zh-CN>
      <process_pt-BR>{
	"Axe": "Eixo analítico",
	"Company code": "Código da empresa",
	"Section": "Secção"
}</process_pt-BR>
    </lg>
    <process>
      <BUColumn>CompanyCode__</BUColumn>
      <flowtype>processing</flowtype>
      <homepagelabel>AP - Sections</homepagelabel>
      <upgradable>yes</upgradable>
      <instanciable>1</instanciable>
      <OverrideAllowedAttachmentExtensions>*</OverrideAllowedAttachmentExtensions>
      <AllowUploadAttachment>0</AllowUploadAttachment>
      <AllowUploadReferenceDocument>0</AllowUploadReferenceDocument>
      <shouldRollbackManualRecordEdits>true</shouldRollbackManualRecordEdits>
      <UseCultureFormat>true</UseCultureFormat>
      <TransportName>CustomTable</TransportName>
      <LayoutVersion>1.0</LayoutVersion>
    </process>
    <ui>
      <layout>{
	"*": {
		"Screen": {
			"type": "FlexibleFormLayout",
			"options": {
				"splitterType": "simple-v",
				"version": 0
			},
			"*": {
				"form-header": {
					"type": "FlexibleFormHeader",
					"options": {
						"hidePanelsMenu": false,
						"version": 0
					},
					"stamp": 1,
					"data": []
				},
				"form-center": {
					"type": "FlexibleFormCenter",
					"options": {
						"version": 0
					},
					"*": {
						"form-content": {
							"type": "FlexibleFormContent",
							"options": {
								"version": 0
							},
							"*": {
								"form-content-center": {
									"type": "FlexibleFormSplitter",
									"options": {
										"version": 1,
										"box": {
											"top": "0%",
											"left": "0%",
											"width": "100%"
										},
										"hidden": false
									},
									"*": {
										"form-content-center-1": {
											"type": "FlexibleFormLine",
											"data": [],
											"options": {
												"version": 0
											},
											"stamp": 2,
											"*": {
												"DataPanel": {
													"type": "PanelData",
													"options": {
														"border": {},
														"version": 0,
														"labelLength": 0,
														"iconURL": "",
														"TitleFontSize": "S",
														"hideActionButtons": false,
														"hideTitleBar": false,
														"backgroundcolor": "default",
														"labelsAlignment": "right",
														"label": "_Document data"
													},
													"*": {
														"FieldsManager": {
															"type": "FieldsManager",
															"options": {
																"controlsAssociation": {
																	"CompanyCode__": "LabelCompanyCode__",
																	"LabelCompanyCode__": "CompanyCode__",
																	"Section__": "LabelSection__",
																	"LabelSection__": "Section__",
																	"Axe__": "LabelAxe__",
																	"LabelAxe__": "Axe__"
																},
																"version": 0
															},
															"*": {
																"Grid": {
																	"type": "GridLayout",
																	"options": {
																		"lines": 3,
																		"columns": 2,
																		"version": 0,
																		"ctrlsPos": {
																			"CompanyCode__": {
																				"line": 1,
																				"column": 2
																			},
																			"LabelCompanyCode__": {
																				"line": 1,
																				"column": 1
																			},
																			"Section__": {
																				"line": 2,
																				"column": 2
																			},
																			"LabelSection__": {
																				"line": 2,
																				"column": 1
																			},
																			"Axe__": {
																				"line": 3,
																				"column": 2
																			},
																			"LabelAxe__": {
																				"line": 3,
																				"column": 1
																			}
																		},
																		"colspans": [
																			[],
																			[],
																			[]
																		]
																	},
																	"data": [
																		"fields"
																	],
																	"*": {
																		"LabelCompanyCode__": {
																			"type": "Label",
																			"data": [
																				"CompanyCode__"
																			],
																			"options": {
																				"label": "Company code",
																				"version": 0
																			},
																			"stamp": 3
																		},
																		"CompanyCode__": {
																			"type": "DatabaseComboBox",
																			"data": [
																				"CompanyCode__"
																			],
																			"options": {
																				"browsable": true,
																				"label": "_Company code",
																				"activable": true,
																				"width": 500,
																				"PreFillFTS": true,
																				"fTSmaxRecords": "20"
																			},
																			"stamp": 4
																		},
																		"LabelSection__": {
																			"type": "Label",
																			"data": [
																				"Section__"
																			],
																			"options": {
																				"label": "Section",
																				"version": 0
																			},
																			"stamp": 5
																		},
																		"Section__": {
																			"type": "ShortText",
																			"data": [
																				"Section__"
																			],
																			"options": {
																				"textSize": "S",
																				"textAlignment": "left",
																				"textStyle": "default",
																				"textColor": "default",
																				"label": "Section",
																				"activable": true,
																				"width": 500,
																				"browsable": false,
																				"version": 0
																			},
																			"stamp": 6
																		},
																		"LabelAxe__": {
																			"type": "Label",
																			"data": [
																				"Axe__"
																			],
																			"options": {
																				"label": "Axe",
																				"version": 0
																			},
																			"stamp": 7
																		},
																		"Axe__": {
																			"type": "ComboBox",
																			"data": [
																				"Axe__"
																			],
																			"options": {
																				"possibleValues": {
																					"0": "A1",
																					"1": "A2",
																					"2": "A3",
																					"3": "A4",
																					"4": "A5"
																				},
																				"keyValueMode": false,
																				"possibleKeys": {},
																				"label": "Axe",
																				"activable": true,
																				"width": 500,
																				"version": 0
																			},
																			"stamp": 8
																		}
																	},
																	"stamp": 9
																}
															},
															"stamp": 10,
															"data": []
														}
													},
													"stamp": 11,
													"data": []
												}
											}
										}
									},
									"stamp": 12,
									"data": []
								}
							},
							"stamp": 13,
							"data": []
						}
					},
					"stamp": 14,
					"data": []
				},
				"form-footer": {
					"type": "FlexibleFormFooter",
					"options": {
						"splitterType": "simple-h",
						"version": 0
					},
					"*": {
						"Save": {
							"type": "SubmitButton",
							"options": {
								"label": "_Save",
								"action": "savequit",
								"submit": true,
								"version": 0
							},
							"stamp": 15,
							"data": []
						},
						"Close": {
							"type": "SubmitButton",
							"options": {
								"label": "_Close",
								"action": "cancel",
								"submit": true,
								"version": 0
							},
							"stamp": 16,
							"data": []
						},
						"Delete": {
							"type": "SubmitButton",
							"options": {
								"label": "_Delete",
								"action": "delete",
								"submit": true,
								"version": 0,
								"disabled": true
							},
							"stamp": 17,
							"data": []
						}
					},
					"stamp": 18,
					"data": []
				}
			},
			"stamp": 19,
			"data": []
		}
	},
	"stamps": 19,
	"data": []
}</layout>
    </ui>
  </properties>
  <field deleted="0" format="" guid="DUXW227548" id="EKW552000SG7" label="Axe" length="2" name="Axe__" originalProcessID="PHQG225546" precision="0" processid="BKW552000SG7" submitable="1" type="STR">
    <properties>
      <db>
        <alias>AEKW552000SG7</alias>
        <index vartype="INT">1</index>
        <noxml>1</noxml>
        <fullname>/job/processfields/Axe__</fullname>
        <defaultvalue>A1</defaultvalue>
        <RecordLastWrite>2014-11-18 16:37:20</RecordLastWrite>
      </db>
      <extrainfo>
        <Type>webaccess.Process.Columns.WithPossibleValues</Type>
        <Label>Axe</Label>
        <Alias>AEKW552000SG7</Alias>
        <ProcessFieldVersion vartype="INT">1</ProcessFieldVersion>
      </extrainfo>
      <field>
        <possibleKeys>
        </possibleKeys>
        <possibleValues>A1
A2
A3
A4
A5</possibleValues>
      </field>
      <ui>
        <_type>String</_type>
        <automatic>true</automatic>
      </ui>
    </properties>
  </field>
  <field deleted="0" format="" guid="NRVY227150" id="CKW552000SG7" label="Company code" length="50" name="CompanyCode__" originalProcessID="PHQG225546" precision="0" processid="BKW552000SG7" submitable="1" type="STR">
    <properties>
      <db>
        <alias>ACKW552000SG7</alias>
        <index vartype="INT">1</index>
        <noxml>1</noxml>
        <fullname>/job/processfields/CompanyCode__</fullname>
        <defaultvalue>
        </defaultvalue>
        <RecordLastWrite>2014-11-18 15:43:08</RecordLastWrite>
      </db>
      <extrainfo>
        <Label>Company code</Label>
        <Alias>ACKW552000SG7</Alias>
        <ProcessFieldVersion vartype="INT">1</ProcessFieldVersion>
      </extrainfo>
      <field>
        <Editable>true</Editable>
        <required>false</required>
        <TableName>CT#ECW552000SG7</TableName>
        <SortOrder>
        </SortOrder>
        <DisplayedColumns>CompanyCode__|CompanyName__</DisplayedColumns>
        <DisplayedColumnsIds>
        </DisplayedColumnsIds>
        <SavedColumn>CompanyCode__</SavedColumn>
        <SavedColumnId>HUME134563</SavedColumnId>
        <ProcessName>PurchasingCompanycodes__</ProcessName>
        <CustomFilter>
        </CustomFilter>
      </field>
      <gdr>
        <VarType>Area</VarType>
      </gdr>
      <ui>
        <_type>String</_type>
        <automatic>true</automatic>
      </ui>
    </properties>
  </field>
  <field deleted="0" format="" guid="EVIK227153" id="DKW552000SG7" label="Section" length="50" name="Section__" originalProcessID="PHQG225546" precision="0" processid="BKW552000SG7" submitable="1" type="STR">
    <properties>
      <db>
        <alias>ADKW552000SG7</alias>
        <index vartype="INT">1</index>
        <noxml>1</noxml>
        <fullname>/job/processfields/Section__</fullname>
        <defaultvalue>
        </defaultvalue>
        <RecordLastWrite>2014-11-18 15:49:55</RecordLastWrite>
      </db>
      <extrainfo>
        <Label>Section</Label>
        <Alias>ADKW552000SG7</Alias>
        <ProcessFieldVersion vartype="INT">1</ProcessFieldVersion>
      </extrainfo>
      <gdr>
        <VarType>Area</VarType>
      </gdr>
      <ui>
        <_type>String</_type>
        <automatic>true</automatic>
      </ui>
    </properties>
  </field>
  <type id="JLLP13130F1" name="CT">
  </type>
</process>