﻿<?xml version="1.0" encoding="UTF-8" standalone="no"?>
<process accountid="20063076" allowrepairprocess="0" builtin="0" builtinversion="0" carriesapplicationversion="0" creationdatetime="2022-10-25 17:02:41" deleted="0" eskerapplication="DD" global="0" id="NLN352000SG7" keepcustomization="0" keepfieldsonly="0" keepfieldsproperties="0" keepnewcontroloptions="0" migrationversion="4" name="DD - End Of Validity Notifier" needvalidation="0" ootofilter="" ootoversion="1" originalProcessID="H2X010000IYP" ownerid="cn=admin_p2p@paragon-cc.fr,ou=DEV,ou=TrainingP2P,ou=DEMO_JULIEN,ou=05284299,ou=ESK,s=eoo" ownerpb="OnDemand AddressBook" public="1" pushnotification="0" reuseengine="0" sprintversion="5.261.0" transportname="CustomData" upgradable="1" userid="0" version="1" visibility="1">
  <properties>
    <gdr>
      <FinalizationScriptAllowRetry>true</FinalizationScriptAllowRetry>
      <finalizationscriptIncludedScripts>Sys/Sys_EmailNotification</finalizationscriptIncludedScripts>
      <finalizationscriptIncludedScripts>Sys/Sys_Helpers_Date</finalizationscriptIncludedScripts>
      <FinalizationScript>///#GLOBALS Sys Lib
var Notifier;
(function (Notifier)
{
	function sendEmail(dest, customTags)
	{
		var template = "DD_ValidityNotifier_XX.htm";
		var userID = Data.GetValue("OwnerId");
		var userAdmin = Users.GetUserAsProcessAdmin(userID);
		var destEmail = dest.GetValue("EmailAddress");
		customTags.AccountLogo__ = userAdmin.GetLogoPath();
		var email = Sys.EmailNotification.CreateEmailWithUser(userAdmin, destEmail, null, template, customTags, true);
		if (email)
		{
			var destLanguage = dest.GetVars().GetValue_String("Language", 0);
			Sys.EmailNotification.AddSender(email, "notification@eskerondemand.com", Language.TranslateInto("Esker Accounts payable", destLanguage, false));
			Sys.EmailNotification.SendEmail(email);
		}
		else
		{
			Log.Error("Cannot send email to '".concat(destEmail, "'"));
		}
	}
	Notifier.sendEmail = sendEmail;

	function GetDocumentTypesToNotify()
	{
		var documentTypes = [];
		var ASQuery = Process.CreateQueryAsProcessAdmin();
		ASQuery.SetSpecificTable("DD - Application Settings__");
		ASQuery.SetAttributesList("Document_Type__");
		ASQuery.SetFilter("(EndOfValidityNotification__=true)");
		ASQuery.SetSearchInArchive(true);
		if (!ASQuery.MoveFirst())
		{
			Log.Warn("Query on 'DD - Application Settings__' failed");
			return documentTypes;
		}
		var transport = ASQuery.MoveNext();
		while (transport)
		{
			var docType = transport.GetUninheritedVars().GetValue_String("Document_Type__", 0);
			documentTypes.push(docType);
			transport = ASQuery.MoveNext();
		}
		return documentTypes;
	}
	Notifier.GetDocumentTypesToNotify = GetDocumentTypesToNotify;

	function SendNotificationIfNeeded(docType, horizonDate)
	{
		Log.Info("... Notifying for SDA configuration '".concat(docType, "' ..."));
		var SFQuery = Process.CreateQueryAsProcessAdmin();
		SFQuery.SetSpecificTable("CDNAME#DD - SenderForm");
		SFQuery.SetAttributesList("NotificationRecipient__,EndOfValidity__,Subject,State");
		SFQuery.SetFilter("&amp;(Document_Type__=".concat(docType, ")(EndOfValidity__&lt;").concat(horizonDate, ")(State=100)"));
		SFQuery.SetSortOrder("NotificationRecipient__ DESC, SubmitDateTime DESC");
		SFQuery.SetSearchInArchive(true);
		if (!SFQuery.MoveFirst())
		{
			Log.Warn("Query on 'DD - SenderForm' failed for type '".concat(docType, "'"));
			return;
		}
		var currentRecipient;
		var expiredDocToNotifyCount = 0;
		var transport = SFQuery.MoveNext();
		while (transport)
		{
			var vars = transport.GetUninheritedVars();
			var recipientFullDN = vars.GetValue_String("NotificationRecipient__", 0);
			// We only notify for the most recent document of each type
			if (recipientFullDN !== currentRecipient)
			{
				var recipient = Users.GetUser(recipientFullDN);
				if (recipient)
				{
					var endOfValidityDate = vars.GetValue_Date("EndOfValidity__", 0);
					// Workaround timezone issues when formatting date in recipient timezone
					endOfValidityDate.setHours(13);
					var customTags = {
						endOfValidity: recipient.GetFormattedDate(endOfValidityDate,
						{
							dateFormat: "ShortDate",
							timeFormat: "None"
						}),
						documentName: vars.GetValue_String("Subject", 0),
						documentType: docType,
						portalURL: recipient.GetPortalURL()
					};
					sendEmail(recipient, customTags);
				}
				else
				{
					Log.Warn("User not found: " + recipientFullDN);
				}
				++expiredDocToNotifyCount;
				currentRecipient = recipientFullDN;
			}
			transport = SFQuery.MoveNext();
		}
		Log.Info("Found ".concat(expiredDocToNotifyCount, " expired documents of type '").concat(docType, "'"));
	}
	Notifier.SendNotificationIfNeeded = SendNotificationIfNeeded;
})(Notifier || (Notifier = {}));

function run()
{
	var horizonDate = new Date();
	horizonDate.setDate(horizonDate.getDate() + 15);
	var horizonDateDBString = Sys.Helpers.Date.Date2DBDate(horizonDate);
	var documentTypes = Notifier.GetDocumentTypesToNotify();
	if (documentTypes.length)
	{
		documentTypes.forEach(function (docType)
		{
			return Notifier.SendNotificationIfNeeded(docType, horizonDateDBString);
		});
	}
	else
	{
		Log.Info("No notifiable SDA configuration was found");
	}
}
run();</FinalizationScript>
      <AllowTagCoverPages>true</AllowTagCoverPages>
      <AllowTagNewDocuments>true</AllowTagNewDocuments>
      <AllowTagAttachments>true</AllowTagAttachments>
      <AllowRemovePages>true</AllowRemovePages>
      <AllowSwapPages>true</AllowSwapPages>
    </gdr>
    <lg>
      <process_DE>{
	"Esker Accounts payable": "Esker Lieferantenrechnungen"
}</process_DE>
      <process_JA>{
	"Esker Accounts payable": "Esker 買掛金"
}</process_JA>
      <process_en>{
	"Esker Accounts payable": "Esker Accounts Payable"
}</process_en>
      <process_ES>{
	"Esker Accounts payable": "Esker Facturas de proveedor"
}</process_ES>
      <process_fr>{
	"Esker Accounts payable": "Esker Factures fournisseurs"
}</process_fr>
      <process_nl-NL>{
	"Esker Accounts payable": "Esker Crediteuren"
}</process_nl-NL>
      <process_IT>{
	"Esker Accounts payable": "Esker Fatture fornitore"
}</process_IT>
      <process_ZH-CN>{
	"Esker Accounts payable": "Esker 应付帐款"
}</process_ZH-CN>
      <process_PT-BR>{
	"Esker Accounts payable": "Esker Contas a pagar"
}</process_PT-BR>
    </lg>
    <ocr>
      <trade-off>accurate</trade-off>
      <image-binarization>no</image-binarization>
      <image-draft-fax>no</image-draft-fax>
      <image-despeckle>no</image-despeckle>
      <allowed-language>0</allowed-language>
      <image-resolution-enhancement>auto</image-resolution-enhancement>
      <pdf-processing>no-ocr</pdf-processing>
      <ocr_engine>Nuance190</ocr_engine>
      <ocrpagestoprocess>0</ocrpagestoprocess>
    </ocr>
    <process>
      <flowtype>processing</flowtype>
      <ocrpreset>scan</ocrpreset>
      <homepagelabel>End Of Validity Notifier</homepagelabel>
      <instanciable>1</instanciable>
      <EnablePreviewPrecomputation>false</EnablePreviewPrecomputation>
      <enablerounddecimal>true</enablerounddecimal>
      <archiveDuration>0</archiveDuration>
      <ocrpagestoprocess>0</ocrpagestoprocess>
      <ScriptEngineType>2</ScriptEngineType>
      <AllowUploadAttachment>1</AllowUploadAttachment>
      <AllowUploadReferenceDocument>1</AllowUploadReferenceDocument>
      <AllowRetryExtractCD>true</AllowRetryExtractCD>
      <TransportName>CustomData</TransportName>
      <LayoutVersion>1.0</LayoutVersion>
    </process>
    <ui>
      <layout>{
	"*": {
		"GDRData": {
			"type": "GDRData",
			"options": {
				"version": 0
			},
			"stamp": 1,
			"data": []
		},
		"OCRParams": {
			"type": "OCRParams",
			"options": {
				"version": 0
			},
			"stamp": 2,
			"data": []
		},
		"Screen": {
			"type": "FlexibleFormLayout",
			"options": {
				"splitterType": "complex",
				"version": 0,
				"maxwidth": "",
				"backColor": "text-backgroundcolor-default",
				"style": null
			},
			"*": {
				"form-header": {
					"type": "FlexibleFormHeader",
					"options": {
						"version": 0,
						"maxwidth": ""
					},
					"stamp": 4,
					"data": []
				},
				"form-center": {
					"type": "FlexibleFormCenter",
					"options": {
						"version": 0,
						"maxwidth": ""
					},
					"*": {
						"form-content": {
							"type": "FlexibleFormContent",
							"options": {
								"version": 0
							},
							"*": {
								"form-content-top": {
									"type": "FlexibleFormSplitter",
									"options": {
										"autosize": true,
										"version": 1,
										"box": {
											"top": "0%",
											"left": "0%",
											"height": "25%"
										},
										"hidden": false
									},
									"*": {
										"form-content-top-1": {
											"type": "FlexibleFormLine",
											"options": {
												"version": 0
											},
											"*": {
												"DocumentsPanel": {
													"type": "PanelDocument",
													"options": {
														"version": 0,
														"border": {},
														"labelLength": 0,
														"iconURL": "",
														"TitleFontSize": "S",
														"hideActionButtons": false,
														"hideTitleBar": false,
														"hideTitle": false,
														"label": "_Documents"
													},
													"*": {
														"Document": {
															"data": [
																"documentscontroldata"
															],
															"type": "Documents",
															"options": {
																"version": 0
															},
															"stamp": 10
														}
													},
													"stamp": 9,
													"data": []
												}
											},
											"stamp": 8,
											"data": []
										}
									},
									"stamp": 7,
									"data": []
								},
								"form-content-bottom": {
									"type": "FlexibleFormSplitter",
									"options": {
										"version": 1,
										"box": {
											"top": 25,
											"left": 0,
											"width": 100,
											"height": 75
										},
										"hidden": false
									},
									"*": {
										"form-content-left": {
											"type": "FlexibleFormSplitter",
											"options": {
												"version": 1,
												"box": {
													"top": "0%",
													"left": "0%",
													"width": "45%"
												},
												"hidden": false
											},
											"*": {
												"form-content-left-1": {
													"type": "FlexibleFormLine",
													"options": {
														"version": 0
													},
													"*": {
														"DataPanel": {
															"type": "PanelData",
															"options": {
																"border": {},
																"version": 0,
																"labelLength": 0,
																"iconURL": "",
																"TitleFontSize": "S",
																"hideActionButtons": false,
																"hideTitleBar": false,
																"hideTitle": false,
																"backgroundcolor": "default",
																"labelsAlignment": "right",
																"label": "_Document data"
															},
															"*": {
																"FieldsManager": {
																	"type": "FieldsManager",
																	"options": {
																		"controlsAssociation": {},
																		"version": 0
																	},
																	"*": {
																		"Grid": {
																			"type": "GridLayout",
																			"options": {
																				"lines": 0,
																				"columns": 2,
																				"version": 0,
																				"ctrlsPos": {},
																				"colspans": []
																			},
																			"data": [
																				"fields"
																			],
																			"*": {},
																			"stamp": 16
																		}
																	},
																	"stamp": 15,
																	"data": []
																}
															},
															"stamp": 14,
															"data": []
														}
													},
													"stamp": 13,
													"data": []
												},
												"form-content-left-2": {
													"type": "FlexibleFormLine",
													"options": {
														"version": 0
													},
													"*": {
														"SystemData": {
															"type": "PanelSystemData",
															"options": {
																"multicolumn": false,
																"version": 0,
																"border": {},
																"labelLength": 0,
																"iconURL": "",
																"TitleFontSize": "S",
																"hideActionButtons": false,
																"hideTitleBar": false,
																"hideTitle": false,
																"label": "_System data"
															},
															"stamp": 18,
															"data": []
														}
													},
													"stamp": 17,
													"data": []
												},
												"form-content-left-3": {
													"type": "FlexibleFormLine",
													"options": {
														"version": 0
													},
													"*": {
														"NextProcess": {
															"type": "PanelNextProcess",
															"options": {
																"hidden": true,
																"version": 0,
																"border": {},
																"labelLength": 0,
																"iconURL": "",
																"TitleFontSize": "S",
																"hideActionButtons": false,
																"hideTitleBar": false,
																"hideTitle": false,
																"label": "_Next Process"
															},
															"stamp": 20,
															"data": []
														}
													},
													"stamp": 19,
													"data": []
												}
											},
											"stamp": 12,
											"data": []
										},
										"form-content-right": {
											"type": "FlexibleFormSplitter",
											"options": {
												"version": 1,
												"box": {
													"top": 0,
													"left": 45,
													"width": 55,
													"height": 99
												},
												"hidden": false
											},
											"*": {
												"form-content-right-1": {
													"type": "FlexibleFormLine",
													"options": {
														"version": 0
													},
													"*": {
														"PreviewPanel": {
															"type": "PanelPreview",
															"options": {
																"border": {},
																"version": 0,
																"labelLength": 0,
																"iconURL": "",
																"TitleFontSize": "S",
																"hideActionButtons": false,
																"hideTitleBar": false,
																"hideTitle": false,
																"label": "_Document Preview"
															},
															"*": {
																"Preview": {
																	"data": [
																		"previewdata"
																	],
																	"type": "Preview",
																	"options": {
																		"version": 0
																	},
																	"stamp": 24
																}
															},
															"stamp": 23,
															"data": []
														}
													},
													"stamp": 22,
													"data": []
												}
											},
											"stamp": 21,
											"data": []
										}
									},
									"stamp": 11,
									"data": []
								}
							},
							"stamp": 6,
							"data": []
						}
					},
					"stamp": 5,
					"data": []
				},
				"form-footer": {
					"type": "FlexibleFormFooter",
					"options": {
						"splitterType": "simple-h",
						"version": 0,
						"maxwidth": ""
					},
					"*": {
						"Save": {
							"type": "SubmitButton",
							"options": {
								"label": "_Save",
								"action": "save",
								"submit": true,
								"version": 0
							},
							"stamp": 26,
							"data": []
						},
						"Approve": {
							"type": "SubmitButton",
							"options": {
								"label": "_Approve",
								"action": "approve",
								"submit": true,
								"version": 0
							},
							"stamp": 27,
							"data": []
						},
						"Reject": {
							"type": "SubmitButton",
							"options": {
								"label": "_Reject",
								"action": "reject",
								"submit": true,
								"version": 0
							},
							"stamp": 28,
							"data": []
						},
						"Reprocess": {
							"type": "SubmitButton",
							"options": {
								"label": "_Reprocess",
								"action": "reprocess",
								"submit": true,
								"version": 0
							},
							"stamp": 29,
							"data": []
						},
						"Close": {
							"type": "SubmitButton",
							"options": {
								"label": "_Close",
								"action": "cancel",
								"submit": true,
								"version": 0
							},
							"stamp": 30,
							"data": []
						}
					},
					"stamp": 25,
					"data": []
				}
			},
			"stamp": 3,
			"data": []
		}
	},
	"stamps": 30,
	"data": []
}</layout>
    </ui>
  </properties>
  <type id="RJRH13130EF" name="CD">
  </type>
</process>