﻿<?xml version="1.0" encoding="UTF-8" standalone="no"?>
<process accountid="20063076" allowrepairprocess="0" builtin="0" builtinversion="0" carriesapplicationversion="0" creationdatetime="2022-10-25 17:19:22" deleted="0" eskerapplication="" global="0" id="Z94652000SG7" keepcustomization="0" keepfieldsonly="0" keepfieldsproperties="0" keepnewcontroloptions="0" migrationversion="4" name="P2P - Demo - Vendor Performances__" needvalidation="0" ootofilter="" ootoversion="1" originalProcessID="D2C4FP000PA9" ownerid="cn=admin_p2p@paragon-cc.fr,ou=DEV,ou=TrainingP2P,ou=DEMO_JULIEN,ou=05284299,ou=ESK,s=eoo" ownerpb="OnDemand AddressBook" public="1" pushnotification="0" reuseengine="0" sprintversion="5.261.0" transportname="CustomTable" upgradable="1" userid="0" version="1" visibility="1">
  <properties>
    <dbIndex>
      <AUTO_AAA4652000SG7A>&lt;Index&gt;&lt;Ref Name="AAA4652000SG7" Option="ASC"/&gt;&lt;/Index&gt;</AUTO_AAA4652000SG7A>
      <AUTO_AIA4652000SG7A>&lt;Index&gt;&lt;Ref Name="AIA4652000SG7" Option="ASC"/&gt;&lt;/Index&gt;</AUTO_AIA4652000SG7A>
    </dbIndex>
    <gdr>
    </gdr>
    <process>
      <flowtype>processing</flowtype>
      <EnableNegativeNumbersBetweenBrackets>true</EnableNegativeNumbersBetweenBrackets>
      <homepagelabel>P2P - Demo - Vendor Performances</homepagelabel>
      <instanciable>1</instanciable>
      <enablerounddecimal>true</enablerounddecimal>
      <OverrideAllowedAttachmentExtensions>*</OverrideAllowedAttachmentExtensions>
      <UseActionNameWithScriptApproval>true</UseActionNameWithScriptApproval>
      <AllowUploadAttachment>0</AllowUploadAttachment>
      <AllowUploadReferenceDocument>0</AllowUploadReferenceDocument>
      <isImportedInDiffMode>true</isImportedInDiffMode>
      <shouldRollbackManualRecordEdits>true</shouldRollbackManualRecordEdits>
      <shouldShowManualEditsWarning>true</shouldShowManualEditsWarning>
      <UseCultureFormat>true</UseCultureFormat>
      <TransportName>CustomTable</TransportName>
      <LayoutVersion>1.0</LayoutVersion>
    </process>
    <ui>
      <layout>{
	"*": {
		"Screen": {
			"type": "FlexibleFormLayout",
			"options": {
				"splitterType": "simple-v",
				"version": 0,
				"backColor": "text-backgroundcolor-default",
				"style": null
			},
			"*": {
				"form-header": {
					"type": "FlexibleFormHeader",
					"options": {
						"hidePanelsMenu": false,
						"version": 0
					},
					"stamp": 2,
					"data": []
				},
				"form-center": {
					"type": "FlexibleFormCenter",
					"options": {
						"version": 0
					},
					"*": {
						"form-content": {
							"type": "FlexibleFormContent",
							"options": {
								"version": 0
							},
							"*": {
								"form-content-center": {
									"type": "FlexibleFormSplitter",
									"options": {
										"version": 1,
										"box": {
											"top": "0%",
											"left": "0%",
											"width": "100%"
										},
										"hidden": false,
										"hideSeparator": true
									},
									"*": {
										"form-content-center-1": {
											"type": "FlexibleFormLine",
											"data": [],
											"options": {
												"version": 0
											},
											"stamp": 9,
											"*": {
												"DataPanel": {
													"type": "PanelData",
													"options": {
														"border": {},
														"version": 0,
														"labelLength": 0,
														"iconURL": "",
														"TitleFontSize": "S",
														"hideActionButtons": false,
														"hideTitleBar": false,
														"hideTitle": false,
														"sameHeightAsSiblings": false,
														"backgroundcolor": "default",
														"labelsAlignment": "right",
														"label": "_Document data"
													},
													"*": {
														"FieldsManager": {
															"type": "FieldsManager",
															"options": {
																"controlsAssociation": {
																	"CompanyCode__": "LabelCompanyCode__",
																	"LabelCompanyCode__": "CompanyCode__",
																	"VendorNumber__": "LabelVendorNumber__",
																	"LabelVendorNumber__": "VendorNumber__",
																	"LineNumber__": "LabelLineNumber__",
																	"LabelLineNumber__": "LineNumber__",
																	"VendorName__": "LabelVendorName__",
																	"LabelVendorName__": "VendorName__",
																	"OrderDate__": "LabelOrderDate__",
																	"LabelOrderDate__": "OrderDate__",
																	"DelayToDeliver__": "LabelDelayToDeliver__",
																	"LabelDelayToDeliver__": "DelayToDeliver__",
																	"Time_to_deliver__in_days__": "LabelTime_to_deliver__in_days__",
																	"LabelTime_to_deliver__in_days__": "Time_to_deliver__in_days__",
																	"OrderAmount__": "LabelOrderAmount__",
																	"LabelOrderAmount__": "OrderAmount__",
																	"PublicAmount__": "LabelPublicAmount__",
																	"LabelPublicAmount__": "PublicAmount__"
																},
																"version": 0
															},
															"*": {
																"Grid": {
																	"type": "GridLayout",
																	"options": {
																		"lines": 9,
																		"columns": 2,
																		"version": 0,
																		"ctrlsPos": {
																			"CompanyCode__": {
																				"line": 2,
																				"column": 2
																			},
																			"LabelCompanyCode__": {
																				"line": 2,
																				"column": 1
																			},
																			"VendorNumber__": {
																				"line": 3,
																				"column": 2
																			},
																			"LabelVendorNumber__": {
																				"line": 3,
																				"column": 1
																			},
																			"LineNumber__": {
																				"line": 1,
																				"column": 2
																			},
																			"LabelLineNumber__": {
																				"line": 1,
																				"column": 1
																			},
																			"VendorName__": {
																				"line": 4,
																				"column": 2
																			},
																			"LabelVendorName__": {
																				"line": 4,
																				"column": 1
																			},
																			"OrderDate__": {
																				"line": 5,
																				"column": 2
																			},
																			"LabelOrderDate__": {
																				"line": 5,
																				"column": 1
																			},
																			"DelayToDeliver__": {
																				"line": 7,
																				"column": 2
																			},
																			"LabelDelayToDeliver__": {
																				"line": 7,
																				"column": 1
																			},
																			"Time_to_deliver__in_days__": {
																				"line": 6,
																				"column": 2
																			},
																			"LabelTime_to_deliver__in_days__": {
																				"line": 6,
																				"column": 1
																			},
																			"OrderAmount__": {
																				"line": 8,
																				"column": 2
																			},
																			"LabelOrderAmount__": {
																				"line": 8,
																				"column": 1
																			},
																			"PublicAmount__": {
																				"line": 9,
																				"column": 2
																			},
																			"LabelPublicAmount__": {
																				"line": 9,
																				"column": 1
																			}
																		},
																		"colspans": [
																			[],
																			[],
																			[],
																			[],
																			[],
																			[],
																			[],
																			[],
																			[]
																		]
																	},
																	"data": [
																		"fields"
																	],
																	"*": {
																		"LabelLineNumber__": {
																			"type": "Label",
																			"data": [
																				"LineNumber__"
																			],
																			"options": {
																				"label": "Line number",
																				"version": 0
																			},
																			"stamp": 14
																		},
																		"LineNumber__": {
																			"type": "Integer",
																			"data": [
																				"LineNumber__"
																			],
																			"options": {
																				"version": 2,
																				"textSize": "S",
																				"textAlignment": "right",
																				"textStyle": "default",
																				"textColor": "default",
																				"integer": true,
																				"label": "Line number",
																				"precision_internal": 0,
																				"precision_current": 0,
																				"activable": true,
																				"width": "500",
																				"helpText": "",
																				"helpURL": "",
																				"helpFormat": "HTML Format",
																				"helpIconPosition": "Right",
																				"enablePlusMinus": false,
																				"browsable": false
																			},
																			"stamp": 15
																		},
																		"LabelCompanyCode__": {
																			"type": "Label",
																			"data": [
																				"CompanyCode__"
																			],
																			"options": {
																				"label": "Company code",
																				"version": 0
																			},
																			"stamp": 16
																		},
																		"CompanyCode__": {
																			"type": "ShortText",
																			"data": [
																				"CompanyCode__"
																			],
																			"options": {
																				"textSize": "S",
																				"textAlignment": "left",
																				"textStyle": "default",
																				"textColor": "default",
																				"version": 1,
																				"label": "Company code",
																				"activable": true,
																				"width": "500",
																				"helpText": "",
																				"helpURL": "",
																				"helpFormat": "HTML Format",
																				"helpIconPosition": "Right",
																				"browsable": false
																			},
																			"stamp": 17
																		},
																		"LabelVendorNumber__": {
																			"type": "Label",
																			"data": [
																				"VendorNumber__"
																			],
																			"options": {
																				"label": "Vendor number",
																				"version": 0
																			},
																			"stamp": 18
																		},
																		"VendorNumber__": {
																			"type": "ShortText",
																			"data": [
																				"VendorNumber__"
																			],
																			"options": {
																				"textSize": "S",
																				"textAlignment": "left",
																				"textStyle": "default",
																				"textColor": "default",
																				"version": 1,
																				"label": "Vendor number",
																				"activable": true,
																				"width": "500",
																				"helpText": "",
																				"helpURL": "",
																				"helpFormat": "HTML Format",
																				"helpIconPosition": "Right",
																				"browsable": false
																			},
																			"stamp": 19
																		},
																		"LabelVendorName__": {
																			"type": "Label",
																			"data": [
																				"VendorName__"
																			],
																			"options": {
																				"label": "Vendor Name",
																				"version": 0
																			},
																			"stamp": 20
																		},
																		"VendorName__": {
																			"type": "ShortText",
																			"data": [
																				"VendorName__"
																			],
																			"options": {
																				"textSize": "S",
																				"textAlignment": "left",
																				"textStyle": "default",
																				"textColor": "default",
																				"version": 1,
																				"label": "Vendor Name",
																				"activable": true,
																				"width": "500",
																				"helpText": "",
																				"helpURL": "",
																				"helpFormat": "HTML Format",
																				"helpIconPosition": "Right",
																				"browsable": false
																			},
																			"stamp": 21
																		},
																		"LabelOrderDate__": {
																			"type": "Label",
																			"data": [
																				"OrderDate__"
																			],
																			"options": {
																				"label": "Order Date",
																				"version": 0
																			},
																			"stamp": 22
																		},
																		"OrderDate__": {
																			"type": "DateTime",
																			"data": [
																				"OrderDate__"
																			],
																			"options": {
																				"displayLongFormat": false,
																				"label": "Order Date",
																				"activable": true,
																				"width": "500",
																				"helpText": "",
																				"helpURL": "",
																				"helpFormat": "HTML Format",
																				"helpIconPosition": "Right",
																				"version": 0
																			},
																			"stamp": 23
																		},
																		"LabelTime_to_deliver__in_days__": {
																			"type": "Label",
																			"data": [
																				"Time_to_deliver__in_days__"
																			],
																			"options": {
																				"label": "Time to deliver (in days)",
																				"version": 0
																			},
																			"stamp": 24
																		},
																		"Time_to_deliver__in_days__": {
																			"type": "Decimal",
																			"data": [
																				"Time_to_deliver__in_days__"
																			],
																			"options": {
																				"version": 2,
																				"textSize": "S",
																				"textAlignment": "right",
																				"textStyle": "default",
																				"textColor": "default",
																				"integer": false,
																				"label": "Time to deliver (in days)",
																				"precision_internal": 2,
																				"precision_current": 2,
																				"activable": true,
																				"width": "500",
																				"helpText": "",
																				"helpURL": "",
																				"helpFormat": "HTML Format",
																				"helpIconPosition": "Right",
																				"enablePlusMinus": false
																			},
																			"stamp": 25
																		},
																		"LabelDelayToDeliver__": {
																			"type": "Label",
																			"data": [
																				"DelayToDeliver__"
																			],
																			"options": {
																				"label": "Delay to deliver (in days)",
																				"version": 0
																			},
																			"stamp": 26
																		},
																		"DelayToDeliver__": {
																			"type": "Decimal",
																			"data": [
																				"DelayToDeliver__"
																			],
																			"options": {
																				"version": 2,
																				"textSize": "S",
																				"textAlignment": "right",
																				"textStyle": "default",
																				"textColor": "default",
																				"integer": false,
																				"label": "Delay to deliver (in days)",
																				"precision_internal": 2,
																				"precision_current": 2,
																				"activable": true,
																				"width": "500",
																				"helpText": "",
																				"helpURL": "",
																				"helpFormat": "HTML Format",
																				"helpIconPosition": "Right",
																				"enablePlusMinus": false
																			},
																			"stamp": 27
																		},
																		"LabelOrderAmount__": {
																			"type": "Label",
																			"data": [
																				"OrderAmount__"
																			],
																			"options": {
																				"label": "Order amount",
																				"version": 0
																			},
																			"stamp": 28
																		},
																		"OrderAmount__": {
																			"type": "Decimal",
																			"data": [
																				"OrderAmount__"
																			],
																			"options": {
																				"version": 2,
																				"textSize": "S",
																				"textAlignment": "right",
																				"textStyle": "default",
																				"textColor": "default",
																				"integer": false,
																				"label": "Order amount",
																				"precision_internal": 2,
																				"precision_current": 2,
																				"activable": true,
																				"width": "500",
																				"helpText": "",
																				"helpURL": "",
																				"helpFormat": "HTML Format",
																				"helpIconPosition": "Right",
																				"enablePlusMinus": false
																			},
																			"stamp": 29
																		},
																		"LabelPublicAmount__": {
																			"type": "Label",
																			"data": [
																				"PublicAmount__"
																			],
																			"options": {
																				"label": "Public amount"
																			},
																			"stamp": 34
																		},
																		"PublicAmount__": {
																			"type": "Decimal",
																			"data": [
																				"PublicAmount__"
																			],
																			"options": {
																				"version": 2,
																				"textSize": "S",
																				"textAlignment": "right",
																				"textStyle": "default",
																				"textColor": "default",
																				"integer": false,
																				"label": "_PublicAmount",
																				"precision_internal": 2,
																				"precision_current": 2,
																				"activable": true,
																				"width": "500",
																				"helpText": "",
																				"helpURL": "",
																				"helpFormat": "HTML Format",
																				"helpIconPosition": "Right",
																				"enablePlusMinus": false
																			},
																			"stamp": 35
																		}
																	},
																	"stamp": 8
																}
															},
															"stamp": 7,
															"data": []
														}
													},
													"stamp": 6,
													"data": []
												}
											}
										}
									},
									"stamp": 5,
									"data": []
								}
							},
							"stamp": 4,
							"data": []
						}
					},
					"stamp": 3,
					"data": []
				},
				"form-footer": {
					"type": "FlexibleFormFooter",
					"options": {
						"splitterType": "simple-h",
						"version": 0
					},
					"*": {
						"Save": {
							"type": "SubmitButton",
							"options": {
								"label": "_Save",
								"action": "savequit",
								"submit": true,
								"version": 0,
								"shortCut": "S"
							},
							"stamp": 11,
							"data": []
						},
						"Close": {
							"type": "SubmitButton",
							"options": {
								"label": "_Close",
								"action": "cancel",
								"submit": true,
								"version": 0,
								"shortCut": "Q"
							},
							"stamp": 12,
							"data": []
						},
						"Delete": {
							"type": "SubmitButton",
							"options": {
								"label": "_Delete",
								"action": "delete",
								"submit": true,
								"version": 0,
								"disabled": true
							},
							"stamp": 13,
							"data": []
						}
					},
					"stamp": 10,
					"data": []
				}
			},
			"stamp": 1,
			"data": []
		}
	},
	"stamps": 35,
	"data": []
}</layout>
    </ui>
  </properties>
  <field deleted="0" format="" guid="G2C4FP000PA9" id="AA4652000SG7" label="Company code" length="50" name="CompanyCode__" originalProcessID="D2C4FP000PA9" precision="0" processid="Z94652000SG7" submitable="1" type="STR">
    <properties>
      <db>
        <alias>AAA4652000SG7</alias>
        <index vartype="INT">1</index>
        <noxml>1</noxml>
        <fullname>/job/processfields/CompanyCode__</fullname>
        <defaultvalue>
        </defaultvalue>
        <RecordLastWrite>2022-10-25 17:19:22</RecordLastWrite>
      </db>
      <extrainfo>
        <Label>Company code</Label>
        <Alias>AAA4652000SG7</Alias>
        <ProcessFieldVersion vartype="INT">1</ProcessFieldVersion>
      </extrainfo>
      <gdr>
        <VarType>Area</VarType>
        <DisableAutolearn>1</DisableAutolearn>
      </gdr>
      <help>
        <helpData>{"helpText":"","helpURL":"","helpFormat":"HTML Format","helpIconPosition":"Right"}</helpData>
      </help>
      <ui>
        <_type>String</_type>
        <automatic>true</automatic>
      </ui>
    </properties>
  </field>
  <field deleted="0" format="" guid="L2C4FP000PA9" id="BA4652000SG7" label="Delay to deliver (in days)" length="17" name="DelayToDeliver__" originalProcessID="D2C4FP000PA9" precision="2" processid="Z94652000SG7" submitable="1" type="DECIMAL">
    <properties>
      <db>
        <alias>ABA4652000SG7</alias>
        <noxml>1</noxml>
        <fullname>/job/processfields/DelayToDeliver__</fullname>
        <defaultvalue>
        </defaultvalue>
        <RecordLastWrite>2022-10-25 17:19:22</RecordLastWrite>
      </db>
      <extrainfo>
        <Label>Delay to deliver (in days)</Label>
        <Alias>ABA4652000SG7</Alias>
        <DecimalPrecision vartype="INT">2</DecimalPrecision>
        <ProcessFieldVersion vartype="INT">1</ProcessFieldVersion>
      </extrainfo>
      <gdr>
        <VarType>Area</VarType>
        <DisableAutolearn>1</DisableAutolearn>
      </gdr>
      <help>
        <helpData>{"helpText":"","helpURL":"","helpFormat":"HTML Format","helpIconPosition":"Right"}</helpData>
      </help>
      <ui>
        <_type>Number</_type>
        <automatic>true</automatic>
      </ui>
    </properties>
  </field>
  <field deleted="0" format="" guid="E2C4FP000PA9" id="CA4652000SG7" label="Line number" length="0" name="LineNumber__" originalProcessID="D2C4FP000PA9" precision="0" processid="Z94652000SG7" submitable="1" type="INT">
    <properties>
      <db>
        <alias>ACA4652000SG7</alias>
        <noxml>1</noxml>
        <fullname>/job/processfields/LineNumber__</fullname>
        <defaultvalue>
        </defaultvalue>
        <RecordLastWrite>2022-10-25 17:19:22</RecordLastWrite>
      </db>
      <extrainfo>
        <Label>Line number</Label>
        <Alias>ACA4652000SG7</Alias>
        <ProcessFieldVersion vartype="INT">1</ProcessFieldVersion>
      </extrainfo>
      <gdr>
        <VarType>Area</VarType>
        <DisableAutolearn>1</DisableAutolearn>
      </gdr>
      <help>
        <helpData>{"helpText":"","helpURL":"","helpFormat":"HTML Format","helpIconPosition":"Right"}</helpData>
      </help>
      <ui>
        <_type>Number</_type>
        <automatic>true</automatic>
      </ui>
    </properties>
  </field>
  <field deleted="0" format="" guid="M625FP000PA9" id="DA4652000SG7" label="Order amount" length="17" name="OrderAmount__" originalProcessID="D2C4FP000PA9" precision="2" processid="Z94652000SG7" submitable="1" type="DECIMAL">
    <properties>
      <db>
        <alias>ADA4652000SG7</alias>
        <noxml>1</noxml>
        <fullname>/job/processfields/OrderAmount__</fullname>
        <defaultvalue>
        </defaultvalue>
        <RecordLastWrite>2022-10-25 17:19:22</RecordLastWrite>
      </db>
      <extrainfo>
        <Label>Order amount</Label>
        <Alias>ADA4652000SG7</Alias>
        <DecimalPrecision vartype="INT">2</DecimalPrecision>
        <ProcessFieldVersion vartype="INT">1</ProcessFieldVersion>
      </extrainfo>
      <gdr>
        <VarType>Area</VarType>
        <DisableAutolearn>1</DisableAutolearn>
      </gdr>
      <help>
        <helpData>{"helpText":"","helpURL":"","helpFormat":"HTML Format","helpIconPosition":"Right"}</helpData>
      </help>
      <ui>
        <_type>Number</_type>
        <automatic>true</automatic>
      </ui>
    </properties>
  </field>
  <field deleted="0" format="" guid="J2C4FP000PA9" id="EA4652000SG7" label="Order Date" length="0" name="OrderDate__" originalProcessID="D2C4FP000PA9" precision="0" processid="Z94652000SG7" submitable="1" type="DATE">
    <properties>
      <db>
        <alias>AEA4652000SG7</alias>
        <noxml>1</noxml>
        <fullname>/job/processfields/OrderDate__</fullname>
        <defaultvalue>
        </defaultvalue>
        <RecordLastWrite>2022-10-25 17:19:22</RecordLastWrite>
      </db>
      <extrainfo>
        <Label>Order Date</Label>
        <Alias>AEA4652000SG7</Alias>
        <ProcessFieldVersion vartype="INT">1</ProcessFieldVersion>
      </extrainfo>
      <gdr>
        <VarType>Area</VarType>
        <DisableAutolearn>1</DisableAutolearn>
      </gdr>
      <help>
        <helpData>{"helpText":"","helpURL":"","helpFormat":"HTML Format","helpIconPosition":"Right"}</helpData>
      </help>
      <ui>
        <_type>Date</_type>
        <automatic>true</automatic>
      </ui>
    </properties>
  </field>
  <field deleted="0" format="" guid="BHX4FP000PA9" id="FA4652000SG7" label="Public amount" length="17" name="PublicAmount__" originalProcessID="D2C4FP000PA9" precision="2" processid="Z94652000SG7" submitable="1" type="DECIMAL">
    <properties>
      <db>
        <alias>AFA4652000SG7</alias>
        <noxml>1</noxml>
        <fullname>/job/processfields/PublicAmount__</fullname>
        <defaultvalue>
        </defaultvalue>
        <RecordLastWrite>2022-10-25 17:19:22</RecordLastWrite>
      </db>
      <extrainfo>
        <Label>Public amount</Label>
        <Alias>AFA4652000SG7</Alias>
        <DecimalPrecision vartype="INT">2</DecimalPrecision>
        <ProcessFieldVersion vartype="INT">1</ProcessFieldVersion>
      </extrainfo>
      <gdr>
        <VarType>Area</VarType>
        <DisableAutolearn>1</DisableAutolearn>
      </gdr>
      <help>
        <helpData>{"helpText":"","helpURL":"","helpFormat":"HTML Format","helpIconPosition":"Right"}</helpData>
      </help>
      <ui>
        <_type>Number</_type>
        <automatic>true</automatic>
      </ui>
    </properties>
  </field>
  <field deleted="0" format="" guid="K2C4FP000PA9" id="GA4652000SG7" label="Time to deliver (in days)" length="17" name="Time_to_deliver__in_days__" originalProcessID="D2C4FP000PA9" precision="2" processid="Z94652000SG7" submitable="1" type="DECIMAL">
    <properties>
      <db>
        <alias>AGA4652000SG7</alias>
        <noxml>1</noxml>
        <fullname>/job/processfields/Time_to_deliver__in_days__</fullname>
        <defaultvalue>
        </defaultvalue>
        <RecordLastWrite>2022-10-25 17:19:22</RecordLastWrite>
      </db>
      <extrainfo>
        <Label>Time to deliver (in days)</Label>
        <Alias>AGA4652000SG7</Alias>
        <DecimalPrecision vartype="INT">2</DecimalPrecision>
        <ProcessFieldVersion vartype="INT">1</ProcessFieldVersion>
      </extrainfo>
      <gdr>
        <VarType>Area</VarType>
        <DisableAutolearn>1</DisableAutolearn>
      </gdr>
      <help>
        <helpData>{"helpText":"","helpURL":"","helpFormat":"HTML Format","helpIconPosition":"Right"}</helpData>
      </help>
      <ui>
        <_type>Number</_type>
        <automatic>true</automatic>
      </ui>
    </properties>
  </field>
  <field deleted="0" format="" guid="I2C4FP000PA9" id="HA4652000SG7" label="Vendor Name" length="50" name="VendorName__" originalProcessID="D2C4FP000PA9" precision="0" processid="Z94652000SG7" submitable="1" type="STR">
    <properties>
      <db>
        <alias>AHA4652000SG7</alias>
        <noxml>1</noxml>
        <fullname>/job/processfields/VendorName__</fullname>
        <defaultvalue>
        </defaultvalue>
        <RecordLastWrite>2022-10-25 17:19:22</RecordLastWrite>
      </db>
      <extrainfo>
        <Label>Vendor Name</Label>
        <Alias>AHA4652000SG7</Alias>
        <ProcessFieldVersion vartype="INT">1</ProcessFieldVersion>
      </extrainfo>
      <gdr>
        <VarType>Area</VarType>
        <DisableAutolearn>1</DisableAutolearn>
      </gdr>
      <help>
        <helpData>{"helpText":"","helpURL":"","helpFormat":"HTML Format","helpIconPosition":"Right"}</helpData>
      </help>
      <ui>
        <_type>String</_type>
        <automatic>true</automatic>
      </ui>
    </properties>
  </field>
  <field deleted="0" format="" guid="H2C4FP000PA9" id="IA4652000SG7" label="Vendor number" length="50" name="VendorNumber__" originalProcessID="D2C4FP000PA9" precision="0" processid="Z94652000SG7" submitable="1" type="STR">
    <properties>
      <db>
        <alias>AIA4652000SG7</alias>
        <index vartype="INT">1</index>
        <noxml>1</noxml>
        <fullname>/job/processfields/VendorNumber__</fullname>
        <defaultvalue>
        </defaultvalue>
        <RecordLastWrite>2022-10-25 17:19:22</RecordLastWrite>
      </db>
      <extrainfo>
        <Label>Vendor number</Label>
        <Alias>AIA4652000SG7</Alias>
        <ProcessFieldVersion vartype="INT">1</ProcessFieldVersion>
      </extrainfo>
      <gdr>
        <VarType>Area</VarType>
        <DisableAutolearn>1</DisableAutolearn>
      </gdr>
      <help>
        <helpData>{"helpText":"","helpURL":"","helpFormat":"HTML Format","helpIconPosition":"Right"}</helpData>
      </help>
      <ui>
        <_type>String</_type>
        <automatic>true</automatic>
      </ui>
    </properties>
  </field>
  <type id="JLLP13130F1" name="CT">
  </type>
</process>