﻿<?xml version="1.0" encoding="UTF-8" standalone="no"?>
<process accountid="20063076" allowrepairprocess="0" builtin="0" builtinversion="0" carriesapplicationversion="0" creationdatetime="2022-10-25 17:04:44" deleted="0" eskerapplication="" global="0" id="QTW552000SG7" keepcustomization="0" keepfieldsonly="0" keepfieldsproperties="0" keepnewcontroloptions="0" migrationversion="4" name="AP - Bank details__" needvalidation="1" ootofilter="" ootoversion="0" originalProcessID="HUME46914" ownerid="cn=admin_p2p@paragon-cc.fr,ou=DEV,ou=TrainingP2P,ou=DEMO_JULIEN,ou=05284299,ou=ESK,s=eoo" ownerpb="OnDemand AddressBook" public="1" pushnotification="0" reuseengine="0" sprintversion="5.261.0" transportname="CustomTable" upgradable="1" userid="0" version="1" visibility="0">
  <properties>
    <dataConditions>
      <listDataConditions>
				&lt;dataCondition&gt;
					&lt;tableName&gt;P2P - Global Application Settings__&lt;/tableName&gt;
					&lt;filter&gt;msnex=*&lt;/filter&gt;
					&lt;labelKey&gt;_AP disabled&lt;/labelKey&gt;
					&lt;conditions&gt;
						&lt;allowCondition&gt;
							&lt;fieldName&gt;EnableAccountPayableGlobalSetting__&lt;/fieldName&gt;
							&lt;fieldValue&gt;1&lt;/fieldValue&gt;
						&lt;/allowCondition&gt;
					&lt;/conditions&gt;
				&lt;/dataCondition&gt;
			</listDataConditions>
    </dataConditions>
    <dbIndex>
      <AUTO_AWTW552000SG7A>&lt;Index&gt;&lt;Ref Name="AWTW552000SG7" Option="ASC"/&gt;&lt;/Index&gt;</AUTO_AWTW552000SG7A>
      <AUTO_AXTW552000SG7A>&lt;Index&gt;&lt;Ref Name="AXTW552000SG7" Option="ASC"/&gt;&lt;/Index&gt;</AUTO_AXTW552000SG7A>
      <AUTO_AYTW552000SG7A>&lt;Index&gt;&lt;Ref Name="AYTW552000SG7" Option="ASC"/&gt;&lt;/Index&gt;</AUTO_AYTW552000SG7A>
    </dbIndex>
    <gdr>
    </gdr>
    <lg>
      <process_de>{
	"_AccountHolder": "Kontoinhaber",
	"_AccountHolder_report": "Kontoinhaber",
	"_BankAccount": "Kontonummer",
	"_BankAccount_report": "Bankkontonummer",
	"_BankAccountID": "Eindeutige Bankkonto-ID",
	"_BankAccountID_report": "Eindeutige Bankkonto-ID",
	"_BankCountry": "Land",
	"_BankCountry_report": "Land",
	"_BankKey": "Bankschlüssel",
	"_BankKey_report": "Bankschlüssel",
	"_BankName": "Bankname",
	"_BankName_report": "Bankname",
	"_CompanyCode": "Buchungskreis",
	"_CompanyCode_report": "Buchungskreis",
	"_ControlKey": "Bankenkontrollschlüssel",
	"_Currency": "Währung",
	"_IBAN": "IBAN",
	"_IBAN_report": "IBAN",
	"_RoutingCode": "Bankleitzahl",
	"_SWIFT/BICCode": "BIC/SWIFT-Code",
	"_VendorNumber": "Lieferantennummer",
	"_VendorNumber_report": "Lieferantennummer",
	"AP - Bank details": "P2P - Bankverbindungen",
	"AP - Bank details__": "P2P - Bankverbindungen"
}</process_de>
      <process_JA>{
	"_AccountHolder": "口座名義人",
	"_AccountHolder_report": "口座名義人",
	"_BankAccount": "口座番号",
	"_BankAccount_report": "銀行口座番号",
	"_BankAccountID": "固有の銀行口座ID",
	"_BankAccountID_report": "固有の銀行口座ID",
	"_BankCountry": "国",
	"_BankCountry_report": "国",
	"_BankKey": "銀行キー",
	"_BankKey_report": "銀行キー",
	"_BankName": "銀行名",
	"_BankName_report": "銀行名",
	"_CompanyCode": "会社コード",
	"_CompanyCode_report": "会社コード",
	"_ControlKey": "銀行管理キー",
	"_Currency": "通貨",
	"_IBAN": "IBAN",
	"_IBAN_report": "IBAN",
	"_RoutingCode": "ルーティング番号",
	"_SWIFT/BICCode": "BIC/SWIFT コード",
	"_VendorNumber": "仕入先番号",
	"_VendorNumber_report": "仕入先番号",
	"AP - Bank details": "P2P - 銀行詳細情報",
	"AP - Bank details__": "P2P - 銀行詳細情報"
}</process_JA>
      <process_en>{
	"_AccountHolder": "Account holder",
	"_AccountHolder_report": "Account holder",
	"_BankAccount": "Account number",
	"_BankAccount_report": "Bank account number",
	"_BankAccountID": "Unique bank account ID",
	"_BankAccountID_report": "Unique bank account ID",
	"_BankCountry": "Country",
	"_BankCountry_report": "Country",
	"_BankKey": "Bank key",
	"_BankKey_report": "Bank key",
	"_BankName": "Bank name",
	"_BankName_report": "Bank name",
	"_CompanyCode": "Company code",
	"_CompanyCode_report": "Company code",
	"_ControlKey": "Bank control key",
	"_Currency": "Currency",
	"_IBAN": "IBAN",
	"_IBAN_report": "IBAN",
	"_RoutingCode": "Routing number",
	"_SWIFT/BICCode": "BIC/SWIFT code",
	"_VendorNumber": "Vendor number",
	"_VendorNumber_report": "Vendor number",
	"AP - Bank details": "P2P - Bank details",
	"AP - Bank details__": "P2P - Bank details"
}</process_en>
      <process_es>{
	"_AccountHolder": "Titular de la cuenta",
	"_AccountHolder_report": "Titular de la cuenta",
	"_BankAccount": "Número de cuenta",
	"_BankAccount_report": "Número de cuenta bancaria",
	"_BankAccountID": "ID único de cuenta bancaria",
	"_BankAccountID_report": "ID único de cuenta bancaria",
	"_BankCountry": "País",
	"_BankCountry_report": "País",
	"_BankKey": "Clave de banco",
	"_BankKey_report": "Clave de banco",
	"_BankName": "Nombre del banco",
	"_BankName_report": "Nombre del banco",
	"_CompanyCode": "Código de empresa",
	"_CompanyCode_report": "Código de empresa",
	"_ControlKey": "Clave de control de bancos",
	"_Currency": "Divisa",
	"_IBAN": "IBAN",
	"_IBAN_report": "IBAN",
	"_RoutingCode": "Número de identificación del banco",
	"_SWIFT/BICCode": "Código BIC/SWIFT",
	"_VendorNumber": "Número de proveedor",
	"_VendorNumber_report": "Número de proveedor",
	"AP - Bank details": "P2P - Datos bancarios",
	"AP - Bank details__": "P2P - Datos bancarios"
}</process_es>
      <process_fr>{
	"_AccountHolder": "Titulaire du compte",
	"_AccountHolder_report": "Titulaire du compte",
	"_BankAccount": "Numéro de compte",
	"_BankAccount_report": "Numéro du compte bancaire",
	"_BankAccountID": "ID unique du compte bancaire",
	"_BankAccountID_report": "ID unique du compte bancaire",
	"_BankCountry": "Pays",
	"_BankCountry_report": "Pays",
	"_BankKey": "Clé bancaire",
	"_BankKey_report": "Clé bancaire",
	"_BankName": "Nom de la banque",
	"_BankName_report": "Nom de la banque",
	"_CompanyCode": "Code société",
	"_CompanyCode_report": "Code société",
	"_ControlKey": "Clé R.I.B.",
	"_Currency": "Devise",
	"_IBAN": "IBAN",
	"_IBAN_report": "IBAN",
	"_RoutingCode": "Code banque",
	"_SWIFT/BICCode": "Code BIC/SWIFT",
	"_VendorNumber": "Numéro fournisseur",
	"_VendorNumber_report": "Numéro fournisseur",
	"AP - Bank details": "P2P - Coordonnées bancaires",
	"AP - Bank details__": "P2P - Coordonnées bancaires"
}</process_fr>
      <process_nl-NL>{
	"_AccountHolder": "Rekeninghouder",
	"_AccountHolder_report": "Rekeninghouder",
	"_BankAccount": "Rekeningnummer",
	"_BankAccount_report": "Bankrekeningnummer",
	"_BankAccountID": "Unieke ID bankrekening",
	"_BankAccountID_report": "Unieke ID bankrekening",
	"_BankCountry": "Land",
	"_BankCountry_report": "Land",
	"_BankKey": "Bankcode",
	"_BankKey_report": "Bankcode",
	"_BankName": "Banknaam",
	"_BankName_report": "Banknaam",
	"_CompanyCode": "Bedrijfscode",
	"_CompanyCode_report": "Bedrijfscode",
	"_ControlKey": "Bankcontrolecode",
	"_Currency": "Valuta",
	"_IBAN": "IBAN",
	"_IBAN_report": "IBAN",
	"_RoutingCode": "Routeringnummer",
	"_SWIFT/BICCode": "BIC/SWIFT-code",
	"_VendorNumber": "Nummer leverancier",
	"_VendorNumber_report": "Nummer leverancier",
	"AP - Bank details": "P2P - Bankgegevens",
	"AP - Bank details__": "P2P - Bankgegevens"
}</process_nl-NL>
      <process_it>{
	"_AccountHolder": "Titolare conto",
	"_AccountHolder_report": "Titolare conto",
	"_BankAccount": "Numero conto",
	"_BankAccount_report": "Numero del conto bancario",
	"_BankAccountID": "ID univoco del conto bancario",
	"_BankAccountID_report": "ID univoco del conto bancario",
	"_BankCountry": "Paese",
	"_BankCountry_report": "Paese",
	"_BankKey": "Chiave banca",
	"_BankKey_report": "Chiave banca",
	"_BankName": "Nome banca",
	"_BankName_report": "Nome banca",
	"_CompanyCode": "Codice società",
	"_CompanyCode_report": "Codice società",
	"_ControlKey": "Chiave di controllo banche",
	"_Currency": "Valuta",
	"_IBAN": "IBAN",
	"_IBAN_report": "IBAN",
	"_RoutingCode": "Codice bancario",
	"_SWIFT/BICCode": "Codice SWIFT/BIC",
	"_VendorNumber": "Numero fornitore",
	"_VendorNumber_report": "Numero fornitore",
	"AP - Bank details": "P2P - Coordinate bancarie",
	"AP - Bank details__": "P2P - Coordinate bancarie"
}</process_it>
      <process_zh-CN>{
	"_AccountHolder": "帐户持有人姓名",
	"_AccountHolder_report": "帐户持有人姓名",
	"_BankAccount": "账号",
	"_BankAccount_report": "银行账号",
	"_BankAccountID": "银行账户唯一标识",
	"_BankAccountID_report": "银行账户唯一标识",
	"_BankCountry": "国家",
	"_BankCountry_report": "国家",
	"_BankKey": "银行密钥",
	"_BankKey_report": "银行密钥",
	"_BankName": "银行名称",
	"_BankName_report": "银行名称",
	"_CompanyCode": "公司代码",
	"_CompanyCode_report": "公司代码",
	"_ControlKey": "银行控制键",
	"_Currency": "货币",
	"_IBAN": "IBAN",
	"_IBAN_report": "IBAN",
	"_RoutingCode": "路径号码",
	"_SWIFT/BICCode": "BIC/SWIFT 代码",
	"_VendorNumber": "供应商编号",
	"_VendorNumber_report": "供应商编号",
	"AP - Bank details": "采购到支付 - 银行详细信息",
	"AP - Bank details__": "采购到支付 - 银行详细信息"
}</process_zh-CN>
      <process_pt-BR>{
	"_AccountHolder": "Titular da conta",
	"_AccountHolder_report": "Titular da conta",
	"_BankAccount": "Número da conta",
	"_BankAccount_report": "Número de conta bancária",
	"_BankAccountID": "ID exclusivo da conta bancária",
	"_BankAccountID_report": "ID exclusivo da conta bancária",
	"_BankCountry": "País",
	"_BankCountry_report": "País",
	"_BankKey": "Chave do banco",
	"_BankKey_report": "Chave do banco",
	"_BankName": "Nome do banco",
	"_BankName_report": "Nome do banco",
	"_CompanyCode": "Código da empresa",
	"_CompanyCode_report": "Código da empresa",
	"_ControlKey": "Chave de controle do banco",
	"_Currency": "Moeda",
	"_IBAN": "IBAN",
	"_IBAN_report": "IBAN",
	"_RoutingCode": "Número de roteamento",
	"_SWIFT/BICCode": "Código BIC/SWIFT",
	"_VendorNumber": "Número do fornecedor",
	"_VendorNumber_report": "Número do fornecedor",
	"AP - Bank details": "P2P - Detalhes bancários",
	"AP - Bank details__": "P2P - Detalhes bancários"
}</process_pt-BR>
    </lg>
    <process>
      <BUColumn>CompanyCode__</BUColumn>
      <flowtype>processing</flowtype>
      <homepagelabel>AP - Bank details</homepagelabel>
      <upgradable>yes</upgradable>
      <instanciable>1</instanciable>
      <OverrideAllowedAttachmentExtensions>*</OverrideAllowedAttachmentExtensions>
      <UseActionNameWithScriptApproval>true</UseActionNameWithScriptApproval>
      <AllowUploadAttachment>0</AllowUploadAttachment>
      <AllowUploadReferenceDocument>0</AllowUploadReferenceDocument>
      <shouldRollbackManualRecordEdits>true</shouldRollbackManualRecordEdits>
      <UseCultureFormat>true</UseCultureFormat>
      <TransportName>CustomTable</TransportName>
      <LayoutVersion>1.0</LayoutVersion>
    </process>
    <ui>
      <layout>{
	"*": {
		"Screen": {
			"type": "FlexibleFormLayout",
			"options": {
				"splitterType": "simple-v",
				"version": 0,
				"backColor": "text-backgroundcolor-default",
				"style": null
			},
			"*": {
				"form-header": {
					"type": "FlexibleFormHeader",
					"options": {
						"hidePanelsMenu": false,
						"version": 0
					},
					"stamp": 2,
					"data": []
				},
				"form-center": {
					"type": "FlexibleFormCenter",
					"options": {
						"version": 0
					},
					"*": {
						"form-content": {
							"type": "FlexibleFormContent",
							"options": {
								"version": 0
							},
							"*": {
								"form-content-center": {
									"type": "FlexibleFormSplitter",
									"options": {
										"version": 1,
										"box": {
											"top": "0%",
											"left": "0%",
											"width": "100%"
										},
										"hidden": false,
										"hideSeparator": true
									},
									"*": {
										"form-content-center-1": {
											"type": "FlexibleFormLine",
											"data": [],
											"options": {
												"version": 0
											},
											"stamp": 9,
											"*": {
												"DataPanel": {
													"type": "PanelData",
													"options": {
														"border": {},
														"version": 0,
														"labelLength": 0,
														"iconURL": "",
														"TitleFontSize": "S",
														"hideActionButtons": false,
														"hideTitleBar": false,
														"hideTitle": false,
														"backgroundcolor": "default",
														"labelsAlignment": "right",
														"label": "_Document data",
														"sameHeightAsSiblings": false
													},
													"*": {
														"FieldsManager": {
															"type": "FieldsManager",
															"options": {
																"controlsAssociation": {
																	"BankCountry__": "LabelBankCountry__",
																	"LabelBankCountry__": "BankCountry__",
																	"BankKey__": "LabelBankKey__",
																	"LabelBankKey__": "BankKey__",
																	"BankAccount__": "LabelBankAccount__",
																	"LabelBankAccount__": "BankAccount__",
																	"AccountHolder__": "LabelAccountHolder__",
																	"LabelAccountHolder__": "AccountHolder__",
																	"IBAN__": "LabelIBAN__",
																	"LabelIBAN__": "IBAN__",
																	"BankName__": "LabelBankName__",
																	"LabelBankName__": "BankName__",
																	"VendorNumber__": "LabelVendorNumber__",
																	"LabelVendorNumber__": "VendorNumber__",
																	"CompanyCode__": "LabelCompanyCode__",
																	"LabelCompanyCode__": "CompanyCode__",
																	"BankAccountID__": "LabelBankAccountID__",
																	"LabelBankAccountID__": "BankAccountID__",
																	"ControlKey__": "LabelControlKey__",
																	"LabelControlKey__": "ControlKey__",
																	"SWIFT_BICCode__": "LabelSWIFT_BICCode__",
																	"LabelSWIFT_BICCode__": "SWIFT_BICCode__",
																	"Currency__": "LabelCurrency__",
																	"LabelCurrency__": "Currency__",
																	"RoutingCode__": "LabelRoutingCode__",
																	"LabelRoutingCode__": "RoutingCode__"
																},
																"version": 0
															},
															"*": {
																"Grid": {
																	"type": "GridLayout",
																	"options": {
																		"lines": 13,
																		"columns": 2,
																		"version": 0,
																		"ctrlsPos": {
																			"BankCountry__": {
																				"line": 3,
																				"column": 2
																			},
																			"LabelBankCountry__": {
																				"line": 3,
																				"column": 1
																			},
																			"BankKey__": {
																				"line": 6,
																				"column": 2
																			},
																			"LabelBankKey__": {
																				"line": 6,
																				"column": 1
																			},
																			"BankAccount__": {
																				"line": 7,
																				"column": 2
																			},
																			"LabelBankAccount__": {
																				"line": 7,
																				"column": 1
																			},
																			"AccountHolder__": {
																				"line": 4,
																				"column": 2
																			},
																			"LabelAccountHolder__": {
																				"line": 4,
																				"column": 1
																			},
																			"IBAN__": {
																				"line": 5,
																				"column": 2
																			},
																			"LabelIBAN__": {
																				"line": 5,
																				"column": 1
																			},
																			"BankName__": {
																				"line": 12,
																				"column": 2
																			},
																			"LabelBankName__": {
																				"line": 12,
																				"column": 1
																			},
																			"VendorNumber__": {
																				"line": 2,
																				"column": 2
																			},
																			"LabelVendorNumber__": {
																				"line": 2,
																				"column": 1
																			},
																			"CompanyCode__": {
																				"line": 1,
																				"column": 2
																			},
																			"LabelCompanyCode__": {
																				"line": 1,
																				"column": 1
																			},
																			"BankAccountID__": {
																				"line": 13,
																				"column": 2
																			},
																			"LabelBankAccountID__": {
																				"line": 13,
																				"column": 1
																			},
																			"ControlKey__": {
																				"line": 8,
																				"column": 2
																			},
																			"LabelControlKey__": {
																				"line": 8,
																				"column": 1
																			},
																			"SWIFT_BICCode__": {
																				"line": 9,
																				"column": 2
																			},
																			"LabelSWIFT_BICCode__": {
																				"line": 9,
																				"column": 1
																			},
																			"Currency__": {
																				"line": 11,
																				"column": 2
																			},
																			"LabelCurrency__": {
																				"line": 11,
																				"column": 1
																			},
																			"RoutingCode__": {
																				"line": 10,
																				"column": 2
																			},
																			"LabelRoutingCode__": {
																				"line": 10,
																				"column": 1
																			}
																		},
																		"colspans": [
																			[],
																			[],
																			[],
																			[],
																			[],
																			[],
																			[],
																			[],
																			[],
																			[],
																			[],
																			[],
																			[]
																		]
																	},
																	"data": [
																		"fields"
																	],
																	"*": {
																		"LabelCompanyCode__": {
																			"type": "Label",
																			"data": [
																				"CompanyCode__"
																			],
																			"options": {
																				"label": "_CompanyCode",
																				"version": 0
																			},
																			"stamp": 30
																		},
																		"CompanyCode__": {
																			"type": "DatabaseComboBox",
																			"data": [
																				"CompanyCode__"
																			],
																			"options": {
																				"version": 1,
																				"label": "_CompanyCode",
																				"activable": true,
																				"width": "500",
																				"helpText": "",
																				"fTSmaxRecords": "20",
																				"browsable": true,
																				"autoCompleteSearchMode": "startswith",
																				"searchMode": "matches",
																				"helpURL": "",
																				"helpFormat": "HTML Format",
																				"helpIconPosition": "Right",
																				"minNbLines": 1,
																				"maxNbLines": 1
																			},
																			"stamp": 31
																		},
																		"LabelVendorNumber__": {
																			"type": "Label",
																			"data": [
																				"VendorNumber__"
																			],
																			"options": {
																				"label": "_VendorNumber",
																				"version": 0
																			},
																			"stamp": 28
																		},
																		"VendorNumber__": {
																			"type": "DatabaseComboBox",
																			"data": [
																				"VendorNumber__"
																			],
																			"options": {
																				"version": 1,
																				"label": "_VendorNumber",
																				"activable": true,
																				"width": "500",
																				"helpText": "",
																				"fTSmaxRecords": "20",
																				"browsable": true,
																				"autoCompleteSearchMode": "startswith",
																				"searchMode": "matches"
																			},
																			"stamp": 29
																		},
																		"LabelBankCountry__": {
																			"type": "Label",
																			"data": [
																				"BankCountry__"
																			],
																			"options": {
																				"label": "_BankCountry",
																				"version": 0
																			},
																			"stamp": 14
																		},
																		"BankCountry__": {
																			"type": "ShortText",
																			"data": [
																				"BankCountry__"
																			],
																			"options": {
																				"textSize": "S",
																				"textAlignment": "left",
																				"textStyle": "default",
																				"textColor": "default",
																				"label": "_BankCountry",
																				"activable": true,
																				"width": "500",
																				"helpText": "",
																				"browsable": false,
																				"version": 0
																			},
																			"stamp": 15
																		},
																		"LabelAccountHolder__": {
																			"type": "Label",
																			"data": [
																				"AccountHolder__"
																			],
																			"options": {
																				"label": "_AccountHolder",
																				"version": 0
																			},
																			"stamp": 20
																		},
																		"AccountHolder__": {
																			"type": "ShortText",
																			"data": [
																				"AccountHolder__"
																			],
																			"options": {
																				"textSize": "S",
																				"textAlignment": "left",
																				"textStyle": "default",
																				"textColor": "default",
																				"label": "_AccountHolder",
																				"activable": true,
																				"width": "500",
																				"version": 0,
																				"helpText": "",
																				"browsable": false
																			},
																			"stamp": 21
																		},
																		"LabelIBAN__": {
																			"type": "Label",
																			"data": [
																				"IBAN__"
																			],
																			"options": {
																				"label": "_IBAN",
																				"version": 0
																			},
																			"stamp": 22
																		},
																		"IBAN__": {
																			"type": "ShortText",
																			"data": [
																				"IBAN__"
																			],
																			"options": {
																				"textSize": "S",
																				"textAlignment": "left",
																				"textStyle": "default",
																				"textColor": "default",
																				"label": "_IBAN",
																				"activable": true,
																				"width": "500",
																				"version": 0,
																				"helpText": "",
																				"browsable": false
																			},
																			"stamp": 23
																		},
																		"LabelBankKey__": {
																			"type": "Label",
																			"data": [
																				"BankKey__"
																			],
																			"options": {
																				"label": "_BankKey",
																				"version": 0
																			},
																			"stamp": 16
																		},
																		"BankKey__": {
																			"type": "ShortText",
																			"data": [
																				"BankKey__"
																			],
																			"options": {
																				"textSize": "S",
																				"textAlignment": "left",
																				"textStyle": "default",
																				"textColor": "default",
																				"label": "_BankKey",
																				"activable": true,
																				"width": "500",
																				"version": 0,
																				"helpText": "",
																				"browsable": false
																			},
																			"stamp": 17
																		},
																		"LabelBankAccount__": {
																			"type": "Label",
																			"data": [
																				"BankAccount__"
																			],
																			"options": {
																				"label": "_BankAccount",
																				"version": 0
																			},
																			"stamp": 18
																		},
																		"BankAccount__": {
																			"type": "ShortText",
																			"data": [
																				"BankAccount__"
																			],
																			"options": {
																				"textSize": "S",
																				"textAlignment": "left",
																				"textStyle": "default",
																				"textColor": "default",
																				"label": "_BankAccount",
																				"activable": true,
																				"width": "500",
																				"version": 0,
																				"helpText": "",
																				"browsable": false
																			},
																			"stamp": 19
																		},
																		"LabelControlKey__": {
																			"type": "Label",
																			"data": [
																				"ControlKey__"
																			],
																			"options": {
																				"label": "_ControlKey",
																				"version": 0
																			},
																			"stamp": 34
																		},
																		"ControlKey__": {
																			"type": "ShortText",
																			"data": [
																				"ControlKey__"
																			],
																			"options": {
																				"textSize": "S",
																				"textAlignment": "left",
																				"textStyle": "default",
																				"textColor": "default",
																				"version": 1,
																				"label": "_ControlKey",
																				"activable": true,
																				"width": "500",
																				"helpText": "",
																				"helpURL": "",
																				"helpFormat": "HTML Format",
																				"browsable": false
																			},
																			"stamp": 35
																		},
																		"LabelSWIFT_BICCode__": {
																			"type": "Label",
																			"data": [
																				"SWIFT_BICCode__"
																			],
																			"options": {
																				"label": "_SWIFT/BICCode",
																				"version": 0
																			},
																			"stamp": 36
																		},
																		"SWIFT_BICCode__": {
																			"type": "ShortText",
																			"data": [
																				"SWIFT_BICCode__"
																			],
																			"options": {
																				"textSize": "S",
																				"textAlignment": "left",
																				"textStyle": "default",
																				"textColor": "default",
																				"version": 0,
																				"label": "_SWIFT/BICCode",
																				"activable": true,
																				"width": "500",
																				"helpText": "",
																				"browsable": false
																			},
																			"stamp": 37
																		},
																		"LabelRoutingCode__": {
																			"type": "Label",
																			"data": [
																				"RoutingCode__"
																			],
																			"options": {
																				"label": "_RoutingCode",
																				"version": 0
																			},
																			"stamp": 40
																		},
																		"RoutingCode__": {
																			"type": "ShortText",
																			"data": [
																				"RoutingCode__"
																			],
																			"options": {
																				"textSize": "S",
																				"textAlignment": "left",
																				"textStyle": "default",
																				"textColor": "default",
																				"version": 1,
																				"label": "_RoutingCode",
																				"activable": true,
																				"width": "500",
																				"helpText": "",
																				"helpURL": "",
																				"helpFormat": "HTML Format",
																				"browsable": false
																			},
																			"stamp": 41
																		},
																		"LabelCurrency__": {
																			"type": "Label",
																			"data": [
																				"Currency__"
																			],
																			"options": {
																				"label": "_Currency",
																				"version": 0
																			},
																			"stamp": 38
																		},
																		"Currency__": {
																			"type": "ShortText",
																			"data": [
																				"Currency__"
																			],
																			"options": {
																				"textSize": "S",
																				"textAlignment": "left",
																				"textStyle": "default",
																				"textColor": "default",
																				"version": 0,
																				"label": "_Currency",
																				"activable": true,
																				"width": "500",
																				"helpText": "",
																				"browsable": false
																			},
																			"stamp": 39
																		},
																		"LabelBankName__": {
																			"type": "Label",
																			"data": [
																				"BankName__"
																			],
																			"options": {
																				"label": "_BankName",
																				"version": 0
																			},
																			"stamp": 24
																		},
																		"BankName__": {
																			"type": "ShortText",
																			"data": [
																				"BankName__"
																			],
																			"options": {
																				"textSize": "S",
																				"textAlignment": "left",
																				"textStyle": "default",
																				"textColor": "default",
																				"label": "_BankName",
																				"activable": true,
																				"width": "500",
																				"helpText": "",
																				"browsable": false,
																				"version": 0
																			},
																			"stamp": 25
																		},
																		"LabelBankAccountID__": {
																			"type": "Label",
																			"data": [
																				"BankAccountID__"
																			],
																			"options": {
																				"label": "_BankAccountID",
																				"version": 0
																			},
																			"stamp": 32
																		},
																		"BankAccountID__": {
																			"type": "ShortText",
																			"data": [
																				"BankAccountID__"
																			],
																			"options": {
																				"label": "_BankAccountID",
																				"activable": true,
																				"width": "500",
																				"length": 50,
																				"version": 0,
																				"textSize": "S",
																				"textAlignment": "left",
																				"textStyle": "default",
																				"textColor": "default"
																			},
																			"stamp": 33
																		}
																	},
																	"stamp": 8
																}
															},
															"stamp": 7,
															"data": []
														}
													},
													"stamp": 6,
													"data": []
												}
											}
										}
									},
									"stamp": 5,
									"data": []
								}
							},
							"stamp": 4,
							"data": []
						}
					},
					"stamp": 3,
					"data": []
				},
				"form-footer": {
					"type": "FlexibleFormFooter",
					"options": {
						"splitterType": "simple-h",
						"version": 0
					},
					"*": {
						"Save": {
							"type": "SubmitButton",
							"options": {
								"label": "_Save",
								"action": "savequit",
								"submit": true,
								"version": 0,
								"shortCut": "S"
							},
							"stamp": 11,
							"data": []
						},
						"Close": {
							"type": "SubmitButton",
							"options": {
								"label": "_Close",
								"action": "cancel",
								"submit": true,
								"version": 0,
								"shortCut": "Q"
							},
							"stamp": 12,
							"data": []
						},
						"Delete": {
							"type": "SubmitButton",
							"options": {
								"label": "_Delete",
								"action": "delete",
								"submit": true,
								"version": 0,
								"disabled": true
							},
							"stamp": 13,
							"data": []
						}
					},
					"stamp": 10,
					"data": []
				}
			},
			"stamp": 1,
			"data": []
		}
	},
	"stamps": 41,
	"data": []
}</layout>
    </ui>
  </properties>
  <field deleted="0" format="" guid="QNQQ46918" id="RTW552000SG7" label="_AccountHolder" length="50" name="AccountHolder__" originalProcessID="HUME46914" precision="0" processid="QTW552000SG7" submitable="1" type="STR">
    <properties>
      <db>
        <alias>ARTW552000SG7</alias>
        <noxml>1</noxml>
        <fullname>/job/processfields/AccountHolder__</fullname>
        <defaultvalue>
        </defaultvalue>
        <RecordLastWrite>2022-10-25 17:04:43</RecordLastWrite>
      </db>
      <extrainfo>
        <Label>_AccountHolder</Label>
        <Alias>ARTW552000SG7</Alias>
        <ProcessFieldVersion vartype="INT">1</ProcessFieldVersion>
      </extrainfo>
      <gdr>
        <VarType>Area</VarType>
      </gdr>
      <ui>
        <_type>String</_type>
        <automatic>true</automatic>
      </ui>
    </properties>
  </field>
  <field deleted="0" format="" guid="GH6B77100FSX" id="ZTW552000SG7" label="_BankAccountID_report" length="50" name="BankAccountID__" originalProcessID="HUME46914" precision="0" processid="QTW552000SG7" submitable="1" type="STR">
    <properties>
      <db>
        <alias>AZTW552000SG7</alias>
        <noxml>1</noxml>
        <fullname>/job/processfields/BankAccountID__</fullname>
        <defaultvalue>
        </defaultvalue>
        <RecordLastWrite>2022-10-25 17:04:43</RecordLastWrite>
      </db>
      <extrainfo>
        <Label>_BankAccountID_report</Label>
        <Alias>AZTW552000SG7</Alias>
        <Group>Advance</Group>
        <ProcessFieldVersion vartype="INT">1</ProcessFieldVersion>
      </extrainfo>
      <field>
        <teachable>false</teachable>
      </field>
      <gdr>
        <VarType>
        </VarType>
        <DisableAutolearn>1</DisableAutolearn>
      </gdr>
      <ui>
        <_type>String</_type>
        <automatic>true</automatic>
      </ui>
    </properties>
  </field>
  <field deleted="0" format="" guid="KYAM46917" id="STW552000SG7" label="_BankAccount" length="50" name="BankAccount__" originalProcessID="HUME46914" precision="0" processid="QTW552000SG7" submitable="1" type="STR">
    <properties>
      <db>
        <alias>ASTW552000SG7</alias>
        <noxml>1</noxml>
        <fullname>/job/processfields/BankAccount__</fullname>
        <defaultvalue>
        </defaultvalue>
        <RecordLastWrite>2022-10-25 17:04:43</RecordLastWrite>
      </db>
      <extrainfo>
        <Label>_BankAccount</Label>
        <Alias>ASTW552000SG7</Alias>
        <ProcessFieldVersion vartype="INT">1</ProcessFieldVersion>
      </extrainfo>
      <gdr>
        <VarType>Area</VarType>
      </gdr>
      <ui>
        <_type>String</_type>
        <automatic>true</automatic>
      </ui>
    </properties>
  </field>
  <field deleted="0" format="" guid="MQIR46915" id="TTW552000SG7" label="_BankCountry_report" length="50" name="BankCountry__" originalProcessID="HUME46914" precision="0" processid="QTW552000SG7" submitable="1" type="STR">
    <properties>
      <db>
        <alias>ATTW552000SG7</alias>
        <noxml>1</noxml>
        <fullname>/job/processfields/BankCountry__</fullname>
        <defaultvalue>
        </defaultvalue>
        <RecordLastWrite>2022-10-25 17:04:43</RecordLastWrite>
      </db>
      <extrainfo>
        <Label>_BankCountry_report</Label>
        <Alias>ATTW552000SG7</Alias>
        <ProcessFieldVersion vartype="INT">1</ProcessFieldVersion>
      </extrainfo>
      <gdr>
        <VarType>Area</VarType>
      </gdr>
      <ui>
        <_type>String</_type>
        <automatic>true</automatic>
      </ui>
    </properties>
  </field>
  <field deleted="0" format="" guid="DZON46916" id="UTW552000SG7" label="_BankKey" length="50" name="BankKey__" originalProcessID="HUME46914" precision="0" processid="QTW552000SG7" submitable="1" type="STR">
    <properties>
      <db>
        <alias>AUTW552000SG7</alias>
        <noxml>1</noxml>
        <fullname>/job/processfields/BankKey__</fullname>
        <defaultvalue>
        </defaultvalue>
        <RecordLastWrite>2022-10-25 17:04:43</RecordLastWrite>
      </db>
      <extrainfo>
        <Label>_BankKey</Label>
        <Alias>AUTW552000SG7</Alias>
        <ProcessFieldVersion vartype="INT">1</ProcessFieldVersion>
      </extrainfo>
      <gdr>
        <VarType>Area</VarType>
      </gdr>
      <ui>
        <_type>String</_type>
        <automatic>true</automatic>
      </ui>
    </properties>
  </field>
  <field deleted="0" format="" guid="IUBY4691A" id="VTW552000SG7" label="_BankName_report" length="50" name="BankName__" originalProcessID="HUME46914" precision="0" processid="QTW552000SG7" submitable="1" type="STR">
    <properties>
      <db>
        <alias>AVTW552000SG7</alias>
        <noxml>1</noxml>
        <fullname>/job/processfields/BankName__</fullname>
        <defaultvalue>
        </defaultvalue>
        <RecordLastWrite>2022-10-25 17:04:43</RecordLastWrite>
      </db>
      <extrainfo>
        <Label>_BankName_report</Label>
        <Alias>AVTW552000SG7</Alias>
        <ProcessFieldVersion vartype="INT">1</ProcessFieldVersion>
      </extrainfo>
      <gdr>
        <VarType>Area</VarType>
      </gdr>
      <ui>
        <_type>String</_type>
        <automatic>true</automatic>
      </ui>
    </properties>
  </field>
  <field deleted="0" format="" guid="PHQG472DD" id="WTW552000SG7" label="_CompanyCode" length="50" name="CompanyCode__" originalProcessID="HUME46914" precision="0" processid="QTW552000SG7" submitable="1" type="STR">
    <properties>
      <db>
        <alias>AWTW552000SG7</alias>
        <index vartype="INT">1</index>
        <noxml>1</noxml>
        <fullname>/job/processfields/CompanyCode__</fullname>
        <defaultvalue>
        </defaultvalue>
        <RecordLastWrite>2022-10-25 17:04:43</RecordLastWrite>
      </db>
      <extrainfo>
        <Label>_CompanyCode</Label>
        <Alias>AWTW552000SG7</Alias>
        <ProcessFieldVersion vartype="INT">1</ProcessFieldVersion>
      </extrainfo>
      <field>
        <Editable>false</Editable>
        <required>false</required>
        <TableName>CT#ECW552000SG7</TableName>
        <SortOrder>
        </SortOrder>
        <DisplayedColumns>CompanyCode__|CompanyName__</DisplayedColumns>
        <DisplayedColumnsIds>
        </DisplayedColumnsIds>
        <UseTableForAutolearn>false</UseTableForAutolearn>
        <SavedColumn>CompanyCode__</SavedColumn>
        <SavedColumnId>
        </SavedColumnId>
        <ExposedColumns>
        </ExposedColumns>
        <ProcessName>PurchasingCompanycodes__</ProcessName>
        <KeyColumnId>
        </KeyColumnId>
        <KeyAttribute>
        </KeyAttribute>
        <CustomFilter>
        </CustomFilter>
      </field>
      <help>
        <helpData>{"helpText":"","helpURL":"","helpFormat":"HTML Format","helpIconPosition":"Right"}</helpData>
      </help>
      <ui>
        <_type>String</_type>
        <automatic>true</automatic>
      </ui>
    </properties>
  </field>
  <field deleted="0" format="" guid="DU4X00000IYP" id="AUW552000SG7" label="_ControlKey_report" length="50" name="ControlKey__" originalProcessID="HUME46914" precision="0" processid="QTW552000SG7" submitable="1" type="STR">
    <properties>
      <db>
        <alias>AAUW552000SG7</alias>
        <noxml>1</noxml>
        <fullname>/job/processfields/ControlKey__</fullname>
        <defaultvalue>
        </defaultvalue>
        <RecordLastWrite>2022-10-25 17:04:43</RecordLastWrite>
      </db>
      <extrainfo>
        <Label>_ControlKey_report</Label>
        <Alias>AAUW552000SG7</Alias>
        <ProcessFieldVersion vartype="INT">1</ProcessFieldVersion>
      </extrainfo>
      <gdr>
        <VarType>Area</VarType>
        <DisableAutolearn>1</DisableAutolearn>
      </gdr>
      <ui>
        <_type>String</_type>
        <automatic>true</automatic>
      </ui>
    </properties>
  </field>
  <field deleted="0" format="" guid="FU4X00000IYP" id="CUW552000SG7" label="_Currency_report" length="50" name="Currency__" originalProcessID="HUME46914" precision="0" processid="QTW552000SG7" submitable="1" type="STR">
    <properties>
      <db>
        <alias>ACUW552000SG7</alias>
        <noxml>1</noxml>
        <fullname>/job/processfields/Currency__</fullname>
        <defaultvalue>
        </defaultvalue>
        <RecordLastWrite>2022-10-25 17:04:44</RecordLastWrite>
      </db>
      <extrainfo>
        <Label>_Currency_report</Label>
        <Alias>ACUW552000SG7</Alias>
        <ProcessFieldVersion vartype="INT">1</ProcessFieldVersion>
      </extrainfo>
      <gdr>
        <VarType>Area</VarType>
        <DisableAutolearn>1</DisableAutolearn>
      </gdr>
      <ui>
        <_type>String</_type>
        <automatic>true</automatic>
      </ui>
    </properties>
  </field>
  <field deleted="0" format="" guid="ESUB46919" id="XTW552000SG7" label="_IBAN" length="50" name="IBAN__" originalProcessID="HUME46914" precision="0" processid="QTW552000SG7" submitable="1" type="STR">
    <properties>
      <db>
        <alias>AXTW552000SG7</alias>
        <index vartype="INT">1</index>
        <noxml>1</noxml>
        <fullname>/job/processfields/IBAN__</fullname>
        <defaultvalue>
        </defaultvalue>
        <RecordLastWrite>2022-10-25 17:04:43</RecordLastWrite>
      </db>
      <extrainfo>
        <Label>_IBAN</Label>
        <Alias>AXTW552000SG7</Alias>
        <ProcessFieldVersion vartype="INT">1</ProcessFieldVersion>
      </extrainfo>
      <gdr>
        <VarType>Area</VarType>
      </gdr>
      <ui>
        <_type>String</_type>
        <automatic>true</automatic>
      </ui>
    </properties>
  </field>
  <field deleted="0" format="" guid="GU4X00000IYP" id="DUW552000SG7" label="_RoutingCode_report" length="50" name="RoutingCode__" originalProcessID="HUME46914" precision="0" processid="QTW552000SG7" submitable="1" type="STR">
    <properties>
      <db>
        <alias>ADUW552000SG7</alias>
        <noxml>1</noxml>
        <fullname>/job/processfields/RoutingCode__</fullname>
        <defaultvalue>
        </defaultvalue>
        <RecordLastWrite>2022-10-25 17:04:44</RecordLastWrite>
      </db>
      <extrainfo>
        <Label>_RoutingCode_report</Label>
        <Alias>ADUW552000SG7</Alias>
        <ProcessFieldVersion vartype="INT">1</ProcessFieldVersion>
      </extrainfo>
      <gdr>
        <VarType>Area</VarType>
        <DisableAutolearn>1</DisableAutolearn>
      </gdr>
      <ui>
        <_type>String</_type>
        <automatic>true</automatic>
      </ui>
    </properties>
  </field>
  <field deleted="0" format="" guid="EU4X00000IYP" id="BUW552000SG7" label="_SWIFT/BICCode_report" length="50" name="SWIFT_BICCode__" originalProcessID="HUME46914" precision="0" processid="QTW552000SG7" submitable="1" type="STR">
    <properties>
      <db>
        <alias>ABUW552000SG7</alias>
        <noxml>1</noxml>
        <fullname>/job/processfields/SWIFT_BICCode__</fullname>
        <defaultvalue>
        </defaultvalue>
        <RecordLastWrite>2022-10-25 17:04:44</RecordLastWrite>
      </db>
      <extrainfo>
        <Label>_SWIFT/BICCode_report</Label>
        <Alias>ABUW552000SG7</Alias>
        <ProcessFieldVersion vartype="INT">1</ProcessFieldVersion>
      </extrainfo>
      <gdr>
        <VarType>Area</VarType>
        <DisableAutolearn>1</DisableAutolearn>
      </gdr>
      <ui>
        <_type>String</_type>
        <automatic>true</automatic>
      </ui>
    </properties>
  </field>
  <field deleted="0" format="" guid="KWQJ4691B" id="YTW552000SG7" label="_VendorNumber_report" length="50" name="VendorNumber__" originalProcessID="HUME46914" precision="0" processid="QTW552000SG7" submitable="1" type="STR">
    <properties>
      <db>
        <alias>AYTW552000SG7</alias>
        <index vartype="INT">1</index>
        <noxml>1</noxml>
        <fullname>/job/processfields/VendorNumber__</fullname>
        <defaultvalue>
        </defaultvalue>
        <RecordLastWrite>2022-10-25 17:04:43</RecordLastWrite>
      </db>
      <extrainfo>
        <Label>_VendorNumber_report</Label>
        <Alias>AYTW552000SG7</Alias>
        <ProcessFieldVersion vartype="INT">1</ProcessFieldVersion>
      </extrainfo>
      <field>
        <Editable>false</Editable>
        <required>true</required>
        <TableName>CT#ZLW552000SG7</TableName>
        <SortOrder>ASC</SortOrder>
        <DisplayedColumns>Number__|Name__</DisplayedColumns>
        <DisplayedColumnsIds>
        </DisplayedColumnsIds>
        <SavedColumn>Number__</SavedColumn>
        <SavedColumnId>
        </SavedColumnId>
        <ProcessName>AP - Vendors__</ProcessName>
        <CustomFilter>(|(CompanyCode__=%[CompanyCode__])(CompanyCode__=)(!(CompanyCode__=*)))</CustomFilter>
      </field>
      <ui>
        <_type>String</_type>
        <automatic>true</automatic>
      </ui>
    </properties>
  </field>
  <type id="JLLP13130F1" name="CT">
  </type>
</process>