﻿<?xml version="1.0" encoding="UTF-8" standalone="no"?>
<process accountid="20063076" allowrepairprocess="0" builtin="0" builtinversion="0" carriesapplicationversion="0" creationdatetime="2022-10-25 17:09:00" deleted="0" eskerapplication="VendorMana" global="0" id="AD2652000SG7" keepcustomization="0" keepfieldsonly="0" keepfieldsproperties="0" keepnewcontroloptions="0" migrationversion="4" name="VM System Score Polling" needvalidation="0" ootofilter="" ootoversion="1" originalProcessID="UWPX00000SG1" ownerid="cn=admin_p2p@paragon-cc.fr,ou=DEV,ou=TrainingP2P,ou=DEMO_JULIEN,ou=05284299,ou=ESK,s=eoo" ownerpb="OnDemand AddressBook" public="1" pushnotification="0" reuseengine="0" sprintversion="5.261.0" transportname="CustomData" upgradable="1" userid="0" version="1" visibility="1">
  <properties>
    <gdr>
      <FinalizationScriptAllowRetry>true</FinalizationScriptAllowRetry>
      <finalizationscriptIncludedScripts>Sys/Sys_Helpers_TimeoutHelper</finalizationscriptIncludedScripts>
      <finalizationscriptIncludedScripts>Lib_V12.0.461.0</finalizationscriptIncludedScripts>
      <finalizationscriptIncludedScripts>Lib_VM_ScoringProviders_Server_V12.0.461.0</finalizationscriptIncludedScripts>
      <FinalizationScript>///#GLOBALS Lib
//Required: Sys/Sys_Helpers_TimeoutHelper, Lib_VM_ScoringProviders_Server
function runFinalization()
{
	var nbAttach = Attach.GetNbAttach();
	if (nbAttach === 0)
	{
		return;
	}
	var file = Attach.GetInputFile(nbAttach - 1);
	var scores = null;
	try
	{
		scores = JSON.parse(file.GetContent());
	}
	catch (_a)
	{
		Log.Error("Failed to parse JSON file");
	}
	if (scores)
	{
		var timeoutHelper = new Sys.Helpers.TimeoutHelper();
		for (var _i = 0, scores_1 = scores; _i &lt; scores_1.length; _i++)
		{
			var score = scores_1[_i];
			Lib.VM.ScoringProviders.Server.Providers.Store(score);
			timeoutHelper.NotifyIteration();
		}
	}
}
runFinalization();</FinalizationScript>
      <ValidationScriptAllowRetry>true</ValidationScriptAllowRetry>
      <validationscriptIncludedScripts>Sys/Sys_Helpers_TimeoutHelper</validationscriptIncludedScripts>
      <validationscriptIncludedScripts>Sys/Sys_DunsServer</validationscriptIncludedScripts>
      <validationscriptIncludedScripts>Lib_V12.0.461.0</validationscriptIncludedScripts>
      <validationscriptIncludedScripts>Lib_VM_ScoringProviders_Server_V12.0.461.0</validationscriptIncludedScripts>
      <ValidationScript>/* eslint-disable max-depth */
///#GLOBALS Lib
//Required: Sys/Sys_Helpers_TimeoutHelper, Sys/Sys_DunsServer, Lib_VM_ScoringProviders_Server
var ResultHelper = {
	_results: [],
	Add: function (scoreId, provider, data)
	{
		if (data)
		{
			data.identifier = scoreId;
			data.provider = provider;
			this._results.push(data);
		}
	},
	Get: function ()
	{
		return this._results;
	}
};
var ScoringAgenciesHandler = {
	TimeOutHelper: null,
	duns:
	{
		_accessor: null,
		_credentials: null,
		GetCredentials: function ()
		{
			this._credentials = this._credentials || Lib.VM.ScoringProviders.Server.Providers.duns.GetCredentials();
			return this._credentials;
		},
		GetProviderAccessor: function ()
		{
			this._accessor = this._accessor || new Sys.DunsServer(this.GetCredentials());
		},
		GetData: function (scoreIds)
		{
			this.GetProviderAccessor();
			if (!this._credentials)
			{
				return;
			}
			if (this._accessor)
			{
				var scoreIdToDelete = [];
				for (var _i = 0, scoreIds_1 = scoreIds; _i &lt; scoreIds_1.length; _i++)
				{
					var scoreId = scoreIds_1[_i];
					if (this._accessor.IsSessionKey() || this._accessor.GetSessionKey())
					{
						var data = this._accessor.GetCompanyData(scoreId, "FailureScore");
						if (data)
						{
							//Log message
							if (data.msg)
							{
								Log.Error(data.msg);
							}
							//data.error = Blocking Error =&gt; Process Fail
							if (data.error)
							{
								Data.SetValue("State", 200);
								Data.SetValue("ShortStatus", "Error getting company data for DUNS " + scoreId);
								return;
							}
							if (data.noScore)
							{
								scoreIdToDelete.push(scoreId);
							}
							else
							{
								ResultHelper.Add(scoreId, "duns", data);
							}
						}
						else
						{
							scoreIdToDelete.push(scoreId);
						}
					}
					else
					{
						Data.SetValue("State", 200);
						Data.SetValue("ShortStatus", "Error getting session key");
						return;
					}
					ScoringAgenciesHandler.TimeOutHelper.NotifyIteration();
				}
				//Delete vendor scores with DUNS number not existing
				if (scoreIdToDelete.length &gt; 0)
				{
					Lib.VM.ScoringProviders.Server.Providers.Clear(scoreIdToDelete, "duns");
				}
			}
		}
	}
};

function GetScoringAgencies()
{
	return ["duns"];
}

function runValidation()
{
	if (Variable.GetValueAsString("ScoreRequestDone") !== "true")
	{
		var nbAttach = Attach.GetNbAttach();
		if (nbAttach === 0)
		{
			return;
		}
		var file = Attach.GetInputFile(nbAttach - 1);
		var scoreIds = JSON.parse(file.GetContent());
		var scoringAgencies = GetScoringAgencies();
		ScoringAgenciesHandler.TimeOutHelper = new Sys.Helpers.TimeoutHelper();
		for (var _i = 0, scoringAgencies_1 = scoringAgencies; _i &lt; scoringAgencies_1.length; _i++)
		{
			var scoringAgency = scoringAgencies_1[_i];
			ScoringAgenciesHandler[scoringAgency].GetData(scoreIds);
		}
		var tempFile = TemporaryFile.CreateFile("json", "utf8");
		TemporaryFile.Append(tempFile, JSON.stringify(ResultHelper.Get()));
		Attach.AttachTemporaryFile(tempFile, "Scores");
		Variable.SetValueAsString("ScoreRequestDone", "true");
	}
}
runValidation();</ValidationScript>
      <AllowTagCoverPages>true</AllowTagCoverPages>
      <AllowTagNewDocuments>true</AllowTagNewDocuments>
      <AllowTagAttachments>true</AllowTagAttachments>
      <ExtractionScriptAllowRetry>true</ExtractionScriptAllowRetry>
      <extractionscriptIncludedScripts>Sys/Sys_Helpers_LdapUtil</extractionscriptIncludedScripts>
      <extractionscriptIncludedScripts>Sys/Sys_Helpers_TimeoutHelper</extractionscriptIncludedScripts>
      <extractionscriptIncludedScripts>Lib_V12.0.461.0</extractionscriptIncludedScripts>
      <extractionscriptIncludedScripts>[Lib_VM_Customization_Server]</extractionscriptIncludedScripts>
      <ExtractionScript>///#GLOBALS Lib
//Required: Sys/Sys_Helpers_LdapUtil, Sys/Sys_Helpers_TimeoutHelper, Lib_VM_Customization_Server
// DBSET_READONLY | DBSET_QUICK
var DBFastAccess = 0x00210000;
// also returns ownershipped records
var DBDirtyRead = 0x00020000;

function GetVendorsToUpdateFromDB()
{
	var customQueryFilter = Sys.Helpers.TryCallFunction("Lib.VM.Customization.Server.GetExtraFilterForVendorFailureRiskSynchronization");
	var queryFilter = Sys.Helpers.LdapUtil.FilterNotEqual("DUNSNumber__", "");
	if (customQueryFilter)
	{
		queryFilter = Sys.Helpers.LdapUtil.FilterAnd(customQueryFilter, Sys.Helpers.LdapUtil.FilterNotEqual("DUNSNumber__", ""));
	}
	var vendorQuery = Process.CreateQuery();
	vendorQuery.Reset();
	vendorQuery.SetSpecificTable("AP - Vendors__");
	vendorQuery.SetFilter(queryFilter.toString());
	vendorQuery.SetAttributesList("DUNSNumber__");
	vendorQuery.SetOptions(DBFastAccess | DBDirtyRead);
	vendorQuery.SetOptionEx("Limit=-1");
	var results = [];
	if (vendorQuery.MoveFirst())
	{
		var timeoutHelper = new Sys.Helpers.TimeoutHelper();
		var record = vendorQuery.MoveNextRecord();
		while (record)
		{
			var recordVars = record.GetVars();
			if (recordVars)
			{
				var scoreId = recordVars.GetValue_String("DUNSNumber__", 0);
				if (scoreId &amp;&amp; results.indexOf(scoreId) &lt; 0)
				{
					results.push(scoreId);
				}
				record = vendorQuery.MoveNextRecord();
				timeoutHelper.NotifyIteration();
			}
		}
	}
	return JSON.stringify(results);
}

function CreateFile(vendors)
{
	var tempFile = TemporaryFile.CreateFile("json", "utf8");
	TemporaryFile.Append(tempFile, vendors);
	Attach.AttachTemporaryFile(tempFile, "VendorsToUpdate");
}

function RunExtraction()
{
	var vendorsToUpdate = GetVendorsToUpdateFromDB();
	CreateFile(vendorsToUpdate);
}
RunExtraction();</ExtractionScript>
      <ExtractionScriptRunOnOCRFailed>
      </ExtractionScriptRunOnOCRFailed>
      <AllowRemovePages>true</AllowRemovePages>
      <AllowSwapPages>true</AllowSwapPages>
      <PostProcessingScriptAllowRetry>
      </PostProcessingScriptAllowRetry>
    </gdr>
    <lg>
      <process_de>{
	"VM System Score Polling": "Lieferantenmanagement - Abfrage der Risikobewertung"
}</process_de>
      <process_ja>{
	"VM System Score Polling": "仕入先管理 - リスクスコアのポーリング"
}</process_ja>
      <process_en>{
	"VM System Score Polling": "Vendor Management - Risk score polling"
}</process_en>
      <process_es>{
	"VM System Score Polling": "Gestión de proveedores - Recuperación de la puntuación de riesgo"
}</process_es>
      <process_fr>{
	"VM System Score Polling": "Gestion des fournisseurs - Récupération des scores de risque"
}</process_fr>
      <process_nl-NL>{
	"VM System Score Polling": "Leveranciersbeheer - Peiling risicoscore"
}</process_nl-NL>
      <process_it>{
	"VM System Score Polling": "Gestione fornitori - Recupero punteggi di rischio"
}</process_it>
      <process_zh-CN>{
	"VM System Score Polling": "供应商管理 - 风险评分投票"
}</process_zh-CN>
      <process_pt-BR>{
	"VM System Score Polling": "Gerenciamento de fornecedores - Sinalizador de score de risco"
}</process_pt-BR>
    </lg>
    <ocr>
      <trade-off>accurate</trade-off>
      <image-binarization>no</image-binarization>
      <image-draft-fax>no</image-draft-fax>
      <image-despeckle>no</image-despeckle>
      <allowed-language>0</allowed-language>
      <image-resolution-enhancement>auto</image-resolution-enhancement>
      <pdf-processing>no-ocr</pdf-processing>
      <ocr_engine>Nuance190</ocr_engine>
      <ocrpagestoprocess>
      </ocrpagestoprocess>
      <extractionAdditionalOptions>
      </extractionAdditionalOptions>
    </ocr>
    <process>
      <flowtype>processing</flowtype>
      <ocrpreset>scan</ocrpreset>
      <homepagelabel>VM System Score Polling</homepagelabel>
      <enableflexibleauditing>
      </enableflexibleauditing>
      <enableflexibleediting>
      </enableflexibleediting>
      <enableflexibleteaching>
      </enableflexibleteaching>
      <upgradable>yes</upgradable>
      <disableocr>
      </disableocr>
      <instanciable>1</instanciable>
      <disableautolearning>true</disableautolearning>
      <backgroundprocessingthreshold>
      </backgroundprocessingthreshold>
      <EnablePreviewPrecomputation>
      </EnablePreviewPrecomputation>
      <enablerounddecimal>true</enablerounddecimal>
      <pdfNormalizeFilter>
      </pdfNormalizeFilter>
      <archiveDuration>0</archiveDuration>
      <ownhomepage>
      </ownhomepage>
      <ocrpagestoprocess>0</ocrpagestoprocess>
      <ScriptEngineType>2</ScriptEngineType>
      <UseActionNameWithScriptApproval>true</UseActionNameWithScriptApproval>
      <displayWidth>1024</displayWidth>
      <AllowUploadAttachment>1</AllowUploadAttachment>
      <AllowUploadReferenceDocument>1</AllowUploadReferenceDocument>
      <UseCultureFormat>true</UseCultureFormat>
      <AllowRetryExtractCD>true</AllowRetryExtractCD>
      <TransportName>CustomData</TransportName>
      <LayoutVersion>1.0</LayoutVersion>
    </process>
    <ui>
      <CustomScriptDebug>false</CustomScriptDebug>
      <CustomScriptReadonly>true</CustomScriptReadonly>
      <CustomScript>
      </CustomScript>
      <layout>{
	"*": {
		"GDRData": {
			"type": "GDRData",
			"options": {
				"version": 0
			},
			"stamp": 1,
			"data": []
		},
		"OCRParams": {
			"type": "OCRParams",
			"options": {
				"version": 0
			},
			"stamp": 2,
			"data": []
		},
		"Screen": {
			"type": "FlexibleFormLayout",
			"options": {
				"splitterType": "complex",
				"version": 0,
				"maxwidth": ""
			},
			"*": {
				"form-header": {
					"type": "FlexibleFormHeader",
					"options": {
						"version": 0,
						"maxwidth": ""
					},
					"stamp": 4,
					"data": []
				},
				"form-center": {
					"type": "FlexibleFormCenter",
					"options": {
						"version": 0,
						"maxwidth": ""
					},
					"*": {
						"form-content": {
							"type": "FlexibleFormContent",
							"options": {
								"version": 0
							},
							"*": {
								"form-content-top": {
									"type": "FlexibleFormSplitter",
									"options": {
										"autosize": true,
										"version": 1,
										"box": {
											"top": 0,
											"left": 0,
											"width": 100,
											"height": 17
										},
										"hidden": false
									},
									"*": {
										"form-content-top-1": {
											"type": "FlexibleFormLine",
											"options": {
												"version": 0
											},
											"*": {
												"DocumentsPanel": {
													"type": "PanelDocument",
													"options": {
														"version": 0,
														"border": {},
														"labelLength": 0,
														"iconURL": "",
														"TitleFontSize": "S",
														"hideActionButtons": false,
														"hideTitleBar": false,
														"hideTitle": false,
														"label": "_Documents"
													},
													"*": {
														"Document": {
															"data": [
																"documentscontroldata"
															],
															"type": "Documents",
															"options": {
																"version": 0
															},
															"stamp": 10
														}
													},
													"stamp": 9,
													"data": []
												}
											},
											"stamp": 8,
											"data": []
										}
									},
									"stamp": 7,
									"data": []
								},
								"form-content-bottom": {
									"type": "FlexibleFormSplitter",
									"options": {
										"version": 1,
										"box": {
											"top": 17,
											"left": 0,
											"width": 100,
											"height": 83
										},
										"hidden": false
									},
									"*": {
										"form-content-left": {
											"type": "FlexibleFormSplitter",
											"options": {
												"version": 1,
												"box": {
													"top": 0,
													"left": 0,
													"width": 100,
													"height": 99
												},
												"hidden": false
											},
											"*": {
												"form-content-left-1": {
													"type": "FlexibleFormLine",
													"options": {
														"version": 0
													},
													"*": {
														"DataPanel": {
															"type": "PanelData",
															"options": {
																"border": {},
																"version": 0,
																"labelLength": 0,
																"iconURL": "",
																"TitleFontSize": "S",
																"hideActionButtons": false,
																"hideTitleBar": false,
																"hideTitle": false,
																"backgroundcolor": "default",
																"labelsAlignment": "right",
																"label": "_Document data"
															},
															"*": {
																"FieldsManager": {
																	"type": "FieldsManager",
																	"options": {
																		"controlsAssociation": {},
																		"version": 0
																	},
																	"*": {
																		"Grid": {
																			"type": "GridLayout",
																			"options": {
																				"lines": 0,
																				"columns": 2,
																				"version": 0,
																				"ctrlsPos": {},
																				"colspans": []
																			},
																			"data": [
																				"fields"
																			],
																			"*": {},
																			"stamp": 16
																		}
																	},
																	"stamp": 15,
																	"data": []
																}
															},
															"stamp": 14,
															"data": []
														}
													},
													"stamp": 13,
													"data": []
												},
												"form-content-left-2": {
													"type": "FlexibleFormLine",
													"options": {
														"version": 0
													},
													"*": {
														"SystemData": {
															"type": "PanelSystemData",
															"options": {
																"multicolumn": false,
																"version": 0,
																"border": {},
																"labelLength": 0,
																"iconURL": "",
																"TitleFontSize": "S",
																"hideActionButtons": false,
																"hideTitleBar": false,
																"hideTitle": false,
																"label": "_System data",
																"hidden": true
															},
															"stamp": 18,
															"data": []
														}
													},
													"stamp": 17,
													"data": []
												},
												"form-content-left-3": {
													"type": "FlexibleFormLine",
													"options": {
														"version": 0
													},
													"*": {
														"NextProcess": {
															"type": "PanelNextProcess",
															"options": {
																"hidden": true,
																"version": 0,
																"border": {},
																"labelLength": 0,
																"iconURL": "",
																"TitleFontSize": "S",
																"hideActionButtons": false,
																"hideTitleBar": false,
																"hideTitle": false,
																"label": "_Next Process"
															},
															"stamp": 20,
															"data": []
														}
													},
													"stamp": 19,
													"data": []
												}
											},
											"stamp": 12,
											"data": []
										},
										"form-content-right": {
											"type": "FlexibleFormSplitter",
											"options": {
												"version": 1,
												"box": {
													"top": 0,
													"left": 45,
													"width": 55,
													"height": 99
												},
												"hidden": true,
												"hideSeparator": true
											},
											"*": {
												"form-content-right-1": {
													"type": "FlexibleFormLine",
													"options": {
														"version": 0
													},
													"*": {
														"PreviewPanel": {
															"type": "PanelPreview",
															"options": {
																"border": {},
																"version": 0,
																"labelLength": 0,
																"iconURL": "",
																"TitleFontSize": "S",
																"hideActionButtons": false,
																"hideTitleBar": false,
																"hideTitle": false,
																"label": "_Document Preview"
															},
															"*": {
																"Preview": {
																	"data": [
																		"previewdata"
																	],
																	"type": "Preview",
																	"options": {
																		"version": 0
																	},
																	"stamp": 24
																}
															},
															"stamp": 23,
															"data": []
														}
													},
													"stamp": 22,
													"data": []
												}
											},
											"stamp": 21,
											"data": []
										}
									},
									"stamp": 11,
									"data": []
								}
							},
							"stamp": 6,
							"data": []
						}
					},
					"stamp": 5,
					"data": []
				},
				"form-footer": {
					"type": "FlexibleFormFooter",
					"options": {
						"splitterType": "simple-h",
						"version": 0,
						"maxwidth": ""
					},
					"*": {
						"Save": {
							"type": "SubmitButton",
							"options": {
								"label": "_Save",
								"action": "save",
								"submit": true,
								"version": 0
							},
							"stamp": 26,
							"data": []
						},
						"Approve": {
							"type": "SubmitButton",
							"options": {
								"label": "_Approve",
								"action": "approve",
								"submit": true,
								"version": 0
							},
							"stamp": 27,
							"data": []
						},
						"Reject": {
							"type": "SubmitButton",
							"options": {
								"label": "_Reject",
								"action": "reject",
								"submit": true,
								"version": 0
							},
							"stamp": 28,
							"data": []
						},
						"Reprocess": {
							"type": "SubmitButton",
							"options": {
								"label": "_Reprocess",
								"action": "reprocess",
								"submit": true,
								"version": 0
							},
							"stamp": 29,
							"data": []
						},
						"Close": {
							"type": "SubmitButton",
							"options": {
								"label": "_Close",
								"action": "cancel",
								"submit": true,
								"version": 0
							},
							"stamp": 30,
							"data": []
						}
					},
					"stamp": 25,
					"data": []
				}
			},
			"stamp": 3,
			"data": []
		}
	},
	"stamps": 30,
	"data": []
}</layout>
    </ui>
  </properties>
  <type id="RJRH13130EF" name="CD">
  </type>
</process>