﻿<?xml version="1.0" encoding="UTF-8" standalone="no"?>
<process accountid="20063076" allowrepairprocess="0" builtin="0" builtinversion="0" carriesapplicationversion="0" creationdatetime="2022-10-25 17:19:24" deleted="0" eskerapplication="" global="0" id="UA4652000SG7" keepcustomization="0" keepfieldsonly="0" keepfieldsproperties="0" keepnewcontroloptions="0" migrationversion="4" name="P2P - Demo - Vendor scoring__" needvalidation="0" ootofilter="" ootoversion="1" originalProcessID="QKFE00000PA9" ownerid="cn=admin_p2p@paragon-cc.fr,ou=DEV,ou=TrainingP2P,ou=DEMO_JULIEN,ou=05284299,ou=ESK,s=eoo" ownerpb="OnDemand AddressBook" public="1" pushnotification="0" reuseengine="0" sprintversion="5.261.0" transportname="CustomTable" upgradable="1" userid="0" version="1" visibility="0">
  <properties>
    <dbIndex>
      <AUTO_ABB4652000SG7A>&lt;Index&gt;&lt;Ref Name="ABB4652000SG7" Option="ASC"/&gt;&lt;/Index&gt;</AUTO_ABB4652000SG7A>
      <AUTO_AXA4652000SG7A>&lt;Index&gt;&lt;Ref Name="AXA4652000SG7" Option="ASC"/&gt;&lt;/Index&gt;</AUTO_AXA4652000SG7A>
      <AUTO_AZA4652000SG7A>&lt;Index&gt;&lt;Ref Name="AZA4652000SG7" Option="ASC"/&gt;&lt;/Index&gt;</AUTO_AZA4652000SG7A>
    </dbIndex>
    <gdr>
    </gdr>
    <lg>
      <process_de>{
	"_Comment": "Kommentar",
	"_Comment_report": "Kommentar",
	"_CompanyCode": "Buchungskreis",
	"_CompanyCode_report": "Buchungskreis",
	"_SourceRUIDEX": "Erweiterte Prozess-ID",
	"_SourceRUIDEX_report": "Erweiterte Prozess-ID",
	"_VendorNumber": "Lieferantennummer",
	"_VendorNumber_report": "Lieferantennummer"
}</process_de>
      <process_ja>{
	"_Comment": "コメント",
	"_Comment_report": "コメント",
	"_CompanyCode": "会社コード",
	"_CompanyCode_report": "会社コード",
	"_SourceRUIDEX": "処理拡張 ID",
	"_SourceRUIDEX_report": "処理拡張 ID",
	"_VendorNumber": "仕入先番号",
	"_VendorNumber_report": "仕入先番号"
}</process_ja>
      <process_en>{
	"_Author": "Author",
	"_Author_report": "Author",
	"_Comment": "Comment",
	"_Comment_report": "Comment",
	"_CompanyCode": "Company code",
	"_CompanyCode_report": "Company code",
	"_CostScore": "Cost",
	"_CustomerSupportScore": "Customer support",
	"_DeliveryScore": "Delivery",
	"_InvoicingScore": "Invoicing",
	"_QualityScore": "Quality",
	"_Score": "Score",
	"_Score_report": "Score",
	"_ScoringType": "Scoring type",
	"_ScoringType_report": "Scoring type",
	"_SourceRUIDEX": "Process extended ID",
	"_SourceRUIDEX_report": "Process extended ID",
	"_TimeEffectivenessScore": "Time effectiveness",
	"_VendorNumber": "Vendor number",
	"_VendorNumber_report": "Vendor number"
}</process_en>
      <process_es>{
	"_Comment": "Comentario",
	"_Comment_report": "Comentario",
	"_CompanyCode": "Código de empresa",
	"_CompanyCode_report": "Código de empresa",
	"_SourceRUIDEX": "Id. extendido del proceso",
	"_SourceRUIDEX_report": "Id. largo del proceso",
	"_VendorNumber": "Número de proveedor",
	"_VendorNumber_report": "Número de proveedor"
}</process_es>
      <process_fr>{
	"_Comment": "Commentaire",
	"_Comment_report": "Commentaire",
	"_CompanyCode": "Code société",
	"_CompanyCode_report": "Code société",
	"_SourceRUIDEX": "Identifiant long du processus",
	"_SourceRUIDEX_report": "Identifiant long du processus",
	"_VendorNumber": "Numéro du fournisseur",
	"_VendorNumber_report": "Numéro du fournisseur"
}</process_fr>
      <process_nl-NL>{
	"_SourceRUIDEX": "Uitgebreide proces-ID",
	"_SourceRUIDEX_report": "Uitgebreide proces-ID",
	"_VendorNumber_report": "Nummer leverancier"
}</process_nl-NL>
      <process_it>{
	"_Comment": "Commento",
	"_Comment_report": "Commento",
	"_CompanyCode": "Codice società",
	"_CompanyCode_report": "Codice società",
	"_SourceRUIDEX": "ID esteso del trattamento",
	"_SourceRUIDEX_report": "ID esteso del trattamento",
	"_VendorNumber": "Numero fornitore",
	"_VendorNumber_report": "Numero fornitore"
}</process_it>
      <process_zh-CN>{
	"_Comment": "备注",
	"_Comment_report": "备注",
	"_CompanyCode": "公司代码",
	"_CompanyCode_report": "公司代码",
	"_SourceRUIDEX": "进程长ID",
	"_SourceRUIDEX_report": "进程长ID",
	"_VendorNumber": "供应商编号",
	"_VendorNumber_report": "供应商编号"
}</process_zh-CN>
      <process_pt-BR>{
	"_Comment": "Comentário",
	"_Comment_report": "Comentário",
	"_CompanyCode": "Código da empresa",
	"_CompanyCode_report": "Código da empresa",
	"_SourceRUIDEX": "ID estendido do processo",
	"_SourceRUIDEX_report": "ID estendido do processo",
	"_VendorNumber": "Número do fornecedor",
	"_VendorNumber_report": "Número do fornecedor"
}</process_pt-BR>
      <process_pt>{
	"_SourceRUIDEX": "ID alargado do processo",
	"_SourceRUIDEX_report": "ID alargado do processo"
}</process_pt>
    </lg>
    <process>
      <flowtype>processing</flowtype>
      <EnableNegativeNumbersBetweenBrackets>true</EnableNegativeNumbersBetweenBrackets>
      <homepagelabel>P2P - Demo - Vendor scoring</homepagelabel>
      <instanciable>1</instanciable>
      <enablerounddecimal>true</enablerounddecimal>
      <OverrideAllowedAttachmentExtensions>*</OverrideAllowedAttachmentExtensions>
      <UseActionNameWithScriptApproval>true</UseActionNameWithScriptApproval>
      <AllowUploadAttachment>0</AllowUploadAttachment>
      <AllowUploadReferenceDocument>0</AllowUploadReferenceDocument>
      <shouldRollbackManualRecordEdits>true</shouldRollbackManualRecordEdits>
      <shouldShowManualEditsWarning>false</shouldShowManualEditsWarning>
      <UseCultureFormat>true</UseCultureFormat>
      <TransportName>CustomTable</TransportName>
      <LayoutVersion>1.0</LayoutVersion>
    </process>
    <ui>
      <layout>{
	"*": {
		"Screen": {
			"type": "FlexibleFormLayout",
			"options": {
				"splitterType": "simple-v",
				"version": 0,
				"backColor": "text-backgroundcolor-default",
				"style": null
			},
			"*": {
				"form-header": {
					"type": "FlexibleFormHeader",
					"options": {
						"hidePanelsMenu": false,
						"version": 0
					},
					"stamp": 2,
					"data": []
				},
				"form-center": {
					"type": "FlexibleFormCenter",
					"options": {
						"version": 0
					},
					"*": {
						"form-content": {
							"type": "FlexibleFormContent",
							"options": {
								"version": 0
							},
							"*": {
								"form-content-center": {
									"type": "FlexibleFormSplitter",
									"options": {
										"version": 1,
										"box": {
											"top": "0%",
											"left": "0%",
											"width": "100%"
										},
										"hidden": false,
										"hideSeparator": true
									},
									"*": {
										"form-content-center-1": {
											"type": "FlexibleFormLine",
											"data": [],
											"options": {
												"version": 0
											},
											"stamp": 9,
											"*": {
												"DataPanel": {
													"type": "PanelData",
													"options": {
														"border": {},
														"version": 0,
														"labelLength": 0,
														"iconURL": "",
														"TitleFontSize": "S",
														"hideActionButtons": false,
														"hideTitleBar": false,
														"hideTitle": false,
														"sameHeightAsSiblings": false,
														"backgroundcolor": "default",
														"labelsAlignment": "right",
														"label": "_Document data"
													},
													"*": {
														"FieldsManager": {
															"type": "FieldsManager",
															"options": {
																"controlsAssociation": {
																	"CompanyCode__": "LabelCompanyCode__",
																	"LabelCompanyCode__": "CompanyCode__",
																	"VendorNumber__": "LabelVendorNumber__",
																	"LabelVendorNumber__": "VendorNumber__",
																	"ScoringType__": "LabelScoringType__",
																	"LabelScoringType__": "ScoringType__",
																	"Score__": "LabelScore__",
																	"LabelScore__": "Score__",
																	"SourceRUIDEX__": "LabelSourceRUIDEX__",
																	"LabelSourceRUIDEX__": "SourceRUIDEX__",
																	"Author__": "LabelAuthor__",
																	"LabelAuthor__": "Author__",
																	"Comment__": "LabelComment__",
																	"LabelComment__": "Comment__"
																},
																"version": 0
															},
															"*": {
																"Grid": {
																	"type": "GridLayout",
																	"options": {
																		"lines": 7,
																		"columns": 2,
																		"version": 0,
																		"ctrlsPos": {
																			"CompanyCode__": {
																				"line": 1,
																				"column": 2
																			},
																			"LabelCompanyCode__": {
																				"line": 1,
																				"column": 1
																			},
																			"VendorNumber__": {
																				"line": 2,
																				"column": 2
																			},
																			"LabelVendorNumber__": {
																				"line": 2,
																				"column": 1
																			},
																			"ScoringType__": {
																				"line": 3,
																				"column": 2
																			},
																			"LabelScoringType__": {
																				"line": 3,
																				"column": 1
																			},
																			"Score__": {
																				"line": 4,
																				"column": 2
																			},
																			"LabelScore__": {
																				"line": 4,
																				"column": 1
																			},
																			"SourceRUIDEX__": {
																				"line": 5,
																				"column": 2
																			},
																			"LabelSourceRUIDEX__": {
																				"line": 5,
																				"column": 1
																			},
																			"Author__": {
																				"line": 6,
																				"column": 2
																			},
																			"LabelAuthor__": {
																				"line": 6,
																				"column": 1
																			},
																			"Comment__": {
																				"line": 7,
																				"column": 2
																			},
																			"LabelComment__": {
																				"line": 7,
																				"column": 1
																			}
																		},
																		"colspans": [
																			[],
																			[],
																			[],
																			[],
																			[],
																			[],
																			[]
																		]
																	},
																	"data": [
																		"fields"
																	],
																	"*": {
																		"LabelCompanyCode__": {
																			"type": "Label",
																			"data": [
																				"CompanyCode__"
																			],
																			"options": {
																				"label": "_CompanyCode"
																			},
																			"stamp": 14
																		},
																		"CompanyCode__": {
																			"type": "DatabaseComboBox",
																			"data": [
																				"CompanyCode__"
																			],
																			"options": {
																				"version": 1,
																				"autoCompleteSearchMode": "startswith",
																				"searchMode": "matches",
																				"label": "_CompanyCode",
																				"activable": true,
																				"width": "300",
																				"helpText": "",
																				"helpURL": "",
																				"helpFormat": "HTML Format",
																				"helpIconPosition": "Right",
																				"minNbLines": 1,
																				"maxNbLines": 1,
																				"PreFillFTS": true,
																				"fTSmaxRecords": "20",
																				"browsable": true
																			},
																			"stamp": 15
																		},
																		"LabelVendorNumber__": {
																			"type": "Label",
																			"data": [
																				"VendorNumber__"
																			],
																			"options": {
																				"label": "_VendorNumber"
																			},
																			"stamp": 16
																		},
																		"VendorNumber__": {
																			"type": "DatabaseComboBox",
																			"data": [
																				"VendorNumber__"
																			],
																			"options": {
																				"version": 1,
																				"autoCompleteSearchMode": "startswith",
																				"searchMode": "matches",
																				"label": "_VendorNumber",
																				"activable": true,
																				"width": "300",
																				"helpText": "",
																				"helpURL": "",
																				"helpFormat": "HTML Format",
																				"helpIconPosition": "Right",
																				"minNbLines": 1,
																				"maxNbLines": 1,
																				"fTSmaxRecords": "20",
																				"browsable": true
																			},
																			"stamp": 17
																		},
																		"LabelScoringType__": {
																			"type": "Label",
																			"data": [
																				"ScoringType__"
																			],
																			"options": {
																				"label": "_ScoringType"
																			},
																			"stamp": 18
																		},
																		"ScoringType__": {
																			"type": "ComboBox",
																			"data": [
																				"ScoringType__"
																			],
																			"options": {
																				"possibleValues": {
																					"0": "_CostScore",
																					"1": "_CustomerSupportScore",
																					"2": "_DeliveryScore",
																					"3": "_InvoicingScore",
																					"4": "_QualityScore",
																					"5": "_TimeEffectivenessScore"
																				},
																				"maxNbLinesToDisplay": 10,
																				"version": 1,
																				"keyValueMode": true,
																				"possibleKeys": {
																					"0": "cost",
																					"1": "customersupport",
																					"2": "delivery",
																					"3": "invoicing",
																					"4": "quality",
																					"5": "timeeffectiveness"
																				},
																				"label": "_ScoringType",
																				"activable": true,
																				"width": "300",
																				"helpText": "",
																				"helpURL": "",
																				"helpFormat": "HTML Format",
																				"helpIconPosition": "Right",
																				"DataSourceOrigin": "Standalone",
																				"DisplayedColumns": ""
																			},
																			"stamp": 19
																		},
																		"LabelScore__": {
																			"type": "Label",
																			"data": [
																				"Score__"
																			],
																			"options": {
																				"label": "_Score"
																			},
																			"stamp": 20
																		},
																		"Score__": {
																			"type": "Integer",
																			"data": [
																				"Score__"
																			],
																			"options": {
																				"version": 2,
																				"textSize": "S",
																				"textAlignment": "right",
																				"textStyle": "default",
																				"textColor": "default",
																				"integer": true,
																				"label": "_Score",
																				"precision_internal": 2,
																				"precision_current": 2,
																				"activable": true,
																				"width": "300",
																				"helpText": "",
																				"helpURL": "",
																				"helpFormat": "HTML Format",
																				"helpIconPosition": "Right",
																				"defaultValue": "0",
																				"enablePlusMinus": false,
																				"browsable": false
																			},
																			"stamp": 21
																		},
																		"LabelSourceRUIDEX__": {
																			"type": "Label",
																			"data": [
																				"SourceRUIDEX__"
																			],
																			"options": {
																				"label": "_SourceRUIDEX"
																			},
																			"stamp": 22
																		},
																		"SourceRUIDEX__": {
																			"type": "ShortText",
																			"data": [
																				"SourceRUIDEX__"
																			],
																			"options": {
																				"textSize": "S",
																				"textAlignment": "left",
																				"textStyle": "default",
																				"textColor": "default",
																				"version": 1,
																				"label": "_SourceRUIDEX",
																				"activable": true,
																				"width": "300",
																				"helpText": "",
																				"helpURL": "",
																				"helpFormat": "HTML Format",
																				"helpIconPosition": "Right",
																				"browsable": false
																			},
																			"stamp": 23
																		},
																		"LabelAuthor__": {
																			"type": "Label",
																			"data": [
																				"Author__"
																			],
																			"options": {
																				"label": "_Author"
																			},
																			"stamp": 24
																		},
																		"Author__": {
																			"type": "ShortText",
																			"data": [
																				"Author__"
																			],
																			"options": {
																				"textSize": "S",
																				"textAlignment": "left",
																				"textStyle": "default",
																				"textColor": "default",
																				"version": 1,
																				"label": "_Author",
																				"activable": true,
																				"width": "300",
																				"helpText": "",
																				"helpURL": "",
																				"helpFormat": "HTML Format",
																				"helpIconPosition": "Right",
																				"length": 250,
																				"browsable": false
																			},
																			"stamp": 25
																		},
																		"LabelComment__": {
																			"type": "Label",
																			"data": [
																				"Comment__"
																			],
																			"options": {
																				"label": "_Comment"
																			},
																			"stamp": 26
																		},
																		"Comment__": {
																			"type": "LongText",
																			"data": [
																				"Comment__"
																			],
																			"options": {
																				"textSize": "S",
																				"textAlignment": "left",
																				"textStyle": "default",
																				"textColor": "default",
																				"version": 1,
																				"minNbLines": 3,
																				"label": "_Comment",
																				"activable": true,
																				"width": "500",
																				"helpText": "",
																				"helpURL": "",
																				"helpFormat": "HTML Format",
																				"helpIconPosition": "Right",
																				"browsable": false
																			},
																			"stamp": 27
																		}
																	},
																	"stamp": 8
																}
															},
															"stamp": 7,
															"data": []
														}
													},
													"stamp": 6,
													"data": []
												}
											}
										}
									},
									"stamp": 5,
									"data": []
								}
							},
							"stamp": 4,
							"data": []
						}
					},
					"stamp": 3,
					"data": []
				},
				"form-footer": {
					"type": "FlexibleFormFooter",
					"options": {
						"splitterType": "simple-h",
						"version": 0
					},
					"*": {
						"Save": {
							"type": "SubmitButton",
							"options": {
								"label": "_Save",
								"action": "savequit",
								"submit": true,
								"version": 0,
								"shortCut": "S"
							},
							"stamp": 11,
							"data": []
						},
						"Close": {
							"type": "SubmitButton",
							"options": {
								"label": "_Close",
								"action": "cancel",
								"submit": true,
								"version": 0,
								"shortCut": "Q"
							},
							"stamp": 12,
							"data": []
						},
						"Delete": {
							"type": "SubmitButton",
							"options": {
								"label": "_Delete",
								"action": "delete",
								"submit": true,
								"version": 0,
								"disabled": true
							},
							"stamp": 13,
							"data": []
						}
					},
					"stamp": 10,
					"data": []
				}
			},
			"stamp": 1,
			"data": []
		}
	},
	"stamps": 27,
	"data": []
}</layout>
    </ui>
  </properties>
  <field deleted="0" format="" guid="E0JE00000PA9" id="VA4652000SG7" label="_Author_report" length="250" name="Author__" originalProcessID="QKFE00000PA9" precision="0" processid="UA4652000SG7" submitable="1" type="STR">
    <properties>
      <db>
        <alias>AVA4652000SG7</alias>
        <noxml>1</noxml>
        <fullname>/job/processfields/Author__</fullname>
        <defaultvalue>
        </defaultvalue>
        <RecordLastWrite>2022-10-25 17:19:23</RecordLastWrite>
      </db>
      <extrainfo>
        <Label>_Author_report</Label>
        <Alias>AVA4652000SG7</Alias>
        <ProcessFieldVersion vartype="INT">1</ProcessFieldVersion>
      </extrainfo>
      <gdr>
        <VarType>Area</VarType>
        <DisableAutolearn>1</DisableAutolearn>
      </gdr>
      <help>
        <helpData>{"helpText":"","helpURL":"","helpFormat":"HTML Format","helpIconPosition":"Right"}</helpData>
      </help>
      <ui>
        <_type>String</_type>
        <automatic>true</automatic>
      </ui>
    </properties>
  </field>
  <field deleted="0" format="" guid="F0JE00000PA9" id="WA4652000SG7" label="_Comment_report" length="32766" name="Comment__" originalProcessID="QKFE00000PA9" precision="0" processid="UA4652000SG7" submitable="1" type="STR">
    <properties>
      <db>
        <alias>AWA4652000SG7</alias>
        <noxml>1</noxml>
        <fullname>/job/processfields/Comment__</fullname>
        <defaultvalue>
        </defaultvalue>
        <RecordLastWrite>2022-10-25 17:19:23</RecordLastWrite>
      </db>
      <extrainfo>
        <Label>_Comment_report</Label>
        <Alias>AWA4652000SG7</Alias>
        <ProcessFieldVersion vartype="INT">1</ProcessFieldVersion>
      </extrainfo>
      <gdr>
        <DisableAutolearn>1</DisableAutolearn>
      </gdr>
      <help>
        <helpData>{"helpText":"","helpURL":"","helpFormat":"HTML Format","helpIconPosition":"Right"}</helpData>
      </help>
      <ui>
        <_type>String</_type>
        <automatic>true</automatic>
      </ui>
    </properties>
  </field>
  <field deleted="0" format="" guid="ZZIE00000PA9" id="XA4652000SG7" label="_CompanyCode_report" length="50" name="CompanyCode__" originalProcessID="QKFE00000PA9" precision="0" processid="UA4652000SG7" submitable="1" type="STR">
    <properties>
      <db>
        <alias>AXA4652000SG7</alias>
        <index vartype="INT">1</index>
        <noxml>1</noxml>
        <fullname>/job/processfields/CompanyCode__</fullname>
        <defaultvalue>
        </defaultvalue>
        <RecordLastWrite>2022-10-25 17:19:23</RecordLastWrite>
      </db>
      <extrainfo>
        <Label>_CompanyCode_report</Label>
        <Alias>AXA4652000SG7</Alias>
        <ProcessFieldVersion vartype="INT">1</ProcessFieldVersion>
      </extrainfo>
      <field>
        <Editable>false</Editable>
        <required>true</required>
        <TableName>CT#ECW552000SG7</TableName>
        <SortOrder>ASC</SortOrder>
        <DisplayedColumns>CompanyCode__|CompanyName__</DisplayedColumns>
        <DisplayedColumnsIds>
        </DisplayedColumnsIds>
        <UseTableForAutolearn>false</UseTableForAutolearn>
        <SavedColumn>CompanyCode__</SavedColumn>
        <SavedColumnId>
        </SavedColumnId>
        <ExposedColumns>
        </ExposedColumns>
        <ProcessName>PurchasingCompanycodes__</ProcessName>
        <KeyColumnId>
        </KeyColumnId>
        <KeyAttribute>
        </KeyAttribute>
        <CustomFilter>
        </CustomFilter>
      </field>
      <gdr>
        <DisableAutolearn>1</DisableAutolearn>
      </gdr>
      <help>
        <helpData>{"helpText":"","helpURL":"","helpFormat":"HTML Format","helpIconPosition":"Right"}</helpData>
      </help>
      <ui>
        <_type>String</_type>
        <automatic>true</automatic>
      </ui>
    </properties>
  </field>
  <field deleted="0" format="" guid="C0JE00000PA9" id="YA4652000SG7" label="_Score_report" length="0" name="Score__" originalProcessID="QKFE00000PA9" precision="0" processid="UA4652000SG7" submitable="1" type="INT">
    <properties>
      <db>
        <alias>AYA4652000SG7</alias>
        <noxml>1</noxml>
        <fullname>/job/processfields/Score__</fullname>
        <defaultvalue>0</defaultvalue>
        <RecordLastWrite>2022-10-25 17:19:23</RecordLastWrite>
      </db>
      <extrainfo>
        <Label>_Score_report</Label>
        <Alias>AYA4652000SG7</Alias>
        <ProcessFieldVersion vartype="INT">1</ProcessFieldVersion>
      </extrainfo>
      <gdr>
        <VarType>Area</VarType>
        <DisableAutolearn>1</DisableAutolearn>
      </gdr>
      <help>
        <helpData>{"helpText":"","helpURL":"","helpFormat":"HTML Format","helpIconPosition":"Right"}</helpData>
      </help>
      <ui>
        <_type>Number</_type>
        <automatic>true</automatic>
      </ui>
    </properties>
  </field>
  <field deleted="0" format="" guid="B0JE00000PA9" id="ZA4652000SG7" label="_ScoringType_report" length="50" name="ScoringType__" originalProcessID="QKFE00000PA9" precision="0" processid="UA4652000SG7" submitable="1" type="STR">
    <properties>
      <db>
        <alias>AZA4652000SG7</alias>
        <index vartype="INT">1</index>
        <noxml>1</noxml>
        <fullname>/job/processfields/ScoringType__</fullname>
        <defaultvalue>cost</defaultvalue>
        <RecordLastWrite>2022-10-25 17:19:23</RecordLastWrite>
      </db>
      <extrainfo>
        <Type>webaccess.Process.Columns.WithPossibleValues</Type>
        <Label>_ScoringType_report</Label>
        <Alias>AZA4652000SG7</Alias>
        <ProcessFieldVersion vartype="INT">1</ProcessFieldVersion>
      </extrainfo>
      <field>
        <required>true</required>
        <TableName>
        </TableName>
        <DisplayedColumns>
        </DisplayedColumns>
        <DataSourceOrigin>Standalone</DataSourceOrigin>
        <possibleKeys>cost
customersupport
delivery
invoicing
quality
timeeffectiveness</possibleKeys>
        <SavedColumn>
        </SavedColumn>
        <possibleValues>_CostScore
_CustomerSupportScore
_DeliveryScore
_InvoicingScore
_QualityScore
_TimeEffectivenessScore</possibleValues>
        <ProcessName>
        </ProcessName>
      </field>
      <gdr>
        <DisableAutolearn>1</DisableAutolearn>
      </gdr>
      <help>
        <helpData>{"helpText":"","helpURL":"","helpFormat":"HTML Format","helpIconPosition":"Right"}</helpData>
      </help>
      <ui>
        <_type>String</_type>
        <automatic>true</automatic>
      </ui>
    </properties>
  </field>
  <field deleted="0" format="" guid="D0JE00000PA9" id="AB4652000SG7" label="_SourceRUIDEX_report" length="50" name="SourceRUIDEX__" originalProcessID="QKFE00000PA9" precision="0" processid="UA4652000SG7" submitable="1" type="STR">
    <properties>
      <db>
        <alias>AAB4652000SG7</alias>
        <noxml>1</noxml>
        <fullname>/job/processfields/SourceRUIDEX__</fullname>
        <defaultvalue>
        </defaultvalue>
        <RecordLastWrite>2022-10-25 17:19:23</RecordLastWrite>
      </db>
      <extrainfo>
        <Label>_SourceRUIDEX_report</Label>
        <Alias>AAB4652000SG7</Alias>
        <ProcessFieldVersion vartype="INT">1</ProcessFieldVersion>
      </extrainfo>
      <gdr>
        <VarType>Area</VarType>
        <DisableAutolearn>1</DisableAutolearn>
      </gdr>
      <help>
        <helpData>{"helpText":"","helpURL":"","helpFormat":"HTML Format","helpIconPosition":"Right"}</helpData>
      </help>
      <ui>
        <_type>String</_type>
        <automatic>true</automatic>
      </ui>
    </properties>
  </field>
  <field deleted="0" format="" guid="A0JE00000PA9" id="BB4652000SG7" label="_VendorNumber_report" length="50" name="VendorNumber__" originalProcessID="QKFE00000PA9" precision="0" processid="UA4652000SG7" submitable="1" type="STR">
    <properties>
      <db>
        <alias>ABB4652000SG7</alias>
        <index vartype="INT">1</index>
        <noxml>1</noxml>
        <fullname>/job/processfields/VendorNumber__</fullname>
        <defaultvalue>
        </defaultvalue>
        <RecordLastWrite>2022-10-25 17:19:23</RecordLastWrite>
      </db>
      <extrainfo>
        <Label>_VendorNumber_report</Label>
        <Alias>ABB4652000SG7</Alias>
        <ProcessFieldVersion vartype="INT">1</ProcessFieldVersion>
      </extrainfo>
      <field>
        <Editable>false</Editable>
        <required>true</required>
        <TableName>CT#ZLW552000SG7</TableName>
        <SortOrder>ASC</SortOrder>
        <DisplayedColumns>Number__|Name__</DisplayedColumns>
        <DisplayedColumnsIds>
        </DisplayedColumnsIds>
        <UseTableForAutolearn>false</UseTableForAutolearn>
        <SavedColumn>Number__</SavedColumn>
        <SavedColumnId>
        </SavedColumnId>
        <ExposedColumns>
        </ExposedColumns>
        <ProcessName>AP - Vendors__</ProcessName>
        <KeyColumnId>
        </KeyColumnId>
        <KeyAttribute>
        </KeyAttribute>
        <CustomFilter>(|(CompanyCode__=%[CompanyCode__])(CompanyCode__=)(!(CompanyCode__=*)))</CustomFilter>
      </field>
      <gdr>
        <DisableAutolearn>1</DisableAutolearn>
      </gdr>
      <help>
        <helpData>{"helpText":"","helpURL":"","helpFormat":"HTML Format","helpIconPosition":"Right"}</helpData>
      </help>
      <ui>
        <_type>String</_type>
        <automatic>true</automatic>
      </ui>
    </properties>
  </field>
  <type id="JLLP13130F1" name="CT">
  </type>
</process>