﻿<?xml version="1.0" encoding="UTF-8" standalone="no"?>
<process accountid="20063076" allowrepairprocess="0" builtin="0" builtinversion="0" carriesapplicationversion="0" creationdatetime="2022-10-25 17:09:24" deleted="0" eskerapplication="" global="0" id="OO2652000SG7" keepcustomization="0" keepfieldsonly="0" keepfieldsproperties="0" keepnewcontroloptions="0" migrationversion="4" name="Catalog management reverter" needvalidation="0" ootofilter="" ootoversion="1" originalProcessID="E3Z2FP000IYP" ownerid="cn=admin_p2p@paragon-cc.fr,ou=DEV,ou=TrainingP2P,ou=DEMO_JULIEN,ou=05284299,ou=ESK,s=eoo" ownerpb="OnDemand AddressBook" public="1" pushnotification="0" reuseengine="1" sprintversion="5.261.0" transportname="CustomData" upgradable="1" userid="0" version="1" visibility="0">
  <properties>
    <dataConditions>
      <listDataConditions>
				&lt;dataCondition&gt;
					&lt;tableName&gt;P2P - Global Application Settings__&lt;/tableName&gt;
					&lt;filter&gt;msnex=*&lt;/filter&gt;
					&lt;labelKey&gt;_Purchasing disabled&lt;/labelKey&gt;
					&lt;conditions&gt;
						&lt;allowCondition&gt;
							&lt;fieldName&gt;EnablePurchasingGlobalSetting__&lt;/fieldName&gt;
							&lt;fieldValue&gt;1&lt;/fieldValue&gt;
						&lt;/allowCondition&gt;
					&lt;/conditions&gt;
				&lt;/dataCondition&gt;
			</listDataConditions>
    </dataConditions>
    <gdr>
      <validationscriptIncludedScripts>Lib_Purchasing_CM_Server_V12.0.461.0</validationscriptIncludedScripts>
      <validationscriptIncludedScripts>Lib_Purchasing_CM_Workflow_Server_V12.0.461.0</validationscriptIncludedScripts>
      <ValidationScript>/* eslint-disable class-methods-use-this */
///#GLOBALS Lib Sys
var validationscript;
(function (validationscript) {
    var CHelperVendorItem = Lib.Purchasing.CM.CHelperVendorItem;
    var CServerHelperVendorItem = Lib.Purchasing.CM.CServerHelperVendorItem;
    var CHelperWorkflowVendorItem = Lib.Purchasing.CM.Workflow.CHelperWorkflowVendorItem;
    var Main = /** @class */ (function () {
        function Main(helper, serverHelper, helperWkf) {
            this.helper = helper;
            this.helperWkf = helperWkf;
            this.helperServer = serverHelper;
            this.currentName = Data.GetActionName();
            this.currentAction = Data.GetActionType();
            Log.Info("-- CM reverter validation Script -- Name: '" + (this.currentName ? this.currentName : "&lt;empty&gt;") + "', Action: '" + (this.currentAction ? this.currentAction : "&lt;empty&gt;") + "'");
            if (this.currentName === "" &amp;&amp; this.currentAction === "") {
                if (Data.GetValue("State") == 50) {
                    Log.Info("Validation in touchless");
                    this.currentName = "Approve";
                    this.currentAction = "approve";
                }
            }
        }
        Main.prototype.Start = function () {
            var _this = this;
            Lib.P2P.InitValidityDateTime("PAC");
            Lib.P2P.InitArchiveDuration("PAC", "ProcurementArchiveDurationInMonths");
            // First validation
            if (this.currentName === "Approve" &amp;&amp; this.currentAction === "approve") {
                if (!this.helperServer.ProcessedData(function () { return _this.helperServer.RevertLines(); })) {
                    Lib.CommonDialog.NextAlert.Define("_CM revert error", "_CM revert error message", {
                        isError: true,
                        behaviorName: "CMRevertFailure"
                    });
                }
                else {
                    Lib.CommonDialog.NextAlert.Define("_CM revert success", "_CM revert success message", {
                        isError: false,
                        behaviorName: "CMRevertSuccess"
                    });
                    var transport = Process.GetUpdatableTransportAsProcessAdmin(Data.GetValue("CMWRuidEx__"));
                    this.MarkAsReverted(transport);
                    if (!this.helperWkf.IsInternalUpdateRequest()) {
                        transport = Process.GetUpdatableTransportAsProcessAdmin(Data.GetValue("CMRuidEx__"));
                        this.MarkAsReverted(transport);
                    }
                }
            }
        };
        Main.prototype.MarkAsReverted = function (transport) {
            var vars = transport.GetUninheritedVars();
            vars.AddValue_String("Status__", "Reverted", true);
            transport.Process();
            if (transport.GetLastError() !== 0) {
                throw new Error("Cannot process CM. Details: " + transport.GetLastErrorMessage());
            }
        };
        return Main;
    }());
    if (Variable.GetValueAsString("__UNIT_TEST__") !== "true") {
        var warehouseid = Variable.GetValueAsString("warehouseid");
        if (warehouseid) {
            throw Error("No revert for warehouse");
        }
        else {
            var helperVendorItem = new CHelperVendorItem();
            var helperWkfVendorItem = new CHelperWorkflowVendorItem();
            var main = new Main(helperVendorItem, new CServerHelperVendorItem(helperVendorItem, helperWkfVendorItem), helperWkfVendorItem);
            main.Start();
        }
    }
})(validationscript || (validationscript = {}));
</ValidationScript>
      <AllowTagCoverPages>true</AllowTagCoverPages>
      <AllowTagNewDocuments>true</AllowTagNewDocuments>
      <AllowTagAttachments>true</AllowTagAttachments>
      <AllowRemovePages>true</AllowRemovePages>
      <AllowSwapPages>true</AllowSwapPages>
    </gdr>
    <lg>
      <process_DE>{
	"_CMRuidEx": "Erweiterte ID des Antrags auf Katalogaktualisierung",
	"_CMWRuidEx": "Erweiterte ID der Katalogaktualisierung",
	"_CompanyCode": "Buchungskreis",
	"_VendorNumber": "Lieferantennummer"
}</process_DE>
      <process_JA>{
	"_CMRuidEx": "カタログ更新リクエスト拡張ID",
	"_CMWRuidEx": "カタログ更新拡張ID",
	"_CompanyCode": "会社コード",
	"_VendorNumber": "仕入先番号"
}</process_JA>
      <process_en>{
	"_CMRuidEx": "Catalog update request extended ID",
	"_CMWRuidEx": "Catalog update extended ID",
	"_CompanyCode": "Company code",
	"_VendorNumber": "Vendor number"
}</process_en>
      <process_ES>{
	"_CMRuidEx": "Id. extendido de la solicitud de actualización de catálogo",
	"_CMWRuidEx": "Id. extendido de la actualización del catálogo",
	"_CompanyCode": "Código de empresa",
	"_VendorNumber": "Número de proveedor"
}</process_ES>
      <process_FR>{
	"_CMRuidEx": "Identifiant long de la demande de mise à jour du catalogue",
	"_CMWRuidEx": "Identifiant long de la mise à jour du catalogue",
	"_CompanyCode": "Code société",
	"_VendorNumber": "Numéro du fournisseur"
}</process_FR>
      <process_nl-NL>{
	"_CMRuidEx": "Uitgebreide ID verzoek om catalogusupdate",
	"_CMWRuidEx": "Uitgebreide ID catalogusupdate",
	"_CompanyCode": "Bedrijfscode",
	"_VendorNumber": "Nummer leverancier"
}</process_nl-NL>
      <process_IT>{
	"_CMRuidEx": "ID esteso richiesta aggiornamento catalogo",
	"_CMWRuidEx": "ID esteso aggiornamento catalogo",
	"_CompanyCode": "Codice società",
	"_VendorNumber": "Numero fornitore"
}</process_IT>
      <process_zh-CN>{
	"_CMRuidEx": "目录更新请求扩展 ID",
	"_CMWRuidEx": "目录更新验证扩展 ID",
	"_CompanyCode": "公司代码",
	"_VendorNumber": "供应商编号"
}</process_zh-CN>
      <process_pt-BR>{
	"_CMRuidEx": "ID estendido da solicitação de atualização de catálogo",
	"_CMWRuidEx": "ID estendido da atualização do catálogo",
	"_CompanyCode": "Código da empresa",
	"_VendorNumber": "Número do fornecedor"
}</process_pt-BR>
    </lg>
    <ocr>
      <trade-off>accurate</trade-off>
      <image-binarization>no</image-binarization>
      <image-draft-fax>no</image-draft-fax>
      <image-despeckle>no</image-despeckle>
      <allowed-language>0</allowed-language>
      <image-resolution-enhancement>auto</image-resolution-enhancement>
      <pdf-processing>no-ocr</pdf-processing>
      <ocr_engine>Nuance190</ocr_engine>
      <ocrpagestoprocess>0</ocrpagestoprocess>
      <extractionAdditionalOptions>
      </extractionAdditionalOptions>
    </ocr>
    <process>
      <flowtype>processing</flowtype>
      <ocrpreset>scan</ocrpreset>
      <homepagelabel>Catalog management reverter</homepagelabel>
      <enableflexibleauditing>
      </enableflexibleauditing>
      <enableflexibleediting>
      </enableflexibleediting>
      <enableflexibleteaching>
      </enableflexibleteaching>
      <disableocr>
      </disableocr>
      <instanciable>1</instanciable>
      <disableautolearning>
      </disableautolearning>
      <backgroundprocessingthreshold>
      </backgroundprocessingthreshold>
      <EnablePreviewPrecomputation>
      </EnablePreviewPrecomputation>
      <enablerounddecimal>true</enablerounddecimal>
      <pdfNormalizeFilter>
      </pdfNormalizeFilter>
      <archiveDuration>0</archiveDuration>
      <ownhomepage>
      </ownhomepage>
      <ocrpagestoprocess>0</ocrpagestoprocess>
      <ScriptEngineType>2</ScriptEngineType>
      <UseActionNameWithScriptApproval>true</UseActionNameWithScriptApproval>
      <displayWidth>
      </displayWidth>
      <AllowUploadAttachment>1</AllowUploadAttachment>
      <AllowUploadReferenceDocument>1</AllowUploadReferenceDocument>
      <UseCultureFormat>true</UseCultureFormat>
      <AllowRetryExtractCD>true</AllowRetryExtractCD>
      <TransportName>CustomData</TransportName>
      <LayoutVersion>1.0</LayoutVersion>
      <printToProcess>
      </printToProcess>
    </process>
    <ui>
      <layout>{
	"*": {
		"GDRData": {
			"type": "GDRData",
			"options": {
				"version": 0
			},
			"stamp": 1,
			"data": []
		},
		"OCRParams": {
			"type": "OCRParams",
			"options": {
				"version": 0
			},
			"stamp": 2,
			"data": []
		},
		"Screen": {
			"type": "FlexibleFormLayout",
			"options": {
				"splitterType": "complex",
				"version": 0,
				"maxwidth": "",
				"backColor": "text-backgroundcolor-default",
				"style": null
			},
			"*": {
				"form-header": {
					"type": "FlexibleFormHeader",
					"options": {
						"version": 0,
						"maxwidth": ""
					},
					"stamp": 4,
					"data": []
				},
				"form-center": {
					"type": "FlexibleFormCenter",
					"options": {
						"version": 0,
						"maxwidth": ""
					},
					"*": {
						"form-content": {
							"type": "FlexibleFormContent",
							"options": {
								"version": 0
							},
							"*": {
								"form-content-top": {
									"type": "FlexibleFormSplitter",
									"options": {
										"autosize": true,
										"version": 1,
										"box": {
											"top": "0%",
											"left": "0%",
											"height": "25%"
										},
										"hidden": false
									},
									"*": {
										"form-content-top-1": {
											"type": "FlexibleFormLine",
											"options": {
												"version": 0
											},
											"*": {
												"DocumentsPanel": {
													"type": "PanelDocument",
													"options": {
														"version": 0,
														"border": {},
														"labelLength": 0,
														"iconURL": "",
														"TitleFontSize": "S",
														"hideActionButtons": false,
														"hideTitleBar": false,
														"hideTitle": false,
														"label": "_Documents"
													},
													"*": {
														"Document": {
															"data": [
																"documentscontroldata"
															],
															"type": "Documents",
															"options": {
																"version": 0
															},
															"stamp": 10
														}
													},
													"stamp": 9,
													"data": []
												}
											},
											"stamp": 8,
											"data": []
										}
									},
									"stamp": 7,
									"data": []
								},
								"form-content-bottom": {
									"type": "FlexibleFormSplitter",
									"options": {
										"version": 1,
										"box": {
											"top": 25,
											"left": 0,
											"width": 100,
											"height": 75
										},
										"hidden": false
									},
									"*": {
										"form-content-left": {
											"type": "FlexibleFormSplitter",
											"options": {
												"version": 1,
												"box": {
													"top": "0%",
													"left": "0%",
													"width": "45%"
												},
												"hidden": false
											},
											"*": {
												"form-content-left-1": {
													"type": "FlexibleFormLine",
													"options": {
														"version": 0
													},
													"*": {
														"DataPanel": {
															"type": "PanelData",
															"options": {
																"border": {},
																"version": 0,
																"labelLength": 0,
																"iconURL": "",
																"TitleFontSize": "S",
																"hideActionButtons": false,
																"hideTitleBar": false,
																"hideTitle": false,
																"backgroundcolor": "default",
																"labelsAlignment": "right",
																"label": "_Document data"
															},
															"*": {
																"FieldsManager": {
																	"type": "FieldsManager",
																	"options": {
																		"controlsAssociation": {
																			"CompanyCode__": "LabelCompanyCode__",
																			"LabelCompanyCode__": "CompanyCode__",
																			"VendorNumber__": "LabelVendorNumber__",
																			"LabelVendorNumber__": "VendorNumber__",
																			"CMWRuidEx__": "LabelCMWRuidEx__",
																			"LabelCMWRuidEx__": "CMWRuidEx__",
																			"CMRuidEx__": "LabelCMRuidEx__",
																			"LabelCMRuidEx__": "CMRuidEx__"
																		},
																		"version": 0
																	},
																	"*": {
																		"Grid": {
																			"type": "GridLayout",
																			"options": {
																				"lines": 4,
																				"columns": 2,
																				"version": 0,
																				"ctrlsPos": {
																					"CompanyCode__": {
																						"line": 1,
																						"column": 2
																					},
																					"LabelCompanyCode__": {
																						"line": 1,
																						"column": 1
																					},
																					"VendorNumber__": {
																						"line": 2,
																						"column": 2
																					},
																					"LabelVendorNumber__": {
																						"line": 2,
																						"column": 1
																					},
																					"CMWRuidEx__": {
																						"line": 3,
																						"column": 2
																					},
																					"LabelCMWRuidEx__": {
																						"line": 3,
																						"column": 1
																					},
																					"CMRuidEx__": {
																						"line": 4,
																						"column": 2
																					},
																					"LabelCMRuidEx__": {
																						"line": 4,
																						"column": 1
																					}
																				},
																				"colspans": [
																					[],
																					[],
																					[],
																					[]
																				]
																			},
																			"data": [
																				"fields"
																			],
																			"*": {
																				"LabelCompanyCode__": {
																					"type": "Label",
																					"data": [
																						"DatabaseComboBox__"
																					],
																					"options": {
																						"label": "_CompanyCode"
																					},
																					"stamp": 31
																				},
																				"CompanyCode__": {
																					"type": "DatabaseComboBox",
																					"data": [
																						"CompanyCode__"
																					],
																					"options": {
																						"version": 1,
																						"autoCompleteSearchMode": "startswith",
																						"searchMode": "contains",
																						"label": "_CompanyCode",
																						"activable": true,
																						"width": 230,
																						"helpText": "",
																						"helpURL": "",
																						"helpFormat": "HTML Format",
																						"minNbLines": 1,
																						"maxNbLines": 1,
																						"fTSmaxRecords": "20",
																						"browsable": true
																					},
																					"stamp": 32
																				},
																				"LabelVendorNumber__": {
																					"type": "Label",
																					"data": [
																						"VendorNumber__"
																					],
																					"options": {
																						"label": "_VendorNumber"
																					},
																					"stamp": 33
																				},
																				"VendorNumber__": {
																					"type": "DatabaseComboBox",
																					"data": [
																						"VendorNumber__"
																					],
																					"options": {
																						"version": 1,
																						"autoCompleteSearchMode": "startswith",
																						"searchMode": "contains",
																						"label": "_VendorNumber",
																						"activable": true,
																						"width": 230,
																						"helpText": "",
																						"helpURL": "",
																						"helpFormat": "HTML Format",
																						"minNbLines": 1,
																						"maxNbLines": 1,
																						"fTSmaxRecords": "20",
																						"browsable": true
																					},
																					"stamp": 34
																				},
																				"LabelCMWRuidEx__": {
																					"type": "Label",
																					"data": [
																						"CMWRuidEx__"
																					],
																					"options": {
																						"label": "_CMWRuidEx"
																					},
																					"stamp": 35
																				},
																				"CMWRuidEx__": {
																					"type": "ShortText",
																					"data": [
																						"CMWRuidEx__"
																					],
																					"options": {
																						"textSize": "S",
																						"textAlignment": "left",
																						"textStyle": "default",
																						"textColor": "default",
																						"version": 1,
																						"label": "_CMWRuidEx",
																						"activable": true,
																						"width": 230,
																						"helpText": "",
																						"helpURL": "",
																						"helpFormat": "HTML Format",
																						"browsable": false
																					},
																					"stamp": 36
																				},
																				"LabelCMRuidEx__": {
																					"type": "Label",
																					"data": [
																						"CMRuidEx__"
																					],
																					"options": {
																						"label": "_CMRuidEx"
																					},
																					"stamp": 37
																				},
																				"CMRuidEx__": {
																					"type": "ShortText",
																					"data": [
																						"CMRuidEx__"
																					],
																					"options": {
																						"textSize": "S",
																						"textAlignment": "left",
																						"textStyle": "default",
																						"textColor": "default",
																						"version": 1,
																						"label": "_CMRuidEx",
																						"activable": true,
																						"width": 230
																					},
																					"stamp": 38
																				}
																			},
																			"stamp": 16
																		}
																	},
																	"stamp": 15,
																	"data": []
																}
															},
															"stamp": 14,
															"data": []
														}
													},
													"stamp": 13,
													"data": []
												},
												"form-content-left-2": {
													"type": "FlexibleFormLine",
													"options": {
														"version": 0
													},
													"*": {
														"SystemData": {
															"type": "PanelSystemData",
															"options": {
																"multicolumn": false,
																"version": 0,
																"border": {},
																"labelLength": 0,
																"iconURL": "",
																"TitleFontSize": "S",
																"hideActionButtons": false,
																"hideTitleBar": false,
																"hideTitle": false,
																"label": "_System data"
															},
															"stamp": 18,
															"data": []
														}
													},
													"stamp": 17,
													"data": []
												},
												"form-content-left-3": {
													"type": "FlexibleFormLine",
													"options": {
														"version": 0
													},
													"*": {
														"NextProcess": {
															"type": "PanelNextProcess",
															"options": {
																"hidden": true,
																"version": 0,
																"border": {},
																"labelLength": 0,
																"iconURL": "",
																"TitleFontSize": "S",
																"hideActionButtons": false,
																"hideTitleBar": false,
																"hideTitle": false,
																"label": "_Next Process"
															},
															"stamp": 20,
															"data": []
														}
													},
													"stamp": 19,
													"data": []
												}
											},
											"stamp": 12,
											"data": []
										},
										"form-content-right": {
											"type": "FlexibleFormSplitter",
											"options": {
												"version": 1,
												"box": {
													"top": 0,
													"left": 45,
													"width": 55,
													"height": 99
												},
												"hidden": false
											},
											"*": {
												"form-content-right-1": {
													"type": "FlexibleFormLine",
													"options": {
														"version": 0
													},
													"*": {
														"PreviewPanel": {
															"type": "PanelPreview",
															"options": {
																"border": {},
																"version": 0,
																"labelLength": 0,
																"iconURL": "",
																"TitleFontSize": "S",
																"hideActionButtons": false,
																"hideTitleBar": false,
																"hideTitle": false,
																"label": "_Document Preview"
															},
															"*": {
																"Preview": {
																	"data": [
																		"previewdata"
																	],
																	"type": "Preview",
																	"options": {
																		"version": 0
																	},
																	"stamp": 24
																}
															},
															"stamp": 23,
															"data": []
														}
													},
													"stamp": 22,
													"data": []
												}
											},
											"stamp": 21,
											"data": []
										}
									},
									"stamp": 11,
									"data": []
								}
							},
							"stamp": 6,
							"data": []
						}
					},
					"stamp": 5,
					"data": []
				},
				"form-footer": {
					"type": "FlexibleFormFooter",
					"options": {
						"splitterType": "simple-h",
						"version": 0,
						"maxwidth": ""
					},
					"*": {
						"Save": {
							"type": "SubmitButton",
							"options": {
								"label": "_Save",
								"action": "save",
								"submit": true,
								"version": 0
							},
							"stamp": 26,
							"data": []
						},
						"Approve": {
							"type": "SubmitButton",
							"options": {
								"label": "_Approve",
								"action": "approve",
								"submit": true,
								"version": 0
							},
							"stamp": 27,
							"data": []
						},
						"Reject": {
							"type": "SubmitButton",
							"options": {
								"label": "_Reject",
								"action": "reject",
								"submit": true,
								"version": 0
							},
							"stamp": 28,
							"data": []
						},
						"Reprocess": {
							"type": "SubmitButton",
							"options": {
								"label": "_Reprocess",
								"action": "reprocess",
								"submit": true,
								"version": 0
							},
							"stamp": 29,
							"data": []
						},
						"Close": {
							"type": "SubmitButton",
							"options": {
								"label": "_Close",
								"action": "cancel",
								"submit": true,
								"version": 0
							},
							"stamp": 30,
							"data": []
						}
					},
					"stamp": 25,
					"data": []
				}
			},
			"stamp": 3,
			"data": []
		}
	},
	"stamps": 38,
	"data": []
}</layout>
    </ui>
  </properties>
  <field deleted="0" format="" guid="DDZ2FP000IYP" id="PO2652000SG7" label="_CMRuidEx" length="50" name="CMRuidEx__" originalProcessID="E3Z2FP000IYP" precision="0" processid="OO2652000SG7" submitable="1" type="STR">
    <properties>
      <db>
        <alias>APO2652000SG7</alias>
        <noxml>1</noxml>
        <fullname>/job/processfields/CMRuidEx__</fullname>
        <defaultvalue>
        </defaultvalue>
        <RecordLastWrite>2022-10-25 17:09:23</RecordLastWrite>
      </db>
      <extrainfo>
        <Label>_CMRuidEx</Label>
        <Alias>APO2652000SG7</Alias>
        <ProcessFieldVersion vartype="INT">1</ProcessFieldVersion>
      </extrainfo>
      <gdr>
        <VarType>Area</VarType>
        <DisableAutolearn>1</DisableAutolearn>
      </gdr>
      <ui>
        <_type>String</_type>
        <automatic>true</automatic>
      </ui>
    </properties>
  </field>
  <field deleted="0" format="" guid="FOU2FP000IYP" id="QO2652000SG7" label="_CMWRuidEx" length="50" name="CMWRuidEx__" originalProcessID="E3Z2FP000IYP" precision="0" processid="OO2652000SG7" submitable="1" type="STR">
    <properties>
      <db>
        <alias>AQO2652000SG7</alias>
        <noxml>1</noxml>
        <fullname>/job/processfields/CMWRuidEx__</fullname>
        <defaultvalue>
        </defaultvalue>
        <RecordLastWrite>2022-10-25 17:09:23</RecordLastWrite>
      </db>
      <extrainfo>
        <Label>_CMWRuidEx</Label>
        <Alias>AQO2652000SG7</Alias>
        <ProcessFieldVersion vartype="INT">1</ProcessFieldVersion>
      </extrainfo>
      <gdr>
        <VarType>Area</VarType>
        <DisableAutolearn>1</DisableAutolearn>
      </gdr>
      <help>
        <helpData>{"helpText":"","helpURL":"","helpFormat":"HTML Format"}</helpData>
      </help>
      <ui>
        <_type>String</_type>
        <automatic>true</automatic>
      </ui>
    </properties>
  </field>
  <field deleted="0" format="" guid="A423FP000IYP" id="DR3652000SG7" label="_CompanyCode" length="50" name="CompanyCode__" originalProcessID="E3Z2FP000IYP" precision="0" processid="OO2652000SG7" submitable="1" type="STR">
    <properties>
      <db>
        <alias>ADR3652000SG7</alias>
        <noxml>1</noxml>
        <fullname>/job/processfields/CompanyCode__</fullname>
        <defaultvalue>
        </defaultvalue>
        <RecordLastWrite>2022-10-25 17:09:24</RecordLastWrite>
      </db>
      <extrainfo>
        <Label>_CompanyCode</Label>
        <Alias>ADR3652000SG7</Alias>
        <ProcessFieldVersion vartype="INT">1</ProcessFieldVersion>
      </extrainfo>
      <field>
        <Editable>true</Editable>
        <SortOrder>
        </SortOrder>
        <DisplayedColumns>
        </DisplayedColumns>
        <UseTableForAutolearn>false</UseTableForAutolearn>
        <SavedColumn>
        </SavedColumn>
        <KeyColumnId>
        </KeyColumnId>
        <KeyAttribute>
        </KeyAttribute>
        <CustomFilter>
        </CustomFilter>
      </field>
      <gdr>
        <DisableAutolearn>1</DisableAutolearn>
      </gdr>
      <help>
        <helpData>{"helpText":"","helpURL":"","helpFormat":"HTML Format"}</helpData>
      </help>
      <ui>
        <_type>String</_type>
        <automatic>true</automatic>
      </ui>
    </properties>
  </field>
  <field deleted="0" format="" guid="B423FP000IYP" id="ER3652000SG7" label="_VendorNumber" length="50" name="VendorNumber__" originalProcessID="E3Z2FP000IYP" precision="0" processid="OO2652000SG7" submitable="1" type="STR">
    <properties>
      <db>
        <alias>AER3652000SG7</alias>
        <noxml>1</noxml>
        <fullname>/job/processfields/VendorNumber__</fullname>
        <defaultvalue>
        </defaultvalue>
        <RecordLastWrite>2022-10-25 17:09:24</RecordLastWrite>
      </db>
      <extrainfo>
        <Label>_VendorNumber</Label>
        <Alias>AER3652000SG7</Alias>
        <ProcessFieldVersion vartype="INT">1</ProcessFieldVersion>
      </extrainfo>
      <field>
        <Editable>true</Editable>
        <SortOrder>
        </SortOrder>
        <DisplayedColumns>
        </DisplayedColumns>
        <UseTableForAutolearn>false</UseTableForAutolearn>
        <SavedColumn>
        </SavedColumn>
        <KeyColumnId>
        </KeyColumnId>
        <KeyAttribute>
        </KeyAttribute>
        <CustomFilter>
        </CustomFilter>
      </field>
      <gdr>
        <DisableAutolearn>1</DisableAutolearn>
      </gdr>
      <help>
        <helpData>{"helpText":"","helpURL":"","helpFormat":"HTML Format"}</helpData>
      </help>
      <ui>
        <_type>String</_type>
        <automatic>true</automatic>
      </ui>
    </properties>
  </field>
  <type id="RJRH13130EF" name="CD">
  </type>
</process>