﻿<?xml version="1.0" encoding="UTF-8" standalone="no"?>
<process accountid="20063076" allowrepairprocess="0" builtin="0" builtinversion="0" carriesapplicationversion="0" creationdatetime="2022-10-25 17:06:56" deleted="0" eskerapplication="" global="0" id="HN0652000SG7" keepcustomization="0" keepfieldsonly="0" keepfieldsproperties="0" keepnewcontroloptions="0" migrationversion="4" name="P2P - G/L account to Cost type__" needvalidation="1" ootofilter="" ootoversion="0" originalProcessID="TKK3FP000M4H" ownerid="cn=admin_p2p@paragon-cc.fr,ou=DEV,ou=TrainingP2P,ou=DEMO_JULIEN,ou=05284299,ou=ESK,s=eoo" ownerpb="OnDemand AddressBook" public="1" pushnotification="0" reuseengine="0" sprintversion="5.261.0" transportname="CustomTable" upgradable="1" userid="0" version="1" visibility="0">
  <properties>
    <dbIndex>
      <AUTO_AIN0652000SG7A>&lt;Index&gt;&lt;Ref Name="AIN0652000SG7" Option="ASC"/&gt;&lt;/Index&gt;</AUTO_AIN0652000SG7A>
      <AUTO_AJN0652000SG7A>&lt;Index&gt;&lt;Ref Name="AJN0652000SG7" Option="ASC"/&gt;&lt;/Index&gt;</AUTO_AJN0652000SG7A>
      <AUTO_AKN0652000SG7A>&lt;Index&gt;&lt;Ref Name="AKN0652000SG7" Option="ASC"/&gt;&lt;/Index&gt;</AUTO_AKN0652000SG7A>
    </dbIndex>
    <gdr>
    </gdr>
    <lg>
      <process_de>{
	"_CapEx": "CapEx",
	"_CompanyCode": "Buchungskreis",
	"_CompanyCode_report": "Buchungskreis",
	"_CostType": "Kostenart",
	"_CostType_report": "Kostenart",
	"_Document data": "Dokumentdaten",
	"_FromGLAccount": "Von Sachkontonummer",
	"_FromGLAccount_report": "Von Sachkontonummer",
	"_OpEx": "OpEx",
	"_ToGLAccount": "Bis Sachkontonummer",
	"_ToGLAccount_report": "Bis Sachkontonummer",
	"P2P - G/L account to Cost type": "P2P - Sachkonten/Kostenarten",
	"P2P - G/L account to Cost type__": "P2P - Sachkonten/Kostenarten"
}</process_de>
      <process_JA>{
	"_CapEx": "CapEx",
	"_CompanyCode": "会社コード",
	"_CompanyCode_report": "会社コード",
	"_CostType": "コスト種別",
	"_CostType_report": "コスト種別",
	"_Document data": "文書データ",
	"_FromGLAccount": "勘定科目番号から",
	"_FromGLAccount_report": "勘定科目番号から",
	"_OpEx": "OpEx",
	"_ToGLAccount": "勘定科目番号へ",
	"_ToGLAccount_report": "勘定科目番号へ",
	"P2P - G/L account to Cost type": "P2P - 勘定科目/コスト種別",
	"P2P - G/L account to Cost type__": "P2P - 勘定科目/コスト種別"
}</process_JA>
      <process_en>{
	"_CapEx": "CapEx",
	"_CompanyCode": "Company code",
	"_CompanyCode_report": "Company code",
	"_CostType": "Cost type",
	"_CostType_report": "Cost type",
	"_Document data": "Document data",
	"_FromGLAccount": "From G/L account number",
	"_FromGLAccount_report": "From G/L account number",
	"_OpEx": "OpEx",
	"_ToGLAccount": "To G/L account number",
	"_ToGLAccount_report": "To G/L account number",
	"P2P - G/L account to Cost type": "P2P - G/L accounts/Cost types",
	"P2P - G/L account to Cost type__": "P2P - G/L accounts/Cost types"
}</process_en>
      <process_es>{
	"_CapEx": "CapEx",
	"_CompanyCode": "Código de empresa",
	"_CompanyCode_report": "Código de empresa",
	"_CostType": "Tipo de coste",
	"_CostType_report": "Tipo de coste",
	"_Document data": "Datos del documento",
	"_FromGLAccount": "Número de cuenta de mayor (de)",
	"_FromGLAccount_report": "Número de cuenta de mayor (de)",
	"_OpEx": "OpEx",
	"_ToGLAccount": "Número de cuenta de mayor (a)",
	"_ToGLAccount_report": "Número de cuenta de mayor (a)",
	"P2P - G/L account to Cost type": "P2P - Cuenta de mayor/Tipos de coste",
	"P2P - G/L account to Cost type__": "P2P - Cuentas de mayor/Tipos de coste"
}</process_es>
      <process_fr>{
	"_CapEx": "CapEx",
	"_CompanyCode": "Code société",
	"_CompanyCode_report": "Code société",
	"_CostType": "Type de coût",
	"_CostType_report": "Type de coût",
	"_Document data": "Données du document",
	"_FromGLAccount": "Numéro de compte général (de)",
	"_FromGLAccount_report": "Numéro de compte général (de)",
	"_OpEx": "OpEx",
	"_ToGLAccount": "Numéro de compte général (à)",
	"_ToGLAccount_report": "Numéro de compte général (à)",
	"P2P - G/L account to Cost type": "P2P - Comptes généraux/Types de coût",
	"P2P - G/L account to Cost type__": "P2P - Comptes généraux/Types de coût"
}</process_fr>
      <process_nl-NL>{
	"_CapEx": "CapEx",
	"_CompanyCode": "Bedrijfscode",
	"_CompanyCode_report": "Bedrijfscode",
	"_CostType": "Type kosten",
	"_CostType_report": "Type kosten",
	"_Document data": "Documentgegevens",
	"_FromGLAccount": "Van grootboekrekeningnummer",
	"_FromGLAccount_report": "Van grootboekrekeningnummer",
	"_OpEx": "OpEx",
	"_ToGLAccount": "Naar grootboekrekeningnummer",
	"_ToGLAccount_report": "Naar grootboekrekeningnummer",
	"P2P - G/L account to Cost type": "P2P - Grootboekrekeningen/types kosten",
	"P2P - G/L account to Cost type__": "P2P - Grootboekrekeningen/types kosten"
}</process_nl-NL>
      <process_it>{
	"_CapEx": "CapEx",
	"_CompanyCode": "Codice società",
	"_CompanyCode_report": "Codice società",
	"_CostType": "Tipo di costo",
	"_CostType_report": "Tipo di costo",
	"_Document data": "Dati documento",
	"_FromGLAccount": "Numero di conto generale (da)",
	"_FromGLAccount_report": "Numero di conto generale (da)",
	"_OpEx": "OpEx",
	"_ToGLAccount": "Numero di conto generale (a)",
	"_ToGLAccount_report": "Numero di conto generale (a)",
	"P2P - G/L account to Cost type": "P2P - Conti generali/Tipi di costo",
	"P2P - G/L account to Cost type__": "P2P - Conti generali/Tipi di costo"
}</process_it>
      <process_zh-CN>{
	"_CapEx": "资本性支出",
	"_CostType": "成本类型",
	"_CostType_report": "成本类型",
	"_Document data": "文档数据",
	"_FromGLAccount": "从总账科目编号",
	"_FromGLAccount_report": "从总账科目编号",
	"_OpEx": "运营费用",
	"_ToGLAccount": "至总账科目编号",
	"_ToGLAccount_report": "至总账科目编号",
	"P2P - G/L account to Cost type": "采购到支付 - 总账科目/成本类型",
	"P2P - G/L account to Cost type__": "采购到支付 - 总账科目/成本类型"
}</process_zh-CN>
      <process_pt-BR>{
	"_CapEx": "Capex",
	"_CostType": "Tipo de custo",
	"_CostType_report": "Tipo de custo",
	"_Document data": "Informação de documento",
	"_FromGLAccount": "Do número da conta do Razão",
	"_FromGLAccount_report": "Do número da conta do Razão",
	"_OpEx": "OpEx",
	"_ToGLAccount": "Para o número da conta do Razão",
	"_ToGLAccount_report": "Para o número da conta do Razão",
	"P2P - G/L account to Cost type": "P2P - Contas do Razão/Tipos de custo",
	"P2P - G/L account to Cost type__": "P2P - Contas do Razão/Tipos de custo"
}</process_pt-BR>
    </lg>
    <process>
      <BUColumn>CompanyCode__</BUColumn>
      <flowtype>processing</flowtype>
      <homepagelabel>P2P - G/L account to Cost type</homepagelabel>
      <upgradable>yes</upgradable>
      <instanciable>1</instanciable>
      <OverrideAllowedAttachmentExtensions>*</OverrideAllowedAttachmentExtensions>
      <AllowUploadAttachment>0</AllowUploadAttachment>
      <AllowUploadReferenceDocument>0</AllowUploadReferenceDocument>
      <shouldRollbackManualRecordEdits>true</shouldRollbackManualRecordEdits>
      <shouldShowManualEditsWarning>false</shouldShowManualEditsWarning>
      <UseCultureFormat>true</UseCultureFormat>
      <TransportName>CustomTable</TransportName>
      <LayoutVersion>1.0</LayoutVersion>
    </process>
    <ui>
      <layout>{
	"*": {
		"Screen": {
			"type": "FlexibleFormLayout",
			"options": {
				"splitterType": "simple-v",
				"version": 0,
				"backColor": "text-backgroundcolor-default",
				"style": null,
				"processHelpId": "5092"
			},
			"*": {
				"form-header": {
					"type": "FlexibleFormHeader",
					"options": {
						"hidePanelsMenu": false,
						"version": 0
					},
					"stamp": 2,
					"data": []
				},
				"form-center": {
					"type": "FlexibleFormCenter",
					"options": {
						"version": 0
					},
					"*": {
						"form-content": {
							"type": "FlexibleFormContent",
							"options": {
								"version": 0
							},
							"*": {
								"form-content-center": {
									"type": "FlexibleFormSplitter",
									"options": {
										"version": 1,
										"box": {
											"top": "0%",
											"left": "0%",
											"width": "100%"
										},
										"hidden": false
									},
									"*": {
										"form-content-center-1": {
											"type": "FlexibleFormLine",
											"data": [],
											"options": {
												"version": 0
											},
											"stamp": 9,
											"*": {
												"DataPanel": {
													"type": "PanelData",
													"options": {
														"border": {},
														"version": 0,
														"labelLength": 0,
														"iconURL": "",
														"TitleFontSize": "S",
														"hideActionButtons": false,
														"hideTitleBar": false,
														"hideTitle": false,
														"backgroundcolor": "default",
														"labelsAlignment": "right",
														"label": "_Document data"
													},
													"*": {
														"FieldsManager": {
															"type": "FieldsManager",
															"options": {
																"controlsAssociation": {
																	"CompanyCode__": "LabelCompanyCode__",
																	"LabelCompanyCode__": "CompanyCode__",
																	"ToGLAccount__": "LabelToGLAccount__",
																	"LabelToGLAccount__": "ToGLAccount__",
																	"FromGLAccount__": "LabelFromGLAccount__",
																	"LabelFromGLAccount__": "FromGLAccount__",
																	"CostType__": "LabelCostType__",
																	"LabelCostType__": "CostType__"
																},
																"version": 0
															},
															"*": {
																"Grid": {
																	"type": "GridLayout",
																	"options": {
																		"lines": 4,
																		"columns": 2,
																		"version": 0,
																		"ctrlsPos": {
																			"CompanyCode__": {
																				"line": 1,
																				"column": 2
																			},
																			"LabelCompanyCode__": {
																				"line": 1,
																				"column": 1
																			},
																			"ToGLAccount__": {
																				"line": 3,
																				"column": 2
																			},
																			"LabelToGLAccount__": {
																				"line": 3,
																				"column": 1
																			},
																			"FromGLAccount__": {
																				"line": 2,
																				"column": 2
																			},
																			"LabelFromGLAccount__": {
																				"line": 2,
																				"column": 1
																			},
																			"CostType__": {
																				"line": 4,
																				"column": 2
																			},
																			"LabelCostType__": {
																				"line": 4,
																				"column": 1
																			}
																		},
																		"colspans": [
																			[],
																			[],
																			[],
																			[]
																		]
																	},
																	"data": [
																		"fields"
																	],
																	"*": {
																		"LabelCompanyCode__": {
																			"type": "Label",
																			"data": [
																				"CompanyCode__"
																			],
																			"options": {
																				"label": "_CompanyCode",
																				"version": 0
																			},
																			"stamp": 20
																		},
																		"CompanyCode__": {
																			"type": "DatabaseComboBox",
																			"data": [
																				"CompanyCode__"
																			],
																			"options": {
																				"version": 1,
																				"autoCompleteSearchMode": "startswith",
																				"searchMode": "matches",
																				"label": "_CompanyCode",
																				"activable": true,
																				"width": 230,
																				"helpText": "",
																				"helpURL": "",
																				"helpFormat": "HTML Format",
																				"minNbLines": 1,
																				"maxNbLines": 1,
																				"fTSmaxRecords": "20",
																				"browsable": true,
																				"PreFillFTS": true
																			},
																			"stamp": 21
																		},
																		"LabelFromGLAccount__": {
																			"type": "Label",
																			"data": [
																				"FromGLAccount__"
																			],
																			"options": {
																				"label": "_FromGLAccount",
																				"version": 0
																			},
																			"stamp": 18
																		},
																		"FromGLAccount__": {
																			"type": "DatabaseComboBox",
																			"data": [
																				"FromGLAccount__"
																			],
																			"options": {
																				"version": 1,
																				"autoCompleteSearchMode": "startswith",
																				"searchMode": "matches",
																				"label": "_FromGLAccount",
																				"activable": true,
																				"width": 230,
																				"helpText": "",
																				"helpURL": "",
																				"helpFormat": "HTML Format",
																				"minNbLines": 1,
																				"maxNbLines": 1,
																				"fTSmaxRecords": "20",
																				"browsable": true,
																				"PreFillFTS": true
																			},
																			"stamp": 19
																		},
																		"LabelToGLAccount__": {
																			"type": "Label",
																			"data": [
																				"ToGLAccount__"
																			],
																			"options": {
																				"label": "_ToGLAccount",
																				"version": 0
																			},
																			"stamp": 16
																		},
																		"ToGLAccount__": {
																			"type": "DatabaseComboBox",
																			"data": [
																				"ToGLAccount__"
																			],
																			"options": {
																				"version": 1,
																				"autoCompleteSearchMode": "startswith",
																				"searchMode": "matches",
																				"label": "_ToGLAccount",
																				"activable": true,
																				"width": 230,
																				"helpText": "",
																				"helpURL": "",
																				"helpFormat": "HTML Format",
																				"minNbLines": 1,
																				"maxNbLines": 1,
																				"fTSmaxRecords": "20",
																				"browsable": true,
																				"PreFillFTS": true
																			},
																			"stamp": 17
																		},
																		"LabelCostType__": {
																			"type": "Label",
																			"data": [
																				"CostType__"
																			],
																			"options": {
																				"label": "_CostType",
																				"version": 0
																			},
																			"stamp": 14
																		},
																		"CostType__": {
																			"type": "ComboBox",
																			"data": [
																				"CostType__"
																			],
																			"options": {
																				"possibleValues": {
																					"0": "",
																					"1": "_OpEx",
																					"2": "_CapEx"
																				},
																				"version": 1,
																				"keyValueMode": true,
																				"possibleKeys": {
																					"0": "",
																					"1": "OpEx",
																					"2": "CapEx"
																				},
																				"label": "_CostType",
																				"activable": true,
																				"width": 230,
																				"helpText": "",
																				"helpURL": "",
																				"helpFormat": "HTML Format",
																				"DataSourceOrigin": "Standalone",
																				"DisplayedColumns": ""
																			},
																			"stamp": 15
																		}
																	},
																	"stamp": 8
																}
															},
															"stamp": 7,
															"data": []
														}
													},
													"stamp": 6,
													"data": []
												}
											}
										}
									},
									"stamp": 5,
									"data": []
								}
							},
							"stamp": 4,
							"data": []
						}
					},
					"stamp": 3,
					"data": []
				},
				"form-footer": {
					"type": "FlexibleFormFooter",
					"options": {
						"splitterType": "simple-h",
						"version": 0
					},
					"*": {
						"Save": {
							"type": "SubmitButton",
							"options": {
								"label": "_Save",
								"action": "savequit",
								"submit": true,
								"version": 0,
								"shortCut": "S"
							},
							"stamp": 11,
							"data": []
						},
						"Close": {
							"type": "SubmitButton",
							"options": {
								"label": "_Close",
								"action": "cancel",
								"submit": true,
								"version": 0,
								"shortCut": "Q"
							},
							"stamp": 12,
							"data": []
						},
						"Delete": {
							"type": "SubmitButton",
							"options": {
								"label": "_Delete",
								"action": "delete",
								"submit": true,
								"version": 0,
								"disabled": true
							},
							"stamp": 13,
							"data": []
						}
					},
					"stamp": 10,
					"data": []
				}
			},
			"stamp": 1,
			"data": []
		}
	},
	"stamps": 21,
	"data": []
}</layout>
    </ui>
  </properties>
  <field deleted="0" format="" guid="SKK3FP000M4H" id="IN0652000SG7" label="_CompanyCode_report" length="50" name="CompanyCode__" originalProcessID="TKK3FP000M4H" precision="0" processid="HN0652000SG7" submitable="1" type="STR">
    <properties>
      <db>
        <alias>AIN0652000SG7</alias>
        <index vartype="INT">1</index>
        <noxml>1</noxml>
        <fullname>/job/processfields/CompanyCode__</fullname>
        <defaultvalue>
        </defaultvalue>
        <RecordLastWrite>2022-10-25 17:06:55</RecordLastWrite>
      </db>
      <extrainfo>
        <Label>_CompanyCode_report</Label>
        <Alias>AIN0652000SG7</Alias>
        <ProcessFieldVersion vartype="INT">1</ProcessFieldVersion>
      </extrainfo>
      <field>
        <Editable>true</Editable>
        <required>false</required>
        <TableName>CT#ECW552000SG7</TableName>
        <SortOrder>
        </SortOrder>
        <DisplayedColumns>CompanyCode__|CompanyName__</DisplayedColumns>
        <DisplayedColumnsIds>
        </DisplayedColumnsIds>
        <SavedColumn>CompanyCode__</SavedColumn>
        <SavedColumnId>
        </SavedColumnId>
        <ProcessName>PurchasingCompanycodes__</ProcessName>
        <CustomFilter>
        </CustomFilter>
      </field>
      <gdr>
        <VarType>Area</VarType>
      </gdr>
      <ui>
        <_type>String</_type>
        <automatic>true</automatic>
      </ui>
    </properties>
  </field>
  <field deleted="0" format="" guid="PKK3FP000M4H" id="JN0652000SG7" label="_CostType_report" length="50" name="CostType__" originalProcessID="TKK3FP000M4H" precision="0" processid="HN0652000SG7" submitable="1" type="STR">
    <properties>
      <db>
        <alias>AJN0652000SG7</alias>
        <index vartype="INT">1</index>
        <noxml>1</noxml>
        <fullname>/job/processfields/CostType__</fullname>
        <defaultvalue>
        </defaultvalue>
        <RecordLastWrite>2022-10-25 17:06:56</RecordLastWrite>
      </db>
      <extrainfo>
        <Type>webaccess.Process.Columns.WithPossibleValues</Type>
        <Label>_CostType_report</Label>
        <Alias>AJN0652000SG7</Alias>
        <ProcessFieldVersion vartype="INT">1</ProcessFieldVersion>
      </extrainfo>
      <field>
        <required>true</required>
        <TableName>
        </TableName>
        <DisplayedColumns>
        </DisplayedColumns>
        <DataSourceOrigin>Standalone</DataSourceOrigin>
        <possibleKeys>
OpEx
CapEx</possibleKeys>
        <SavedColumn>
        </SavedColumn>
        <possibleValues>
_OpEx
_CapEx</possibleValues>
        <ProcessName>
        </ProcessName>
      </field>
      <gdr>
        <VarType>Area</VarType>
      </gdr>
      <ui>
        <_type>String</_type>
        <automatic>true</automatic>
      </ui>
    </properties>
  </field>
  <field deleted="0" format="" guid="RKK3FP000M4H" id="KN0652000SG7" label="_FromGLAccount_report" length="50" name="FromGLAccount__" originalProcessID="TKK3FP000M4H" precision="0" processid="HN0652000SG7" submitable="1" type="STR">
    <properties>
      <db>
        <alias>AKN0652000SG7</alias>
        <index vartype="INT">1</index>
        <noxml>1</noxml>
        <fullname>/job/processfields/FromGLAccount__</fullname>
        <defaultvalue>
        </defaultvalue>
        <RecordLastWrite>2022-10-25 17:06:56</RecordLastWrite>
      </db>
      <extrainfo>
        <Label>_FromGLAccount_report</Label>
        <Alias>AKN0652000SG7</Alias>
        <ProcessFieldVersion vartype="INT">1</ProcessFieldVersion>
      </extrainfo>
      <field>
        <Editable>true</Editable>
        <required>true</required>
        <TableName>CT#UHW552000SG7</TableName>
        <SortOrder>ASC</SortOrder>
        <DisplayedColumns>Account__|Description__|Group__</DisplayedColumns>
        <DisplayedColumnsIds>
        </DisplayedColumnsIds>
        <UseTableForAutolearn>false</UseTableForAutolearn>
        <SavedColumn>Account__</SavedColumn>
        <SavedColumnId>
        </SavedColumnId>
        <ProcessName>AP - G/L accounts__</ProcessName>
        <KeyColumnId>
        </KeyColumnId>
        <KeyAttribute>
        </KeyAttribute>
        <CustomFilter>(|(CompanyCode__=%[CompanyCode__])(CompanyCode__=)(CompanyCode__!=*))</CustomFilter>
      </field>
      <gdr>
        <VarType>Area</VarType>
      </gdr>
      <ui>
        <_type>String</_type>
        <automatic>true</automatic>
      </ui>
    </properties>
  </field>
  <field deleted="0" format="" guid="QKK3FP000M4H" id="LN0652000SG7" label="_ToGLAccount_report" length="50" name="ToGLAccount__" originalProcessID="TKK3FP000M4H" precision="0" processid="HN0652000SG7" submitable="1" type="STR">
    <properties>
      <db>
        <alias>ALN0652000SG7</alias>
        <noxml>1</noxml>
        <fullname>/job/processfields/ToGLAccount__</fullname>
        <defaultvalue>
        </defaultvalue>
        <RecordLastWrite>2022-10-25 17:06:56</RecordLastWrite>
      </db>
      <extrainfo>
        <Label>_ToGLAccount_report</Label>
        <Alias>ALN0652000SG7</Alias>
        <ProcessFieldVersion vartype="INT">1</ProcessFieldVersion>
      </extrainfo>
      <field>
        <Editable>true</Editable>
        <required>true</required>
        <TableName>CT#UHW552000SG7</TableName>
        <SortOrder>ASC</SortOrder>
        <DisplayedColumns>Account__|Description__|Group__</DisplayedColumns>
        <DisplayedColumnsIds>
        </DisplayedColumnsIds>
        <UseTableForAutolearn>false</UseTableForAutolearn>
        <SavedColumn>Account__</SavedColumn>
        <SavedColumnId>
        </SavedColumnId>
        <ProcessName>AP - G/L accounts__</ProcessName>
        <KeyColumnId>
        </KeyColumnId>
        <KeyAttribute>
        </KeyAttribute>
        <CustomFilter>(|(CompanyCode__=%[CompanyCode__])(CompanyCode__=)(CompanyCode__!=*))</CustomFilter>
      </field>
      <gdr>
        <VarType>Area</VarType>
      </gdr>
      <ui>
        <_type>String</_type>
        <automatic>true</automatic>
      </ui>
    </properties>
  </field>
  <type id="JLLP13130F1" name="CT">
  </type>
</process>