﻿<?xml version="1.0" encoding="UTF-8" standalone="no"?>
<process accountid="20063076" allowrepairprocess="0" builtin="0" builtinversion="0" carriesapplicationversion="0" creationdatetime="2022-10-25 17:08:25" deleted="0" eskerapplication="" global="0" id="GV1652000SG7" keepcustomization="0" keepfieldsonly="0" keepfieldsproperties="0" keepnewcontroloptions="0" migrationversion="4" name="P2P - Expense report type__" needvalidation="0" ootofilter="" ootoversion="1" originalProcessID="FO32FP000FSX" ownerid="cn=admin_p2p@paragon-cc.fr,ou=DEV,ou=TrainingP2P,ou=DEMO_JULIEN,ou=05284299,ou=ESK,s=eoo" ownerpb="OnDemand AddressBook" public="1" pushnotification="0" reuseengine="0" sprintversion="5.261.0" transportname="CustomTable" upgradable="1" userid="0" version="1" visibility="0">
  <properties>
    <dataConditions>
      <listDataConditions>
				&lt;dataCondition&gt;
					&lt;tableName&gt;P2P - Global Application Settings__&lt;/tableName&gt;
					&lt;filter&gt;msnex=*&lt;/filter&gt;
					&lt;labelKey&gt;_Expense claims disabled&lt;/labelKey&gt;
					&lt;conditions&gt;
						&lt;allowCondition&gt;
							&lt;fieldName&gt;EnableExpenseClaimsGlobalSetting__&lt;/fieldName&gt;
							&lt;fieldValue&gt;1&lt;/fieldValue&gt;
						&lt;/allowCondition&gt;
					&lt;/conditions&gt;
				&lt;/dataCondition&gt;
			</listDataConditions>
    </dataConditions>
    <gdr>
    </gdr>
    <lg>
      <process_DE>{
	"_CompanyCode": "Buchungskreis",
	"_CompanyCode_report": "Buchungskreis",
	"_ExpenseReportTypeID": "ID",
	"_ExpenseReportTypeID_report": "ID",
	"_ExpenseReportTypeName": "Name",
	"_ExpenseReportTypeName_report": "Name",
	"_GeneralPanel": "Allgemein",
	"P2P - Expense report type": "P2P - Ausgabenberichtstypen"
}</process_DE>
      <process_ja>{
	"_CompanyCode": "会社コード",
	"_CompanyCode_report": "会社コード",
	"_ExpenseReportTypeID": "ID",
	"_ExpenseReportTypeID_report": "ID",
	"_ExpenseReportTypeName": "名前",
	"_ExpenseReportTypeName_report": "名前",
	"_GeneralPanel": "全般",
	"P2P - Expense report type": "P2P - 費用レポート種別"
}</process_ja>
      <process_en>{
	"_CompanyCode": "Company code",
	"_CompanyCode_report": "Company code",
	"_ExpenseReportTypeID": "ID",
	"_ExpenseReportTypeID_report": "ID",
	"_ExpenseReportTypeName": "Name",
	"_ExpenseReportTypeName_report": "Name",
	"_GeneralPanel": "General",
	"P2P - Expense report type": "P2P - Expense report types"
}</process_en>
      <process_ES>{
	"_CompanyCode": "Código de empresa",
	"_CompanyCode_report": "Código de empresa",
	"_ExpenseReportTypeID": "ID",
	"_ExpenseReportTypeID_report": "ID",
	"_ExpenseReportTypeName": "Nombre",
	"_ExpenseReportTypeName_report": "Nombre",
	"_GeneralPanel": "General",
	"P2P - Expense report type": "P2P - Tipos de informes de gastos"
}</process_ES>
      <process_FR>{
	"_CompanyCode": "Code société",
	"_CompanyCode_report": "Code société",
	"_ExpenseReportTypeID": "Identifiant",
	"_ExpenseReportTypeID_report": "Identifiant",
	"_ExpenseReportTypeName": "Nom",
	"_ExpenseReportTypeName_report": "Nom",
	"_GeneralPanel": "Général",
	"P2P - Expense report type": "P2P - Types de notes de frais"
}</process_FR>
      <process_nl-NL>{
	"_CompanyCode": "Bedrijfscode",
	"_CompanyCode_report": "Bedrijfscode",
	"_ExpenseReportTypeID": "ID",
	"_ExpenseReportTypeID_report": "ID",
	"_ExpenseReportTypeName": "Naam",
	"_ExpenseReportTypeName_report": "Naam",
	"_GeneralPanel": "Algemeen",
	"P2P - Expense report type": "P2P - Types uitgavenstaten"
}</process_nl-NL>
      <process_IT>{
	"_CompanyCode": "Codice società",
	"_CompanyCode_report": "Codice società",
	"_ExpenseReportTypeID": "ID",
	"_ExpenseReportTypeID_report": "ID",
	"_ExpenseReportTypeName": "Nome",
	"_ExpenseReportTypeName_report": "Nome",
	"_GeneralPanel": "Generale",
	"P2P - Expense report type": "P2P - Tipi di note spese"
}</process_IT>
      <process_zh-CN>{
	"_CompanyCode": "公司代码",
	"_CompanyCode_report": "公司代码",
	"_ExpenseReportTypeID": "ID",
	"_ExpenseReportTypeID_report": "ID",
	"_ExpenseReportTypeName": "名称",
	"_ExpenseReportTypeName_report": "费用报销单类型名称",
	"_GeneralPanel": "通用",
	"P2P - Expense report type": "采购到支付 - 费用报销单类型"
}</process_zh-CN>
      <process_pt-BR>{
	"_CompanyCode": "Código da empresa",
	"_CompanyCode_report": "Código da empresa",
	"_ExpenseReportTypeID": "ID",
	"_ExpenseReportTypeID_report": "ID",
	"_ExpenseReportTypeName": "Nome",
	"_ExpenseReportTypeName_report": "Nome",
	"_GeneralPanel": "Geral",
	"P2P - Expense report type": "P2P - Tipos de relatório de despesas"
}</process_pt-BR>
    </lg>
    <process>
      <flowtype>processing</flowtype>
      <homepagelabel>P2P - Expense report type</homepagelabel>
      <instanciable>1</instanciable>
      <enablerounddecimal>true</enablerounddecimal>
      <OverrideAllowedAttachmentExtensions>*</OverrideAllowedAttachmentExtensions>
      <UseActionNameWithScriptApproval>true</UseActionNameWithScriptApproval>
      <AllowUploadAttachment>0</AllowUploadAttachment>
      <AllowUploadReferenceDocument>0</AllowUploadReferenceDocument>
      <shouldRollbackManualRecordEdits>true</shouldRollbackManualRecordEdits>
      <UseCultureFormat>true</UseCultureFormat>
      <TransportName>CustomTable</TransportName>
      <LayoutVersion>1.0</LayoutVersion>
    </process>
    <ui>
      <layout>{
	"*": {
		"Screen": {
			"type": "FlexibleFormLayout",
			"options": {
				"splitterType": "simple-v",
				"version": 0,
				"processHelpId": "5014"
			},
			"*": {
				"form-header": {
					"type": "FlexibleFormHeader",
					"options": {
						"hidePanelsMenu": false,
						"version": 0
					},
					"stamp": 2,
					"data": []
				},
				"form-center": {
					"type": "FlexibleFormCenter",
					"options": {
						"version": 0
					},
					"*": {
						"form-content": {
							"type": "FlexibleFormContent",
							"options": {
								"version": 0
							},
							"*": {
								"form-content-center": {
									"type": "FlexibleFormSplitter",
									"options": {
										"version": 1,
										"box": {
											"top": "0%",
											"left": "0%",
											"width": "100%"
										},
										"hidden": false
									},
									"*": {
										"form-content-center-1": {
											"type": "FlexibleFormLine",
											"data": [],
											"options": {
												"version": 0
											},
											"stamp": 9,
											"*": {
												"DataPanel": {
													"type": "PanelData",
													"options": {
														"border": {},
														"version": 0,
														"labelLength": 0,
														"iconURL": "",
														"TitleFontSize": "S",
														"hideActionButtons": false,
														"hideTitleBar": false,
														"hideTitle": false,
														"backgroundcolor": "default",
														"labelsAlignment": "right",
														"label": "_GeneralPanel",
														"leftImageURL": "",
														"removeMargins": false,
														"elementsAlignment": "left"
													},
													"*": {
														"FieldsManager": {
															"type": "FieldsManager",
															"options": {
																"controlsAssociation": {
																	"CompanyCode__": "LabelCompanyCode__",
																	"LabelCompanyCode__": "CompanyCode__",
																	"ID__": "LabelID__",
																	"LabelID__": "ID__",
																	"ExpenseReportTypeName__": "LabelExpenseReportTypeName__",
																	"LabelExpenseReportTypeName__": "ExpenseReportTypeName__"
																},
																"version": 0
															},
															"*": {
																"Grid": {
																	"type": "GridLayout",
																	"options": {
																		"lines": 3,
																		"columns": 2,
																		"version": 0,
																		"ctrlsPos": {
																			"CompanyCode__": {
																				"line": 1,
																				"column": 2
																			},
																			"LabelCompanyCode__": {
																				"line": 1,
																				"column": 1
																			},
																			"ID__": {
																				"line": 2,
																				"column": 2
																			},
																			"LabelID__": {
																				"line": 2,
																				"column": 1
																			},
																			"ExpenseReportTypeName__": {
																				"line": 3,
																				"column": 2
																			},
																			"LabelExpenseReportTypeName__": {
																				"line": 3,
																				"column": 1
																			}
																		},
																		"colspans": [
																			[],
																			[],
																			[]
																		]
																	},
																	"data": [
																		"fields"
																	],
																	"*": {
																		"LabelCompanyCode__": {
																			"type": "Label",
																			"data": [
																				"CompanyCode__"
																			],
																			"options": {
																				"label": "_CompanyCode",
																				"version": 0
																			},
																			"stamp": 16
																		},
																		"CompanyCode__": {
																			"type": "DatabaseComboBox",
																			"data": [
																				"CompanyCode__"
																			],
																			"options": {
																				"version": 1,
																				"label": "_CompanyCode",
																				"activable": true,
																				"width": 230,
																				"helpText": "",
																				"helpURL": "",
																				"helpFormat": "HTML Format",
																				"minNbLines": 1,
																				"maxNbLines": 1,
																				"fTSmaxRecords": "20",
																				"browsable": true,
																				"PreFillFTS": true
																			},
																			"stamp": 17
																		},
																		"LabelID__": {
																			"type": "Label",
																			"data": [
																				"ID__"
																			],
																			"options": {
																				"label": "_ExpenseReportTypeID",
																				"version": 0
																			},
																			"stamp": 18
																		},
																		"ID__": {
																			"type": "ShortText",
																			"data": [
																				"ID__"
																			],
																			"options": {
																				"textSize": "S",
																				"textAlignment": "left",
																				"textStyle": "default",
																				"textColor": "default",
																				"version": 1,
																				"label": "_ExpenseReportTypeID",
																				"activable": true,
																				"width": 230,
																				"helpText": "",
																				"helpURL": "",
																				"helpFormat": "HTML Format",
																				"browsable": false
																			},
																			"stamp": 19
																		},
																		"LabelExpenseReportTypeName__": {
																			"type": "Label",
																			"data": [
																				"ExpenseReportTypeName__"
																			],
																			"options": {
																				"label": "_ExpenseReportTypeName",
																				"version": 0
																			},
																			"stamp": 20
																		},
																		"ExpenseReportTypeName__": {
																			"type": "ShortText",
																			"data": [
																				"ExpenseReportTypeName__"
																			],
																			"options": {
																				"textSize": "S",
																				"textAlignment": "left",
																				"textStyle": "default",
																				"textColor": "default",
																				"version": 1,
																				"label": "_ExpenseReportTypeName",
																				"activable": true,
																				"width": 230,
																				"helpText": "",
																				"helpURL": "",
																				"helpFormat": "HTML Format",
																				"browsable": false
																			},
																			"stamp": 21
																		}
																	},
																	"stamp": 8
																}
															},
															"stamp": 7,
															"data": []
														}
													},
													"stamp": 6,
													"data": []
												}
											}
										}
									},
									"stamp": 5,
									"data": []
								}
							},
							"stamp": 4,
							"data": []
						}
					},
					"stamp": 3,
					"data": []
				},
				"form-footer": {
					"type": "FlexibleFormFooter",
					"options": {
						"splitterType": "simple-h",
						"version": 0
					},
					"*": {
						"Save": {
							"type": "SubmitButton",
							"options": {
								"label": "_Save",
								"action": "savequit",
								"submit": true,
								"version": 0,
								"shortCut": "S"
							},
							"stamp": 11,
							"data": []
						},
						"Close": {
							"type": "SubmitButton",
							"options": {
								"label": "_Close",
								"action": "cancel",
								"submit": true,
								"version": 0,
								"shortCut": "Q"
							},
							"stamp": 12,
							"data": []
						},
						"Delete": {
							"type": "SubmitButton",
							"options": {
								"label": "_Delete",
								"action": "delete",
								"submit": true,
								"version": 0,
								"disabled": true
							},
							"stamp": 13,
							"data": []
						}
					},
					"stamp": 10,
					"data": []
				}
			},
			"stamp": 1,
			"data": []
		}
	},
	"stamps": 21,
	"data": []
}</layout>
    </ui>
  </properties>
  <field deleted="0" format="" guid="GO32FP000FSX" id="HV1652000SG7" label="_CompanyCode_report" length="50" name="CompanyCode__" originalProcessID="FO32FP000FSX" precision="0" processid="GV1652000SG7" submitable="1" type="STR">
    <properties>
      <db>
        <alias>AHV1652000SG7</alias>
        <noxml>1</noxml>
        <fullname>/job/processfields/CompanyCode__</fullname>
        <defaultvalue>
        </defaultvalue>
        <RecordLastWrite>2022-10-25 17:08:24</RecordLastWrite>
      </db>
      <extrainfo>
        <Label>_CompanyCode_report</Label>
        <Alias>AHV1652000SG7</Alias>
        <ProcessFieldVersion vartype="INT">1</ProcessFieldVersion>
      </extrainfo>
      <field>
        <Editable>false</Editable>
        <TableName>CT#ECW552000SG7</TableName>
        <SortOrder>ASC</SortOrder>
        <DisplayedColumns>CompanyCode__|CompanyName__</DisplayedColumns>
        <DisplayedColumnsIds>
        </DisplayedColumnsIds>
        <UseTableForAutolearn>false</UseTableForAutolearn>
        <SavedColumn>CompanyCode__</SavedColumn>
        <SavedColumnId>
        </SavedColumnId>
        <ProcessName>PurchasingCompanycodes__</ProcessName>
        <KeyColumnId>
        </KeyColumnId>
        <KeyAttribute>
        </KeyAttribute>
        <CustomFilter>
        </CustomFilter>
      </field>
      <gdr>
        <DisableAutolearn>1</DisableAutolearn>
      </gdr>
      <help>
        <helpData>{"helpText":"","helpURL":"","helpFormat":"HTML Format"}</helpData>
      </help>
      <ui>
        <_type>String</_type>
        <automatic>true</automatic>
      </ui>
    </properties>
  </field>
  <field deleted="0" format="" guid="IO32FP000FSX" id="IV1652000SG7" label="_ExpenseReportTypeName_report" length="50" name="ExpenseReportTypeName__" originalProcessID="FO32FP000FSX" precision="0" processid="GV1652000SG7" submitable="1" type="STR">
    <properties>
      <db>
        <alias>AIV1652000SG7</alias>
        <noxml>1</noxml>
        <fullname>/job/processfields/ExpenseReportTypeName__</fullname>
        <defaultvalue>
        </defaultvalue>
        <RecordLastWrite>2022-10-25 17:08:25</RecordLastWrite>
      </db>
      <extrainfo>
        <Label>_ExpenseReportTypeName_report</Label>
        <Alias>AIV1652000SG7</Alias>
        <ProcessFieldVersion vartype="INT">1</ProcessFieldVersion>
      </extrainfo>
      <gdr>
        <VarType>Area</VarType>
        <DisableAutolearn>1</DisableAutolearn>
      </gdr>
      <help>
        <helpData>{"helpText":"","helpURL":"","helpFormat":"HTML Format"}</helpData>
      </help>
      <ui>
        <_type>String</_type>
        <automatic>true</automatic>
      </ui>
    </properties>
  </field>
  <field deleted="0" format="" guid="HO32FP000FSX" id="JV1652000SG7" label="_ExpenseReportTypeID_report" length="50" name="ID__" originalProcessID="FO32FP000FSX" precision="0" processid="GV1652000SG7" submitable="1" type="STR">
    <properties>
      <db>
        <alias>AJV1652000SG7</alias>
        <noxml>1</noxml>
        <fullname>/job/processfields/ID__</fullname>
        <defaultvalue>
        </defaultvalue>
        <RecordLastWrite>2022-10-25 17:08:25</RecordLastWrite>
      </db>
      <extrainfo>
        <Label>_ExpenseReportTypeID_report</Label>
        <Alias>AJV1652000SG7</Alias>
        <ProcessFieldVersion vartype="INT">1</ProcessFieldVersion>
      </extrainfo>
      <gdr>
        <VarType>Area</VarType>
        <DisableAutolearn>1</DisableAutolearn>
      </gdr>
      <help>
        <helpData>{"helpText":"","helpURL":"","helpFormat":"HTML Format"}</helpData>
      </help>
      <ui>
        <_type>String</_type>
        <automatic>true</automatic>
      </ui>
    </properties>
  </field>
  <type id="JLLP13130F1" name="CT">
  </type>
</process>