﻿<?xml version="1.0" encoding="UTF-8" standalone="no"?>
<process accountid="20063076" allowrepairprocess="0" builtin="0" builtinversion="0" carriesapplicationversion="0" creationdatetime="2022-10-25 17:08:21" deleted="0" eskerapplication="" global="0" id="XS1652000SG7" keepcustomization="0" keepfieldsonly="0" keepfieldsproperties="0" keepnewcontroloptions="0" migrationversion="4" name="P2P - UDC detection__" needvalidation="0" ootofilter="" ootoversion="1" originalProcessID="EH7E00000M4H" ownerid="cn=admin_p2p@paragon-cc.fr,ou=DEV,ou=TrainingP2P,ou=DEMO_JULIEN,ou=05284299,ou=ESK,s=eoo" ownerpb="OnDemand AddressBook" public="1" pushnotification="0" reuseengine="0" sprintversion="5.261.0" transportname="CustomTable" upgradable="1" userid="0" version="1" visibility="0">
  <properties>
    <dbIndex>
      <AUTO_AAT1652000SG7A>&lt;Index&gt;&lt;Ref Name="AAT1652000SG7" Option="ASC"/&gt;&lt;/Index&gt;</AUTO_AAT1652000SG7A>
    </dbIndex>
    <gdr>
    </gdr>
    <lg>
      <process_de>{
	"_Assignment": "Zuordnungsnummer",
	"_Assignment_report": "Zuordnungsnummer",
	"_BusinessArea": "Geschäftsbereich",
	"_BusinessArea_report": "Geschäftsbereich",
	"_Codings": "Kontierung",
	"_Codings_Common": "Alle ERPs",
	"_Codings_Generic": "Generische ERPs und Microsoft Dynamics NAV",
	"_Codings_SAP": "SAP und SAP S/4HANA Cloud",
	"_CompanyCode": "Buchungskreis",
	"_CompanyCode_report": "Buchungskreis",
	"_CostCenter": "Kostenstelle",
	"_CostCenter_report": "Kostenstelle",
	"_Description": "Beschreibung",
	"_Description_report": "Beschreibung",
	"_GLAccount": "Sachkonto",
	"_GLAccount_report": "Sachkonto",
	"_InternalOrder": "Innenauftrag",
	"_InternalOrder_report": "Innenauftrag",
	"_Keyword": "Schlüsselwort für automatische Ermittlung",
	"_Keyword_report": "Schlüsselwort für automatische Ermittlung",
	"_KeywordPane": "Erkennungskriterien",
	"_MaximumAmount": "Toleranzgrenze (Betrag)",
	"_MaximumAmount_Help": "Geben Sie den maximal zulässigen Betrag für ungeplante Lieferkosten pro Zeile als absoluten Betrag in der Rechnungswährung an.&lt;br&gt;\nEs sind maximal zwei Dezimalstellen zulässig.&lt;br&gt;\nWenn die Toleranzgrenze überschritten wird, wird die automatische Buchung deaktiviert und eine Warnung auf der Rechnung angezeigt.",
	"_MaximumAmount_report": "Toleranzgrenze (Betrag)",
	"_MaximumInvoicePercentage": "Toleranzgrenze (%)",
	"_MaximumInvoicePercentage_Help": "Geben Sie den maximal zulässigen Betrag für ungeplante Lieferkosten pro Zeile als Prozentsatz des gesamten Rechnungsbetrags an.&lt;br&gt;\nEs sind maximal vier Dezimalstellen zulässig.&lt;br&gt;\nWenn die Toleranzgrenze überschritten wird, wird die automatische Buchung deaktiviert und eine Warnung auf der Rechnung angezeigt.",
	"_MaximumInvoicePercentage_report": "Toleranzgrenze (%)",
	"_TaxCode": "Steuerkennzeichen",
	"_TaxCode_report": "Steuerkennzeichen",
	"_TaxJurisdiction": "Steuerstandort",
	"_TaxJurisdiction_report": "Steuerstandort",
	"_TradingPartner": "Partnergesellschaft",
	"_TradingPartner_report": "Partnergesellschaft",
	"_VendorNumber": "Lieferantennummer",
	"_VendorNumber_report": "Lieferantennummer",
	"P2P - UDC detection": "P2P - Automatische Erkennung von ungeplanten Lieferkosten",
	"_ContractName": "Vertragsname",
	"_ContractName_report": "Vertragsname",
	"_ContractNumber": "Vertragsnummer",
	"_ContractNumber_report": "Vertragsnummer",
	"_ContractRUIDEX": "Erweiterte Vertrags-ID",
	"_ContractRUIDEX_report": "Erweiterte Vertrags-ID",
	"_CostCenterDescription": "Kostenstellenbeschreibung",
	"_CostCenterDescription_report": "Kostenstellenbeschreibung",
	"_FreeDimension1": "Benutzerdefinierte Dimension 1",
	"_FreeDimension1_report": "Benutzerdefinierte Dimension 1",
	"_FreeDimension1ID": "Benutzerdefinierte Dimension 1 (ID)",
	"_FreeDimension1ID_report": "Benutzerdefinierte Dimension 1 (ID)",
	"_IsReplenishmentItem": "Nachschubartikel",
	"_IsReplenishmentItem_report": "Nachschubartikel",
	"_ItemDeliveryAddressID": "ID der Lieferadresse",
	"_ItemDeliveryAddressID_report": "ID der Lieferadresse",
	"_ItemShipToAddress": "Lieferadresse",
	"_ItemShipToAddress_report": "Lieferadresse",
	"_ItemShipToCompany": "Empfängerfirma",
	"_ItemShipToCompany_report": "Empfängerfirma",
	"_NonDeductibleTaxRate": "Nicht abzugsfähiger Steuersatz",
	"_NonDeductibleTaxRate_report": "Nicht abzugsfähiger Steuersatz",
	"_ProjectCode": "Projektcode",
	"_ProjectCode_report": "Projektcode",
	"_ProjectCodeDescription": "Projektbeschreibung",
	"_ProjectCodeDescription_report": "Projektbeschreibung",
	"_PublicPrice": "Standardpreis",
	"_PublicPrice_report": "Standardpreis",
	"_WarehouseID": "Lagerkennung",
	"_WarehouseID_report": "Lagerkennung",
	"_WarehouseName": "Lagerort",
	"_WarehouseName_report": "Lagerort",
	"_WBSElement": "PSP-Element",
	"_WBSElement_report": "PSP-Element",
	"_WBSElementID": "PSP-Element (ID)",
	"_WBSElementID_report": "PSP-Element (ID)"
}</process_de>
      <process_ja>{
	"_Assignment": "割当番号",
	"_Assignment_report": "割当番号",
	"_BusinessArea": "事業領域",
	"_BusinessArea_report": "事業領域",
	"_Codings": "コーディング",
	"_Codings_Common": "すべてのERP",
	"_Codings_Generic": "一般のERPとMicrosoft Dynamics NAV",
	"_Codings_SAP": "SAPとSAP S/4HANA Cloud",
	"_CompanyCode": "会社コード",
	"_CompanyCode_report": "会社コード",
	"_CostCenter": "コストセンター",
	"_CostCenter_report": "コストセンター",
	"_Description": "説明",
	"_Description_report": "説明",
	"_GLAccount": "勘定科目",
	"_GLAccount_report": "勘定科目",
	"_InternalOrder": "内部注文",
	"_InternalOrder_report": "内部注文",
	"_Keyword": "自動決定用キーワード",
	"_Keyword_report": "自動決定用キーワード",
	"_KeywordPane": "認識条件",
	"_MaximumAmount": "許容限界（額）",
	"_MaximumAmount_Help": "行ごとに許容される予定外の納品コストの最高額を請求書の通貨の絶対値で指定してください。&lt;br&gt;\n小数点第2位まで入力できます。&lt;br&gt;\n許容限度を超えると、自動登録が無効化され、請求書に警告が表示されます。",
	"_MaximumAmount_report": "Tolerance limit (amount)",
	"_MaximumInvoicePercentage": "許容限界（%）",
	"_MaximumInvoicePercentage_Help": "行ごとに許容される予定外の納品コストの最高額を合計請求額に対する割合で指定してください。&lt;br&gt;\n小数点第4位まで入力できます。&lt;br&gt;\n許容限度を超えると、自動登録が無効化され、請求書に警告が表示されます。",
	"_MaximumInvoicePercentage_report": "Tolerance limit (%)",
	"_TaxCode": "税コード",
	"_TaxCode_report": "税コード",
	"_TaxJurisdiction": "管轄",
	"_TaxJurisdiction_report": "管轄",
	"_TradingPartner": "取引先",
	"_TradingPartner_report": "取引先",
	"_VendorNumber": "仕入先番号",
	"_VendorNumber_report": "仕入先番号",
	"P2P - UDC detection": "P2P - 予定外の納品コストの検出",
	"_ContractName": "契約者名",
	"_ContractName_report": "契約者名",
	"_ContractNumber": "契約番号",
	"_ContractNumber_report": "契約番号",
	"_ContractRUIDEX": "契約延長ID",
	"_ContractRUIDEX_report": "契約延長ID",
	"_CostCenterDescription": "コストセンター説明",
	"_CostCenterDescription_report": "コストセンター説明",
	"_FreeDimension1": "Custom dimension 1",
	"_FreeDimension1_report": "Custom dimension 1",
	"_FreeDimension1ID": "カスタムサイズ 1 (ID)",
	"_FreeDimension1ID_report": "カスタムサイズ 1 (ID)",
	"_IsReplenishmentItem": "補充品目",
	"_IsReplenishmentItem_report": "補充品目",
	"_ItemDeliveryAddressID": "交付地址ID",
	"_ItemDeliveryAddressID_report": "交付地址ID",
	"_ItemShipToAddress": "交付地址",
	"_ItemShipToAddress_report": "交付地址",
	"_ItemShipToCompany": "受領会社",
	"_ItemShipToCompany_report": "受領会社",
	"_NonDeductibleTaxRate": "控除対象外の税率",
	"_NonDeductibleTaxRate_report": "控除対象外の税率",
	"_ProjectCode": "プロジェクトコード",
	"_ProjectCode_report": "プロジェクトコード",
	"_ProjectCodeDescription": "プロジェクトの説明",
	"_ProjectCodeDescription_report": "プロジェクトの説明",
	"_PublicPrice": "標準価格",
	"_PublicPrice_report": "標準価格",
	"_WarehouseID": "倉庫ID",
	"_WarehouseID_report": "倉庫ID",
	"_WarehouseName": "倉庫名",
	"_WarehouseName_report": "倉庫名",
	"_WBSElement": "WBS 要素",
	"_WBSElement_report": "WBS 要素",
	"_WBSElementID": "WBS 要素（ID）",
	"_WBSElementID_report": "WBS 要素（ID）"
}</process_ja>
      <process_en>{
	"_Assignment": "Assignment number",
	"_Assignment_report": "Assignment number",
	"_BusinessArea": "Business area",
	"_BusinessArea_report": "Business area",
	"_Codings": "Coding",
	"_Codings_Common": "All ERPs",
	"_Codings_Generic": "Generic ERPs and Microsoft Dynamics NAV",
	"_Codings_SAP": "SAP and SAP S/4HANA Cloud",
	"_CompanyCode": "Company code",
	"_CompanyCode_report": "Company code",
	"_CostCenter": "Cost center",
	"_CostCenter_report": "Cost center",
	"_Description": "Description",
	"_Description_report": "Description",
	"_GLAccount": "G/L account",
	"_GLAccount_report": "G/L account",
	"_InternalOrder": "Internal order",
	"_InternalOrder_report": "Internal order",
	"_Keyword": "Keyword used for automatic determination",
	"_Keyword_report": "Keyword used for automatic determination",
	"_KeywordPane": "Recognition Criteria",
	"_MaximumAmount": "Tolerance limit (amount)",
	"_MaximumAmount_Help": "Specify the maximum amount of unplanned delivery costs allowed per line as an absolute amount in the invoice currency.&lt;br&gt;\nA maximum of 2 decimals are allowed.&lt;br&gt;\nIf the tolerance limit is exceeded, automatic posting is disabled and a warning is shown on the invoice.",
	"_MaximumAmount_report": "Tolerance limit (amount)",
	"_MaximumInvoicePercentage": "Tolerance limit (%)",
	"_MaximumInvoicePercentage_Help": "Specify the maximum amount of unplanned delivery costs allowed per line as a percentage of the total invoice amount.&lt;br&gt;\nA maximum of 4 decimals are allowed.&lt;br&gt;\nIf the tolerance limit is exceeded, automatic posting is disabled and a warning is shown on the invoice.",
	"_MaximumInvoicePercentage_report": "Tolerance limit (%)",
	"_TaxCode": "Tax code",
	"_TaxCode_report": "Tax code",
	"_TaxJurisdiction": "Jurisdiction",
	"_TaxJurisdiction_report": "Jurisdiction",
	"_TradingPartner": "Trading partner",
	"_TradingPartner_report": "Trading partner",
	"_VendorNumber": "Vendor number",
	"_VendorNumber_report": "Vendor number",
	"P2P - UDC detection": "P2P - Unplanned delivery cost detection",
	"_ContractName": "Contract name",
	"_ContractName_report": "Contract name",
	"_ContractNumber": "Contract number",
	"_ContractNumber_report": "Contract number",
	"_ContractRUIDEX": "Contract extended ID",
	"_ContractRUIDEX_report": "Contract extended ID",
	"_CostCenterDescription": "Cost center description",
	"_CostCenterDescription_report": "Cost center description",
	"_FreeDimension1": "Custom dimension 1",
	"_FreeDimension1_report": "Custom dimension 1",
	"_FreeDimension1ID": "Custom dimension 1 (ID)",
	"_FreeDimension1ID_report": "Custom dimension 1 (ID)",
	"_IsReplenishmentItem": "Replenishment item",
	"_IsReplenishmentItem_report": "Replenishment item",
	"_ItemDeliveryAddressID": "Delivery address ID",
	"_ItemDeliveryAddressID_report": "Delivery address ID",
	"_ItemShipToAddress": "Delivery address",
	"_ItemShipToAddress_report": "Delivery address",
	"_ItemShipToCompany": "Recipient company",
	"_ItemShipToCompany_report": "Recipient company",
	"_NonDeductibleTaxRate": "Non-deductible tax rate",
	"_NonDeductibleTaxRate_report": "Non-deductible tax rate",
	"_ProjectCode": "Project code",
	"_ProjectCode_report": "Project code",
	"_ProjectCodeDescription": "Project description",
	"_ProjectCodeDescription_report": "Project description",
	"_PublicPrice": "Standard price",
	"_PublicPrice_report": "Standard price",
	"_WarehouseID": "Warehouse ID",
	"_WarehouseID_report": "Warehouse ID",
	"_WarehouseName": "Warehouse name",
	"_WarehouseName_report": "Warehouse name",
	"_WBSElement": "WBS element",
	"_WBSElement_report": "WBS element",
	"_WBSElementID": "WBS element (ID)",
	"_WBSElementID_report": "WBS element (ID)"
}</process_en>
      <process_es>{
	"_Assignment": "Número de asignación",
	"_Assignment_report": "Número de asignación",
	"_BusinessArea": "División",
	"_BusinessArea_report": "División",
	"_Codings": "Imputación",
	"_Codings_Common": "Todos los ERPs",
	"_Codings_Generic": "ERPs genéricos y Microsoft Dynamics NAV",
	"_Codings_SAP": "SAP y SAP S/4HANA Cloud",
	"_CompanyCode": "Código de empresa",
	"_CompanyCode_report": "Código de empresa",
	"_CostCenter": "Centro de costes",
	"_CostCenter_report": "Centro de costes",
	"_Description": "Descripción",
	"_Description_report": "Descripción",
	"_GLAccount": "Cuenta de mayor",
	"_GLAccount_report": "Cuenta de mayor",
	"_InternalOrder": "Pedido interno",
	"_InternalOrder_report": "Pedido interno",
	"_Keyword": "Palabra clave usada para la determinación automática",
	"_Keyword_report": "Palabra clave usada para la determinación automática",
	"_KeywordPane": "Criterios de reconocimiento",
	"_MaximumAmount": "Límite de tolerancia (importe)",
	"_MaximumAmount_Help": "Especifique el importe máximo de costes de entrega no previstos  autorizados por línea como importe absoluto en la divisa de la factura.&lt;br&gt;\nSe autorizan máximo 2 decimales.&lt;br&gt;\nSi el límite de tolerancia es excedido, la contabilización automática es deshabilitada y se muestra una advertencia en la factura.",
	"_MaximumAmount_report": "Límite de tolerancia (importe)",
	"_MaximumInvoicePercentage": "Límite de tolerancia (%)",
	"_MaximumInvoicePercentage_Help": "Especifique el importe máximo de costes de entrega no previstos  autorizados por línea como porcentaje del importe total de la factura.&lt;br&gt;\nSe autorizan máximo 4 decimales.&lt;br&gt;\nSi el límite de tolerancia es excedido, la contabilización automática es deshabilitada y se muestra una advertencia en la factura.",
	"_MaximumInvoicePercentage_report": "Límite de tolerancia (%)",
	"_TaxCode": "Código de impuestos",
	"_TaxCode_report": "Código de impuestos",
	"_TaxJurisdiction": "Jurisdicción",
	"_TaxJurisdiction_report": "Jurisdicción",
	"_TradingPartner": "Sociedad asociada",
	"_TradingPartner_report": "Sociedad asociada",
	"_VendorNumber": "Número de proveedor",
	"_VendorNumber_report": "Número de proveedor",
	"P2P - UDC detection": "P2P - Detección de costes de entrega no previstos",
	"_ContractName": "Nombre del contrato",
	"_ContractName_report": "Nombre del contrato",
	"_ContractNumber": "Número de contrato",
	"_ContractNumber_report": "Número de contrato",
	"_ContractRUIDEX": "Id. largo del contrato",
	"_ContractRUIDEX_report": "Id. largo del contrato",
	"_CostCenterDescription": "Descripción del centro de costes",
	"_CostCenterDescription_report": "Descripción del centro de costes",
	"_FreeDimension1": "Dimensión personalizada 1",
	"_FreeDimension1_report": "Dimensión personalizada 1",
	"_FreeDimension1ID": "Dimensión personalizada 1 (ID)",
	"_FreeDimension1ID_report": "Dimensión personalizada 1 (ID)",
	"_IsReplenishmentItem": "Artículo de reposición",
	"_IsReplenishmentItem_report": "Artículo de reposición",
	"_ItemDeliveryAddressID": "ID de dirección de entrega",
	"_ItemDeliveryAddressID_report": "ID de dirección de entrega",
	"_ItemShipToAddress": "Dirección de entrega",
	"_ItemShipToAddress_report": "Dirección de entrega",
	"_ItemShipToCompany": "Empresa destinataria",
	"_ItemShipToCompany_report": "Empresa destinataria",
	"_NonDeductibleTaxRate": "Tipo impositivo no deducible",
	"_NonDeductibleTaxRate_report": "Tipo impositivo no deducible",
	"_ProjectCode": "Código proyecto",
	"_ProjectCode_report": "Código proyecto",
	"_ProjectCodeDescription": "Descripción del proyecto",
	"_ProjectCodeDescription_report": "Descripción del proyecto",
	"_PublicPrice": "Precio de venta al público",
	"_PublicPrice_report": "Precio de venta al público",
	"_WarehouseID": "Identificador de almacén",
	"_WarehouseID_report": "Identificador de almacén",
	"_WarehouseName": "Nombre del almacén",
	"_WarehouseName_report": "Nombre del almacén",
	"_WBSElement": "Elemento PEP",
	"_WBSElement_report": "Elemento PEP",
	"_WBSElementID": "Elemento PEP (ID)",
	"_WBSElementID_report": "Elemento PEP (ID)"
}</process_es>
      <process_fr>{
	"_Assignment": "Numéro d'affectation",
	"_Assignment_report": "Numéro d'affectation",
	"_BusinessArea": "Domaine d'activité",
	"_BusinessArea_report": "Domaine d'activité",
	"_Codings": "Imputation",
	"_Codings_Common": "Tous les ERP",
	"_Codings_Generic": "ERP génériques et Microsoft Dynamics NAV",
	"_Codings_SAP": "SAP et SAP S/4HANA Cloud",
	"_CompanyCode": "Code société",
	"_CompanyCode_report": "Code société",
	"_CostCenter": "Centre de coût",
	"_CostCenter_report": "Centre de coût",
	"_Description": "Description",
	"_Description_report": "Description",
	"_GLAccount": "Compte général",
	"_GLAccount_report": "Compte général",
	"_InternalOrder": "Ordre interne",
	"_InternalOrder_report": "Ordre interne",
	"_Keyword": "Mot-clé utilisé pour la détermination automatique",
	"_Keyword_report": "Mot-clé utilisé pour la détermination automatique",
	"_KeywordPane": "Critères de reconnaissance",
	"_MaximumAmount": "Limite de tolérance (montant)",
	"_MaximumAmount_Help": "Précisez le montant maximum des coûts de livraison non planifiés autorisés par ligne en tant que montant absolu dans la devise de la facture.&lt;br&gt;\nUn maximum de 2 décimales est autorisé.&lt;br&gt;\nSi la limite de tolérance est dépassée, la comptabilisation automatique est désactivée et un avertissement est affiché sur la facture.",
	"_MaximumAmount_report": "Limite de tolérance (montant)",
	"_MaximumInvoicePercentage": "Limite de tolérance (%)",
	"_MaximumInvoicePercentage_Help": "Précisez le montant maximum des coûts de livraison non planifiés autorisés par ligne en tant que pourcentage du montant total de la facture.&lt;br&gt;\nUn maximum de 4 décimales est autorisé.&lt;br&gt;\nSi la limite de tolérance est dépassée, la comptabilisation automatique est désactivée et un avertissement est affiché sur la facture.",
	"_MaximumInvoicePercentage_report": "Limite de tolérance (%)",
	"_TaxCode": "Code TVA",
	"_TaxCode_report": "Code TVA",
	"_TaxJurisdiction": "Juridiction",
	"_TaxJurisdiction_report": "Juridiction",
	"_TradingPartner": "Société partenaire",
	"_TradingPartner_report": "Société partenaire",
	"_VendorNumber": "Numéro fournisseur",
	"_VendorNumber_report": "Numéro fournisseur",
	"P2P - UDC detection": "P2P - Détection des coûts de livraison non planifiés",
	"_ContractName": "Nom du contrat",
	"_ContractName_report": "Nom du contrat",
	"_ContractNumber": "Numéro de contrat",
	"_ContractNumber_report": "Numéro de contrat",
	"_ContractRUIDEX": "Identifiant long du contrat",
	"_ContractRUIDEX_report": "Identifiant long du contrat",
	"_CostCenterDescription": "Description du centre de coût",
	"_CostCenterDescription_report": "Description du centre de coût",
	"_FreeDimension1": "Axe analytique personnalisé 1",
	"_FreeDimension1_report": "Axe analytique personnalisé 1",
	"_FreeDimension1ID": "Axe analytique personnalisé 1 (ID)",
	"_FreeDimension1ID_report": "Axe analytique personnalisé 1 (ID)",
	"_IsReplenishmentItem": "Article de réapprovisionnement",
	"_IsReplenishmentItem_report": "Article de réapprovisionnement",
	"_ItemDeliveryAddressID": "Identifiant de l'adresse de livraison",
	"_ItemDeliveryAddressID_report": "Identifiant de l'adresse de livraison",
	"_ItemShipToAddress": "Adresse de livraison",
	"_ItemShipToAddress_report": "Adresse de livraison",
	"_ItemShipToCompany": "Société destinataire",
	"_ItemShipToCompany_report": "Société destinataire",
	"_NonDeductibleTaxRate": "Taux de TVA non déductible",
	"_NonDeductibleTaxRate_report": "Taux de TVA non déductible",
	"_ProjectCode": "Code projet",
	"_ProjectCode_report": "Code projet",
	"_ProjectCodeDescription": "Description du projet",
	"_ProjectCodeDescription_report": "Description du projet",
	"_PublicPrice": "Prix standard",
	"_PublicPrice_report": "Prix standard",
	"_WarehouseID": "Identifiant de l'entrepôt",
	"_WarehouseID_report": "Identifiant de l'entrepôt",
	"_WarehouseName": "Nom de l'entrepôt",
	"_WarehouseName_report": "Nom de l'entrepôt",
	"_WBSElement": "Élément d'OTP",
	"_WBSElement_report": "Élément d'OTP",
	"_WBSElementID": "Élément d'OTP (ID)",
	"_WBSElementID_report": "Élément d'OTP (ID)"
}</process_fr>
      <process_nl-NL>{
	"_Assignment": "Nummer toewijzing",
	"_Assignment_report": "Nummer toewijzing",
	"_BusinessArea": "Business area",
	"_BusinessArea_report": "Business area",
	"_Codings": "Codering",
	"_Codings_Common": "Alle ERP’s",
	"_Codings_Generic": "Algemene ERP’s en Microsoft Dynamics NAV",
	"_Codings_SAP": "SAP en SAP S/4HANA Cloud",
	"_CompanyCode": "Bedrijfscode",
	"_CompanyCode_report": "Bedrijfscode",
	"_CostCenter": "Kostenplaats",
	"_CostCenter_report": "Kostenplaats",
	"_Description": "Beschrijving",
	"_Description_report": "Beschrijving",
	"_GLAccount": "Grootboekrekening",
	"_GLAccount_report": "Grootboekrekening",
	"_InternalOrder": "Interne bestelling",
	"_InternalOrder_report": "Interne bestelling",
	"_Keyword": "Trefwoord gebruikt voor automatische bepaling",
	"_Keyword_report": "Trefwoord gebruikt voor automatische bepaling",
	"_KeywordPane": "Herkenningscriteria",
	"_MaximumAmount": "Tolerantielimiet (bedrag)",
	"_MaximumAmount_Help": "Geef het maximumbedrag van toegestane ongeplande leveringskosten per regel op als absoluut bedrag in de valuta van de factuur.&lt;br&gt; Maximaal 2 decimalen zijn toegestaan.&lt;br&gt; Als de tolerantielimiet wordt overschreden, wordt automatische boeking uitgeschakeld en wordt er een waarschuwing weergegeven op de factuur.",
	"_MaximumAmount_report": "Tolerantielimiet (bedrag)",
	"_MaximumInvoicePercentage": "Tolerantielimiet (%)",
	"_MaximumInvoicePercentage_Help": "Geef het maximumbedrag van toegestane ongeplande leveringskosten per regel op als percentage van het totale factuurbedrag.&lt;br&gt; Maximaal 4 decimalen zijn toegestaan.&lt;br&gt; Als de tolerantielimiet wordt overschreden, wordt automatische boeking uitgeschakeld en wordt er een waarschuwing weergegeven op de factuur.",
	"_MaximumInvoicePercentage_report": "Tolerantielimiet (%)",
	"_TaxCode": "Belastingcode",
	"_TaxCode_report": "Belastingcode",
	"_TaxJurisdiction": "Jurisdictie",
	"_TaxJurisdiction_report": "Jurisdictie",
	"_TradingPartner": "Handelspartner",
	"_TradingPartner_report": "Handelspartner",
	"_VendorNumber": "Nummer leverancier",
	"_VendorNumber_report": "Nummer leverancier",
	"P2P - UDC detection": "P2P - Detectie ongeplande leveringskosten",
	"_ContractName": "Naam contract",
	"_ContractName_report": "Naam contract",
	"_ContractNumber": "Contractnummer",
	"_ContractNumber_report": "Contractnummer",
	"_ContractRUIDEX": "Uitgebreide contract-ID",
	"_ContractRUIDEX_report": "Uitgebreide contract-ID",
	"_CostCenterDescription": "Beschrijving kostenplaats",
	"_CostCenterDescription_report": "Beschrijving kostenplaats",
	"_FreeDimension1": "Aangepaste dimensie 1",
	"_FreeDimension1_report": "Aangepaste dimensie 1",
	"_FreeDimension1ID": "Aangepaste dimensie 1 (ID)",
	"_FreeDimension1ID_report": "Aangepaste dimensie 1 (ID)",
	"_IsReplenishmentItem": "Item bevoorrading",
	"_IsReplenishmentItem_report": "Item bevoorrading",
	"_ItemDeliveryAddressID": "Leveringsadres-ID",
	"_ItemDeliveryAddressID_report": "Leveringsadres-ID",
	"_ItemShipToAddress": "Leveringsadres",
	"_ItemShipToAddress_report": "Leveringsadres",
	"_ItemShipToCompany": "Bedrijf ontvanger",
	"_ItemShipToCompany_report": "Bedrijf ontvanger",
	"_NonDeductibleTaxRate": "Niet-aftrekbaar belastingpercentage",
	"_NonDeductibleTaxRate_report": "Niet-aftrekbaar belastingpercentage",
	"_ProjectCode": "Projectcode",
	"_ProjectCode_report": "Projectcode",
	"_ProjectCodeDescription": "Projectbeschrijving",
	"_ProjectCodeDescription_report": "Projectbeschrijving",
	"_PublicPrice": "Standaardprijs",
	"_PublicPrice_report": "Standaardprijs",
	"_WarehouseID": "Magazijn-ID",
	"_WarehouseID_report": "Magazijn-ID",
	"_WarehouseName": "Naam magazijn",
	"_WarehouseName_report": "Naam magazijn",
	"_WBSElement": "WBS-element",
	"_WBSElement_report": "WBS-element",
	"_WBSElementID": "WBS-element (ID)",
	"_WBSElementID_report": "WBS-element (ID)"
}</process_nl-NL>
      <process_it>{
	"_Assignment": "Numero attribuzione",
	"_Assignment_report": "Numero attribuzione",
	"_BusinessArea": "Settore contabile",
	"_BusinessArea_report": "Area di business",
	"_Codings": "Contabilizzazione",
	"_Codings_Common": "Tutti gli ERP",
	"_Codings_Generic": "ERP generici e Microsoft Dynamics NAV",
	"_Codings_SAP": "SAP e SAP S/4HANA Cloud",
	"_CompanyCode": "Codice società",
	"_CompanyCode_report": "Codice società",
	"_CostCenter": "Centro di costo",
	"_CostCenter_report": "Centro di costo",
	"_Description": "Descrizione",
	"_Description_report": "Descrizione",
	"_GLAccount": "Conto generale",
	"_GLAccount_report": "Conto generale",
	"_InternalOrder": "Ordine interno",
	"_InternalOrder_report": "Ordine interno",
	"_Keyword": "Parola chiave per la determinazione automatica",
	"_Keyword_report": "Parola chiave per la determinazione automatica",
	"_KeywordPane": "Criteri di riconoscimento",
	"_MaximumAmount": "Limite tolleranza (importo)",
	"_MaximumAmount_Help": "Specificare l'importo massimo dei costi di consegna non pianificati consentito per riga come importo assoluto nella valuta della fattura.&lt;br&gt;\nSono consentite al massimo 2 cifre decimali.&lt;br&gt;\nSe il limite di tolleranza viene superato, la registrazione automatica viene disattivata e viene visualizzato un avviso sulla fattura.",
	"_MaximumAmount_report": "Limite tolleranza (importo)",
	"_MaximumInvoicePercentage": "Limite tolleranza (%)",
	"_MaximumInvoicePercentage_Help": "Specificare l'importo massimo dei costi di consegna non pianificati consentito per riga come percentuale dell'importo totale della fattura.&lt;br&gt;\nSono consentite al massimo 4 cifre decimali.&lt;br&gt;\nSe il limite di tolleranza viene superato, la registrazione automatica viene disattivata e viene visualizzato un avviso sulla fattura.",
	"_MaximumInvoicePercentage_report": "Limite tolleranza (%)",
	"_TaxCode": "Codice IVA",
	"_TaxCode_report": "Codice IVA",
	"_TaxJurisdiction": "Giurisdizione",
	"_TaxJurisdiction_report": "Giurisdizione",
	"_TradingPartner": "Società partner",
	"_TradingPartner_report": "Società partner",
	"_VendorNumber": "Numero fornitore",
	"_VendorNumber_report": "Numero fornitore",
	"P2P - UDC detection": "P2P - Rilevamento automatico dei costi di consegna non pianificati",
	"_ContractName": "Nome contratto",
	"_ContractName_report": "Nome contratto",
	"_ContractNumber": "Numero contratto",
	"_ContractNumber_report": "Numero contratto",
	"_ContractRUIDEX": "ID esteso contratto",
	"_ContractRUIDEX_report": "ID esteso contratto",
	"_CostCenterDescription": "Descrizione del centro di costo",
	"_CostCenterDescription_report": "Descrizione del centro di costo",
	"_FreeDimension1": "Dimensione personalizzata 1",
	"_FreeDimension1_report": "Dimensione personalizzata 1",
	"_FreeDimension1ID": "Dimensione personalizzata 1 (ID)",
	"_FreeDimension1ID_report": "Dimensione personalizzata 1 (ID)",
	"_IsReplenishmentItem": "Articolo di rifornimento",
	"_IsReplenishmentItem_report": "Articolo di rifornimento",
	"_ItemDeliveryAddressID": "ID indirizzo di spedizione",
	"_ItemDeliveryAddressID_report": "ID indirizzo di spedizione",
	"_ItemShipToAddress": "Indirizzo di spedizione",
	"_ItemShipToAddress_report": "Indirizzo di spedizione",
	"_ItemShipToCompany": "Società destinataria",
	"_ItemShipToCompany_report": "Società destinataria",
	"_NonDeductibleTaxRate": "Aliquota fiscale non deducibile",
	"_NonDeductibleTaxRate_report": "Aliquota fiscale non deducibile",
	"_ProjectCode": "Codice progetto",
	"_ProjectCode_report": "Codice progetto",
	"_ProjectCodeDescription": "Descrizione progetto",
	"_ProjectCodeDescription_report": "Descrizione progetto",
	"_PublicPrice": "Prezzo standard",
	"_PublicPrice_report": "Prezzo standard",
	"_WarehouseID": "ID magazzino",
	"_WarehouseID_report": "ID magazzino",
	"_WarehouseName": "Nome magazzino",
	"_WarehouseName_report": "Nome magazzino",
	"_WBSElement": "Elemento WBS",
	"_WBSElement_report": "Elemento WBS",
	"_WBSElementID": "Elemento WBS (ID)",
	"_WBSElementID_report": "Elemento WBS (ID)"
}</process_it>
      <process_zh-cn>{
	"_Assignment": "分配编号",
	"_Assignment_report": "分配编号",
	"_BusinessArea": "业务领域",
	"_BusinessArea_report": "业务领域",
	"_Codings": "编码",
	"_Codings_Common": "所有企业资源规划系统（ERP）",
	"_Codings_Generic": "常规 ERP 和 Microsoft Dynamics NAV",
	"_Codings_SAP": "SAP 和 SAP S/4HANA Cloud 云",
	"_CompanyCode": "公司代码",
	"_CompanyCode_report": "公司代码",
	"_CostCenter": "成本中心",
	"_CostCenter_report": "成本中心",
	"_Description": "说明",
	"_Description_report": "说明",
	"_GLAccount": "总账科目",
	"_GLAccount_report": "总账科目",
	"_InternalOrder": "内部订单",
	"_InternalOrder_report": "内部订单",
	"_Keyword": "自动决定使用的关键字",
	"_Keyword_report": "自动决定使用的关键字",
	"_KeywordPane": "识别标准",
	"_MaximumAmount": "容差限制（金额）",
	"_MaximumAmount_Help": "请指定每行所允许的计划外交付成本最大金额，此值为绝对金额，币种与账单发票货币相同。\n&lt;br&gt;最多允许 2 位小数。&lt;br&gt;如果超出容差限制，则禁用自动过帐，并在账单发票上显示警告消息。",
	"_MaximumAmount_report": "Tolerance limit (amount)",
	"_MaximumInvoicePercentage": "容差限制（%）",
	"_MaximumInvoicePercentage_Help": "请指定每行所允许的计划外交付成本最大金额，此值为账单发票金额的百分比。&lt;br&gt;\n最多允许 4 位小数。&lt;br&gt;\n如果超出容差限制，则禁用自动过帐，并在账单发票上显示警告消息。",
	"_MaximumInvoicePercentage_report": "Tolerance limit (%)",
	"_TaxCode": "税号",
	"_TaxCode_report": "税码",
	"_TaxJurisdiction": "权限",
	"_TaxJurisdiction_report": "权限",
	"_TradingPartner": "业务伙伴",
	"_TradingPartner_report": "业务伙伴",
	"_VendorNumber": "供应商编号",
	"_VendorNumber_report": "供应商号",
	"P2P - UDC detection": "采购到支付 - 计划外交付成本检测",
	"_ContractName": "合同名称",
	"_ContractName_report": "合同名称",
	"_ContractNumber": "合同编号",
	"_ContractNumber_report": "合同编号",
	"_ContractRUIDEX": "合同扩展 ID",
	"_ContractRUIDEX_report": "合同扩展 ID",
	"_CostCenterDescription": "成本中心描述",
	"_CostCenterDescription_report": "成本中心描述",
	"_FreeDimension1": "Custom dimension 1",
	"_FreeDimension1_report": "Custom dimension 1",
	"_FreeDimension1ID": "自定义范围 1（ID）",
	"_FreeDimension1ID_report": "自定义范围 1（ID）",
	"_IsReplenishmentItem": "补货项目",
	"_IsReplenishmentItem_report": "补货项目",
	"_ItemDeliveryAddressID": "交付地址ID",
	"_ItemDeliveryAddressID_report": "交付地址ID",
	"_ItemShipToAddress": "交付地址",
	"_ItemShipToAddress_report": "交付地址",
	"_ItemShipToCompany": "收件人公司",
	"_ItemShipToCompany_report": "收件人公司",
	"_NonDeductibleTaxRate": "不可扣除税率",
	"_NonDeductibleTaxRate_report": "不可扣除税率",
	"_ProjectCode": "项目代码",
	"_ProjectCode_report": "项目代码",
	"_ProjectCodeDescription": "项目说明",
	"_ProjectCodeDescription_report": "项目说明",
	"_PublicPrice": "标准价格",
	"_PublicPrice_report": "标准价格",
	"_WarehouseID": "仓库标识",
	"_WarehouseID_report": "仓库标识",
	"_WarehouseName": "仓库名称",
	"_WarehouseName_report": "仓库名称",
	"_WBSElement": "WBS 要素",
	"_WBSElement_report": "WBS 要素",
	"_WBSElementID": "WBS 要素（ID）",
	"_WBSElementID_report": "WBS 要素（ID）"
}</process_zh-cn>
      <process_pt-br>{
	"_Assignment": "Número de atribuição",
	"_Assignment_report": "Número de atribuição",
	"_BusinessArea": "Área de negócio",
	"_BusinessArea_report": "Área de negócio",
	"_Codings": "Codificação",
	"_Codings_Common": "Todos os ERPs",
	"_Codings_Generic": "ERPs genéricos e Microsoft Dynamics NAV",
	"_Codings_SAP": "SAP e Nuvem SAP S/4HANA",
	"_CompanyCode": "Código da empresa",
	"_CompanyCode_report": "Código de empresa",
	"_CostCenter": "Centro de custo",
	"_CostCenter_report": "Centro de custo",
	"_Description": "Descrição",
	"_Description_report": "Descrição",
	"_GLAccount": "Conta do Razão",
	"_GLAccount_report": "Conta do Razão",
	"_InternalOrder": "Pedido interno",
	"_InternalOrder_report": "Pedido interno",
	"_Keyword": "Palavra-chave usada para determinação automática",
	"_Keyword_report": "Palavra-chave usada para determinação automática",
	"_KeywordPane": "Critérios de reconhecimento",
	"_MaximumAmount": "Limite de tolerância (valor)",
	"_MaximumAmount_Help": "Especifique o valor máximo dos custos de entrega não planejados permitidos por linha como um valor absoluto na moeda da fatura.&lt;br&gt;\nSão permitidos no máximo 2 decimais.&lt;br&gt;\nSe o limite de tolerância for excedido, o lançamento automático é desabilitado e um aviso é exibido na fatura.",
	"_MaximumAmount_report": "Tolerance limit (amount)",
	"_MaximumInvoicePercentage": "Limite de tolerância (%)",
	"_MaximumInvoicePercentage_Help": "Especifique o valor máximo de custos de entrega não planejados permitidos por linha como uma porcentagem do valor total da fatura.&lt;br&gt;\nSão permitidos no máximo 4 decimais.&lt;br&gt;\nSe o limite de tolerância for excedido, o lançamento automático é desabilitado e um aviso é exibido na fatura.",
	"_MaximumInvoicePercentage_report": "Tolerance limit (%)",
	"_TaxCode": "Código de imposto",
	"_TaxCode_report": "Código de imposto",
	"_TaxJurisdiction": "Jurisdição",
	"_TaxJurisdiction_report": "Jurisdição",
	"_TradingPartner": "Parceiro comercial",
	"_TradingPartner_report": "Parceiro comercial",
	"_VendorNumber": "Número do fornecedor",
	"_VendorNumber_report": "Número do fornecedor",
	"P2P - UDC detection": "P2P - Detecção de custo de entrega não planejada",
	"_ContractName": "Nome do contrato",
	"_ContractName_report": "Nome do contrato",
	"_ContractNumber": "Número de contrato",
	"_ContractNumber_report": "Número de contrato",
	"_ContractRUIDEX": "ID estendido do contrato",
	"_ContractRUIDEX_report": "ID estendido do contrato",
	"_CostCenterDescription": "Descrição do centro de custo",
	"_CostCenterDescription_report": "Descrição do centro de custo",
	"_FreeDimension1": "Dimensão personalizada 1",
	"_FreeDimension1_report": "Dimensão personalizada 1",
	"_FreeDimension1ID": "Dimensão personalizada 1 (ID)",
	"_FreeDimension1ID_report": "Dimensão personalizada 1 (ID)",
	"_IsReplenishmentItem": "Item de reposição",
	"_IsReplenishmentItem_report": "Item de reposição",
	"_ItemDeliveryAddressID": "ID do endereço de entrega",
	"_ItemDeliveryAddressID_report": "ID do endereço de entrega",
	"_ItemShipToAddress": "Endereço de entrega",
	"_ItemShipToAddress_report": "Endereço de entrega",
	"_ItemShipToCompany": "Empresa receptora",
	"_ItemShipToCompany_report": "Empresa receptora",
	"_NonDeductibleTaxRate": "Taxa de imposto não dedutível",
	"_NonDeductibleTaxRate_report": "Taxa de imposto não dedutível",
	"_ProjectCode": "Código do projeto",
	"_ProjectCode_report": "Código do projeto",
	"_ProjectCodeDescription": "Descrição do projeto",
	"_ProjectCodeDescription_report": "Descrição do projeto",
	"_PublicPrice": "Preço padrão",
	"_PublicPrice_report": "Preço padrão",
	"_WarehouseID": "ID de armazém",
	"_WarehouseID_report": "ID de armazém",
	"_WarehouseName": "Nome do armazém",
	"_WarehouseName_report": "Nome do armazém",
	"_WBSElement": "Elemento WBS",
	"_WBSElement_report": "Elemento WBS",
	"_WBSElementID": "Elemento WBS (ID)",
	"_WBSElementID_report": "Elemento WBS (ID)"
}</process_pt-br>
    </lg>
    <process>
      <BUColumn>CompanyCode__</BUColumn>
      <flowtype>processing</flowtype>
      <homepagelabel>P2P - Unplanned delivery costs detection</homepagelabel>
      <instanciable>1</instanciable>
      <ESDirectIndexing>1</ESDirectIndexing>
      <enablerounddecimal>true</enablerounddecimal>
      <OverrideAllowedAttachmentExtensions>*</OverrideAllowedAttachmentExtensions>
      <lgpathtomerge>..\..\Application builder\lg2Merge\AnalyticAxis</lgpathtomerge>
      <UseActionNameWithScriptApproval>true</UseActionNameWithScriptApproval>
      <AllowUploadAttachment>0</AllowUploadAttachment>
      <AllowUploadReferenceDocument>0</AllowUploadReferenceDocument>
      <shouldRollbackManualRecordEdits>true</shouldRollbackManualRecordEdits>
      <shouldShowManualEditsWarning>false</shouldShowManualEditsWarning>
      <UseCultureFormat>true</UseCultureFormat>
      <TransportName>CustomTable</TransportName>
      <LayoutVersion>1.0</LayoutVersion>
    </process>
    <ui>
      <CustomScriptDebug>false</CustomScriptDebug>
      <CustomScriptReadonly>false</CustomScriptReadonly>
      <CustomScript>Process.SetHelpId(2529);
</CustomScript>
      <layout>{
	"*": {
		"Screen": {
			"type": "FlexibleFormLayout",
			"options": {
				"splitterType": "simple-v",
				"version": 0,
				"backColor": "text-backgroundcolor-default",
				"style": null
			},
			"*": {
				"form-header": {
					"type": "FlexibleFormHeader",
					"options": {
						"hidePanelsMenu": false,
						"version": 0
					},
					"stamp": 2,
					"data": []
				},
				"form-center": {
					"type": "FlexibleFormCenter",
					"options": {
						"version": 0
					},
					"*": {
						"form-content": {
							"type": "FlexibleFormContent",
							"options": {
								"version": 0
							},
							"*": {
								"form-content-center": {
									"type": "FlexibleFormSplitter",
									"options": {
										"version": 1,
										"box": {
											"top": "0%",
											"left": "0%",
											"width": "100%"
										},
										"hidden": false
									},
									"*": {
										"form-content-center-1": {
											"type": "FlexibleFormLine",
											"data": [],
											"options": {
												"version": 0
											},
											"stamp": 9,
											"*": {
												"DataPanel": {
													"type": "PanelData",
													"options": {
														"border": {},
														"version": 0,
														"iconURL": "",
														"TitleFontSize": "S",
														"hideActionButtons": true,
														"hideTitleBar": false,
														"hideTitle": false,
														"sameHeightAsSiblings": false,
														"backgroundcolor": "default",
														"labelsAlignment": "right",
														"label": "_KeywordPane",
														"leftImageURL": "",
														"removeMargins": false,
														"elementsAlignment": "left",
														"labelLength": 0
													},
													"*": {
														"FieldsManager": {
															"type": "FieldsManager",
															"options": {
																"controlsAssociation": {
																	"CompanyCode__": "LabelCompanyCode__",
																	"LabelCompanyCode__": "CompanyCode__",
																	"VendorNumber__": "LabelVendorNumber__",
																	"LabelVendorNumber__": "VendorNumber__",
																	"Keyword__": "LabelKeyword__",
																	"LabelKeyword__": "Keyword__",
																	"Description__": "LabelDescription__",
																	"LabelDescription__": "Description__",
																	"MaximumAmount__": "LabelMaximumAmount__",
																	"LabelMaximumAmount__": "MaximumAmount__",
																	"MaximumInvoicePercentage__": "LabelMaximumInvoicePercentage__",
																	"LabelMaximumInvoicePercentage__": "MaximumInvoicePercentage__"
																},
																"version": 0
															},
															"*": {
																"Grid": {
																	"type": "GridLayout",
																	"options": {
																		"lines": 6,
																		"columns": 2,
																		"version": 0,
																		"ctrlsPos": {
																			"CompanyCode__": {
																				"line": 1,
																				"column": 2
																			},
																			"LabelCompanyCode__": {
																				"line": 1,
																				"column": 1
																			},
																			"VendorNumber__": {
																				"line": 2,
																				"column": 2
																			},
																			"LabelVendorNumber__": {
																				"line": 2,
																				"column": 1
																			},
																			"Keyword__": {
																				"line": 3,
																				"column": 2
																			},
																			"LabelKeyword__": {
																				"line": 3,
																				"column": 1
																			},
																			"Description__": {
																				"line": 4,
																				"column": 2
																			},
																			"LabelDescription__": {
																				"line": 4,
																				"column": 1
																			},
																			"MaximumAmount__": {
																				"line": 5,
																				"column": 2
																			},
																			"LabelMaximumAmount__": {
																				"line": 5,
																				"column": 1
																			},
																			"MaximumInvoicePercentage__": {
																				"line": 6,
																				"column": 2
																			},
																			"LabelMaximumInvoicePercentage__": {
																				"line": 6,
																				"column": 1
																			}
																		},
																		"colspans": [
																			[],
																			[],
																			[],
																			[],
																			[],
																			[]
																		]
																	},
																	"data": [
																		"fields"
																	],
																	"*": {
																		"LabelCompanyCode__": {
																			"type": "Label",
																			"data": [
																				"CompanyCode__"
																			],
																			"options": {
																				"label": "_CompanyCode",
																				"version": 0
																			},
																			"stamp": 15
																		},
																		"CompanyCode__": {
																			"type": "DatabaseComboBox",
																			"data": [
																				"CompanyCode__"
																			],
																			"options": {
																				"version": 1,
																				"autoCompleteSearchMode": "startswith",
																				"searchMode": "matches",
																				"label": "_CompanyCode",
																				"activable": true,
																				"width": "500",
																				"helpText": "",
																				"helpURL": "",
																				"helpFormat": "HTML Format",
																				"helpIconPosition": "Right",
																				"minNbLines": 1,
																				"maxNbLines": 1,
																				"fTSmaxRecords": "20",
																				"browsable": true,
																				"PreFillFTS": true
																			},
																			"stamp": 16
																		},
																		"LabelVendorNumber__": {
																			"type": "Label",
																			"data": [
																				"VendorNumber__"
																			],
																			"options": {
																				"label": "_VendorNumber",
																				"version": 0
																			},
																			"stamp": 17
																		},
																		"VendorNumber__": {
																			"type": "DatabaseComboBox",
																			"data": [
																				"VendorNumber__"
																			],
																			"options": {
																				"version": 1,
																				"autoCompleteSearchMode": "startswith",
																				"searchMode": "matches",
																				"label": "_VendorNumber",
																				"activable": true,
																				"width": "500",
																				"helpText": "",
																				"helpURL": "",
																				"helpFormat": "HTML Format",
																				"helpIconPosition": "Right",
																				"minNbLines": 1,
																				"maxNbLines": 1,
																				"fTSmaxRecords": "20",
																				"browsable": true
																			},
																			"stamp": 18
																		},
																		"LabelKeyword__": {
																			"type": "Label",
																			"data": [
																				"Keyword__"
																			],
																			"options": {
																				"label": "_Keyword",
																				"version": 0
																			},
																			"stamp": 20
																		},
																		"Keyword__": {
																			"type": "ShortText",
																			"data": [
																				"Keyword__"
																			],
																			"options": {
																				"textSize": "S",
																				"textAlignment": "left",
																				"textStyle": "default",
																				"textColor": "default",
																				"version": 1,
																				"label": "_Keyword",
																				"activable": true,
																				"width": "500",
																				"helpText": "",
																				"helpURL": "",
																				"helpFormat": "HTML Format",
																				"helpIconPosition": "Right",
																				"browsable": false
																			},
																			"stamp": 21
																		},
																		"LabelDescription__": {
																			"type": "Label",
																			"data": [
																				"Description__"
																			],
																			"options": {
																				"label": "_Description",
																				"version": 0
																			},
																			"stamp": 24
																		},
																		"Description__": {
																			"type": "ShortText",
																			"data": [
																				"Description__"
																			],
																			"options": {
																				"textSize": "S",
																				"textAlignment": "left",
																				"textStyle": "default",
																				"textColor": "default",
																				"version": 1,
																				"label": "_Description",
																				"activable": true,
																				"width": "500",
																				"helpText": "",
																				"helpURL": "",
																				"helpFormat": "HTML Format",
																				"helpIconPosition": "Right",
																				"browsable": false
																			},
																			"stamp": 25
																		},
																		"LabelMaximumAmount__": {
																			"type": "Label",
																			"data": [
																				"MaximumAmount__"
																			],
																			"options": {
																				"label": "_MaximumAmount",
																				"version": 0
																			},
																			"stamp": 68
																		},
																		"MaximumAmount__": {
																			"type": "Decimal",
																			"data": [
																				"MaximumAmount__"
																			],
																			"options": {
																				"version": 2,
																				"textSize": "S",
																				"textAlignment": "right",
																				"textStyle": "default",
																				"textColor": "default",
																				"integer": false,
																				"label": "_MaximumAmount",
																				"precision_internal": 2,
																				"precision_current": 2,
																				"activable": true,
																				"width": 500,
																				"helpText": "_MaximumAmount_Help",
																				"helpURL": "2604",
																				"helpFormat": "HTML Format",
																				"helpIconPosition": "Right",
																				"enablePlusMinus": false
																			},
																			"stamp": 69
																		},
																		"LabelMaximumInvoicePercentage__": {
																			"type": "Label",
																			"data": [
																				"MaximumInvoicePercentage__"
																			],
																			"options": {
																				"label": "_MaximumInvoicePercentage",
																				"version": 0
																			},
																			"stamp": 72
																		},
																		"MaximumInvoicePercentage__": {
																			"type": "Decimal",
																			"data": [
																				"MaximumInvoicePercentage__"
																			],
																			"options": {
																				"version": 2,
																				"textSize": "S",
																				"textAlignment": "right",
																				"textStyle": "default",
																				"textColor": "default",
																				"integer": false,
																				"label": "_MaximumInvoicePercentage",
																				"precision_internal": 4,
																				"precision_current": 4,
																				"activable": true,
																				"width": 500,
																				"helpText": "_MaximumInvoicePercentage_Help",
																				"helpURL": "2605",
																				"helpFormat": "HTML Format",
																				"helpIconPosition": "Right",
																				"enablePlusMinus": false
																			},
																			"stamp": 73
																		}
																	},
																	"stamp": 8
																}
															},
															"stamp": 7,
															"data": []
														}
													},
													"stamp": 6,
													"data": []
												},
												"Codings": {
													"type": "PanelData",
													"data": [],
													"options": {
														"border": {},
														"iconURL": "",
														"TitleFontSize": "S",
														"hideActionButtons": true,
														"hideTitleBar": false,
														"hideTitle": false,
														"sameHeightAsSiblings": false,
														"backgroundcolor": "default",
														"labelsAlignment": "right",
														"label": "_Codings",
														"hidden": false,
														"leftImageURL": "",
														"removeMargins": false,
														"elementsAlignment": "left",
														"version": 0,
														"labelLength": 0
													},
													"stamp": 56,
													"*": {
														"FieldsManager": {
															"type": "FieldsManager",
															"data": [],
															"options": {
																"controlsAssociation": {
																	"LabelCostCenter__": "CostCenter__",
																	"CostCenter__": "LabelCostCenter__",
																	"LabelGLAccount__": "GLAccount__",
																	"GLAccount__": "LabelGLAccount__",
																	"LabelTaxCode__": "TaxCode__",
																	"TaxCode__": "LabelTaxCode__",
																	"LabelProjectCode__": "ProjectCode__",
																	"ProjectCode__": "LabelProjectCode__",
																	"LabelTaxJurisdiction__": "TaxJurisdiction__",
																	"TaxJurisdiction__": "LabelTaxJurisdiction__",
																	"LabelWBSElement__": "WBSElement__",
																	"WBSElement__": "LabelWBSElement__",
																	"LabelBusinessArea__": "BusinessArea__",
																	"BusinessArea__": "LabelBusinessArea__",
																	"LabelAssignment__": "Assignment__",
																	"Assignment__": "LabelAssignment__",
																	"LabelInternalOrder__": "InternalOrder__",
																	"InternalOrder__": "LabelInternalOrder__",
																	"LabelTradingPartner__": "TradingPartner__",
																	"TradingPartner__": "LabelTradingPartner__"
																},
																"version": 0
															},
															"stamp": 57,
															"*": {
																"Grid": {
																	"type": "GridLayout",
																	"data": [
																		"fields"
																	],
																	"options": {
																		"ctrlsPos": {
																			"Codings_Common__": {
																				"line": 1,
																				"column": 1
																			},
																			"LabelCostCenter__": {
																				"line": 2,
																				"column": 1
																			},
																			"CostCenter__": {
																				"line": 2,
																				"column": 2
																			},
																			"LabelGLAccount__": {
																				"line": 3,
																				"column": 1
																			},
																			"GLAccount__": {
																				"line": 3,
																				"column": 2
																			},
																			"LabelTaxCode__": {
																				"line": 4,
																				"column": 1
																			},
																			"TaxCode__": {
																				"line": 4,
																				"column": 2
																			},
																			"Codings_Generic__": {
																				"line": 5,
																				"column": 1
																			},
																			"LabelProjectCode__": {
																				"line": 6,
																				"column": 1
																			},
																			"ProjectCode__": {
																				"line": 6,
																				"column": 2
																			},
																			"Codings_SAP__": {
																				"line": 7,
																				"column": 1
																			},
																			"LabelTaxJurisdiction__": {
																				"line": 8,
																				"column": 1
																			},
																			"TaxJurisdiction__": {
																				"line": 8,
																				"column": 2
																			},
																			"LabelWBSElement__": {
																				"line": 9,
																				"column": 1
																			},
																			"WBSElement__": {
																				"line": 9,
																				"column": 2
																			},
																			"LabelBusinessArea__": {
																				"line": 10,
																				"column": 1
																			},
																			"BusinessArea__": {
																				"line": 10,
																				"column": 2
																			},
																			"LabelAssignment__": {
																				"line": 11,
																				"column": 1
																			},
																			"Assignment__": {
																				"line": 11,
																				"column": 2
																			},
																			"LabelInternalOrder__": {
																				"line": 12,
																				"column": 1
																			},
																			"InternalOrder__": {
																				"line": 12,
																				"column": 2
																			},
																			"LabelTradingPartner__": {
																				"line": 13,
																				"column": 1
																			},
																			"TradingPartner__": {
																				"line": 13,
																				"column": 2
																			}
																		},
																		"lines": 13,
																		"columns": 2,
																		"colspans": [
																			[
																				{
																					"index": 0,
																					"length": 2
																				}
																			],
																			[],
																			[],
																			[],
																			[
																				{
																					"index": 0,
																					"length": 2
																				}
																			],
																			[],
																			[
																				{
																					"index": 0,
																					"length": 2
																				}
																			],
																			[],
																			[],
																			[],
																			[],
																			[],
																			[]
																		],
																		"version": 0
																	},
																	"stamp": 58,
																	"*": {
																		"TradingPartner__": {
																			"type": "ShortText",
																			"data": [
																				"TradingPartner__"
																			],
																			"options": {
																				"textSize": "S",
																				"textAlignment": "left",
																				"textStyle": "default",
																				"textColor": "default",
																				"version": 1,
																				"label": "_TradingPartner",
																				"activable": true,
																				"width": "500",
																				"helpText": "",
																				"helpURL": "",
																				"helpFormat": "HTML Format",
																				"helpIconPosition": "Right",
																				"browsable": false
																			},
																			"stamp": 48
																		},
																		"LabelTradingPartner__": {
																			"type": "Label",
																			"data": [
																				"TradingPartner__"
																			],
																			"options": {
																				"label": "_TradingPartner",
																				"version": 0
																			},
																			"stamp": 47
																		},
																		"InternalOrder__": {
																			"type": "ShortText",
																			"data": [
																				"InternalOrder__"
																			],
																			"options": {
																				"textSize": "S",
																				"textAlignment": "left",
																				"textStyle": "default",
																				"textColor": "default",
																				"version": 1,
																				"label": "_InternalOrder",
																				"activable": true,
																				"width": "500",
																				"helpText": "",
																				"helpURL": "",
																				"helpFormat": "HTML Format",
																				"helpIconPosition": "Right",
																				"browsable": false
																			},
																			"stamp": 46
																		},
																		"LabelInternalOrder__": {
																			"type": "Label",
																			"data": [
																				"InternalOrder__"
																			],
																			"options": {
																				"label": "_InternalOrder",
																				"version": 0
																			},
																			"stamp": 45
																		},
																		"Assignment__": {
																			"type": "ShortText",
																			"data": [
																				"Assignment__"
																			],
																			"options": {
																				"textSize": "S",
																				"textAlignment": "left",
																				"textStyle": "default",
																				"textColor": "default",
																				"version": 1,
																				"label": "_Assignment",
																				"activable": true,
																				"width": "500",
																				"helpText": "",
																				"helpURL": "",
																				"helpFormat": "HTML Format",
																				"helpIconPosition": "Right",
																				"browsable": false
																			},
																			"stamp": 44
																		},
																		"LabelAssignment__": {
																			"type": "Label",
																			"data": [
																				"Assignment__"
																			],
																			"options": {
																				"label": "_Assignment",
																				"version": 0
																			},
																			"stamp": 43
																		},
																		"BusinessArea__": {
																			"type": "ShortText",
																			"data": [
																				"BusinessArea__"
																			],
																			"options": {
																				"textSize": "S",
																				"textAlignment": "left",
																				"textStyle": "default",
																				"textColor": "default",
																				"version": 1,
																				"label": "_BusinessArea",
																				"activable": true,
																				"width": "500",
																				"helpText": "",
																				"helpURL": "",
																				"helpFormat": "HTML Format",
																				"helpIconPosition": "Right",
																				"browsable": false
																			},
																			"stamp": 42
																		},
																		"LabelBusinessArea__": {
																			"type": "Label",
																			"data": [
																				"BusinessArea__"
																			],
																			"options": {
																				"label": "_BusinessArea",
																				"version": 0
																			},
																			"stamp": 41
																		},
																		"WBSElement__": {
																			"type": "ShortText",
																			"data": [
																				"WBSElement__"
																			],
																			"options": {
																				"textSize": "S",
																				"textAlignment": "left",
																				"textStyle": "default",
																				"textColor": "default",
																				"version": 1,
																				"label": "_WBSElement",
																				"activable": true,
																				"width": "500",
																				"helpText": "",
																				"helpURL": "",
																				"helpFormat": "HTML Format",
																				"helpIconPosition": "Right",
																				"browsable": false
																			},
																			"stamp": 40
																		},
																		"LabelWBSElement__": {
																			"type": "Label",
																			"data": [
																				"WBSElement__"
																			],
																			"options": {
																				"label": "_WBSElement",
																				"version": 0
																			},
																			"stamp": 39
																		},
																		"TaxJurisdiction__": {
																			"type": "ShortText",
																			"data": [
																				"TaxJurisdiction__"
																			],
																			"options": {
																				"textSize": "S",
																				"textAlignment": "left",
																				"textStyle": "default",
																				"textColor": "default",
																				"version": 1,
																				"label": "_TaxJurisdiction",
																				"activable": true,
																				"width": "500",
																				"helpText": "",
																				"helpURL": "",
																				"helpFormat": "HTML Format",
																				"helpIconPosition": "Right",
																				"browsable": false
																			},
																			"stamp": 50
																		},
																		"LabelTaxJurisdiction__": {
																			"type": "Label",
																			"data": [
																				"TaxJurisdiction__"
																			],
																			"options": {
																				"label": "_TaxJurisdiction",
																				"version": 0
																			},
																			"stamp": 49
																		},
																		"ProjectCode__": {
																			"type": "DatabaseComboBox",
																			"data": [
																				"ProjectCode__"
																			],
																			"options": {
																				"version": 1,
																				"autoCompleteSearchMode": "startswith",
																				"searchMode": "matches",
																				"label": "_ProjectCode",
																				"activable": true,
																				"width": "500",
																				"helpText": "",
																				"helpURL": "",
																				"helpFormat": "HTML Format",
																				"helpIconPosition": "Right",
																				"minNbLines": 1,
																				"maxNbLines": 1,
																				"PreFillFTS": true,
																				"fTSmaxRecords": "20",
																				"browsable": true
																			},
																			"stamp": 36
																		},
																		"LabelProjectCode__": {
																			"type": "Label",
																			"data": [
																				"ProjectCode__"
																			],
																			"options": {
																				"label": "_ProjectCode",
																				"version": 0
																			},
																			"stamp": 35
																		},
																		"TaxCode__": {
																			"type": "DatabaseComboBox",
																			"data": [
																				"TaxCode__"
																			],
																			"options": {
																				"version": 1,
																				"autoCompleteSearchMode": "startswith",
																				"searchMode": "matches",
																				"label": "_TaxCode",
																				"activable": true,
																				"width": "500",
																				"helpText": "",
																				"helpURL": "",
																				"helpFormat": "HTML Format",
																				"helpIconPosition": "Right",
																				"minNbLines": 1,
																				"maxNbLines": 1,
																				"PreFillFTS": true,
																				"fTSmaxRecords": "20",
																				"browsable": true
																			},
																			"stamp": 54
																		},
																		"LabelTaxCode__": {
																			"type": "Label",
																			"data": [
																				"TaxCode__"
																			],
																			"options": {
																				"label": "_TaxCode",
																				"version": 0
																			},
																			"stamp": 53
																		},
																		"GLAccount__": {
																			"type": "DatabaseComboBox",
																			"data": [
																				"GLAccount__"
																			],
																			"options": {
																				"version": 1,
																				"autoCompleteSearchMode": "startswith",
																				"searchMode": "matches",
																				"label": "_GLAccount",
																				"activable": true,
																				"width": "500",
																				"helpText": "",
																				"helpURL": "",
																				"helpFormat": "HTML Format",
																				"helpIconPosition": "Right",
																				"minNbLines": 1,
																				"maxNbLines": 1,
																				"PreFillFTS": true,
																				"fTSmaxRecords": "20",
																				"browsable": true
																			},
																			"stamp": 32
																		},
																		"LabelGLAccount__": {
																			"type": "Label",
																			"data": [
																				"DatabaseComboBox__"
																			],
																			"options": {
																				"label": "_GLAccount",
																				"version": 0
																			},
																			"stamp": 31
																		},
																		"CostCenter__": {
																			"type": "DatabaseComboBox",
																			"data": [
																				"CostCenter__"
																			],
																			"options": {
																				"version": 1,
																				"autoCompleteSearchMode": "startswith",
																				"searchMode": "matches",
																				"label": "_CostCenter",
																				"activable": true,
																				"width": "500",
																				"helpText": "",
																				"helpURL": "",
																				"helpFormat": "HTML Format",
																				"helpIconPosition": "Right",
																				"minNbLines": 1,
																				"maxNbLines": 1,
																				"fTSmaxRecords": "20",
																				"browsable": true,
																				"PreFillFTS": true
																			},
																			"stamp": 30
																		},
																		"LabelCostCenter__": {
																			"type": "Label",
																			"data": [
																				"CostCenter__"
																			],
																			"options": {
																				"label": "_CostCenter",
																				"version": 0
																			},
																			"stamp": 29
																		},
																		"Codings_Common__": {
																			"type": "Title",
																			"data": false,
																			"options": {
																				"marge": 0,
																				"textSize": "S",
																				"textAlignment": "left",
																				"textStyle": "default",
																				"textColor": "default",
																				"backgroundcolor": "default",
																				"iconClass": "",
																				"label": "_Codings_Common",
																				"version": 0
																			},
																			"stamp": 59
																		},
																		"Codings_Generic__": {
																			"type": "Title",
																			"data": false,
																			"options": {
																				"marge": 0,
																				"textSize": "S",
																				"textAlignment": "left",
																				"textStyle": "default",
																				"textColor": "default",
																				"backgroundcolor": "default",
																				"iconClass": "",
																				"label": "_Codings_Generic",
																				"version": 0
																			},
																			"stamp": 62
																		},
																		"Codings_SAP__": {
																			"type": "Title",
																			"data": false,
																			"options": {
																				"marge": 0,
																				"textSize": "S",
																				"textAlignment": "left",
																				"textStyle": "default",
																				"textColor": "default",
																				"backgroundcolor": "default",
																				"iconClass": "",
																				"label": "_Codings_SAP",
																				"version": 0
																			},
																			"stamp": 63
																		}
																	}
																}
															}
														}
													}
												}
											}
										}
									},
									"stamp": 5,
									"data": []
								}
							},
							"stamp": 4,
							"data": []
						}
					},
					"stamp": 3,
					"data": []
				},
				"form-footer": {
					"type": "FlexibleFormFooter",
					"options": {
						"splitterType": "simple-h",
						"version": 0
					},
					"*": {
						"Save": {
							"type": "SubmitButton",
							"options": {
								"label": "_Save",
								"action": "savequit",
								"submit": true,
								"version": 0,
								"shortCut": "S"
							},
							"stamp": 11,
							"data": []
						},
						"Close": {
							"type": "SubmitButton",
							"options": {
								"label": "_Close",
								"action": "cancel",
								"submit": true,
								"version": 0,
								"shortCut": "Q"
							},
							"stamp": 12,
							"data": []
						},
						"Delete": {
							"type": "SubmitButton",
							"options": {
								"label": "_Delete",
								"action": "delete",
								"submit": true,
								"version": 0,
								"disabled": true
							},
							"stamp": 13,
							"data": []
						}
					},
					"stamp": 10,
					"data": []
				}
			},
			"stamp": 1,
			"data": []
		}
	},
	"stamps": 73,
	"data": []
}</layout>
    </ui>
  </properties>
  <field deleted="0" format="" guid="RH7E00000M4H" id="YS1652000SG7" label="_Assignment_report" length="50" name="Assignment__" originalProcessID="EH7E00000M4H" precision="0" processid="XS1652000SG7" submitable="1" type="STR">
    <properties>
      <db>
        <alias>AYS1652000SG7</alias>
        <noxml>1</noxml>
        <fullname>/job/processfields/Assignment__</fullname>
        <defaultvalue>
        </defaultvalue>
        <RecordLastWrite>2022-10-25 17:08:20</RecordLastWrite>
      </db>
      <extrainfo>
        <Label>_Assignment_report</Label>
        <Alias>AYS1652000SG7</Alias>
        <ProcessFieldVersion vartype="INT">1</ProcessFieldVersion>
      </extrainfo>
      <gdr>
        <VarType>Area</VarType>
        <DisableAutolearn>1</DisableAutolearn>
      </gdr>
      <help>
        <helpData>{"helpText":"","helpURL":"","helpFormat":"HTML Format","helpIconPosition":"Right"}</helpData>
      </help>
      <ui>
        <_type>String</_type>
        <automatic>true</automatic>
      </ui>
    </properties>
  </field>
  <field deleted="0" format="" guid="NH7E00000M4H" id="ZS1652000SG7" label="_BusinessArea_report" length="50" name="BusinessArea__" originalProcessID="EH7E00000M4H" precision="0" processid="XS1652000SG7" submitable="1" type="STR">
    <properties>
      <db>
        <alias>AZS1652000SG7</alias>
        <noxml>1</noxml>
        <fullname>/job/processfields/BusinessArea__</fullname>
        <defaultvalue>
        </defaultvalue>
        <RecordLastWrite>2022-10-25 17:08:20</RecordLastWrite>
      </db>
      <extrainfo>
        <Label>_BusinessArea_report</Label>
        <Alias>AZS1652000SG7</Alias>
        <ProcessFieldVersion vartype="INT">1</ProcessFieldVersion>
      </extrainfo>
      <gdr>
        <VarType>Area</VarType>
        <DisableAutolearn>1</DisableAutolearn>
      </gdr>
      <help>
        <helpData>{"helpText":"","helpURL":"","helpFormat":"HTML Format","helpIconPosition":"Right"}</helpData>
      </help>
      <ui>
        <_type>String</_type>
        <automatic>true</automatic>
      </ui>
    </properties>
  </field>
  <field deleted="0" format="" guid="FH7E00000M4H" id="AT1652000SG7" label="_CompanyCode_report" length="50" name="CompanyCode__" originalProcessID="EH7E00000M4H" precision="0" processid="XS1652000SG7" submitable="1" type="STR">
    <properties>
      <db>
        <alias>AAT1652000SG7</alias>
        <index vartype="INT">1</index>
        <noxml>1</noxml>
        <fullname>/job/processfields/CompanyCode__</fullname>
        <defaultvalue>
        </defaultvalue>
        <RecordLastWrite>2022-10-25 17:08:20</RecordLastWrite>
      </db>
      <extrainfo>
        <Label>_CompanyCode_report</Label>
        <Alias>AAT1652000SG7</Alias>
        <ProcessFieldVersion vartype="INT">1</ProcessFieldVersion>
      </extrainfo>
      <field>
        <Editable>true</Editable>
        <required>true</required>
        <TableName>CT#ECW552000SG7</TableName>
        <SortOrder>
        </SortOrder>
        <DisplayedColumns>CompanyCode__|CompanyName__</DisplayedColumns>
        <DisplayedColumnsIds>
        </DisplayedColumnsIds>
        <UseTableForAutolearn>false</UseTableForAutolearn>
        <SavedColumn>CompanyCode__</SavedColumn>
        <SavedColumnId>
        </SavedColumnId>
        <ExposedColumns>
        </ExposedColumns>
        <ProcessName>PurchasingCompanycodes__</ProcessName>
        <KeyColumnId>
        </KeyColumnId>
        <KeyAttribute>
        </KeyAttribute>
        <CustomFilter>
        </CustomFilter>
      </field>
      <gdr>
        <DisableAutolearn>1</DisableAutolearn>
      </gdr>
      <help>
        <helpData>{"helpText":"","helpURL":"","helpFormat":"HTML Format","helpIconPosition":"Right"}</helpData>
      </help>
      <ui>
        <_type>String</_type>
        <automatic>true</automatic>
      </ui>
    </properties>
  </field>
  <field deleted="0" format="" guid="JH7E00000M4H" id="BT1652000SG7" label="_CostCenter_report" length="50" name="CostCenter__" originalProcessID="EH7E00000M4H" precision="0" processid="XS1652000SG7" submitable="1" type="STR">
    <properties>
      <db>
        <alias>ABT1652000SG7</alias>
        <noxml>1</noxml>
        <fullname>/job/processfields/CostCenter__</fullname>
        <defaultvalue>
        </defaultvalue>
        <RecordLastWrite>2022-10-25 17:08:20</RecordLastWrite>
      </db>
      <extrainfo>
        <Label>_CostCenter_report</Label>
        <Alias>ABT1652000SG7</Alias>
        <ProcessFieldVersion vartype="INT">1</ProcessFieldVersion>
      </extrainfo>
      <field>
        <Editable>false</Editable>
        <TableName>CT#CFW552000SG7</TableName>
        <SortOrder>ASC</SortOrder>
        <DisplayedColumns>CostCenter__|Description__</DisplayedColumns>
        <DisplayedColumnsIds>
        </DisplayedColumnsIds>
        <UseTableForAutolearn>false</UseTableForAutolearn>
        <SavedColumn>CostCenter__</SavedColumn>
        <SavedColumnId>
        </SavedColumnId>
        <ExposedColumns>
        </ExposedColumns>
        <ProcessName>AP - Cost centers__</ProcessName>
        <KeyColumnId>
        </KeyColumnId>
        <KeyAttribute>
        </KeyAttribute>
        <CustomFilter>(|(CompanyCode__=%[CompanyCode__])(CompanyCode__=)(!(CompanyCode__=*)))</CustomFilter>
      </field>
      <gdr>
        <DisableAutolearn>1</DisableAutolearn>
      </gdr>
      <help>
        <helpData>{"helpText":"","helpURL":"","helpFormat":"HTML Format","helpIconPosition":"Right"}</helpData>
      </help>
      <ui>
        <_type>String</_type>
        <automatic>true</automatic>
      </ui>
    </properties>
  </field>
  <field deleted="0" format="" guid="IH7E00000M4H" id="CT1652000SG7" label="_Description_report" length="50" name="Description__" originalProcessID="EH7E00000M4H" precision="0" processid="XS1652000SG7" submitable="1" type="STR">
    <properties>
      <db>
        <alias>ACT1652000SG7</alias>
        <noxml>1</noxml>
        <fullname>/job/processfields/Description__</fullname>
        <defaultvalue>
        </defaultvalue>
        <RecordLastWrite>2022-10-25 17:08:20</RecordLastWrite>
      </db>
      <extrainfo>
        <Label>_Description_report</Label>
        <Alias>ACT1652000SG7</Alias>
        <ProcessFieldVersion vartype="INT">1</ProcessFieldVersion>
      </extrainfo>
      <gdr>
        <VarType>Area</VarType>
        <DisableAutolearn>1</DisableAutolearn>
      </gdr>
      <help>
        <helpData>{"helpText":"","helpURL":"","helpFormat":"HTML Format","helpIconPosition":"Right"}</helpData>
      </help>
      <ui>
        <_type>String</_type>
        <automatic>true</automatic>
      </ui>
    </properties>
  </field>
  <field deleted="0" format="" guid="KH7E00000M4H" id="DT1652000SG7" label="_GLAccount_report" length="50" name="GLAccount__" originalProcessID="EH7E00000M4H" precision="0" processid="XS1652000SG7" submitable="1" type="STR">
    <properties>
      <db>
        <alias>ADT1652000SG7</alias>
        <noxml>1</noxml>
        <fullname>/job/processfields/GLAccount__</fullname>
        <defaultvalue>
        </defaultvalue>
        <RecordLastWrite>2022-10-25 17:08:20</RecordLastWrite>
      </db>
      <extrainfo>
        <Label>_GLAccount_report</Label>
        <Alias>ADT1652000SG7</Alias>
        <ProcessFieldVersion vartype="INT">1</ProcessFieldVersion>
      </extrainfo>
      <field>
        <Editable>false</Editable>
        <TableName>CT#UHW552000SG7</TableName>
        <SortOrder>ASC</SortOrder>
        <DisplayedColumns>Account__|Description__</DisplayedColumns>
        <DisplayedColumnsIds>
        </DisplayedColumnsIds>
        <UseTableForAutolearn>false</UseTableForAutolearn>
        <SavedColumn>Account__</SavedColumn>
        <SavedColumnId>
        </SavedColumnId>
        <ExposedColumns>
        </ExposedColumns>
        <ProcessName>AP - G/L accounts__</ProcessName>
        <KeyColumnId>
        </KeyColumnId>
        <KeyAttribute>
        </KeyAttribute>
        <CustomFilter>(|(CompanyCode__=%[CompanyCode__])(CompanyCode__=)(!(CompanyCode__=*)))</CustomFilter>
      </field>
      <gdr>
        <DisableAutolearn>1</DisableAutolearn>
      </gdr>
      <help>
        <helpData>{"helpText":"","helpURL":"","helpFormat":"HTML Format","helpIconPosition":"Right"}</helpData>
      </help>
      <ui>
        <_type>String</_type>
        <automatic>true</automatic>
      </ui>
    </properties>
  </field>
  <field deleted="0" format="" guid="OH7E00000M4H" id="ET1652000SG7" label="_InternalOrder_report" length="50" name="InternalOrder__" originalProcessID="EH7E00000M4H" precision="0" processid="XS1652000SG7" submitable="1" type="STR">
    <properties>
      <db>
        <alias>AET1652000SG7</alias>
        <noxml>1</noxml>
        <fullname>/job/processfields/InternalOrder__</fullname>
        <defaultvalue>
        </defaultvalue>
        <RecordLastWrite>2022-10-25 17:08:20</RecordLastWrite>
      </db>
      <extrainfo>
        <Label>_InternalOrder_report</Label>
        <Alias>AET1652000SG7</Alias>
        <ProcessFieldVersion vartype="INT">1</ProcessFieldVersion>
      </extrainfo>
      <gdr>
        <VarType>Area</VarType>
        <DisableAutolearn>1</DisableAutolearn>
      </gdr>
      <help>
        <helpData>{"helpText":"","helpURL":"","helpFormat":"HTML Format","helpIconPosition":"Right"}</helpData>
      </help>
      <ui>
        <_type>String</_type>
        <automatic>true</automatic>
      </ui>
    </properties>
  </field>
  <field deleted="0" format="" guid="HH7E00000M4H" id="FT1652000SG7" label="_Keyword_report" length="50" name="Keyword__" originalProcessID="EH7E00000M4H" precision="0" processid="XS1652000SG7" submitable="1" type="STR">
    <properties>
      <db>
        <alias>AFT1652000SG7</alias>
        <noxml>1</noxml>
        <fullname>/job/processfields/Keyword__</fullname>
        <defaultvalue>
        </defaultvalue>
        <RecordLastWrite>2022-10-25 17:08:20</RecordLastWrite>
      </db>
      <extrainfo>
        <Label>_Keyword_report</Label>
        <Alias>AFT1652000SG7</Alias>
        <ProcessFieldVersion vartype="INT">1</ProcessFieldVersion>
      </extrainfo>
      <field>
        <required>true</required>
      </field>
      <gdr>
        <VarType>Area</VarType>
        <DisableAutolearn>1</DisableAutolearn>
      </gdr>
      <help>
        <helpData>{"helpText":"","helpURL":"","helpFormat":"HTML Format","helpIconPosition":"Right"}</helpData>
      </help>
      <ui>
        <_type>String</_type>
        <automatic>true</automatic>
      </ui>
    </properties>
  </field>
  <field deleted="0" format="" guid="UNGY00000PA9" id="MT1652000SG7" label="_MaximumAmount_report" length="17" name="MaximumAmount__" originalProcessID="EH7E00000M4H" precision="2" processid="XS1652000SG7" submitable="1" type="DECIMAL">
    <properties>
      <db>
        <alias>AMT1652000SG7</alias>
        <noxml>1</noxml>
        <fullname>/job/processfields/MaximumAmount__</fullname>
        <defaultvalue>
        </defaultvalue>
        <RecordLastWrite>2022-10-25 17:08:21</RecordLastWrite>
      </db>
      <extrainfo>
        <Label>_MaximumAmount_report</Label>
        <Alias>AMT1652000SG7</Alias>
        <DecimalPrecision vartype="INT">2</DecimalPrecision>
        <ProcessFieldVersion vartype="INT">1</ProcessFieldVersion>
      </extrainfo>
      <gdr>
        <VarType>Area</VarType>
        <DisableAutolearn>1</DisableAutolearn>
      </gdr>
      <help>
        <helpData>{"helpText":"_MaximumAmount_Help","helpURL":"2604","helpFormat":"HTML Format","helpIconPosition":"Right"}</helpData>
      </help>
      <ui>
        <_type>Number</_type>
        <automatic>true</automatic>
      </ui>
    </properties>
  </field>
  <field deleted="0" format="" guid="VNGY00000PA9" id="NT1652000SG7" label="_MaximumInvoicePercentage_report" length="17" name="MaximumInvoicePercentage__" originalProcessID="EH7E00000M4H" precision="4" processid="XS1652000SG7" submitable="1" type="DECIMAL">
    <properties>
      <db>
        <alias>ANT1652000SG7</alias>
        <noxml>1</noxml>
        <fullname>/job/processfields/MaximumInvoicePercentage__</fullname>
        <defaultvalue>
        </defaultvalue>
        <RecordLastWrite>2022-10-25 17:08:21</RecordLastWrite>
      </db>
      <extrainfo>
        <Label>_MaximumInvoicePercentage_report</Label>
        <alias>ANT1652000SG7</alias>
        <DecimalPrecision vartype="INT">4</DecimalPrecision>
        <ProcessFieldVersion vartype="INT">1</ProcessFieldVersion>
      </extrainfo>
      <gdr>
        <VarType>Area</VarType>
        <DisableAutolearn>1</DisableAutolearn>
      </gdr>
      <help>
        <helpData>{"helpText":"_MaximumInvoicePercentage_Help","helpURL":"2605","helpFormat":"HTML Format","helpIconPosition":"Right"}</helpData>
      </help>
      <ui>
        <_type>Number</_type>
        <automatic>true</automatic>
      </ui>
    </properties>
  </field>
  <field deleted="0" format="" guid="LH7E00000M4H" id="GT1652000SG7" label="_ProjectCode_report" length="50" name="ProjectCode__" originalProcessID="EH7E00000M4H" precision="0" processid="XS1652000SG7" submitable="1" type="STR">
    <properties>
      <db>
        <alias>AGT1652000SG7</alias>
        <noxml>1</noxml>
        <fullname>/job/processfields/ProjectCode__</fullname>
        <defaultvalue>
        </defaultvalue>
        <RecordLastWrite>2022-10-25 17:08:20</RecordLastWrite>
      </db>
      <extrainfo>
        <Label>_ProjectCode_report</Label>
        <Alias>AGT1652000SG7</Alias>
        <ProcessFieldVersion vartype="INT">1</ProcessFieldVersion>
      </extrainfo>
      <field>
        <Editable>false</Editable>
        <TableName>CT#RFW552000SG7</TableName>
        <SortOrder>ASC</SortOrder>
        <DisplayedColumns>ProjectCode__|Description__</DisplayedColumns>
        <DisplayedColumnsIds>
        </DisplayedColumnsIds>
        <UseTableForAutolearn>false</UseTableForAutolearn>
        <SavedColumn>ProjectCode__</SavedColumn>
        <SavedColumnId>
        </SavedColumnId>
        <ExposedColumns>
        </ExposedColumns>
        <ProcessName>P2P - Project codes__</ProcessName>
        <KeyColumnId>
        </KeyColumnId>
        <KeyAttribute>
        </KeyAttribute>
        <CustomFilter>(|(CompanyCode__=%[CompanyCode__])(CompanyCode__=)(!(CompanyCode__=*)))</CustomFilter>
      </field>
      <gdr>
        <DisableAutolearn>1</DisableAutolearn>
      </gdr>
      <help>
        <helpData>{"helpText":"","helpURL":"","helpFormat":"HTML Format","helpIconPosition":"Right"}</helpData>
      </help>
      <ui>
        <_type>String</_type>
        <automatic>true</automatic>
      </ui>
    </properties>
  </field>
  <field deleted="0" format="" guid="QH7E00000M4H" id="HT1652000SG7" label="_TaxCode_report" length="50" name="TaxCode__" originalProcessID="EH7E00000M4H" precision="0" processid="XS1652000SG7" submitable="1" type="STR">
    <properties>
      <db>
        <alias>AHT1652000SG7</alias>
        <noxml>1</noxml>
        <fullname>/job/processfields/TaxCode__</fullname>
        <defaultvalue>
        </defaultvalue>
        <RecordLastWrite>2022-10-25 17:08:20</RecordLastWrite>
      </db>
      <extrainfo>
        <Label>_TaxCode_report</Label>
        <Alias>AHT1652000SG7</Alias>
        <ProcessFieldVersion vartype="INT">1</ProcessFieldVersion>
      </extrainfo>
      <field>
        <Editable>true</Editable>
        <TableName>CT#DLW552000SG7</TableName>
        <SortOrder>ASC</SortOrder>
        <DisplayedColumns>TaxCode__|Description__|TaxClassification__|TaxRate__</DisplayedColumns>
        <DisplayedColumnsIds>
        </DisplayedColumnsIds>
        <UseTableForAutolearn>false</UseTableForAutolearn>
        <SavedColumn>TaxCode__</SavedColumn>
        <SavedColumnId>
        </SavedColumnId>
        <ExposedColumns>
        </ExposedColumns>
        <ProcessName>AP - Tax codes__</ProcessName>
        <KeyColumnId>
        </KeyColumnId>
        <KeyAttribute>
        </KeyAttribute>
        <CustomFilter>(|(CompanyCode__=%[CompanyCode__])(CompanyCode__=)(!(CompanyCode__=*)))</CustomFilter>
      </field>
      <gdr>
        <DisableAutolearn>1</DisableAutolearn>
      </gdr>
      <help>
        <helpData>{"helpText":"","helpURL":"","helpFormat":"HTML Format","helpIconPosition":"Right"}</helpData>
      </help>
      <ui>
        <_type>String</_type>
        <automatic>true</automatic>
      </ui>
    </properties>
  </field>
  <field deleted="0" format="" guid="SH7E00000M4H" id="IT1652000SG7" label="_TaxJurisdiction_report" length="50" name="TaxJurisdiction__" originalProcessID="EH7E00000M4H" precision="0" processid="XS1652000SG7" submitable="1" type="STR">
    <properties>
      <db>
        <alias>AIT1652000SG7</alias>
        <noxml>1</noxml>
        <fullname>/job/processfields/TaxJurisdiction__</fullname>
        <defaultvalue>
        </defaultvalue>
        <RecordLastWrite>2022-10-25 17:08:20</RecordLastWrite>
      </db>
      <extrainfo>
        <Label>_TaxJurisdiction_report</Label>
        <Alias>AIT1652000SG7</Alias>
        <ProcessFieldVersion vartype="INT">1</ProcessFieldVersion>
      </extrainfo>
      <gdr>
        <VarType>Area</VarType>
        <DisableAutolearn>1</DisableAutolearn>
      </gdr>
      <help>
        <helpData>{"helpText":"","helpURL":"","helpFormat":"HTML Format","helpIconPosition":"Right"}</helpData>
      </help>
      <ui>
        <_type>String</_type>
        <automatic>true</automatic>
      </ui>
    </properties>
  </field>
  <field deleted="0" format="" guid="PH7E00000M4H" id="JT1652000SG7" label="_TradingPartner_report" length="50" name="TradingPartner__" originalProcessID="EH7E00000M4H" precision="0" processid="XS1652000SG7" submitable="1" type="STR">
    <properties>
      <db>
        <alias>AJT1652000SG7</alias>
        <noxml>1</noxml>
        <fullname>/job/processfields/TradingPartner__</fullname>
        <defaultvalue>
        </defaultvalue>
        <RecordLastWrite>2022-10-25 17:08:20</RecordLastWrite>
      </db>
      <extrainfo>
        <Label>_TradingPartner_report</Label>
        <Alias>AJT1652000SG7</Alias>
        <ProcessFieldVersion vartype="INT">1</ProcessFieldVersion>
      </extrainfo>
      <gdr>
        <VarType>Area</VarType>
        <DisableAutolearn>1</DisableAutolearn>
      </gdr>
      <help>
        <helpData>{"helpText":"","helpURL":"","helpFormat":"HTML Format","helpIconPosition":"Right"}</helpData>
      </help>
      <ui>
        <_type>String</_type>
        <automatic>true</automatic>
      </ui>
    </properties>
  </field>
  <field deleted="0" format="" guid="GH7E00000M4H" id="KT1652000SG7" label="_VendorNumber_report" length="50" name="VendorNumber__" originalProcessID="EH7E00000M4H" precision="0" processid="XS1652000SG7" submitable="1" type="STR">
    <properties>
      <db>
        <alias>AKT1652000SG7</alias>
        <noxml>1</noxml>
        <fullname>/job/processfields/VendorNumber__</fullname>
        <defaultvalue>
        </defaultvalue>
        <RecordLastWrite>2022-10-25 17:08:20</RecordLastWrite>
      </db>
      <extrainfo>
        <Label>_VendorNumber_report</Label>
        <Alias>AKT1652000SG7</Alias>
        <ProcessFieldVersion vartype="INT">1</ProcessFieldVersion>
      </extrainfo>
      <field>
        <Editable>false</Editable>
        <TableName>CT#ZLW552000SG7</TableName>
        <SortOrder>ASC</SortOrder>
        <DisplayedColumns>Number__|Name__</DisplayedColumns>
        <DisplayedColumnsIds>
        </DisplayedColumnsIds>
        <UseTableForAutolearn>false</UseTableForAutolearn>
        <SavedColumn>Number__</SavedColumn>
        <SavedColumnId>
        </SavedColumnId>
        <ExposedColumns>
        </ExposedColumns>
        <ProcessName>AP - Vendors__</ProcessName>
        <KeyColumnId>
        </KeyColumnId>
        <KeyAttribute>
        </KeyAttribute>
        <CustomFilter>(|(CompanyCode__=%[CompanyCode__])(CompanyCode__=)(!(CompanyCode__=*)))</CustomFilter>
      </field>
      <gdr>
        <DisableAutolearn>1</DisableAutolearn>
      </gdr>
      <help>
        <helpData>{"helpText":"","helpURL":"","helpFormat":"HTML Format","helpIconPosition":"Right"}</helpData>
      </help>
      <ui>
        <_type>String</_type>
        <automatic>true</automatic>
      </ui>
    </properties>
  </field>
  <field deleted="0" format="" guid="MH7E00000M4H" id="LT1652000SG7" label="_WBSElement_report" length="50" name="WBSElement__" originalProcessID="EH7E00000M4H" precision="0" processid="XS1652000SG7" submitable="1" type="STR">
    <properties>
      <db>
        <alias>ALT1652000SG7</alias>
        <noxml>1</noxml>
        <fullname>/job/processfields/WBSElement__</fullname>
        <defaultvalue>
        </defaultvalue>
        <RecordLastWrite>2022-10-25 17:08:20</RecordLastWrite>
      </db>
      <extrainfo>
        <Label>_WBSElement_report</Label>
        <Alias>ALT1652000SG7</Alias>
        <ProcessFieldVersion vartype="INT">1</ProcessFieldVersion>
      </extrainfo>
      <gdr>
        <VarType>Area</VarType>
        <DisableAutolearn>1</DisableAutolearn>
      </gdr>
      <help>
        <helpData>{"helpText":"","helpURL":"","helpFormat":"HTML Format","helpIconPosition":"Right"}</helpData>
      </help>
      <ui>
        <_type>String</_type>
        <automatic>true</automatic>
      </ui>
    </properties>
  </field>
  <type id="JLLP13130F1" name="CT">
  </type>
</process>