﻿<?xml version="1.0" encoding="UTF-8" standalone="no"?>
<process accountid="20063076" allowrepairprocess="0" builtin="0" builtinversion="0" carriesapplicationversion="0" creationdatetime="2022-10-25 17:04:41" deleted="0" eskerapplication="" global="0" id="HSW552000SG7" keepcustomization="0" keepfieldsonly="0" keepfieldsproperties="0" keepnewcontroloptions="0" migrationversion="4" name="AP - Parameters__" needvalidation="1" ootofilter="" ootoversion="0" originalProcessID="LOGM15150" ownerid="cn=admin_p2p@paragon-cc.fr,ou=DEV,ou=TrainingP2P,ou=DEMO_JULIEN,ou=05284299,ou=ESK,s=eoo" ownerpb="OnDemand AddressBook" public="1" pushnotification="0" reuseengine="0" sprintversion="5.261.0" transportname="CustomTable" upgradable="1" userid="0" version="1" visibility="0">
  <properties>
    <dataConditions>
      <listDataConditions>
				&lt;dataCondition&gt;
					&lt;tableName&gt;P2P - Global Application Settings__&lt;/tableName&gt;
					&lt;filter&gt;msnex=*&lt;/filter&gt;
					&lt;labelKey&gt;_AP disabled&lt;/labelKey&gt;
					&lt;conditions&gt;
						&lt;allowCondition&gt;
							&lt;fieldName&gt;EnableAccountPayableGlobalSetting__&lt;/fieldName&gt;
							&lt;fieldValue&gt;1&lt;/fieldValue&gt;
						&lt;/allowCondition&gt;
					&lt;/conditions&gt;
				&lt;/dataCondition&gt;
			</listDataConditions>
    </dataConditions>
    <dbIndex>
      <AUTO_AISW552000SG7A>&lt;Index&gt;&lt;Ref Name="AISW552000SG7" Option="ASC"/&gt;&lt;/Index&gt;</AUTO_AISW552000SG7A>
      <AUTO_AKSW552000SG7A>&lt;Index&gt;&lt;Ref Name="AKSW552000SG7" Option="ASC"/&gt;&lt;/Index&gt;</AUTO_AKSW552000SG7A>
      <AUTO_AMSW552000SG7A>&lt;Index&gt;&lt;Ref Name="AMSW552000SG7" Option="ASC"/&gt;&lt;/Index&gt;</AUTO_AMSW552000SG7A>
    </dbIndex>
    <gdr>
    </gdr>
    <lg>
      <process_de>{
	"_CompanyCode": "Buchungskreis",
	"_CompanyCode_report": "Buchungskreis",
	"_InfoMapping": "Definition der Zuordnung der Artikelspalten in der Zwischenablage mit den Artikelspalten im Formular. Muss im JSON-Format festgelegt werden.",
	"_InvalidJSON": "Ungültige Objektsyntax",
	"_LineItemsImporterMapping": "Spaltenzuordnung",
	"_LineItemsImporterMapping_report": "Spaltenzuordnung",
	"_Template": "Kontiervorlage",
	"_Template_report": "Kontiervorlage",
	"_VendorNumber": "Lieferantennummer",
	"_VendorNumber_report": "Lieferantennummer",
	"Alert on duplicates": "Für diesen Kunden Duplikate anzeigen",
	"AP - Parameters": "P2P - Parameter",
	"Do not alert on duplicates": "Duplikate nicht anzeigen",
	"Enable touchless": "Automatische Buchung aktiviert",
	"If at least 1 value is identical": "Falls mind. 1 Wert identisch ist",
	"If at least 2 values are identical": "Falls mind. 2 Werte identisch sind",
	"If at least 3 values are identical": "Falls mind. 3 Werte identisch sind"
}</process_de>
      <process_JA>{
	"_CompanyCode": "会社コード",
	"_CompanyCode_report": "会社コード",
	"_InfoMapping": "クリップボードの明細品目列とフォームの明細品目列とのマッピングを定義してください。JSON形式で指定する必要があります。",
	"_InvalidJSON": "無効なオブジェクト構文",
	"_LineItemsImporterMapping": "列マッピング",
	"_LineItemsImporterMapping_report": "列マッピング",
	"_Template": "割当テンプレート",
	"_Template_report": "割当テンプレート",
	"_VendorNumber": "仕入先番号",
	"_VendorNumber_report": "仕入先番号",
	"Alert on duplicates": "この仕入先の重複に関するアラート",
	"AP - Parameters": "P2P - パラメーター",
	"Do not alert on duplicates": "重複に関するアラートを表示しない",
	"Enable touchless": "自動登録有効",
	"If at least 1 value is identical": "1つ以上の値が同じ",
	"If at least 2 values are identical": "2つ以上の値が同じ",
	"If at least 3 values are identical": "3つ以上の値が同じ"
}</process_JA>
      <process_en>{
	"_CompanyCode": "Company code",
	"_CompanyCode_report": "Company code",
	"_InfoMapping": "Defines the mappings between the line item columns in the clipboard and the line item columns in the form. Must be specified in JSON format.",
	"_InvalidJSON": "Invalid object syntax",
	"_LineItemsImporterMapping": "Column mapping",
	"_LineItemsImporterMapping_report": "Column mapping",
	"_Template": "Assignment template",
	"_Template_report": "Assignment template",
	"_VendorNumber": "Vendor number",
	"_VendorNumber_report": "Vendor number",
	"Alert on duplicates": "Alert on duplicates for this vendor",
	"AP - Parameters": "P2P - Parameters",
	"Do not alert on duplicates": "Do not alert on duplicates",
	"Enable touchless": "Automatic posting enabled",
	"If at least 1 value is identical": "If at least 1 value is identical",
	"If at least 2 values are identical": "If at least 2 values are identical",
	"If at least 3 values are identical": "If at least 3 values are identical"
}</process_en>
      <process_es>{
	"_CompanyCode": "Código de empresa",
	"_CompanyCode_report": "Código de empresa",
	"_InfoMapping": "Definición del mapeo entre las columnas de elementos en el portapapeles y las columnas de elementos en el formulario. Debe especificarse en formato JSON.",
	"_InvalidJSON": "Sintaxis de objeto no válida",
	"_LineItemsImporterMapping": "Mapeo de columnas",
	"_LineItemsImporterMapping_report": "Mapeo de columnas",
	"_Template": "Modelo de imputación",
	"_Template_report": "Modelo de imputación",
	"_VendorNumber": "Número de proveedor",
	"_VendorNumber_report": "Número de proveedor",
	"Alert on duplicates": "Señalar los duplicados para este cliente",
	"AP - Parameters": "P2P - Parámetros",
	"Do not alert on duplicates": "No señalar duplicados",
	"Enable touchless": "Contabilización automática habilitada",
	"If at least 1 value is identical": "Si hay al menos 1 valor idéntico",
	"If at least 2 values are identical": "Si hay al menos 2 valores idénticos",
	"If at least 3 values are identical": "Si hay al menos 3 valores idénticos"
}</process_es>
      <process_fr>{
	"_CompanyCode": "Code société",
	"_CompanyCode_report": "Code société",
	"_InfoMapping": "Définition des correspondances entre les colonnes de postes dans le presse-papiers et les colonnes de postes dans le formulaire. Doit être spécifiée au format JSON.",
	"_InvalidJSON": "Syntaxe de l'objet non valide",
	"_LineItemsImporterMapping": "Correspondances des colonnes",
	"_LineItemsImporterMapping_report": "Correspondances des colonnes",
	"_Template": "Modèle d'imputation",
	"_Template_report": "Modèle d'imputation",
	"_VendorNumber": "Numéro fournisseur",
	"_VendorNumber_report": "Numéro fournisseur",
	"Alert on duplicates": "Pour ce fournisseur signaler les doublons",
	"AP - Parameters": "P2P - Paramètres",
	"Do not alert on duplicates": "Ne pas signaler les doublons",
	"Enable touchless": "Comptabilisation automatique activée",
	"If at least 1 value is identical": "Si au moins 1 valeur est identique",
	"If at least 2 values are identical": "Si au moins 2 valeurs sont identiques",
	"If at least 3 values are identical": "Si au moins 3 valeurs sont identiques"
}</process_fr>
      <process_nl-NL>{
	"_CompanyCode": "Bedrijfscode",
	"_CompanyCode_report": "Bedrijfscode",
	"_InfoMapping": "Bepaalt het koppelen van kolommen met regelitems in het klembord met kolommen met regelitems in het formulier. Moet worden opgegeven in JSON-formaat.",
	"_InvalidJSON": "Ongeldige syntax object",
	"_LineItemsImporterMapping": "Kolom koppelen",
	"_LineItemsImporterMapping_report": "Kolom koppelen",
	"_Template": "Sjabloon toewijzing",
	"_Template_report": "Sjabloon toewijzing",
	"_VendorNumber": "Nummer leverancier",
	"_VendorNumber_report": "Nummer leverancier",
	"Alert on duplicates": "Waarschuwen bij duplicaten voor deze leverancier",
	"AP - Parameters": "P2P - Parameters",
	"Do not alert on duplicates": "Niet waarschuwen bij duplicaten",
	"Enable touchless": "Automatische boeking ingeschakeld",
	"If at least 1 value is identical": "Als minstens 1 waarde identiek is",
	"If at least 2 values are identical": "Als minstens 2 waarden identiek zijn",
	"If at least 3 values are identical": "Als minstens 3 waarden identiek zijn"
}</process_nl-NL>
      <process_it>{
	"_CompanyCode": "Codice società",
	"_CompanyCode_report": "Codice società",
	"_InfoMapping": "Definizione delle corrispondenze tra le colonne di elementi nel modulo e le colonne di elementi negli appunti. Deve essere specificata in formato JSON.",
	"_InvalidJSON": "Sintassi oggetto non valida",
	"_LineItemsImporterMapping": "Mapping colonne",
	"_LineItemsImporterMapping_report": "Mapping colonne",
	"_Template": "Modello di contabilizzazione",
	"_Template_report": "Modello di contabilizzazione",
	"_VendorNumber": "Numero fornitore",
	"_VendorNumber_report": "Numero fornitore",
	"Alert on duplicates": "Segnalare i duplicati per questo cliente",
	"AP - Parameters": "P2P - Parametri",
	"Do not alert on duplicates": "Non segnalare duplicati",
	"Enable touchless": "Registrazione automatica attivata",
	"If at least 1 value is identical": "Se almeno 1 valore è identico",
	"If at least 2 values are identical": "Se almeno 2 valori sono identici",
	"If at least 3 values are identical": "Se almeno 3 valori sono identici"
}</process_it>
      <process_zh-CN>{
	"_CompanyCode": "公司代码",
	"_CompanyCode_report": "公司代码",
	"_InfoMapping": "定义剪贴板和表格中行项目列的映射，必须为JSON格式。",
	"_InvalidJSON": "无效的对象语法",
	"_LineItemsImporterMapping": "列映射",
	"_LineItemsImporterMapping_report": "列映射",
	"_Template": "分配模板",
	"_Template_report": "分配模板",
	"_VendorNumber": "供应商编号",
	"_VendorNumber_report": "供应商编号",
	"Alert on duplicates": "对该供应商启用文档重复警告",
	"AP - Parameters": "采购到支付 - 参数",
	"Do not alert on duplicates": "不使用文档重复警告",
	"Enable touchless": "自动过账已启用",
	"If at least 1 value is identical": "至少1个值相同时",
	"If at least 2 values are identical": "至少2个值相同时",
	"If at least 3 values are identical": "至少3个值相同时"
}</process_zh-CN>
      <process_pt-BR>{
	"_CompanyCode": "Código da empresa",
	"_CompanyCode_report": "Código da empresa",
	"_InfoMapping": "Define os mapeamentos entre as colunas do item de linha na área de transferência e as colunas do item de linha no formulário. Deve ser especificado no formato JSON.",
	"_InvalidJSON": "Sintaxe de objeto inválida",
	"_LineItemsImporterMapping": "Mapeamento de colunas",
	"_LineItemsImporterMapping_report": "Mapeamento de colunas",
	"_Template": "Modelo de atribuição",
	"_Template_report": "Modelo de atribuição",
	"_VendorNumber": "Número do fornecedor",
	"_VendorNumber_report": "Número do fornecedor",
	"Alert on duplicates": "Alerta sobre duplicatas para este fornecedor",
	"AP - Parameters": "P2P - Parâmetros",
	"Do not alert on duplicates": "Não alertar sobre duplicatas",
	"Enable touchless": "Lançamento automático ativado",
	"If at least 1 value is identical": "Se, pelo menos, 1 valor for idêntico",
	"If at least 2 values are identical": "Se, pelo menos, 2 valores forem idênticos",
	"If at least 3 values are identical": "Se, pelo menos, 3 valores forem idênticos"
}</process_pt-BR>
    </lg>
    <process>
      <BUColumn>CompanyCode__</BUColumn>
      <flowtype>processing</flowtype>
      <homepagelabel>AP - Parameters</homepagelabel>
      <upgradable>yes</upgradable>
      <instanciable>1</instanciable>
      <OverrideAllowedAttachmentExtensions>*</OverrideAllowedAttachmentExtensions>
      <AllowUploadAttachment>0</AllowUploadAttachment>
      <AllowUploadReferenceDocument>0</AllowUploadReferenceDocument>
      <shouldRollbackManualRecordEdits>true</shouldRollbackManualRecordEdits>
      <UseCultureFormat>true</UseCultureFormat>
      <TransportName>CustomTable</TransportName>
      <LayoutVersion>1.0</LayoutVersion>
    </process>
    <ui>
      <CustomScriptDebug>false</CustomScriptDebug>
      <CustomScriptReadonly>false</CustomScriptReadonly>
      <CustomScript>Controls.LineItemsImporterMapping__.OnChange = function ()
{
	var mappingJSON = this.GetValue();
	if (mappingJSON)
	{
		try
		{
			JSON.parse(mappingJSON);
		}
		catch(err)
		{
			this.SetError("_InvalidJSON");
		}
	}
	else
	{
		this.SetInfo("_InfoMapping");
	}
};

Controls.LineItemsImporterMapping__.OnChange();</CustomScript>
      <layout>{
	"*": {
		"Screen": {
			"type": "FlexibleFormLayout",
			"options": {
				"splitterType": "simple-v",
				"version": 0
			},
			"*": {
				"form-header": {
					"type": "FlexibleFormHeader",
					"options": {
						"hidePanelsMenu": false,
						"version": 0
					},
					"stamp": 1,
					"data": []
				},
				"form-center": {
					"type": "FlexibleFormCenter",
					"options": {
						"version": 0
					},
					"*": {
						"form-content": {
							"type": "FlexibleFormContent",
							"options": {
								"version": 0
							},
							"*": {
								"form-content-center": {
									"type": "FlexibleFormSplitter",
									"options": {
										"version": 1,
										"box": {
											"top": "0%",
											"left": "0%",
											"width": "100%"
										},
										"hidden": false
									},
									"*": {
										"form-content-center-1": {
											"type": "FlexibleFormLine",
											"data": [],
											"options": {
												"version": 0
											},
											"stamp": 2,
											"*": {
												"DataPanel": {
													"type": "PanelData",
													"options": {
														"border": {},
														"version": 0,
														"labelLength": 0,
														"label": "_Document data",
														"iconURL": "",
														"TitleFontSize": "S",
														"hideActionButtons": true,
														"hideTitleBar": true,
														"hideTitle": true,
														"backgroundcolor": "default",
														"labelsAlignment": "right",
														"leftImageURL": ""
													},
													"*": {
														"FieldsManager": {
															"type": "FieldsManager",
															"options": {
																"controlsAssociation": {
																	"DuplicateCheckAlertLevel__": "LabelDuplicateCheckAlertLevel__",
																	"LabelDuplicateCheckAlertLevel__": "DuplicateCheckAlertLevel__",
																	"TouchlessEnabled__": "LabelTouchlessEnabled__",
																	"LabelTouchlessEnabled__": "TouchlessEnabled__",
																	"Template__": "LabelTemplate__",
																	"LabelTemplate__": "Template__",
																	"CompanyCode__": "LabelCompanyCode__",
																	"LabelCompanyCode__": "CompanyCode__",
																	"VendorNumber__": "LabelVendorNumber__",
																	"LabelVendorNumber__": "VendorNumber__",
																	"LineItemsImporterMapping__": "LabelLineItemsImporterMapping__",
																	"LabelLineItemsImporterMapping__": "LineItemsImporterMapping__"
																},
																"version": 0
															},
															"*": {
																"Grid": {
																	"type": "GridLayout",
																	"options": {
																		"lines": 6,
																		"columns": 2,
																		"version": 0,
																		"ctrlsPos": {
																			"DuplicateCheckAlertLevel__": {
																				"line": 3,
																				"column": 2
																			},
																			"LabelDuplicateCheckAlertLevel__": {
																				"line": 3,
																				"column": 1
																			},
																			"TouchlessEnabled__": {
																				"line": 5,
																				"column": 2
																			},
																			"LabelTouchlessEnabled__": {
																				"line": 5,
																				"column": 1
																			},
																			"Template__": {
																				"line": 4,
																				"column": 2
																			},
																			"LabelTemplate__": {
																				"line": 4,
																				"column": 1
																			},
																			"CompanyCode__": {
																				"line": 1,
																				"column": 2
																			},
																			"LabelCompanyCode__": {
																				"line": 1,
																				"column": 1
																			},
																			"VendorNumber__": {
																				"line": 2,
																				"column": 2
																			},
																			"LabelVendorNumber__": {
																				"line": 2,
																				"column": 1
																			},
																			"LineItemsImporterMapping__": {
																				"line": 6,
																				"column": 2
																			},
																			"LabelLineItemsImporterMapping__": {
																				"line": 6,
																				"column": 1
																			}
																		},
																		"colspans": [
																			[],
																			[],
																			[],
																			[],
																			[],
																			[]
																		]
																	},
																	"data": [
																		"fields"
																	],
																	"*": {
																		"LabelCompanyCode__": {
																			"type": "Label",
																			"data": [
																				"CompanyCode__"
																			],
																			"options": {
																				"label": "_CompanyCode",
																				"version": 0
																			},
																			"stamp": 3
																		},
																		"CompanyCode__": {
																			"type": "DatabaseComboBox",
																			"data": [
																				"CompanyCode__"
																			],
																			"options": {
																				"label": "_CompanyCode",
																				"activable": true,
																				"width": 500,
																				"fTSmaxRecords": "20",
																				"browsable": true,
																				"version": 0
																			},
																			"stamp": 4
																		},
																		"LabelVendorNumber__": {
																			"type": "Label",
																			"data": [
																				"VendorNumber__"
																			],
																			"options": {
																				"label": "_VendorNumber",
																				"version": 0
																			},
																			"stamp": 5
																		},
																		"VendorNumber__": {
																			"type": "DatabaseComboBox",
																			"data": [
																				"VendorNumber__"
																			],
																			"options": {
																				"label": "_VendorNumber",
																				"activable": true,
																				"width": "500",
																				"fTSmaxRecords": "20",
																				"browsable": true,
																				"version": 0
																			},
																			"stamp": 6
																		},
																		"LabelDuplicateCheckAlertLevel__": {
																			"type": "Label",
																			"data": [
																				"DuplicateCheckAlertLevel__"
																			],
																			"options": {
																				"label": "Alert on duplicates",
																				"version": 0
																			},
																			"stamp": 7
																		},
																		"DuplicateCheckAlertLevel__": {
																			"type": "ComboBox",
																			"data": [
																				"DuplicateCheckAlertLevel__"
																			],
																			"options": {
																				"possibleValues": {
																					"0": "If at least 1 value is identical",
																					"1": "If at least 2 values are identical",
																					"2": "If at least 3 values are identical",
																					"3": "Do not alert on duplicates"
																				},
																				"keyValueMode": true,
																				"possibleKeys": {
																					"0": "1",
																					"1": "2",
																					"2": "3",
																					"3": "0"
																				},
																				"label": "Alert on duplicates",
																				"activable": true,
																				"width": "500",
																				"version": 0
																			},
																			"stamp": 8
																		},
																		"LabelTemplate__": {
																			"type": "Label",
																			"data": [
																				"Template__"
																			],
																			"options": {
																				"label": "_Template",
																				"version": 0
																			},
																			"stamp": 9
																		},
																		"Template__": {
																			"type": "DatabaseComboBox",
																			"data": [
																				"Template__"
																			],
																			"options": {
																				"label": "_Template",
																				"activable": true,
																				"width": 500,
																				"fTSmaxRecords": "20",
																				"browsable": true,
																				"version": 0
																			},
																			"stamp": 10
																		},
																		"LabelTouchlessEnabled__": {
																			"type": "Label",
																			"data": [
																				"TouchlessEnabled__"
																			],
																			"options": {
																				"label": "Enable touchless",
																				"version": 0
																			},
																			"stamp": 11
																		},
																		"TouchlessEnabled__": {
																			"type": "CheckBox",
																			"data": [
																				"TouchlessEnabled__"
																			],
																			"options": {
																				"label": "Enable touchless",
																				"activable": true,
																				"version": 0
																			},
																			"stamp": 12
																		},
																		"LabelLineItemsImporterMapping__": {
																			"type": "Label",
																			"data": [
																				"LineItemsImporterMapping__"
																			],
																			"options": {
																				"label": "_LineItemsImporterMapping",
																				"version": 0
																			},
																			"stamp": 26
																		},
																		"LineItemsImporterMapping__": {
																			"type": "ShortText",
																			"data": [
																				"LineItemsImporterMapping__"
																			],
																			"options": {
																				"textSize": "S",
																				"textAlignment": "left",
																				"textStyle": "default",
																				"textColor": "default",
																				"label": "_LineItemsImporterMapping",
																				"activable": true,
																				"width": "600",
																				"version": 0,
																				"helpText": "",
																				"helpURL": "",
																				"helpFormat": "HTML Format",
																				"browsable": false
																			},
																			"stamp": 27
																		}
																	},
																	"stamp": 15
																}
															},
															"stamp": 16,
															"data": []
														}
													},
													"stamp": 17,
													"data": []
												}
											}
										}
									},
									"stamp": 18,
									"data": []
								}
							},
							"stamp": 19,
							"data": []
						}
					},
					"stamp": 20,
					"data": []
				},
				"form-footer": {
					"type": "FlexibleFormFooter",
					"options": {
						"splitterType": "simple-h",
						"version": 0
					},
					"*": {
						"Save": {
							"type": "SubmitButton",
							"options": {
								"label": "_Save",
								"action": "savequit",
								"submit": true,
								"version": 0
							},
							"stamp": 21,
							"data": []
						},
						"Close": {
							"type": "SubmitButton",
							"options": {
								"label": "_Close",
								"action": "cancel",
								"submit": true,
								"version": 0
							},
							"stamp": 22,
							"data": []
						},
						"Delete": {
							"type": "SubmitButton",
							"options": {
								"label": "_Delete",
								"action": "delete",
								"submit": true,
								"version": 0,
								"disabled": true
							},
							"stamp": 23,
							"data": []
						}
					},
					"stamp": 24,
					"data": []
				}
			},
			"stamp": 25,
			"data": []
		}
	},
	"stamps": 27,
	"data": []
}</layout>
    </ui>
  </properties>
  <field deleted="0" format="" guid="HSIY25004942" id="ISW552000SG7" label="_CompanyCode_report" length="50" name="CompanyCode__" originalProcessID="LOGM15150" precision="0" processid="HSW552000SG7" submitable="1" type="STR">
    <properties>
      <db>
        <alias>AISW552000SG7</alias>
        <index vartype="INT">1</index>
        <noxml>1</noxml>
        <fullname>/job/processfields/CompanyCode__</fullname>
        <defaultvalue>
        </defaultvalue>
        <RecordLastWrite>1899-12-30 00:00:00</RecordLastWrite>
      </db>
      <extrainfo>
        <Label>_CompanyCode_report</Label>
        <Alias>AISW552000SG7</Alias>
        <ProcessFieldVersion vartype="INT">1</ProcessFieldVersion>
      </extrainfo>
      <field>
        <Editable>true</Editable>
        <required>true</required>
        <TableName>CT#ECW552000SG7</TableName>
        <SortOrder>ASC</SortOrder>
        <DisplayedColumns>CompanyCode__|CompanyName__</DisplayedColumns>
        <DisplayedColumnsIds>
        </DisplayedColumnsIds>
        <SavedColumn>CompanyCode__</SavedColumn>
        <SavedColumnId>HUME134563</SavedColumnId>
        <ProcessName>PurchasingCompanycodes__</ProcessName>
        <CustomFilter>
        </CustomFilter>
      </field>
      <ui>
        <_type>String</_type>
        <automatic>true</automatic>
      </ui>
    </properties>
  </field>
  <field deleted="0" format="" guid="OVUA15153" id="JSW552000SG7" label="Alert on duplicates" length="50" name="DuplicateCheckAlertLevel__" originalProcessID="LOGM15150" precision="0" processid="HSW552000SG7" submitable="1" type="STR">
    <properties>
      <db>
        <alias>AJSW552000SG7</alias>
        <noxml>1</noxml>
        <fullname>/job/processfields/DuplicateCheckAlertLevel__</fullname>
        <defaultvalue>1</defaultvalue>
        <RecordLastWrite>2014-03-03 10:19:13</RecordLastWrite>
      </db>
      <extrainfo>
        <Type>webaccess.Process.Columns.WithPossibleValues</Type>
        <Label>Alert on duplicates</Label>
        <Alias>AJSW552000SG7</Alias>
        <ProcessFieldVersion vartype="INT">1</ProcessFieldVersion>
      </extrainfo>
      <field>
        <required>false</required>
        <possibleKeys>1
2
3
0</possibleKeys>
        <possibleValues>If at least 1 value is identical
If at least 2 values are identical
If at least 3 values are identical
Do not alert on duplicates</possibleValues>
      </field>
      <ui>
        <_type>String</_type>
        <automatic>true</automatic>
      </ui>
    </properties>
  </field>
  <field deleted="0" format="" guid="AEPRF5875" id="NSW552000SG7" label="_LineItemsImporterMapping_report" length="65535" name="LineItemsImporterMapping__" originalProcessID="LOGM15150" precision="0" processid="HSW552000SG7" submitable="1" type="STR">
    <properties>
      <db>
        <alias>ANSW552000SG7</alias>
        <noxml>1</noxml>
        <fullname>/job/processfields/LineItemsImporterMapping__</fullname>
        <defaultvalue>
        </defaultvalue>
        <RecordLastWrite>1899-12-30 00:00:00</RecordLastWrite>
      </db>
      <extrainfo>
        <Label>_LineItemsImporterMapping_report</Label>
        <Alias>ANSW552000SG7</Alias>
        <ProcessFieldVersion vartype="INT">1</ProcessFieldVersion>
      </extrainfo>
      <gdr>
        <VarType>Area</VarType>
        <DisableAutolearn>1</DisableAutolearn>
      </gdr>
      <ui>
        <_type>String</_type>
        <automatic>true</automatic>
      </ui>
    </properties>
  </field>
  <field deleted="0" format="" guid="UGRO25004941" id="KSW552000SG7" label="_Template_report" length="50" name="Template__" originalProcessID="LOGM15150" precision="0" processid="HSW552000SG7" submitable="1" type="STR">
    <properties>
      <db>
        <alias>AKSW552000SG7</alias>
        <index vartype="INT">1</index>
        <noxml>1</noxml>
        <fullname>/job/processfields/Template__</fullname>
        <defaultvalue>
        </defaultvalue>
        <RecordLastWrite>2015-05-29 13:50:55</RecordLastWrite>
      </db>
      <extrainfo>
        <Label>_Template_report</Label>
        <Alias>AKSW552000SG7</Alias>
        <ProcessFieldVersion vartype="INT">1</ProcessFieldVersion>
      </extrainfo>
      <field>
        <Editable>true</Editable>
        <TableName>CT#NRW552000SG7</TableName>
        <SortOrder>ASC</SortOrder>
        <DisplayedColumns>Template__|CompanyCode__</DisplayedColumns>
        <DisplayedColumnsIds>
        </DisplayedColumnsIds>
        <SavedColumn>Template__</SavedColumn>
        <SavedColumnId>AYLN667746</SavedColumnId>
        <ProcessName>AP - Templates__</ProcessName>
        <CustomFilter>(&amp;(|(CompanyCode__=%[CompanyCode__])(CompanyCode__=)(!(CompanyCode__=*)))(LineNumber__=1))</CustomFilter>
      </field>
      <ui>
        <_type>String</_type>
        <automatic>true</automatic>
      </ui>
    </properties>
  </field>
  <field deleted="0" format="" guid="PKWQ25075" id="LSW552000SG7" label="Enable touchless" length="0" name="TouchlessEnabled__" originalProcessID="LOGM15150" precision="0" processid="HSW552000SG7" submitable="1" type="BOOL">
    <properties>
      <db>
        <alias>ALSW552000SG7</alias>
        <noxml>1</noxml>
        <fullname>/job/processfields/TouchlessEnabled__</fullname>
        <defaultvalue>false</defaultvalue>
        <RecordLastWrite>1899-12-30 00:00:00</RecordLastWrite>
      </db>
      <extrainfo>
        <Label>Enable touchless</Label>
        <Alias>ALSW552000SG7</Alias>
        <ProcessFieldVersion vartype="INT">1</ProcessFieldVersion>
      </extrainfo>
      <ui>
        <_type>Boolean</_type>
        <automatic>true</automatic>
      </ui>
    </properties>
  </field>
  <field deleted="0" format="" guid="LFDX25013569" id="MSW552000SG7" label="_VendorNumber_report" length="50" name="VendorNumber__" originalProcessID="LOGM15150" precision="0" processid="HSW552000SG7" submitable="1" type="STR">
    <properties>
      <db>
        <alias>AMSW552000SG7</alias>
        <index vartype="INT">1</index>
        <noxml>1</noxml>
        <fullname>/job/processfields/VendorNumber__</fullname>
        <defaultvalue>
        </defaultvalue>
        <RecordLastWrite>1899-12-30 00:00:00</RecordLastWrite>
      </db>
      <extrainfo>
        <Label>_VendorNumber_report</Label>
        <Alias>AMSW552000SG7</Alias>
        <ProcessFieldVersion vartype="INT">1</ProcessFieldVersion>
      </extrainfo>
      <field>
        <Editable>true</Editable>
        <required>true</required>
        <TableName>CT#ZLW552000SG7</TableName>
        <SortOrder>ASC</SortOrder>
        <DisplayedColumns>Number__|Name__|CompanyCode__</DisplayedColumns>
        <DisplayedColumnsIds>
        </DisplayedColumnsIds>
        <SavedColumn>Number__</SavedColumn>
        <SavedColumnId>WRZN86557125</SavedColumnId>
        <ProcessName>AP - Vendors__</ProcessName>
        <CustomFilter>(|(CompanyCode__=%[CompanyCode__])(CompanyCode__=)(!(CompanyCode__=*)))</CustomFilter>
      </field>
      <ui>
        <_type>String</_type>
        <automatic>true</automatic>
      </ui>
    </properties>
  </field>
  <type id="JLLP13130F1" name="CT">
  </type>
</process>