﻿<?xml version="1.0" encoding="UTF-8" standalone="no"?>
<process accountid="20063076" allowrepairprocess="0" builtin="0" builtinversion="0" carriesapplicationversion="0" creationdatetime="2022-10-25 17:06:32" deleted="0" eskerapplication="" global="0" id="WAZ552000SG7" keepcustomization="0" keepfieldsonly="0" keepfieldsproperties="0" keepnewcontroloptions="0" migrationversion="4" name="P2P - Mapping UNSPSC to SupplyType__" needvalidation="0" ootofilter="" ootoversion="1" originalProcessID="WAN2FP000IYP" ownerid="cn=admin_p2p@paragon-cc.fr,ou=DEV,ou=TrainingP2P,ou=DEMO_JULIEN,ou=05284299,ou=ESK,s=eoo" ownerpb="OnDemand AddressBook" public="1" pushnotification="0" reuseengine="0" sprintversion="5.261.0" transportname="CustomTable" upgradable="1" userid="0" version="1" visibility="0">
  <properties>
    <dbIndex>
      <AUTO_AXAZ552000SG7A>&lt;Index&gt;&lt;Ref Name="AXAZ552000SG7" Option="ASC"/&gt;&lt;/Index&gt;</AUTO_AXAZ552000SG7A>
    </dbIndex>
    <gdr>
    </gdr>
    <lg>
      <process_de>{
	"_CompanyCode": "Buchungskreis",
	"_CompanyCode_report": "Buchungskreis",
	"_SupplyType": "Artikelkategorie",
	"_SupplyType_report": "Artikelkategorie",
	"_SupplyTypeId": "Artikelkategorie-ID",
	"_SupplyTypeId_report": "Artikelkategorie-ID",
	"_UNSPSC": "UNSPSC-Code",
	"_UNSPSC_report": "UNSPSC-Code",
	"P2P - Mapping UNSPSC to SupplyType": "P2P - Zuordnung UNSPSC-Codes/Artikelkategorien",
	"P2P - Mapping UNSPSC to SupplyType__": "P2P - Zuordnung UNSPSC-Codes/Artikelkategorien"
}</process_de>
      <process_JA>{
	"_CompanyCode": "会社コード",
	"_CompanyCode_report": "会社コード",
	"_SupplyType": "品目分類",
	"_SupplyType_report": "品目分類",
	"_SupplyTypeId": "品目分類ID",
	"_SupplyTypeId_report": "品目分類ID",
	"_UNSPSC": "UNSPSCコード",
	"_UNSPSC_report": "UNSPSCコード",
	"P2P - Mapping UNSPSC to SupplyType": "P2P - UNSPSC コード/品目分類のマッピング",
	"P2P - Mapping UNSPSC to SupplyType__": "P2P - UNSPSC コード/品目分類のマッピング"
}</process_JA>
      <process_en>{
	"_CompanyCode": "Company code",
	"_CompanyCode_report": "Company code",
	"_SupplyType": "Item category",
	"_SupplyType_report": "Item category",
	"_SupplyTypeId": "Item category ID",
	"_SupplyTypeId_report": "Item category ID",
	"_UNSPSC": "UNSPSC code",
	"_UNSPSC_report": "UNSPSC code",
	"P2P - Mapping UNSPSC to SupplyType": "P2P - UNSPSC codes/item categories mapping",
	"P2P - Mapping UNSPSC to SupplyType__": "P2P - UNSPSC codes/item categories mapping"
}</process_en>
      <process_es>{
	"_CompanyCode": "Código de empresa",
	"_CompanyCode_report": "Código de empresa",
	"_SupplyType": "Categoría de artículo",
	"_SupplyType_report": "Categoría de artículo",
	"_SupplyTypeId": "ID de categoría de artículo",
	"_SupplyTypeId_report": "ID de categoría de artículo",
	"_UNSPSC": "Código UNSPSC",
	"_UNSPSC_report": "Código UNSPSC",
	"P2P - Mapping UNSPSC to SupplyType": "P2P - Mapeos de códigos UNSPSC/categorías de artículos",
	"P2P - Mapping UNSPSC to SupplyType__": "P2P - Mapeos de códigos UNSPSC/categorías de artículos"
}</process_es>
      <process_fr>{
	"_CompanyCode": "Code société",
	"_CompanyCode_report": "Code société",
	"_SupplyType": "Catégorie d'article",
	"_SupplyType_report": "Catégorie d'article",
	"_SupplyTypeId": "ID de catégorie d'article",
	"_SupplyTypeId_report": "ID de catégorie d'article",
	"_UNSPSC": "Code UNSPSC",
	"_UNSPSC_report": "Code UNSPSC",
	"P2P - Mapping UNSPSC to SupplyType": "P2P - Correspondances des codes UNSPSC/catégories d'articles",
	"P2P - Mapping UNSPSC to SupplyType__": "P2P - Correspondances des codes UNSPSC/catégories d'articles"
}</process_fr>
      <process_nl-NL>{
	"_CompanyCode": "Bedrijfscode",
	"_CompanyCode_report": "Bedrijfscode",
	"_SupplyType": "Itemcategorie",
	"_SupplyType_report": "Itemcategorie",
	"_SupplyTypeId": "Itemcategorie-ID",
	"_SupplyTypeId_report": "Itemcategorie-ID",
	"_UNSPSC": "UNSPSC-code",
	"_UNSPSC_report": "UNSPSC-code",
	"P2P - Mapping UNSPSC to SupplyType": "P2P - Koppelen UNSPSC-codes/itemcategorieën",
	"P2P - Mapping UNSPSC to SupplyType__": "P2P - Koppelen UNSPSC-codes/itemcategorieën"
}</process_nl-NL>
      <process_it>{
	"_CompanyCode": "Codice società",
	"_CompanyCode_report": "Codice società",
	"_SupplyType": "Categoria di articolo",
	"_SupplyType_report": "Categoria di articolo",
	"_SupplyTypeId": "ID categoria di articolo",
	"_SupplyTypeId_report": "ID categoria di articolo",
	"_UNSPSC": "Codice UNSPSC",
	"_UNSPSC_report": "Codice UNSPSC",
	"P2P - Mapping UNSPSC to SupplyType": "P2P - Mapping codici UNSPSC/categorie voci",
	"P2P - Mapping UNSPSC to SupplyType__": "P2P - Mapping codici UNSPSC/categorie voci"
}</process_it>
      <process_zh-CN>{
	"_CompanyCode": "公司代码",
	"_CompanyCode_report": "公司代码",
	"_SupplyType": "商品类别",
	"_SupplyType_report": "商品类别",
	"_SupplyTypeId": "商品类别ID",
	"_SupplyTypeId_report": "商品类别ID",
	"_UNSPSC": "UNSPSC 代码",
	"_UNSPSC_report": "UNSPSC 代码",
	"P2P - Mapping UNSPSC to SupplyType": "采购到支付 - UNSPSC 代码/项目类别映射",
	"P2P - Mapping UNSPSC to SupplyType__": "采购到支付 - UNSPSC 代码/项目类别映射"
}</process_zh-CN>
      <process_pt-BR>{
	"_CompanyCode": "Código da empresa",
	"_CompanyCode_report": "Código da empresa",
	"_SupplyType": "Categoria do item",
	"_SupplyType_report": "Categoria do item",
	"_SupplyTypeId": "ID da categoria do item",
	"_SupplyTypeId_report": "ID da categoria do item",
	"_UNSPSC": "Código UNSPSC",
	"_UNSPSC_report": "Código UNSPSC",
	"P2P - Mapping UNSPSC to SupplyType": "P2P - Mapeamento de códigos/categorias de itens UNSPSC",
	"P2P - Mapping UNSPSC to SupplyType__": "P2P - Mapeamento de códigos/categorias de itens UNSPSC"
}</process_pt-BR>
    </lg>
    <process>
      <BUColumn>CompanyCode__</BUColumn>
      <flowtype>processing</flowtype>
      <homepagelabel>P2P - Mapping UNSPSC to SupplyType</homepagelabel>
      <instanciable>1</instanciable>
      <enablerounddecimal>true</enablerounddecimal>
      <OverrideAllowedAttachmentExtensions>*</OverrideAllowedAttachmentExtensions>
      <UseActionNameWithScriptApproval>true</UseActionNameWithScriptApproval>
      <AllowUploadAttachment>0</AllowUploadAttachment>
      <AllowUploadReferenceDocument>0</AllowUploadReferenceDocument>
      <shouldRollbackManualRecordEdits>true</shouldRollbackManualRecordEdits>
      <shouldShowManualEditsWarning>false</shouldShowManualEditsWarning>
      <UseCultureFormat>true</UseCultureFormat>
      <TransportName>CustomTable</TransportName>
      <LayoutVersion>1.0</LayoutVersion>
    </process>
    <ui>
      <CustomScript>///#GLOBALS Lib Sys

Controls.SupplyType__.SetAttributes(['SupplyID__']);
Controls.SupplyType__.OnSelectItem = function (item)
{
	Controls.SupplyTypeId__.SetValue(item.GetValue("SupplyID__"));
};</CustomScript>
      <layout>{
	"*": {
		"Screen": {
			"type": "FlexibleFormLayout",
			"options": {
				"splitterType": "simple-v",
				"version": 0,
				"processHelpId": "5104"
			},
			"*": {
				"form-header": {
					"type": "FlexibleFormHeader",
					"options": {
						"hidePanelsMenu": false,
						"version": 0
					},
					"stamp": 2,
					"data": []
				},
				"form-center": {
					"type": "FlexibleFormCenter",
					"options": {
						"version": 0
					},
					"*": {
						"form-content": {
							"type": "FlexibleFormContent",
							"options": {
								"version": 0
							},
							"*": {
								"form-content-center": {
									"type": "FlexibleFormSplitter",
									"options": {
										"version": 1,
										"box": {
											"top": "0%",
											"left": "0%",
											"width": "100%"
										},
										"hidden": false
									},
									"*": {
										"form-content-center-1": {
											"type": "FlexibleFormLine",
											"data": [],
											"options": {},
											"stamp": 9,
											"*": {
												"DataPanel": {
													"type": "PanelData",
													"options": {
														"border": {},
														"version": 0,
														"labelLength": 0,
														"iconURL": "",
														"TitleFontSize": "S",
														"hideActionButtons": false,
														"hideTitleBar": false,
														"hideTitle": false,
														"backgroundcolor": "default",
														"labelsAlignment": "right",
														"label": "_Document data"
													},
													"*": {
														"FieldsManager": {
															"type": "FieldsManager",
															"options": {
																"controlsAssociation": {
																	"CompanyCode__": "LabelCompanyCode__",
																	"LabelCompanyCode__": "CompanyCode__",
																	"UNSPSC__": "LabelUNSPSC__",
																	"LabelUNSPSC__": "UNSPSC__",
																	"SupplyTypeId__": "LabelSupplyTypeId__",
																	"LabelSupplyTypeId__": "SupplyTypeId__",
																	"SupplyType__": "LabelSupplyType__",
																	"LabelSupplyType__": "SupplyType__"
																},
																"version": 0
															},
															"*": {
																"Grid": {
																	"type": "GridLayout",
																	"options": {
																		"lines": 4,
																		"columns": 2,
																		"version": 0,
																		"ctrlsPos": {
																			"CompanyCode__": {
																				"line": 1,
																				"column": 2
																			},
																			"LabelCompanyCode__": {
																				"line": 1,
																				"column": 1
																			},
																			"UNSPSC__": {
																				"line": 2,
																				"column": 2
																			},
																			"LabelUNSPSC__": {
																				"line": 2,
																				"column": 1
																			},
																			"SupplyTypeId__": {
																				"line": 4,
																				"column": 2
																			},
																			"LabelSupplyTypeId__": {
																				"line": 4,
																				"column": 1
																			},
																			"SupplyType__": {
																				"line": 3,
																				"column": 2
																			},
																			"LabelSupplyType__": {
																				"line": 3,
																				"column": 1
																			}
																		},
																		"colspans": [
																			[],
																			[],
																			[],
																			[]
																		]
																	},
																	"data": [
																		"fields"
																	],
																	"*": {
																		"LabelCompanyCode__": {
																			"type": "Label",
																			"data": [
																				"CompanyCode__"
																			],
																			"options": {
																				"label": "_CompanyCode"
																			},
																			"stamp": 14
																		},
																		"CompanyCode__": {
																			"type": "DatabaseComboBox",
																			"data": [
																				"CompanyCode__"
																			],
																			"options": {
																				"version": 1,
																				"label": "_CompanyCode",
																				"activable": true,
																				"width": 230,
																				"helpText": "",
																				"helpURL": "",
																				"helpFormat": "HTML Format",
																				"minNbLines": 1,
																				"maxNbLines": 1,
																				"PreFillFTS": true,
																				"fTSmaxRecords": "20",
																				"browsable": true
																			},
																			"stamp": 15
																		},
																		"LabelUNSPSC__": {
																			"type": "Label",
																			"data": [
																				"UNSPSC__"
																			],
																			"options": {
																				"label": "_UNSPSC"
																			},
																			"stamp": 16
																		},
																		"UNSPSC__": {
																			"type": "DatabaseComboBox",
																			"data": [
																				"UNSPSC__"
																			],
																			"options": {
																				"version": 1,
																				"label": "_UNSPSC",
																				"activable": true,
																				"width": 230,
																				"helpText": "",
																				"helpURL": "",
																				"helpFormat": "HTML Format",
																				"minNbLines": 1,
																				"maxNbLines": 1,
																				"fTSmaxRecords": "20",
																				"browsable": false
																			},
																			"stamp": 17
																		},
																		"LabelSupplyType__": {
																			"type": "Label",
																			"data": [
																				"SupplyType__"
																			],
																			"options": {
																				"label": "_SupplyType"
																			},
																			"stamp": 22
																		},
																		"SupplyType__": {
																			"type": "DatabaseComboBox",
																			"data": [
																				"SupplyType__"
																			],
																			"options": {
																				"version": 1,
																				"label": "_SupplyType",
																				"activable": true,
																				"width": 230,
																				"helpText": "",
																				"helpURL": "",
																				"helpFormat": "HTML Format",
																				"minNbLines": 1,
																				"maxNbLines": 1,
																				"PreFillFTS": true,
																				"fTSmaxRecords": "20",
																				"browsable": true
																			},
																			"stamp": 23
																		},
																		"LabelSupplyTypeId__": {
																			"type": "Label",
																			"data": [
																				"Select_from_a_table__"
																			],
																			"options": {
																				"label": "_SupplyTypeId"
																			},
																			"stamp": 20
																		},
																		"SupplyTypeId__": {
																			"type": "DatabaseComboBox",
																			"data": [
																				"SupplyTypeId__"
																			],
																			"options": {
																				"version": 1,
																				"label": "_SupplyTypeId",
																				"activable": true,
																				"width": 230,
																				"helpText": "",
																				"helpURL": "",
																				"helpFormat": "HTML Format",
																				"minNbLines": 1,
																				"maxNbLines": 1,
																				"PreFillFTS": true,
																				"fTSmaxRecords": "20",
																				"browsable": true,
																				"readonly": true
																			},
																			"stamp": 21
																		}
																	},
																	"stamp": 8
																}
															},
															"stamp": 7,
															"data": []
														}
													},
													"stamp": 6,
													"data": []
												}
											}
										}
									},
									"stamp": 5,
									"data": []
								}
							},
							"stamp": 4,
							"data": []
						}
					},
					"stamp": 3,
					"data": []
				},
				"form-footer": {
					"type": "FlexibleFormFooter",
					"options": {
						"splitterType": "simple-h",
						"version": 0
					},
					"*": {
						"Save": {
							"type": "SubmitButton",
							"options": {
								"label": "_Save",
								"action": "savequit",
								"submit": true,
								"version": 0,
								"shortCut": "S"
							},
							"stamp": 11,
							"data": []
						},
						"Close": {
							"type": "SubmitButton",
							"options": {
								"label": "_Close",
								"action": "cancel",
								"submit": true,
								"version": 0,
								"shortCut": "Q"
							},
							"stamp": 12,
							"data": []
						},
						"Delete": {
							"type": "SubmitButton",
							"options": {
								"label": "_Delete",
								"action": "delete",
								"submit": true,
								"version": 0,
								"disabled": true
							},
							"stamp": 13,
							"data": []
						}
					},
					"stamp": 10,
					"data": []
				}
			},
			"stamp": 1,
			"data": []
		}
	},
	"stamps": 23,
	"data": []
}</layout>
    </ui>
  </properties>
  <field deleted="0" format="" guid="XAN2FP000IYP" id="XAZ552000SG7" label="_CompanyCode_report" length="50" name="CompanyCode__" originalProcessID="WAN2FP000IYP" precision="0" processid="WAZ552000SG7" submitable="1" type="STR">
    <properties>
      <db>
        <alias>AXAZ552000SG7</alias>
        <index vartype="INT">1</index>
        <noxml>1</noxml>
        <fullname>/job/processfields/CompanyCode__</fullname>
        <defaultvalue>
        </defaultvalue>
        <RecordLastWrite>2022-10-25 17:06:31</RecordLastWrite>
      </db>
      <extrainfo>
        <Label>_CompanyCode_report</Label>
        <Alias>AXAZ552000SG7</Alias>
        <ProcessFieldVersion vartype="INT">1</ProcessFieldVersion>
      </extrainfo>
      <field>
        <Editable>false</Editable>
        <TableName>CT#ECW552000SG7</TableName>
        <SortOrder>
        </SortOrder>
        <DisplayedColumns>CompanyCode__|CompanyName__</DisplayedColumns>
        <DisplayedColumnsIds>
        </DisplayedColumnsIds>
        <UseTableForAutolearn>false</UseTableForAutolearn>
        <SavedColumn>CompanyCode__</SavedColumn>
        <SavedColumnId>
        </SavedColumnId>
        <ProcessName>PurchasingCompanycodes__</ProcessName>
        <KeyColumnId>
        </KeyColumnId>
        <KeyAttribute>
        </KeyAttribute>
        <CustomFilter>
        </CustomFilter>
      </field>
      <gdr>
        <DisableAutolearn>1</DisableAutolearn>
      </gdr>
      <help>
        <helpData>{"helpText":"","helpURL":"","helpFormat":"HTML Format"}</helpData>
      </help>
      <ui>
        <_type>String</_type>
        <automatic>true</automatic>
      </ui>
    </properties>
  </field>
  <field deleted="0" format="" guid="TCU2FP000IYP" id="ZAZ552000SG7" label="_SupplyTypeId_report" length="50" name="SupplyTypeId__" originalProcessID="WAN2FP000IYP" precision="0" processid="WAZ552000SG7" submitable="1" type="STR">
    <properties>
      <db>
        <alias>AZAZ552000SG7</alias>
        <noxml>1</noxml>
        <fullname>/job/processfields/SupplyTypeId__</fullname>
        <defaultvalue>
        </defaultvalue>
        <RecordLastWrite>2022-10-25 17:06:31</RecordLastWrite>
      </db>
      <extrainfo>
        <Label>_SupplyTypeId_report</Label>
        <Alias>AZAZ552000SG7</Alias>
        <ProcessFieldVersion vartype="INT">1</ProcessFieldVersion>
      </extrainfo>
      <field>
        <Editable>false</Editable>
        <TableName>CT#J9Z552000SG7</TableName>
        <SortOrder>
        </SortOrder>
        <DisplayedColumns>Name__|FullName__|Description__</DisplayedColumns>
        <DisplayedColumnsIds>
        </DisplayedColumnsIds>
        <UseTableForAutolearn>false</UseTableForAutolearn>
        <SavedColumn>SupplyID__</SavedColumn>
        <SavedColumnId>
        </SavedColumnId>
        <ProcessName>PurchasingSupply__</ProcessName>
        <KeyColumnId>
        </KeyColumnId>
        <KeyAttribute>
        </KeyAttribute>
        <CustomFilter>(|(CompanyCode__=%[CompanyCode__])(CompanyCode__=)(CompanyCode__!=*))</CustomFilter>
      </field>
      <gdr>
        <DisableAutolearn>1</DisableAutolearn>
      </gdr>
      <help>
        <helpData>{"helpText":"","helpURL":"","helpFormat":"HTML Format"}</helpData>
      </help>
      <ui>
        <_type>String</_type>
        <automatic>true</automatic>
      </ui>
    </properties>
  </field>
  <field deleted="0" format="" guid="GU03FP000IYP" id="YAZ552000SG7" label="_SupplyType_report" length="50" name="SupplyType__" originalProcessID="WAN2FP000IYP" precision="0" processid="WAZ552000SG7" submitable="1" type="STR">
    <properties>
      <db>
        <alias>AYAZ552000SG7</alias>
        <noxml>1</noxml>
        <fullname>/job/processfields/SupplyType__</fullname>
        <defaultvalue>
        </defaultvalue>
        <RecordLastWrite>2022-10-25 17:06:31</RecordLastWrite>
      </db>
      <extrainfo>
        <Label>_SupplyType_report</Label>
        <Alias>AYAZ552000SG7</Alias>
        <ProcessFieldVersion vartype="INT">1</ProcessFieldVersion>
      </extrainfo>
      <field>
        <Editable>false</Editable>
        <TableName>CT#J9Z552000SG7</TableName>
        <SortOrder>
        </SortOrder>
        <DisplayedColumns>Name__|FullName__|Description__</DisplayedColumns>
        <DisplayedColumnsIds>
        </DisplayedColumnsIds>
        <UseTableForAutolearn>false</UseTableForAutolearn>
        <SavedColumn>Name__</SavedColumn>
        <SavedColumnId>
        </SavedColumnId>
        <ProcessName>PurchasingSupply__</ProcessName>
        <KeyColumnId>SupplyID__</KeyColumnId>
        <KeyAttribute>SupplyTypeId__</KeyAttribute>
        <CustomFilter>(|(CompanyCode__=%[CompanyCode__])(CompanyCode__=)(CompanyCode__!=*))</CustomFilter>
      </field>
      <gdr>
        <DisableAutolearn>1</DisableAutolearn>
      </gdr>
      <help>
        <helpData>{"helpText":"","helpURL":"","helpFormat":"HTML Format"}</helpData>
      </help>
      <ui>
        <_type>String</_type>
        <automatic>true</automatic>
      </ui>
    </properties>
  </field>
  <field deleted="0" format="" guid="YAN2FP000IYP" id="ABZ552000SG7" label="_UNSPSC_report" length="50" name="UNSPSC__" originalProcessID="WAN2FP000IYP" precision="0" processid="WAZ552000SG7" submitable="1" type="STR">
    <properties>
      <db>
        <alias>AABZ552000SG7</alias>
        <noxml>1</noxml>
        <fullname>/job/processfields/UNSPSC__</fullname>
        <defaultvalue>
        </defaultvalue>
        <RecordLastWrite>2022-10-25 17:06:31</RecordLastWrite>
      </db>
      <extrainfo>
        <Label>_UNSPSC_report</Label>
        <Alias>AABZ552000SG7</Alias>
        <ProcessFieldVersion vartype="INT">1</ProcessFieldVersion>
      </extrainfo>
      <field>
        <Editable>true</Editable>
        <SortOrder>
        </SortOrder>
        <DisplayedColumns>
        </DisplayedColumns>
        <UseTableForAutolearn>false</UseTableForAutolearn>
        <SavedColumn>
        </SavedColumn>
        <KeyColumnId>
        </KeyColumnId>
        <KeyAttribute>
        </KeyAttribute>
        <CustomFilter>
        </CustomFilter>
      </field>
      <gdr>
        <DisableAutolearn>1</DisableAutolearn>
      </gdr>
      <help>
        <helpData>{"helpText":"","helpURL":"","helpFormat":"HTML Format"}</helpData>
      </help>
      <ui>
        <_type>String</_type>
        <automatic>true</automatic>
      </ui>
    </properties>
  </field>
  <type id="JLLP13130F1" name="CT">
  </type>
</process>