﻿<?xml version="1.0" encoding="UTF-8" standalone="no"?>
<process accountid="20063076" allowrepairprocess="0" builtin="0" builtinversion="0" carriesapplicationversion="0" creationdatetime="2022-10-25 17:06:11" deleted="0" eskerapplication="" global="0" id="S0Z552000SG7" keepcustomization="0" keepfieldsonly="0" keepfieldsproperties="0" keepnewcontroloptions="0" migrationversion="4" name="Vendor invoice legal archive" needvalidation="0" ootofilter="" ootoversion="1" originalProcessID="PHQG5E7F7" ownerid="cn=admin_p2p@paragon-cc.fr,ou=DEV,ou=TrainingP2P,ou=DEMO_JULIEN,ou=05284299,ou=ESK,s=eoo" ownerpb="OnDemand AddressBook" public="1" pushnotification="0" reuseengine="0" sprintversion="5.261.0" transportname="CustomData" upgradable="1" userid="0" version="1" visibility="0">
  <properties>
    <dataConditions>
      <listDataConditions>
				&lt;dataCondition&gt;
					&lt;tableName&gt;P2P - Global Application Settings__&lt;/tableName&gt;
					&lt;filter&gt;msnex=*&lt;/filter&gt;
					&lt;labelKey&gt;_AP disabled&lt;/labelKey&gt;
					&lt;conditions&gt;
						&lt;allowCondition&gt;
							&lt;fieldName&gt;EnableAccountPayableGlobalSetting__&lt;/fieldName&gt;
							&lt;fieldValue&gt;1&lt;/fieldValue&gt;
						&lt;/allowCondition&gt;
					&lt;/conditions&gt;
				&lt;/dataCondition&gt;
			</listDataConditions>
    </dataConditions>
    <dbIndex>
      <AUTO_AT0Z552000SG7A>&lt;Index&gt;&lt;Ref Name="AT0Z552000SG7" Option="ASC"/&gt;&lt;/Index&gt;</AUTO_AT0Z552000SG7A>
      <AUTO_AU0Z552000SG7A>&lt;Index&gt;&lt;Ref Name="AU0Z552000SG7" Option="ASC"/&gt;&lt;/Index&gt;</AUTO_AU0Z552000SG7A>
    </dbIndex>
    <gdr>
      <FinalizationScriptAllowRetry>
      </FinalizationScriptAllowRetry>
      <FinalizationScript>
      </FinalizationScript>
      <ValidationScriptAllowRetry>true</ValidationScriptAllowRetry>
      <validationscriptIncludedScripts>Lib_Parameters_P2P_V12.0.461.0</validationscriptIncludedScripts>
      <validationscriptIncludedScripts>[Lib_Custom_Parameters]</validationscriptIncludedScripts>
      <validationscriptIncludedScripts>[Lib_P2P_Custom_Parameters]</validationscriptIncludedScripts>
      <ValidationScript>function actionTryFiscalArchiving()
{
	Variable.SetValueAsString("ArchiveProvider", Data.GetValue("ArchiveProvider"));
	if (Sys.Parameters.GetInstance("AP").GetParameter("isArkhineoConf"))
	{
		//Do not execute old fiscal archiving action
		Data.SetValue("ArchiveProvider", "");
		Data.SetValue("ArchiveProviderSolution", "");
		Variable.SetValueAsString("ArchiveProvider", "");
		var vault = {
			user: Sys.Parameters.GetInstance("AP").GetParameter("userArkhineo"),
			password: Sys.Parameters.GetInstance("AP").GetParameter("passwordArkhineo"),
			cfeId: Sys.Parameters.GetInstance("AP").GetParameter("cfeId"),
			sectionId: Sys.Parameters.GetInstance("AP").GetParameter("sectionId")
		};
		var ArkhineoMetaData = {
			applicative: Variable.GetValueAsString("ArkhineoMetaDataApplicative") ? JSON.parse(Variable.GetValueAsString("ArkhineoMetaDataApplicative")) : null,
			descriptive: Variable.GetValueAsString("ArkhineoMetaDataDescriptive") ? JSON.parse(Variable.GetValueAsString("ArkhineoMetaDataDescriptive")) : null
		};
		var httpResult = Attach.ArchiveToArkhineo(0, vault, ArkhineoMetaData);
		var lastStatus = httpResult.status;
		var lastMessage = httpResult.lastMessage;
		Data.SetValue("ArchivingStatus__", lastMessage);
		if (lastStatus !== 201)
		{
			Data.SetValue("ArchiveUniqueIdentifier__", "");
			Data.SetValue("LinkToArchive__", "");
			var errorMessage = "Arkhineo WS call status: " + lastStatus + " and error: " + lastMessage;
			//ValidationScriptAllowRetry = true
			Data.SetValue("State", 200);
			Data.SetValue("StatusCode", 200);
			Data.SetValue("ShortStatusTranslated", lastMessage);
			Data.SetValue("ShortStatus", lastMessage);
			Data.SetValue("LongStatus", errorMessage);
			Data.SetValue("CompletionDateTime", new Date());
		}
		else
		{
			var xmlContent = httpResult.responseData;
			var dom = Process.CreateXMLDOMElement(xmlContent);
			var arkhineoIdentifier = dom.getAttribute("archive-id");
			Data.SetValue("ArchiveUniqueIdentifier__", arkhineoIdentifier);
			Data.SetValue("LinkToArchive__", "https://pwd.arkhineo.fr/cfes/archives/" + arkhineoIdentifier);
		}
	}
	else
	{
		Log.Info("No custom arkhineo vault: Old method.");
	}
}
/** ******** **/
/** RUN PART **/
/** ******** **/
function executeRequestedAction()
{
	if (!Data.GetValue("ArchiveUniqueIdentifier__"))
	{
		var currentName = Process.AutoValidatingOnExpiration() ? "onexpiration" : Data.GetActionName();
		var currentAction = Data.GetActionType();
		Log.Info("Action: " + (currentAction ? currentAction : "&lt;empty&gt;") + ", Name: " + (currentName ? currentName : "&lt;empty&gt;") + ", Device: " + Data.GetActionDevice());
		/* Action map to specify what to do according to the Action Name. The validation, if needed, will always be executed synchronously.
		    The action in itself can be executed asynchronously.
		key: action name given by Data.GetActionName(). The empty string key means that no user action was ever performed on this form (submission)
		value : object
		- execute: function to call
		- requireValidation: set to true if you want the action to validate data
		- isAsync: set to true if the action should be executing asynchronously
		- leaveForm (only if isAsync is false): set to true if the form should be closed at the end of the action
		- keepScheduledActionParameters : set to true if you want to keep the values of the fields ScheduledActionDate and ScheduledAction after the validation action.
		*/
		var approveActionMap = {};
		approveActionMap[""] = {
			"execute": actionTryFiscalArchiving,
			"requireValidation": false,
			"leaveForm": false
		};
		var action = approveActionMap[currentName.toLowerCase()];
		if (!action)
		{
			action = approveActionMap[""];
		}
		// Execute action now
		action.execute();
		Process.LeaveForm();
	}
}

function run()
{
	Data.SetValue("IndexingBehavior", 0); //Do not index attachment for Full Text Search in archive
	executeRequestedAction();
}
run();</ValidationScript>
      <AllowTagCoverPages>true</AllowTagCoverPages>
      <AllowTagNewDocuments>true</AllowTagNewDocuments>
      <AllowTagAttachments>true</AllowTagAttachments>
      <ExtractionScriptAllowRetry>
      </ExtractionScriptAllowRetry>
      <ExtractionScript>
      </ExtractionScript>
      <AllowRemovePages>true</AllowRemovePages>
      <AllowSwapPages>true</AllowSwapPages>
      <PostProcessingScriptAllowRetry>
      </PostProcessingScriptAllowRetry>
      <PostProcessingScript>
      </PostProcessingScript>
    </gdr>
    <lg>
      <process_DE>{
	"_ArchiveUniqueIdentifier": "Archiv-ID",
	"_ArchivingStatus": "Archivierungsstatus",
	"_ArkhineoArchivingInfo": "Arkhinéo-Archivierungsinformationen",
	"_LinkToArchive": "Link zum Archiv",
	"Vendor invoice legal archive": "Lieferantenrechnung - Steuerkonformes Archiv",
	"_ArchiveUniqueIdentifier_report": "Archiv-ID",
	"_ArchivingStatus_report": "Archivierungsstatus",
	"_LinkToArchive_report": "Link zum Archiv"
}</process_DE>
      <process_JA>{
	"_ArchiveUniqueIdentifier": "アーカイブID",
	"_ArchiveUniqueIdentifier_report": "アーカイブID",
	"_ArchivingStatus": "アーカイブステータス",
	"_ArchivingStatus_report": "アーカイブステータス",
	"_ArkhineoArchivingInfo": "Arkhinéoアーカイブ情報",
	"_LinkToArchive": "アーカイブへのリンク",
	"_LinkToArchive_report": "アーカイブへのリンク",
	"Vendor invoice legal archive": "仕入先請求書 - 財務アーカイブ"
}</process_JA>
      <process_en>{
	"_ArchiveUniqueIdentifier": "Archive ID",
	"_ArchivingStatus": "Archiving status",
	"_ArkhineoArchivingInfo": "Arkhinéo Archiving Information",
	"_LinkToArchive": "Link to archive",
	"Vendor invoice legal archive": "Vendor Invoice - Fiscal Archive",
	"_ArchiveUniqueIdentifier_report": "Archive ID",
	"_ArchivingStatus_report": "Archiving status",
	"_LinkToArchive_report": "Link to archive"
}</process_en>
      <process_ES>{
	"_ArchiveUniqueIdentifier": "ID de archivo",
	"_ArchiveUniqueIdentifier_report": "ID de archivo",
	"_ArchivingStatus": "Estado de archivado",
	"_ArchivingStatus_report": "Estado de archivado",
	"_ArkhineoArchivingInfo": "Informaciones de archivado Arkhinéo",
	"_LinkToArchive": "Enlace al archivo",
	"_LinkToArchive_report": "Enlace al archivo",
	"Vendor invoice legal archive": "Factura de proveedor - Archivo fiscal"
}</process_ES>
      <process_FR>{
	"_ArchiveUniqueIdentifier": "ID de l'archive",
	"_ArchivingStatus": "État d'archivage",
	"_ArkhineoArchivingInfo": "Informations d'archivage Arkhinéo",
	"_LinkToArchive": "Lien vers l'archive",
	"Vendor invoice legal archive": "Facture fournisseur - Archive fiscale",
	"_ArchiveUniqueIdentifier_report": "ID de l'archive",
	"_ArchivingStatus_report": "État d'archivage",
	"_LinkToArchive_report": "Lien vers l'archive"
}</process_FR>
      <process_nl-NL>{
	"_ArchiveUniqueIdentifier": "Archief-ID",
	"_ArchiveUniqueIdentifier_report": "Archief-ID",
	"_ArchivingStatus": "Archiveringsstatus",
	"_ArchivingStatus_report": "Archiveringsstatus",
	"_ArkhineoArchivingInfo": "Informatie archivering Arkhinéo",
	"_LinkToArchive": "Koppeling naar archief",
	"_LinkToArchive_report": "Koppeling naar archief",
	"Vendor invoice legal archive": "Leveranciersfactuur - Fiscaal archief"
}</process_nl-NL>
      <process_IT>{
	"_ArchiveUniqueIdentifier": "ID archivio",
	"_ArchivingStatus": "Stato archiviazione",
	"_ArkhineoArchivingInfo": "Informazioni archiviazione Arkhinéo",
	"_LinkToArchive": "Collegamento archivio",
	"Vendor invoice legal archive": "Fattura fornitore - Archivio fiscale",
	"_ArchiveUniqueIdentifier_report": "ID archivio",
	"_ArchivingStatus_report": "Stato archiviazione",
	"_LinkToArchive_report": "Collegamento archivio"
}</process_IT>
      <process_zh-CN>{
	"_ArchiveUniqueIdentifier": "存档ID",
	"_ArchiveUniqueIdentifier_report": "存档ID",
	"_ArchivingStatus": "存档状态",
	"_ArchivingStatus_report": "存档状态",
	"_ArkhineoArchivingInfo": "Arkhinéo存档信息",
	"_LinkToArchive": "档案链接",
	"_LinkToArchive_report": "档案链接",
	"Vendor invoice legal archive": "供应商账单发票 - 税务档案"
}</process_zh-CN>
      <process_pt-BR>{
	"_ArchiveUniqueIdentifier": "ID do arquivo",
	"_ArchiveUniqueIdentifier_report": "ID do arquivo",
	"_ArchivingStatus": "Status de arquivamento",
	"_ArchivingStatus_report": "Status de arquivamento",
	"_ArkhineoArchivingInfo": "Informação de arquivamento Arkhinéo",
	"_LinkToArchive": "Link para o arquivo",
	"_LinkToArchive_report": "Link para o arquivo",
	"Vendor invoice legal archive": "Fatura de fornecedor - Arquivo fiscal"
}</process_pt-BR>
    </lg>
    <ocr>
      <trade-off>accurate</trade-off>
      <image-binarization>no</image-binarization>
      <image-draft-fax>no</image-draft-fax>
      <image-despeckle>no</image-despeckle>
      <allowed-language>0</allowed-language>
      <image-resolution-enhancement>auto</image-resolution-enhancement>
      <pdf-processing>no-ocr</pdf-processing>
      <ocr_engine>Nuance190</ocr_engine>
      <ocrpagestoprocess>0</ocrpagestoprocess>
      <extractionAdditionalOptions>
      </extractionAdditionalOptions>
    </ocr>
    <process>
      <flowtype>processing</flowtype>
      <ocrpreset>scan</ocrpreset>
      <homepagelabel>Vendor invoice legal archive</homepagelabel>
      <enableflexibleauditing>
      </enableflexibleauditing>
      <enableflexibleediting>
      </enableflexibleediting>
      <enableflexibleteaching>
      </enableflexibleteaching>
      <disableocr>
      </disableocr>
      <instanciable>1</instanciable>
      <disableautolearning>true</disableautolearning>
      <backgroundprocessingthreshold>
      </backgroundprocessingthreshold>
      <EnablePreviewPrecomputation>
      </EnablePreviewPrecomputation>
      <enablerounddecimal>true</enablerounddecimal>
      <pdfNormalizeFilter>
      </pdfNormalizeFilter>
      <archiveDuration>0</archiveDuration>
      <ocrpagestoprocess>0</ocrpagestoprocess>
      <ScriptEngineType>2</ScriptEngineType>
      <UseActionNameWithScriptApproval>true</UseActionNameWithScriptApproval>
      <displayWidth>
      </displayWidth>
      <AllowUploadAttachment>1</AllowUploadAttachment>
      <AllowUploadReferenceDocument>1</AllowUploadReferenceDocument>
      <UseCultureFormat>true</UseCultureFormat>
      <AllowRetryExtractCD>true</AllowRetryExtractCD>
      <TransportName>CustomData</TransportName>
      <LayoutVersion>1.0</LayoutVersion>
      <printToProcess>
      </printToProcess>
    </process>
    <ui>
      <CustomScriptReadonly>true</CustomScriptReadonly>
      <CustomScript>var g_debug = ProcessInstance.isDebugActive;
var archiveProvider = Variable.GetValueAsString("ArchiveProvider");
if (archiveProvider === "Arkhineo" || g_debug)
{
	Controls.ArkhineoArchivingInfo__.Hide(!g_debug);
	Controls.LinkToArchive__.Hide(!g_debug);
	Controls.SystemData.Hide(false);
}
else
{
	Controls.SystemData.Hide(true);
	Controls.LinkToArchive__.Hide(!Data.GetValue("ArchiveUniqueIdentifier__"));
	Controls.LinkToArchive__.DisplayAs(
	{
		type: "Link"
	});
	Controls.LinkToArchive__.OnClick = function ()
	{
		Process.OpenLink(Data.GetValue("LinkToArchive__"));
	};
}</CustomScript>
      <layout>{
	"*": {
		"GDRData": {
			"type": "GDRData",
			"options": {
				"version": 0
			},
			"stamp": 1,
			"data": []
		},
		"OCRParams": {
			"type": "OCRParams",
			"options": {
				"version": 0
			},
			"stamp": 2,
			"data": []
		},
		"Screen": {
			"type": "FlexibleFormLayout",
			"options": {
				"splitterType": "complex",
				"version": 0,
				"maxwidth": ""
			},
			"*": {
				"form-header": {
					"type": "FlexibleFormHeader",
					"options": {
						"version": 0,
						"maxwidth": ""
					},
					"stamp": 4,
					"data": []
				},
				"form-center": {
					"type": "FlexibleFormCenter",
					"options": {
						"version": 0,
						"maxwidth": ""
					},
					"*": {
						"form-content": {
							"type": "FlexibleFormContent",
							"options": {
								"version": 0
							},
							"*": {
								"form-content-top": {
									"type": "FlexibleFormSplitter",
									"options": {
										"autosize": true,
										"version": 1,
										"box": {
											"top": 0,
											"left": 0,
											"width": 100,
											"height": 17
										},
										"hidden": false
									},
									"*": {
										"form-content-top-1": {
											"type": "FlexibleFormLine",
											"options": {
												"version": 0
											},
											"*": {
												"DocumentsPanel": {
													"type": "PanelDocument",
													"options": {
														"version": 0,
														"border": {},
														"labelLength": 0,
														"iconURL": "",
														"TitleFontSize": "S",
														"hideActionButtons": false,
														"hideTitleBar": false,
														"hideTitle": false,
														"label": "_Documents"
													},
													"*": {
														"Document": {
															"data": [
																"documentscontroldata"
															],
															"type": "Documents",
															"options": {
																"version": 0
															},
															"stamp": 10
														}
													},
													"stamp": 9,
													"data": []
												}
											},
											"stamp": 8,
											"data": []
										}
									},
									"stamp": 7,
									"data": []
								},
								"form-content-bottom": {
									"type": "FlexibleFormSplitter",
									"options": {
										"version": 1,
										"box": {
											"top": 17,
											"left": 0,
											"width": 100,
											"height": 83
										},
										"hidden": false
									},
									"*": {
										"form-content-left": {
											"type": "FlexibleFormSplitter",
											"options": {
												"version": 1,
												"box": {
													"top": 0,
													"left": 0,
													"width": 45,
													"height": 99
												},
												"hidden": false
											},
											"*": {
												"form-content-left-1": {
													"type": "FlexibleFormLine",
													"options": {
														"version": 0
													},
													"*": {
														"DataPanel": {
															"type": "PanelData",
															"options": {
																"border": {},
																"version": 0,
																"labelLength": 0,
																"iconURL": "",
																"TitleFontSize": "S",
																"hideActionButtons": false,
																"hideTitleBar": false,
																"hideTitle": false,
																"backgroundcolor": "default",
																"labelsAlignment": "right",
																"label": "_Document data",
																"hidden": true
															},
															"*": {
																"FieldsManager": {
																	"type": "FieldsManager",
																	"options": {
																		"controlsAssociation": {},
																		"version": 0
																	},
																	"*": {
																		"Grid": {
																			"type": "GridLayout",
																			"options": {
																				"lines": 0,
																				"columns": 2,
																				"version": 0,
																				"ctrlsPos": {},
																				"colspans": []
																			},
																			"data": [
																				"fields"
																			],
																			"*": {},
																			"stamp": 16
																		}
																	},
																	"stamp": 15,
																	"data": []
																}
															},
															"stamp": 14,
															"data": []
														}
													},
													"stamp": 13,
													"data": []
												},
												"form-content-left-4": {
													"type": "FlexibleFormLine",
													"data": [],
													"options": {
														"version": 0
													},
													"stamp": 31,
													"*": {
														"ArkhineoArchivingInfo__": {
															"type": "PanelData",
															"data": [],
															"options": {
																"border": {},
																"labelLength": 0,
																"iconURL": "",
																"TitleFontSize": "S",
																"hideActionButtons": false,
																"hideTitleBar": false,
																"hideTitle": false,
																"backgroundcolor": "default",
																"labelsAlignment": "right",
																"label": "_ArkhineoArchivingInfo",
																"leftImageURL": "",
																"removeMargins": false,
																"elementsAlignment": "left",
																"version": 0
															},
															"stamp": 32,
															"*": {
																"FieldsManager": {
																	"type": "FieldsManager",
																	"data": [],
																	"options": {
																		"controlsAssociation": {
																			"ArchiveUniqueIdentifier__": "LabelArchiveUniqueIdentifier__",
																			"LabelArchiveUniqueIdentifier__": "ArchiveUniqueIdentifier__",
																			"LinkToArchive__": "LabelLinkToArchive__",
																			"LabelLinkToArchive__": "LinkToArchive__",
																			"ArchivingStatus__": "LabelArchivingStatus__",
																			"LabelArchivingStatus__": "ArchivingStatus__"
																		},
																		"version": 0
																	},
																	"stamp": 33,
																	"*": {
																		"Grid": {
																			"type": "GridLayout",
																			"data": [
																				"fields"
																			],
																			"options": {
																				"ctrlsPos": {
																					"ArchiveUniqueIdentifier__": {
																						"line": 1,
																						"column": 2
																					},
																					"LabelArchiveUniqueIdentifier__": {
																						"line": 1,
																						"column": 1
																					},
																					"LinkToArchive__": {
																						"line": 2,
																						"column": 2
																					},
																					"LabelLinkToArchive__": {
																						"line": 2,
																						"column": 1
																					},
																					"ArchivingStatus__": {
																						"line": 3,
																						"column": 2
																					},
																					"LabelArchivingStatus__": {
																						"line": 3,
																						"column": 1
																					}
																				},
																				"lines": 3,
																				"columns": 2,
																				"colspans": [
																					[],
																					[],
																					[]
																				],
																				"version": 0
																			},
																			"stamp": 34,
																			"*": {
																				"LabelArchiveUniqueIdentifier__": {
																					"type": "Label",
																					"data": [
																						"ArchiveUniqueIdentifier__"
																					],
																					"options": {
																						"label": "_ArchiveUniqueIdentifier"
																					},
																					"stamp": 35
																				},
																				"ArchiveUniqueIdentifier__": {
																					"type": "ShortText",
																					"data": [
																						"ArchiveUniqueIdentifier__"
																					],
																					"options": {
																						"textSize": "S",
																						"textAlignment": "left",
																						"textStyle": "default",
																						"textColor": "default",
																						"version": 1,
																						"label": "_ArchiveUniqueIdentifier",
																						"activable": true,
																						"width": 230,
																						"helpText": "",
																						"helpURL": "",
																						"helpFormat": "HTML Format",
																						"readonly": true,
																						"browsable": false
																					},
																					"stamp": 36
																				},
																				"LabelLinkToArchive__": {
																					"type": "Label",
																					"data": [
																						"LinkToArchive__"
																					],
																					"options": {
																						"label": "_LinkToArchive"
																					},
																					"stamp": 37
																				},
																				"LinkToArchive__": {
																					"type": "ShortText",
																					"data": [
																						"LinkToArchive__"
																					],
																					"options": {
																						"textSize": "S",
																						"textAlignment": "left",
																						"textStyle": "default",
																						"textColor": "default",
																						"version": 1,
																						"label": "_LinkToArchive",
																						"activable": true,
																						"width": "500",
																						"length": 115,
																						"helpText": "",
																						"helpURL": "",
																						"helpFormat": "HTML Format",
																						"readonly": true,
																						"browsable": false
																					},
																					"stamp": 38
																				},
																				"LabelArchivingStatus__": {
																					"type": "Label",
																					"data": [
																						"ArchivingStatus__"
																					],
																					"options": {
																						"label": "_ArchivingStatus"
																					},
																					"stamp": 39
																				},
																				"ArchivingStatus__": {
																					"type": "ShortText",
																					"data": [
																						"ArchivingStatus__"
																					],
																					"options": {
																						"textSize": "S",
																						"textAlignment": "left",
																						"textStyle": "default",
																						"textColor": "default",
																						"version": 1,
																						"label": "_ArchivingStatus",
																						"activable": true,
																						"width": 230,
																						"helpText": "",
																						"helpURL": "",
																						"helpFormat": "HTML Format",
																						"readonly": true,
																						"browsable": false
																					},
																					"stamp": 40
																				}
																			}
																		}
																	}
																}
															}
														}
													}
												},
												"form-content-left-2": {
													"type": "FlexibleFormLine",
													"options": {
														"version": 0
													},
													"*": {
														"SystemData": {
															"type": "PanelSystemData",
															"options": {
																"multicolumn": false,
																"version": 0,
																"border": {
																	"collapsed": false
																},
																"labelLength": 0,
																"iconURL": "",
																"TitleFontSize": "S",
																"hideActionButtons": false,
																"hideTitleBar": false,
																"hideTitle": false,
																"label": "_System data"
															},
															"stamp": 18,
															"data": []
														}
													},
													"stamp": 17,
													"data": []
												},
												"form-content-left-3": {
													"type": "FlexibleFormLine",
													"options": {
														"version": 0
													},
													"*": {
														"NextProcess": {
															"type": "PanelNextProcess",
															"options": {
																"hidden": true,
																"version": 0,
																"border": {},
																"labelLength": 0,
																"iconURL": "",
																"TitleFontSize": "S",
																"hideActionButtons": false,
																"hideTitleBar": false,
																"hideTitle": false,
																"label": "_Next Process"
															},
															"stamp": 20,
															"data": []
														}
													},
													"stamp": 19,
													"data": []
												}
											},
											"stamp": 12,
											"data": []
										},
										"form-content-right": {
											"type": "FlexibleFormSplitter",
											"options": {
												"version": 1,
												"box": {
													"top": 0,
													"left": 45,
													"width": 55,
													"height": 99
												},
												"hidden": false
											},
											"*": {
												"form-content-right-1": {
													"type": "FlexibleFormLine",
													"options": {
														"version": 0
													},
													"*": {
														"PreviewPanel": {
															"type": "PanelPreview",
															"options": {
																"border": {},
																"version": 0,
																"labelLength": 0,
																"iconURL": "",
																"TitleFontSize": "S",
																"hideActionButtons": false,
																"hideTitleBar": false,
																"hideTitle": false,
																"label": "_Document Preview"
															},
															"*": {
																"Preview": {
																	"data": [
																		"previewdata"
																	],
																	"type": "Preview",
																	"options": {
																		"version": 0
																	},
																	"stamp": 24
																}
															},
															"stamp": 23,
															"data": []
														}
													},
													"stamp": 22,
													"data": []
												}
											},
											"stamp": 21,
											"data": []
										}
									},
									"stamp": 11,
									"data": []
								}
							},
							"stamp": 6,
							"data": []
						}
					},
					"stamp": 5,
					"data": []
				},
				"form-footer": {
					"type": "FlexibleFormFooter",
					"options": {
						"splitterType": "simple-h",
						"version": 0,
						"maxwidth": ""
					},
					"*": {
						"Save": {
							"type": "SubmitButton",
							"options": {
								"label": "_Save",
								"action": "save",
								"submit": true,
								"version": 0
							},
							"stamp": 26,
							"data": []
						},
						"Approve": {
							"type": "SubmitButton",
							"options": {
								"label": "_Approve",
								"action": "approve",
								"submit": true,
								"version": 0
							},
							"stamp": 27,
							"data": []
						},
						"Reject": {
							"type": "SubmitButton",
							"options": {
								"label": "_Reject",
								"action": "reject",
								"submit": true,
								"version": 0
							},
							"stamp": 28,
							"data": []
						},
						"Reprocess": {
							"type": "SubmitButton",
							"options": {
								"label": "_Reprocess",
								"action": "reprocess",
								"submit": true,
								"version": 0
							},
							"stamp": 29,
							"data": []
						},
						"Close": {
							"type": "SubmitButton",
							"options": {
								"label": "_Close",
								"action": "cancel",
								"submit": true,
								"version": 0
							},
							"stamp": 30,
							"data": []
						}
					},
					"stamp": 25,
					"data": []
				}
			},
			"stamp": 3,
			"data": []
		}
	},
	"stamps": 40,
	"data": []
}</layout>
    </ui>
  </properties>
  <field deleted="0" format="" guid="Q2MIG0000FSX" id="T0Z552000SG7" label="_ArchiveUniqueIdentifier_report" length="50" name="ArchiveUniqueIdentifier__" originalProcessID="PHQG5E7F7" precision="0" processid="S0Z552000SG7" submitable="1" type="STR">
    <properties>
      <db>
        <alias>AT0Z552000SG7</alias>
        <index vartype="INT">1</index>
        <noxml>1</noxml>
        <fullname>/job/processfields/ArchiveUniqueIdentifier__</fullname>
        <defaultvalue>
        </defaultvalue>
        <RecordLastWrite>2018-09-03 16:19:56</RecordLastWrite>
      </db>
      <extraction>
        <extractionData>{"method":"none","pageOrigin":"first","area":"","after":"","before":"","valueToSearch":"","useRegexpMode":false,"matchCase":false,"replacements":[]}</extractionData>
      </extraction>
      <extrainfo>
        <Label>_ArchiveUniqueIdentifier_report</Label>
        <Alias>AT0Z552000SG7</Alias>
        <ProcessFieldVersion vartype="INT">1</ProcessFieldVersion>
      </extrainfo>
      <gdr>
        <VarType>Area</VarType>
        <DisableAutolearn>1</DisableAutolearn>
      </gdr>
      <help>
        <helpData>{"helpText":"","helpURL":"","helpFormat":"HTML Format"}</helpData>
      </help>
      <ui>
        <_type>String</_type>
        <automatic>true</automatic>
      </ui>
    </properties>
  </field>
  <field deleted="0" format="" guid="R2MIG0000FSX" id="V0Z552000SG7" label="_ArchivingStatus_report" length="50" name="ArchivingStatus__" originalProcessID="PHQG5E7F7" precision="0" processid="S0Z552000SG7" submitable="1" type="STR">
    <properties>
      <db>
        <alias>AV0Z552000SG7</alias>
        <noxml>1</noxml>
        <fullname>/job/processfields/ArchivingStatus__</fullname>
        <defaultvalue>
        </defaultvalue>
        <RecordLastWrite>2018-09-03 16:19:56</RecordLastWrite>
      </db>
      <extraction>
        <extractionData>{"method":"none","pageOrigin":"first","area":"","after":"","before":"","valueToSearch":"","useRegexpMode":false,"matchCase":false,"replacements":[]}</extractionData>
      </extraction>
      <extrainfo>
        <Label>_ArchivingStatus_report</Label>
        <Alias>AV0Z552000SG7</Alias>
        <ProcessFieldVersion vartype="INT">1</ProcessFieldVersion>
      </extrainfo>
      <gdr>
        <VarType>Area</VarType>
        <DisableAutolearn>1</DisableAutolearn>
      </gdr>
      <help>
        <helpData>{"helpText":"","helpURL":"","helpFormat":"HTML Format"}</helpData>
      </help>
      <ui>
        <_type>String</_type>
        <automatic>true</automatic>
      </ui>
    </properties>
  </field>
  <field deleted="0" format="" guid="GUZT00000FSX" id="U0Z552000SG7" label="_LinkToArchive_report" length="115" name="LinkToArchive__" originalProcessID="PHQG5E7F7" precision="0" processid="S0Z552000SG7" submitable="1" type="STR">
    <properties>
      <db>
        <alias>AU0Z552000SG7</alias>
        <index vartype="INT">1</index>
        <noxml>1</noxml>
        <fullname>/job/processfields/LinkToArchive__</fullname>
        <defaultvalue>
        </defaultvalue>
        <RecordLastWrite>2022-10-25 17:06:10</RecordLastWrite>
      </db>
      <extraction>
        <extractionData>{"method":"none","pageOrigin":"first","area":"","after":"","before":"","valueToSearch":"","useRegexpMode":false,"matchCase":false,"replacements":[]}</extractionData>
      </extraction>
      <extrainfo>
        <Label>_LinkToArchive_report</Label>
        <Alias>AU0Z552000SG7</Alias>
        <ProcessFieldVersion vartype="INT">1</ProcessFieldVersion>
      </extrainfo>
      <gdr>
        <VarType>Area</VarType>
        <DisableAutolearn>1</DisableAutolearn>
      </gdr>
      <help>
        <helpData>{"helpText":"","helpURL":"","helpFormat":"HTML Format"}</helpData>
      </help>
      <ui>
        <_type>String</_type>
        <automatic>true</automatic>
      </ui>
    </properties>
  </field>
  <type id="RJRH13130EF" name="CD">
  </type>
</process>