﻿<?xml version="1.0" encoding="UTF-8" standalone="no"?>
<process accountid="20063076" allowrepairprocess="0" builtin="0" builtinversion="0" carriesapplicationversion="0" creationdatetime="2022-10-25 17:05:15" deleted="0" eskerapplication="" global="0" id="G9X552000SG7" keepcustomization="0" keepfieldsonly="0" keepfieldsproperties="0" keepnewcontroloptions="0" migrationversion="4" name="New invoice submission" needvalidation="0" ootofilter="" ootoversion="0" originalProcessID="CZMZ86550048" ownerid="cn=admin_p2p@paragon-cc.fr,ou=DEV,ou=TrainingP2P,ou=DEMO_JULIEN,ou=05284299,ou=ESK,s=eoo" ownerpb="OnDemand AddressBook" public="1" pushnotification="0" reuseengine="0" sprintversion="5.261.0" transportname="CustomData" upgradable="1" userid="0" version="1" visibility="0">
  <properties>
    <gdr>
      <FinalizationScriptAllowRetry>true</FinalizationScriptAllowRetry>
      <FinalizationScript>///#GLOBALS Lib Sys
function SubmitInvoices()
{
	var curUserLogin = Users.GetUser(Data.GetValue("OwnerId")).GetValue("Login");
	var nbAttach = Attach.GetNbAttach();
	for (var i = 0; i &lt; nbAttach; i++)
	{
		var attach = Attach.GetAttach(i);
		var VIPTransport = Process.CreateProcessInstanceForUser("Vendor invoice", curUserLogin, 0, true);
		if (VIPTransport)
		{
			var newAttach = VIPTransport.AddAttachEx(attach);
			var attachVars = newAttach.GetVars();
			attachVars.AddValue_String("AttachToProcess", "1", true);
			VIPTransport.GetUninheritedVars().AddValue_String("SourceRUID", Data.GetValue("RUIDEx"), true); //Write the sourceRUID to avoid the forward to apclerk
			VIPTransport.Process();
		}
	}
}
SubmitInvoices();</FinalizationScript>
      <ValidationScriptAllowRetry>
      </ValidationScriptAllowRetry>
      <ValidationScript>
      </ValidationScript>
      <AllowTagCoverPages>true</AllowTagCoverPages>
      <AllowTagNewDocuments>true</AllowTagNewDocuments>
      <AllowTagAttachments>true</AllowTagAttachments>
      <ExtractionScriptAllowRetry>
      </ExtractionScriptAllowRetry>
      <ExtractionScript>
      </ExtractionScript>
      <AllowRemovePages>true</AllowRemovePages>
      <AllowSwapPages>true</AllowSwapPages>
      <PostProcessingScriptAllowRetry>
      </PostProcessingScriptAllowRetry>
      <PostProcessingScript>
      </PostProcessingScript>
    </gdr>
    <lg>
      <process_de>{
	"_Approve": "Rechnungen hochladen",
	"_ImportInvoicesPane": "Rechnungen",
	"_InvoicesSubmission": "Rechnungs-Upload",
	"_New Invoice Submission": "Upload von Lieferantenrechnungen",
	"_NewInvoiceSubmissionProcessDescription": "Laden Sie eine oder mehrere Lieferantenrechnungen zur Verarbeitung hoch. \nDieser Vorgang kann einige Minuten dauern und wird im Hintergrund verarbeitet.\nDie hochgeladenen Rechnungen werden in der Ansicht 'Dem Buchhalter zugewiesene Rechnungen' unter der Registerkarte 'Lieferantenrechnungen' angezeigt.",
	"_No invoice found": "Rechnung auswählen",
	"_ProcessDescriptionPane": "Rechnungs-Upload",
	"_SimpleUploadAttachment": "Rechnung hinzufügen oder ablegen...",
	"_Upload an invoice": "Um fortzufahren, müssen Sie mindestens eine Rechnung hochladen.",
	"New invoice submission": "Upload von Lieferantenrechnungen"
}</process_de>
      <process_ja>{
	"_Approve": "請求書をアップロード",
	"_ImportInvoicesPane": "請求書",
	"_InvoicesSubmission": "請求書のアップロード",
	"_New Invoice Submission": "仕入先請求書のアップロード",
	"_NewInvoiceSubmissionProcessDescription": "仕入先請求書を1件以上アップロードして処理します。このアクションはバックグラウンドで処理され、数分かかることがあります。アップロードした請求書は、「仕入先請求書」タブの「買掛金スペシャリストに割り当てられた請求書」に表示されます。",
	"_No invoice found": "請求書を選択",
	"_ProcessDescriptionPane": "仕入先請求書のアップロード",
	"_SimpleUploadAttachment": "請求書を選択またはドロップ...",
	"_Upload an invoice": "続行するには、1件以上の請求書をアップロードします。",
	"New invoice submission": "仕入先請求書のアップロード"
}</process_ja>
      <process_en>{
	"_Approve": "Upload invoices",
	"_ImportInvoicesPane": "Invoices",
	"_InvoicesSubmission": "Invoice Upload",
	"_New Invoice Submission": "Vendor invoice upload",
	"_NewInvoiceSubmissionProcessDescription": "Upload one or more vendor invoices for processing.\nThis action may take a few minutes and will be processed in the background.\nThe uploaded invoices will be available in the view 'Invoices assigned to AP specialist' under the tab 'Vendor Invoices'.",
	"_No invoice found": "Select an Invoice",
	"_ProcessDescriptionPane": "Vendor Invoice Upload",
	"_SimpleUploadAttachment": "Select or drop an invoice...",
	"_Upload an invoice": "To continue, you need to upload at least one invoice.",
	"New invoice submission": "Vendor invoice upload"
}</process_en>
      <process_es>{
	"_Approve": "Cargar facturas",
	"_ImportInvoicesPane": "Facturas",
	"_InvoicesSubmission": "Carga de facturas",
	"_New Invoice Submission": "Carga de facturas de proveedor",
	"_NewInvoiceSubmissionProcessDescription": "Cargue una o más facturas para su procesamiento.\nEsta acción puede tardar unos minutos y se procesará en segundo plano. \nUna vez cargadas, podrá encontrarlas en la vista 'Facturas asignadas al contable', bajo la pestaña 'Facturas de proveedor'.",
	"_No invoice found": "Seleccione una factura",
	"_ProcessDescriptionPane": "Carga de facturas de proveedor",
	"_SimpleUploadAttachment": "Seleccione o arrastre y suelte una factura...",
	"_Upload an invoice": "Para continuar, necesita cargar por lo menos una factura.",
	"New invoice submission": "Carga de facturas de proveedor"
}</process_es>
      <process_fr>{
	"_Approve": "Télécharger factures",
	"_ImportInvoicesPane": "Factures",
	"_InvoicesSubmission": "Téléchargement de factures",
	"_New Invoice Submission": "Téléchargement de factures fournisseurs",
	"_NewInvoiceSubmissionProcessDescription": "Téléchargez une ou plusieurs factures fournisseurs pour traitement.\nCette action peut durer quelques minutes et sera traitée en arrière-plan. \nLes factures téléchargées seront disponibles dans la vue 'Factures assignées au comptable' sous l'onglet 'Factures fournisseurs'.",
	"_No invoice found": "Sélectionnez une facture",
	"_ProcessDescriptionPane": "Téléchargement  de factures fournisseurs",
	"_SimpleUploadAttachment": "Sélectionner ou déposer une facture...",
	"_Upload an invoice": "Pour continuer, vous devez télécharger au moins une facture.",
	"New invoice submission": "Téléchargement de factures fournisseurs"
}</process_fr>
      <process_nl-NL>{
	"_Approve": "Facturen uploaden",
	"_ImportInvoicesPane": "Facturen",
	"_InvoicesSubmission": "Factuur uploaden",
	"_New Invoice Submission": "Leveranciersfactuur uploaden",
	"_NewInvoiceSubmissionProcessDescription": "Upload één of meer leveranciersfacturen voor verwerking. Deze actie kan enkele minuten in beslag nemen en wordt op de achtergrond verwerkt. De geüploade facturen zijn beschikbaar in de weergave ‘Facturen toegewezen aan AP specialist’ onder het tabblad ‘Leveranciersfacturen’.",
	"_No invoice found": "Selecteer een factuur",
	"_ProcessDescriptionPane": "Leveranciersfactuur uploaden",
	"_SimpleUploadAttachment": "Selecteer of versleep een factuur...",
	"_Upload an invoice": "Om door te gaan moet u minstens één factuur uploaden.",
	"New invoice submission": "Leveranciersfactuur uploaden"
}</process_nl-NL>
      <process_it>{
	"_Approve": "Carica fatture",
	"_ImportInvoicesPane": "Fatture",
	"_InvoicesSubmission": "Caricamento fatture",
	"_New Invoice Submission": "Caricamento fatture fornitore",
	"_NewInvoiceSubmissionProcessDescription": "Carica una o più fatture fornitore per l'elaborazione. \nQuesta operazione può richiedere alcuni minuti e sarà elaborata in background.\nLe fatture caricate saranno disponibili nella vista 'Fatture assegnate al contabile' sotto la scheda 'Fatture fornitore'.",
	"_No invoice found": "Selezione fattura",
	"_ProcessDescriptionPane": "Caricamento fatture",
	"_SimpleUploadAttachment": "Aggiungi o rilascia una fattura...",
	"_Upload an invoice": "Per continuare, è necessario caricare almeno una fattura.",
	"New invoice submission": "Caricamento fatture fornitore"
}</process_it>
      <process_zh-CN>{
	"_Approve": "上传账单发票",
	"_ImportInvoicesPane": "账单发票",
	"_InvoicesSubmission": "账单发票已上传",
	"_New Invoice Submission": "供应商账单发票已上传",
	"_NewInvoiceSubmissionProcessDescription": "上传一张或多张供应商账单发票进行处理。\n此操作可能需要几分钟，将在后台处理。\n上传的账单发票将在“供应商发票”选项卡下的“指派给 AP 专家的账单发票”视图中提供。",
	"_No invoice found": "选择一张账单发票",
	"_ProcessDescriptionPane": "供应商账单发票已上传",
	"_SimpleUploadAttachment": "选择或拖拽账单发票...",
	"_Upload an invoice": "请上传至少一张账单发票以继续。",
	"New invoice submission": "供应商账单发票已上传"
}</process_zh-CN>
      <process_pt-BR>{
	"_Approve": "Fazer upload de faturas",
	"_ImportInvoicesPane": "Faturas",
	"_InvoicesSubmission": "Upload de fatura",
	"_New Invoice Submission": "Upload de fatura de fornecedor",
	"_NewInvoiceSubmissionProcessDescription": "Faça upload de uma ou mais faturas de fornecedores para processamento. Esta ação pode demorar alguns minutos e será processada em segundo plano. As faturas carregadas estarão disponíveis na visualização \"Faturas atribuídas ao contador\" na guia \"Faturas do fornecedor\".",
	"_No invoice found": "Selecione uma fatura",
	"_ProcessDescriptionPane": "Upload de fatura de fornecedor",
	"_SimpleUploadAttachment": "Selecionar ou soltar um fatura...",
	"_Upload an invoice": "Para continuar, você precisa fazer o upload de, pelo menos, uma fatura.",
	"New invoice submission": "Upload de fatura de fornecedor"
}</process_pt-BR>
    </lg>
    <ocr>
      <trade-off>accurate</trade-off>
      <image-binarization>no</image-binarization>
      <image-draft-fax>no</image-draft-fax>
      <image-despeckle>no</image-despeckle>
      <allowed-language>0</allowed-language>
      <image-resolution-enhancement>auto</image-resolution-enhancement>
      <extractionAdditionalOptions>
      </extractionAdditionalOptions>
    </ocr>
    <process>
      <flowtype>processing</flowtype>
      <ocrpreset>scan</ocrpreset>
      <homepagelabel>_New Invoice Submission</homepagelabel>
      <enableflexibleauditing>
      </enableflexibleauditing>
      <enableflexibleediting>
      </enableflexibleediting>
      <enableflexibleteaching>
      </enableflexibleteaching>
      <upgradable>yes</upgradable>
      <disableocr>
      </disableocr>
      <instanciable>1</instanciable>
      <disableautolearning>true</disableautolearning>
      <backgroundprocessingthreshold>
      </backgroundprocessingthreshold>
      <EnablePreviewPrecomputation>
      </EnablePreviewPrecomputation>
      <archiveDuration>0</archiveDuration>
      <OverrideAllowedAttachmentExtensions>PDF,TIF,TXT,JPG,JPEG</OverrideAllowedAttachmentExtensions>
      <ocrpagestoprocess>
      </ocrpagestoprocess>
      <ScriptEngineType>2</ScriptEngineType>
      <displayWidth>640</displayWidth>
      <AllowUploadAttachment>1</AllowUploadAttachment>
      <AllowUploadReferenceDocument>0</AllowUploadReferenceDocument>
      <AllowRetryExtractCD>true</AllowRetryExtractCD>
      <TransportName>CustomData</TransportName>
      <LayoutVersion>1.0</LayoutVersion>
      <printToProcess>
      </printToProcess>
    </process>
    <ui>
      <CustomScriptDebug>false</CustomScriptDebug>
      <CustomScriptReadonly>true</CustomScriptReadonly>
      <CustomScript>///#GLOBALS Lib
function Approve()
{
	// Allow approve if a document was added
	if (Attach.GetNbAttach() &gt; 0)
	{
		ProcessInstance.Approve("approve");
	}
	else
	{
		Popup.Alert(["_Upload an invoice"], true, null, "_No invoice found");
	}
	return false;
}

function run()
{
	Controls.Approve.OnClick = Approve;
}
run();</CustomScript>
      <layout>{
	"*": {
		"GDRData": {
			"type": "GDRData",
			"options": {
				"version": 0
			},
			"stamp": 1,
			"data": []
		},
		"OCRParams": {
			"type": "OCRParams",
			"options": {
				"version": 0
			},
			"stamp": 2,
			"data": []
		},
		"Screen": {
			"type": "FlexibleFormLayout",
			"options": {
				"splitterType": "complex",
				"style": "FlexibleFormLight",
				"version": 0,
				"maxwidth": 640,
				"backColor": "text-backgroundcolor-color7"
			},
			"*": {
				"form-header": {
					"type": "FlexibleFormHeader",
					"options": {
						"version": 0,
						"maxwidth": 640
					},
					"stamp": 4,
					"data": []
				},
				"form-center": {
					"type": "FlexibleFormCenter",
					"options": {
						"version": 0,
						"maxwidth": 640
					},
					"*": {
						"form-content": {
							"type": "FlexibleFormContent",
							"options": {
								"version": 0
							},
							"*": {
								"form-content-top": {
									"type": "FlexibleFormSplitter",
									"options": {
										"autosize": true,
										"version": 1,
										"box": {
											"top": "0%",
											"left": "0%",
											"height": "25%"
										},
										"hidden": false
									},
									"*": {
										"form-content-top-3": {
											"type": "FlexibleFormLine",
											"data": [],
											"options": {
												"version": 0
											},
											"stamp": 18,
											"*": {
												"ProcessDescriptionPane": {
													"type": "PanelData",
													"data": [],
													"options": {
														"border": {
															"collapsed": false
														},
														"iconURL": "",
														"TitleFontSize": "S",
														"hideActionButtons": true,
														"hideTitleBar": true,
														"hideTitle": false,
														"backgroundcolor": "default",
														"labelsAlignment": "right",
														"label": "_ProcessDescriptionPane",
														"hidden": false,
														"leftImageURL": "",
														"removeMargins": false,
														"elementsAlignment": "left",
														"version": 0,
														"labelLength": 0
													},
													"stamp": 15,
													"*": {
														"FieldsManager": {
															"type": "FieldsManager",
															"data": [],
															"options": {
																"controlsAssociation": {},
																"version": 0
															},
															"stamp": 16,
															"*": {
																"Grid": {
																	"type": "GridLayout",
																	"data": [
																		"fields"
																	],
																	"options": {
																		"ctrlsPos": {
																			"InvoicesSubmission__": {
																				"line": 1,
																				"column": 1
																			},
																			"ProcessDescription__": {
																				"line": 2,
																				"column": 1
																			}
																		},
																		"lines": 2,
																		"columns": 2,
																		"colspans": [
																			[
																				{
																					"index": 0,
																					"length": 2
																				}
																			],
																			[
																				{
																					"index": 0,
																					"length": 2
																				}
																			]
																		],
																		"version": 0
																	},
																	"stamp": 17,
																	"*": {
																		"InvoicesSubmission__": {
																			"type": "Title",
																			"data": false,
																			"options": {
																				"marge": 0,
																				"textSize": "XXL",
																				"textAlignment": "left",
																				"textStyle": "default",
																				"textColor": "default",
																				"backgroundcolor": "default",
																				"iconClass": "",
																				"label": "_InvoicesSubmission",
																				"version": 0
																			},
																			"stamp": 20
																		},
																		"ProcessDescription__": {
																			"type": "Text",
																			"data": false,
																			"options": {
																				"marge": 0,
																				"textSize": "S",
																				"textAlignment": "left",
																				"textStyle": "default",
																				"textColor": "default",
																				"backgroundcolor": "default",
																				"iconClass": "",
																				"label": "_NewInvoiceSubmissionProcessDescription",
																				"version": 0
																			},
																			"stamp": 21
																		}
																	}
																}
															}
														}
													}
												}
											}
										},
										"form-content-top-1": {
											"type": "FlexibleFormLine",
											"options": {
												"version": 0
											},
											"*": {
												"ImportInvoicesPane": {
													"type": "PanelDocument",
													"options": {
														"version": 0,
														"border": {},
														"labelLength": 0,
														"label": "_ImportInvoicesPane",
														"iconURL": "",
														"TitleFontSize": "S",
														"hideActionButtons": true,
														"hideTitleBar": true,
														"hideTitle": false
													},
													"*": {
														"Document": {
															"data": [
																"documentscontroldata"
															],
															"type": "Documents",
															"options": {
																"version": 0,
																"previewButton": false,
																"culture": "A4"
															},
															"stamp": 10
														}
													},
													"stamp": 9,
													"data": []
												}
											},
											"stamp": 8,
											"data": []
										}
									},
									"stamp": 7,
									"data": []
								},
								"form-content-bottom": {
									"type": "FlexibleFormSplitter",
									"options": {
										"autosize": true,
										"version": 1,
										"box": {
											"top": "0%",
											"left": "0%",
											"width": null,
											"height": "100%"
										},
										"hidden": true,
										"hideSeparator": true
									},
									"*": {
										"form-content-bottom-1": {
											"type": "FlexibleFormLine",
											"options": {
												"version": 0
											},
											"*": {
												"PreviewPanel": {
													"type": "PanelPreview",
													"options": {
														"border": {},
														"version": 0,
														"labelLength": 0,
														"iconURL": "",
														"TitleFontSize": "S",
														"hideActionButtons": false,
														"hideTitleBar": false,
														"label": "_Document Preview"
													},
													"*": {
														"Preview": {
															"data": [
																"previewdata"
															],
															"type": "Preview",
															"options": {
																"version": 0
															},
															"stamp": 22
														}
													},
													"stamp": 23,
													"data": []
												}
											},
											"stamp": 24,
											"data": []
										}
									},
									"stamp": 25,
									"data": []
								}
							},
							"stamp": 6,
							"data": []
						}
					},
					"stamp": 5,
					"data": []
				},
				"form-footer": {
					"type": "FlexibleFormFooter",
					"options": {
						"splitterType": "simple-h",
						"version": 0,
						"maxwidth": 640
					},
					"*": {
						"Approve": {
							"type": "SubmitButton",
							"options": {
								"label": "_Approve",
								"action": "approve",
								"submit": true,
								"version": 0,
								"style": 1
							},
							"stamp": 12,
							"data": []
						},
						"Close": {
							"type": "SubmitButton",
							"data": false,
							"options": {
								"label": "_Close",
								"textPosition": "text-right",
								"textSize": "MS",
								"textStyle": "default",
								"textColor": "default",
								"iconColor": "default",
								"urlImageOverlay": "",
								"url": "",
								"position": null,
								"action": "cancel"
							},
							"stamp": 13
						}
					},
					"stamp": 11,
					"data": []
				}
			},
			"stamp": 3,
			"data": []
		}
	},
	"stamps": 25,
	"data": []
}</layout>
    </ui>
  </properties>
  <type id="RJRH13130EF" name="CD">
  </type>
</process>