﻿<?xml version="1.0" encoding="UTF-8" standalone="no"?>
<process accountid="20063076" allowrepairprocess="0" builtin="0" builtinversion="0" carriesapplicationversion="0" creationdatetime="2022-10-25 17:19:26" deleted="0" eskerapplication="" global="0" id="LB4652000SG7" keepcustomization="0" keepfieldsonly="0" keepfieldsproperties="0" keepnewcontroloptions="0" migrationversion="4" name="P2P - Recurring Invoice Approval__" needvalidation="0" ootofilter="" ootoversion="1" originalProcessID="VUHE00000PA9" ownerid="cn=admin_p2p@paragon-cc.fr,ou=DEV,ou=TrainingP2P,ou=DEMO_JULIEN,ou=05284299,ou=ESK,s=eoo" ownerpb="OnDemand AddressBook" public="1" pushnotification="0" reuseengine="0" sprintversion="5.261.0" transportname="CustomTable" upgradable="1" userid="0" version="1" visibility="0">
  <properties>
    <dbIndex>
      <AUTO_ANB4652000SG7A>&lt;Index&gt;&lt;Ref Name="ANB4652000SG7" Option="ASC"/&gt;&lt;/Index&gt;</AUTO_ANB4652000SG7A>
      <AUTO_ARB4652000SG7A>&lt;Index&gt;&lt;Ref Name="ARB4652000SG7" Option="ASC"/&gt;&lt;/Index&gt;</AUTO_ARB4652000SG7A>
      <AUTO_ASB4652000SG7A>&lt;Index&gt;&lt;Ref Name="ASB4652000SG7" Option="ASC"/&gt;&lt;/Index&gt;</AUTO_ASB4652000SG7A>
    </dbIndex>
    <gdr>
    </gdr>
    <lg>
      <process_de>{
	"_Company code": "Buchungskreis",
	"_Invoice amount": "Gesamtbetrag",
	"_Invoice currency": "Rechnungswährung",
	"_User": "Benutzer",
	"_Vendor number": "Lieferantennummer"
}</process_de>
      <process_ja>{
	"_Company code": "会社コード",
	"_Invoice amount": "請求金額",
	"_Invoice currency": "通貨",
	"_User": "ユーザー",
	"_Vendor number": "仕入先番号"
}</process_ja>
      <process_en>{
	"_Automatic processing": "Automatic approval",
	"_Company code": "Company code",
	"_Invoice amount": "Invoice amount",
	"_Invoice currency": "Invoice currency",
	"_Next invoice date": "Next invoicing date",
	"_User": "User",
	"_Vendor number": "Vendor number"
}</process_en>
      <process_es>{
	"_Company code": "Código de empresa",
	"_Invoice amount": "Importe total",
	"_Invoice currency": "Divisa de factura",
	"_User": "Usuario",
	"_Vendor number": "Número de proveedor"
}</process_es>
      <process_fr>{
	"_Automatic processing": "Approbation automatique",
	"_Company code": "Code société",
	"_Invoice amount": "Montant TTC",
	"_Invoice currency": "Devise",
	"_Next invoice date": "Prochaine date de facturation",
	"_User": "Utilisateur",
	"_Vendor number": "Numéro du fournisseur"
}</process_fr>
      <process_it>{
	"_Company code": "Codice società",
	"_Invoice amount": "Importo totale",
	"_Invoice currency": "Valuta fattura",
	"_User": "Utente",
	"_Vendor number": "Numero fornitore"
}</process_it>
      <process_zh-CN>{
	"_Company code": "公司代码",
	"_Invoice amount": "发票金额",
	"_Invoice currency": "发票货币",
	"_User": "用户",
	"_Vendor number": "供应商编号"
}</process_zh-CN>
      <process_pt-BR>{
	"_Company code": "Código da empresa",
	"_Invoice amount": "Valor da fatura",
	"_Invoice currency": "Moeda da fatura",
	"_User": "Usuário",
	"_Vendor number": "Número do fornecedor"
}</process_pt-BR>
    </lg>
    <process>
      <flowtype>processing</flowtype>
      <EnableNegativeNumbersBetweenBrackets>true</EnableNegativeNumbersBetweenBrackets>
      <homepagelabel>P2P - Recurring Invoice Approval</homepagelabel>
      <instanciable>1</instanciable>
      <enablerounddecimal>true</enablerounddecimal>
      <OverrideAllowedAttachmentExtensions>*</OverrideAllowedAttachmentExtensions>
      <UseActionNameWithScriptApproval>true</UseActionNameWithScriptApproval>
      <AllowUploadAttachment>0</AllowUploadAttachment>
      <AllowUploadReferenceDocument>0</AllowUploadReferenceDocument>
      <shouldRollbackManualRecordEdits>true</shouldRollbackManualRecordEdits>
      <shouldShowManualEditsWarning>false</shouldShowManualEditsWarning>
      <UseCultureFormat>true</UseCultureFormat>
      <TransportName>CustomTable</TransportName>
      <LayoutVersion>1.0</LayoutVersion>
    </process>
    <ui>
      <layout>{
	"*": {
		"Screen": {
			"type": "FlexibleFormLayout",
			"options": {
				"splitterType": "simple-v",
				"version": 0,
				"backColor": "text-backgroundcolor-default",
				"style": null
			},
			"*": {
				"form-header": {
					"type": "FlexibleFormHeader",
					"options": {
						"hidePanelsMenu": false,
						"version": 0
					},
					"stamp": 2,
					"data": []
				},
				"form-center": {
					"type": "FlexibleFormCenter",
					"options": {
						"version": 0
					},
					"*": {
						"form-content": {
							"type": "FlexibleFormContent",
							"options": {
								"version": 0
							},
							"*": {
								"form-content-center": {
									"type": "FlexibleFormSplitter",
									"options": {
										"version": 1,
										"box": {
											"top": "0%",
											"left": "0%",
											"width": "100%"
										},
										"hidden": false,
										"hideSeparator": true
									},
									"*": {
										"form-content-center-1": {
											"type": "FlexibleFormLine",
											"data": [],
											"options": {},
											"stamp": 9,
											"*": {
												"DataPanel": {
													"type": "PanelData",
													"options": {
														"border": {},
														"version": 0,
														"labelLength": 0,
														"iconURL": "",
														"TitleFontSize": "S",
														"hideActionButtons": false,
														"hideTitleBar": false,
														"hideTitle": false,
														"sameHeightAsSiblings": false,
														"backgroundcolor": "default",
														"labelsAlignment": "right",
														"label": "_Document data"
													},
													"*": {
														"FieldsManager": {
															"type": "FieldsManager",
															"options": {
																"controlsAssociation": {
																	"CompanyCode__": "LabelCompanyCode__",
																	"LabelCompanyCode__": "CompanyCode__",
																	"VendorNumber__": "LabelVendorNumber__",
																	"LabelVendorNumber__": "VendorNumber__",
																	"InvoiceAmount__": "LabelInvoiceAmount__",
																	"LabelInvoiceAmount__": "InvoiceAmount__",
																	"InvoiceCurrency__": "LabelInvoiceCurrency__",
																	"LabelInvoiceCurrency__": "InvoiceCurrency__",
																	"User__": "LabelUser__",
																	"LabelUser__": "User__",
																	"AutomaticProcessing__": "LabelAutomaticProcessing__",
																	"LabelAutomaticProcessing__": "AutomaticProcessing__",
																	"NextInvoiceDate__": "LabelNextInvoiceDate__",
																	"LabelNextInvoiceDate__": "NextInvoiceDate__"
																},
																"version": 0
															},
															"*": {
																"Grid": {
																	"type": "GridLayout",
																	"options": {
																		"lines": 7,
																		"columns": 2,
																		"version": 0,
																		"ctrlsPos": {
																			"CompanyCode__": {
																				"line": 1,
																				"column": 2
																			},
																			"LabelCompanyCode__": {
																				"line": 1,
																				"column": 1
																			},
																			"VendorNumber__": {
																				"line": 2,
																				"column": 2
																			},
																			"LabelVendorNumber__": {
																				"line": 2,
																				"column": 1
																			},
																			"InvoiceAmount__": {
																				"line": 4,
																				"column": 2
																			},
																			"LabelInvoiceAmount__": {
																				"line": 4,
																				"column": 1
																			},
																			"InvoiceCurrency__": {
																				"line": 5,
																				"column": 2
																			},
																			"LabelInvoiceCurrency__": {
																				"line": 5,
																				"column": 1
																			},
																			"User__": {
																				"line": 3,
																				"column": 2
																			},
																			"LabelUser__": {
																				"line": 3,
																				"column": 1
																			},
																			"AutomaticProcessing__": {
																				"line": 6,
																				"column": 2
																			},
																			"LabelAutomaticProcessing__": {
																				"line": 6,
																				"column": 1
																			},
																			"NextInvoiceDate__": {
																				"line": 7,
																				"column": 2
																			},
																			"LabelNextInvoiceDate__": {
																				"line": 7,
																				"column": 1
																			}
																		},
																		"colspans": [
																			[],
																			[],
																			[],
																			[],
																			[],
																			[],
																			[]
																		]
																	},
																	"data": [
																		"fields"
																	],
																	"*": {
																		"LabelCompanyCode__": {
																			"type": "Label",
																			"data": [
																				"CompanyCode__"
																			],
																			"options": {
																				"label": "_Company code"
																			},
																			"stamp": 14
																		},
																		"CompanyCode__": {
																			"type": "DatabaseComboBox",
																			"data": [
																				"CompanyCode__"
																			],
																			"options": {
																				"version": 1,
																				"autoCompleteSearchMode": "startswith",
																				"searchMode": "matches",
																				"label": "_Company code",
																				"activable": true,
																				"width": "230",
																				"helpText": "",
																				"helpURL": "",
																				"helpFormat": "HTML Format",
																				"helpIconPosition": "Right",
																				"minNbLines": 1,
																				"maxNbLines": 1,
																				"fTSmaxRecords": "20",
																				"browsable": true
																			},
																			"stamp": 15
																		},
																		"LabelVendorNumber__": {
																			"type": "Label",
																			"data": [
																				"VendorNumber__"
																			],
																			"options": {
																				"label": "_Vendor number"
																			},
																			"stamp": 16
																		},
																		"VendorNumber__": {
																			"type": "DatabaseComboBox",
																			"data": [
																				"VendorNumber__"
																			],
																			"options": {
																				"version": 1,
																				"autoCompleteSearchMode": "startswith",
																				"searchMode": "matches",
																				"label": "_Vendor number",
																				"activable": true,
																				"width": 230,
																				"helpText": "",
																				"helpURL": "",
																				"helpFormat": "HTML Format",
																				"helpIconPosition": "Right",
																				"minNbLines": 1,
																				"maxNbLines": 1,
																				"fTSmaxRecords": "20",
																				"browsable": true
																			},
																			"stamp": 17
																		},
																		"LabelUser__": {
																			"type": "Label",
																			"data": [
																				"User__"
																			],
																			"options": {
																				"label": "_User"
																			},
																			"stamp": 22
																		},
																		"User__": {
																			"type": "DatabaseComboBox",
																			"data": [
																				"User__"
																			],
																			"options": {
																				"version": 1,
																				"autoCompleteSearchMode": "startswith",
																				"searchMode": "matches",
																				"label": "_User",
																				"activable": true,
																				"width": 230,
																				"helpText": "",
																				"helpURL": "",
																				"helpFormat": "HTML Format",
																				"helpIconPosition": "Right",
																				"minNbLines": 1,
																				"maxNbLines": 1,
																				"fTSmaxRecords": "20",
																				"browsable": true
																			},
																			"stamp": 23
																		},
																		"LabelInvoiceAmount__": {
																			"type": "Label",
																			"data": [
																				"InvoiceAmount__"
																			],
																			"options": {
																				"label": "_Invoice amount"
																			},
																			"stamp": 18
																		},
																		"InvoiceAmount__": {
																			"type": "Decimal",
																			"data": [
																				"InvoiceAmount__"
																			],
																			"options": {
																				"version": 2,
																				"textSize": "S",
																				"textAlignment": "right",
																				"textStyle": "default",
																				"textColor": "default",
																				"integer": false,
																				"label": "_Invoice amount",
																				"precision_internal": 2,
																				"precision_current": 2,
																				"activable": true,
																				"width": 230,
																				"helpText": "",
																				"helpURL": "",
																				"helpFormat": "HTML Format",
																				"helpIconPosition": "Right",
																				"enablePlusMinus": false
																			},
																			"stamp": 19
																		},
																		"LabelInvoiceCurrency__": {
																			"type": "Label",
																			"data": [
																				"InvoiceCurrency__"
																			],
																			"options": {
																				"label": "_Invoice currency"
																			},
																			"stamp": 20
																		},
																		"InvoiceCurrency__": {
																			"type": "ShortText",
																			"data": [
																				"InvoiceCurrency__"
																			],
																			"options": {
																				"textSize": "S",
																				"textAlignment": "left",
																				"textStyle": "default",
																				"textColor": "default",
																				"version": 1,
																				"label": "_Invoice currency",
																				"activable": true,
																				"width": 230,
																				"helpText": "",
																				"helpURL": "",
																				"helpFormat": "HTML Format",
																				"helpIconPosition": "Right",
																				"browsable": false
																			},
																			"stamp": 21
																		},
																		"LabelAutomaticProcessing__": {
																			"type": "Label",
																			"data": [
																				"AutomaticProcessing__"
																			],
																			"options": {
																				"label": "_Automatic processing"
																			},
																			"stamp": 24
																		},
																		"AutomaticProcessing__": {
																			"type": "CheckBox",
																			"data": [
																				"AutomaticProcessing__"
																			],
																			"options": {
																				"label": "_Automatic processing",
																				"activable": true,
																				"width": 230,
																				"helpText": "",
																				"helpURL": "",
																				"helpFormat": "HTML Format",
																				"helpIconPosition": "Right"
																			},
																			"stamp": 25
																		},
																		"LabelNextInvoiceDate__": {
																			"type": "Label",
																			"data": [
																				"NextInvoiceDate__"
																			],
																			"options": {
																				"label": "_Next invoice date"
																			},
																			"stamp": 28
																		},
																		"NextInvoiceDate__": {
																			"type": "DateTime",
																			"data": [
																				"NextInvoiceDate__"
																			],
																			"options": {
																				"displayLongFormat": false,
																				"label": "_Next invoice date",
																				"activable": true,
																				"width": 230,
																				"helpText": "",
																				"helpURL": "",
																				"helpFormat": "HTML Format",
																				"helpIconPosition": "Right"
																			},
																			"stamp": 29
																		}
																	},
																	"stamp": 8
																}
															},
															"stamp": 7,
															"data": []
														}
													},
													"stamp": 6,
													"data": []
												}
											}
										}
									},
									"stamp": 5,
									"data": []
								}
							},
							"stamp": 4,
							"data": []
						}
					},
					"stamp": 3,
					"data": []
				},
				"form-footer": {
					"type": "FlexibleFormFooter",
					"options": {
						"splitterType": "simple-h",
						"version": 0
					},
					"*": {
						"Save": {
							"type": "SubmitButton",
							"options": {
								"label": "_Save",
								"action": "savequit",
								"submit": true,
								"version": 0,
								"shortCut": "S"
							},
							"stamp": 11,
							"data": []
						},
						"Close": {
							"type": "SubmitButton",
							"options": {
								"label": "_Close",
								"action": "cancel",
								"submit": true,
								"version": 0,
								"shortCut": "Q"
							},
							"stamp": 12,
							"data": []
						},
						"Delete": {
							"type": "SubmitButton",
							"options": {
								"label": "_Delete",
								"action": "delete",
								"submit": true,
								"version": 0,
								"disabled": true
							},
							"stamp": 13,
							"data": []
						}
					},
					"stamp": 10,
					"data": []
				}
			},
			"stamp": 1,
			"data": []
		}
	},
	"stamps": 29,
	"data": []
}</layout>
    </ui>
  </properties>
  <field deleted="0" format="" guid="CVHE00000PA9" id="MB4652000SG7" label="_Automatic processing" length="0" name="AutomaticProcessing__" originalProcessID="VUHE00000PA9" precision="0" processid="LB4652000SG7" submitable="1" type="BOOL">
    <properties>
      <db>
        <alias>AMB4652000SG7</alias>
        <noxml>1</noxml>
        <fullname>/job/processfields/AutomaticProcessing__</fullname>
        <defaultvalue>false</defaultvalue>
        <RecordLastWrite>2022-10-25 17:19:25</RecordLastWrite>
      </db>
      <extrainfo>
        <Label>_Automatic processing</Label>
        <Alias>AMB4652000SG7</Alias>
        <ProcessFieldVersion vartype="INT">1</ProcessFieldVersion>
      </extrainfo>
      <gdr>
        <DisableAutolearn>1</DisableAutolearn>
      </gdr>
      <help>
        <helpData>{"helpText":"","helpURL":"","helpFormat":"HTML Format","helpIconPosition":"Right"}</helpData>
      </help>
      <ui>
        <_type>Boolean</_type>
        <automatic>true</automatic>
      </ui>
    </properties>
  </field>
  <field deleted="0" format="" guid="XUHE00000PA9" id="NB4652000SG7" label="_Company code" length="50" name="CompanyCode__" originalProcessID="VUHE00000PA9" precision="0" processid="LB4652000SG7" submitable="1" type="STR">
    <properties>
      <db>
        <alias>ANB4652000SG7</alias>
        <index vartype="INT">1</index>
        <noxml>1</noxml>
        <fullname>/job/processfields/CompanyCode__</fullname>
        <defaultvalue>
        </defaultvalue>
        <RecordLastWrite>2022-10-25 17:19:25</RecordLastWrite>
      </db>
      <extrainfo>
        <Label>_Company code</Label>
        <Alias>ANB4652000SG7</Alias>
        <ProcessFieldVersion vartype="INT">1</ProcessFieldVersion>
      </extrainfo>
      <field>
        <Editable>false</Editable>
        <required>true</required>
        <TableName>CT#ECW552000SG7</TableName>
        <SortOrder>
        </SortOrder>
        <DisplayedColumns>CompanyCode__|CompanyName__</DisplayedColumns>
        <DisplayedColumnsIds>
        </DisplayedColumnsIds>
        <UseTableForAutolearn>false</UseTableForAutolearn>
        <SavedColumn>CompanyCode__</SavedColumn>
        <SavedColumnId>
        </SavedColumnId>
        <ExposedColumns>
        </ExposedColumns>
        <ProcessName>PurchasingCompanycodes__</ProcessName>
        <KeyColumnId>
        </KeyColumnId>
        <KeyAttribute>
        </KeyAttribute>
        <CustomFilter>
        </CustomFilter>
      </field>
      <gdr>
        <DisableAutolearn>1</DisableAutolearn>
      </gdr>
      <help>
        <helpData>{"helpText":"","helpURL":"","helpFormat":"HTML Format","helpIconPosition":"Right"}</helpData>
      </help>
      <ui>
        <_type>String</_type>
        <automatic>true</automatic>
      </ui>
    </properties>
  </field>
  <field deleted="0" format="" guid="ZUHE00000PA9" id="OB4652000SG7" label="_Invoice amount" length="17" name="InvoiceAmount__" originalProcessID="VUHE00000PA9" precision="2" processid="LB4652000SG7" submitable="1" type="DECIMAL">
    <properties>
      <db>
        <alias>AOB4652000SG7</alias>
        <noxml>1</noxml>
        <fullname>/job/processfields/InvoiceAmount__</fullname>
        <defaultvalue>
        </defaultvalue>
        <RecordLastWrite>2022-10-25 17:19:25</RecordLastWrite>
      </db>
      <extrainfo>
        <Label>_Invoice amount</Label>
        <Alias>AOB4652000SG7</Alias>
        <DecimalPrecision vartype="INT">2</DecimalPrecision>
        <ProcessFieldVersion vartype="INT">1</ProcessFieldVersion>
      </extrainfo>
      <field>
        <required>false</required>
      </field>
      <gdr>
        <VarType>Area</VarType>
        <DisableAutolearn>1</DisableAutolearn>
      </gdr>
      <help>
        <helpData>{"helpText":"","helpURL":"","helpFormat":"HTML Format","helpIconPosition":"Right"}</helpData>
      </help>
      <ui>
        <_type>Number</_type>
        <automatic>true</automatic>
      </ui>
    </properties>
  </field>
  <field deleted="0" format="" guid="AVHE00000PA9" id="PB4652000SG7" label="_Invoice currency" length="50" name="InvoiceCurrency__" originalProcessID="VUHE00000PA9" precision="0" processid="LB4652000SG7" submitable="1" type="STR">
    <properties>
      <db>
        <alias>APB4652000SG7</alias>
        <noxml>1</noxml>
        <fullname>/job/processfields/InvoiceCurrency__</fullname>
        <defaultvalue>
        </defaultvalue>
        <RecordLastWrite>2022-10-25 17:19:25</RecordLastWrite>
      </db>
      <extrainfo>
        <Label>_Invoice currency</Label>
        <Alias>APB4652000SG7</Alias>
        <ProcessFieldVersion vartype="INT">1</ProcessFieldVersion>
      </extrainfo>
      <field>
        <required>false</required>
      </field>
      <gdr>
        <VarType>Area</VarType>
        <DisableAutolearn>1</DisableAutolearn>
      </gdr>
      <help>
        <helpData>{"helpText":"","helpURL":"","helpFormat":"HTML Format","helpIconPosition":"Right"}</helpData>
      </help>
      <ui>
        <_type>String</_type>
        <automatic>true</automatic>
      </ui>
    </properties>
  </field>
  <field deleted="0" format="" guid="DVHE00000PA9" id="QB4652000SG7" label="_Next invoice date" length="0" name="NextInvoiceDate__" originalProcessID="VUHE00000PA9" precision="0" processid="LB4652000SG7" submitable="1" type="DATE">
    <properties>
      <db>
        <alias>AQB4652000SG7</alias>
        <noxml>1</noxml>
        <fullname>/job/processfields/NextInvoiceDate__</fullname>
        <defaultvalue>
        </defaultvalue>
        <RecordLastWrite>2022-10-25 17:19:25</RecordLastWrite>
      </db>
      <extrainfo>
        <Label>_Next invoice date</Label>
        <Alias>AQB4652000SG7</Alias>
        <ProcessFieldVersion vartype="INT">1</ProcessFieldVersion>
      </extrainfo>
      <gdr>
        <VarType>Area</VarType>
        <DisableAutolearn>1</DisableAutolearn>
      </gdr>
      <help>
        <helpData>{"helpText":"","helpURL":"","helpFormat":"HTML Format","helpIconPosition":"Right"}</helpData>
      </help>
      <ui>
        <_type>Date</_type>
        <automatic>true</automatic>
      </ui>
    </properties>
  </field>
  <field deleted="0" format="" guid="BVHE00000PA9" id="RB4652000SG7" label="_User" length="50" name="User__" originalProcessID="VUHE00000PA9" precision="0" processid="LB4652000SG7" submitable="1" type="STR">
    <properties>
      <db>
        <alias>ARB4652000SG7</alias>
        <index vartype="INT">1</index>
        <noxml>1</noxml>
        <fullname>/job/processfields/User__</fullname>
        <defaultvalue>
        </defaultvalue>
        <RecordLastWrite>2022-10-25 17:19:25</RecordLastWrite>
      </db>
      <extrainfo>
        <Label>_User</Label>
        <Alias>ARB4652000SG7</Alias>
        <ProcessFieldVersion vartype="INT">1</ProcessFieldVersion>
      </extrainfo>
      <field>
        <Editable>false</Editable>
        <required>true</required>
        <TableName>ODUSER</TableName>
        <SortOrder>ASC</SortOrder>
        <DisplayedColumns>Login|DisplayName</DisplayedColumns>
        <UseTableForAutolearn>false</UseTableForAutolearn>
        <SavedColumn>Login</SavedColumn>
        <ExposedColumns>
        </ExposedColumns>
        <ProcessName>
        </ProcessName>
        <KeyColumnId>
        </KeyColumnId>
        <KeyAttribute>
        </KeyAttribute>
        <CustomFilter>(&amp;(Vendor=0)(Customer=0))</CustomFilter>
      </field>
      <gdr>
        <DisableAutolearn>1</DisableAutolearn>
      </gdr>
      <help>
        <helpData>{"helpText":"","helpURL":"","helpFormat":"HTML Format","helpIconPosition":"Right"}</helpData>
      </help>
      <ui>
        <_type>String</_type>
        <automatic>true</automatic>
      </ui>
    </properties>
  </field>
  <field deleted="0" format="" guid="YUHE00000PA9" id="SB4652000SG7" label="_Vendor number" length="50" name="VendorNumber__" originalProcessID="VUHE00000PA9" precision="0" processid="LB4652000SG7" submitable="1" type="STR">
    <properties>
      <db>
        <alias>ASB4652000SG7</alias>
        <index vartype="INT">1</index>
        <noxml>1</noxml>
        <fullname>/job/processfields/VendorNumber__</fullname>
        <defaultvalue>
        </defaultvalue>
        <RecordLastWrite>2022-10-25 17:19:25</RecordLastWrite>
      </db>
      <extrainfo>
        <Label>_Vendor number</Label>
        <Alias>ASB4652000SG7</Alias>
        <ProcessFieldVersion vartype="INT">1</ProcessFieldVersion>
      </extrainfo>
      <field>
        <Editable>false</Editable>
        <required>true</required>
        <TableName>CT#ZLW552000SG7</TableName>
        <SortOrder>ASC</SortOrder>
        <DisplayedColumns>Number__|Name__</DisplayedColumns>
        <DisplayedColumnsIds>
        </DisplayedColumnsIds>
        <UseTableForAutolearn>false</UseTableForAutolearn>
        <SavedColumn>Number__</SavedColumn>
        <SavedColumnId>
        </SavedColumnId>
        <ExposedColumns>
        </ExposedColumns>
        <ProcessName>AP - Vendors__</ProcessName>
        <KeyColumnId>
        </KeyColumnId>
        <KeyAttribute>
        </KeyAttribute>
        <CustomFilter>(|(CompanyCode__=%[CompanyCode__])(CompanyCode__=)(!(CompanyCode__=*)))</CustomFilter>
      </field>
      <gdr>
        <DisableAutolearn>1</DisableAutolearn>
      </gdr>
      <help>
        <helpData>{"helpText":"","helpURL":"","helpFormat":"HTML Format","helpIconPosition":"Right"}</helpData>
      </help>
      <ui>
        <_type>String</_type>
        <automatic>true</automatic>
      </ui>
    </properties>
  </field>
  <type id="JLLP13130F1" name="CT">
  </type>
</process>