﻿<?xml version="1.0" encoding="UTF-8" standalone="no"?>
<process accountid="20063076" allowrepairprocess="0" builtin="0" builtinversion="0" carriesapplicationversion="0" creationdatetime="2022-10-25 17:04:10" deleted="0" eskerapplication="" global="0" id="YDW552000SG7" keepcustomization="0" keepfieldsonly="0" keepfieldsproperties="0" keepnewcontroloptions="0" migrationversion="4" name="P2P - Exchange rate__" needvalidation="1" ootofilter="" ootoversion="0" originalProcessID="LHBO176036" ownerid="cn=admin_p2p@paragon-cc.fr,ou=DEV,ou=TrainingP2P,ou=DEMO_JULIEN,ou=05284299,ou=ESK,s=eoo" ownerpb="OnDemand AddressBook" public="1" pushnotification="0" reuseengine="0" sprintversion="5.261.0" transportname="CustomTable" upgradable="1" userid="0" version="1" visibility="0">
  <properties>
    <dbIndex>
      <AUTO_AAEW552000SG7A>&lt;Index&gt;&lt;Ref Name="AAEW552000SG7" Option="ASC"/&gt;&lt;/Index&gt;</AUTO_AAEW552000SG7A>
      <AUTO_AZDW552000SG7A>&lt;Index&gt;&lt;Ref Name="AZDW552000SG7" Option="ASC"/&gt;&lt;/Index&gt;</AUTO_AZDW552000SG7A>
    </dbIndex>
    <gdr>
    </gdr>
    <lg>
      <process_de>{
	"_Document data": "Dokumentdaten",
	"Company code": "Buchungskreis",
	"Currency from": "Währung (von)",
	"P2P - Exchange rate": "P2P - Währungen",
	"P2P - Exchange rate__": "P2P - Währungen",
	"Rate": "Wechselkurs",
	"Ratio from": "Faktor (von)",
	"Ratio to": "Faktor (nach)",
	"_CompanyAddress": "Firmenandresse",
	"_CompanyAddressFormated": "Adressvorschau",
	"_CompanyInfo": "Firmeninformationen",
	"_DefaultConfiguration": "Standard-Konfiguration",
	"_DefaultConfiguration_report": "Standard-Konfiguration",
	"_DefaultExpenseReportType": "Standard-Ausgabenberichtstyp",
	"_DefaultExpenseReportType_report": "Standard-Ausgabenberichtstyp",
	"_DeliveryAddressID": "ID der Standardlieferadresse",
	"_DeliveryAddressID_report": "ID der Standardlieferadresse",
	"_DeterminationKeyword": "Schlüsselwörter für automatische Buchungskreisermittlung",
	"_DeterminationKeyword_report": "Schlüsselwörter für automatische Buchungskreisermittlung",
	"_ERP": "ERP",
	"_errorExistingCompanyCode": "Dieser Buchungskreis ist bereits in der Tabelle enthalten.",
	"_PurchasingGroup": "Einkäufergruppe",
	"_PurchasingGroup_report": "Einkäufergruppe",
	"_PurchasingOrganization": "Einkaufsorganisation",
	"_PurchasingOrganization_report": "Einkaufsorganisation",
	"_Sub": "Gebäude, Industriegebiet, Dienst...",
	"_Sub report": "Gebäude, Industriegebiet, Dienst...",
	"_WorkingDays": "Werktage",
	"_WorkingDays_report": "Werktage",
	"City": "Ort",
	"Company name": "Firmenname",
	"Contact email": "E-Mail-Adresse",
	"Country": "Ländercode",
	"Currency": "Währung",
	"Fax number": "Faxnummer",
	"P2P - Company codes": "Buchungskreis",
	"P2P - Company codes__": "Buchungskreis",
	"Phone number": "Telefonnummer",
	"Postal code": "PLZ",
	"PostOfficeBox": "Ort oder Postfach",
	"PurchasingCompanycodes": "P2P - Buchungskreise",
	"Region": "Bundesland/Region",
	"SIRET": "Steuernummer",
	"Street": "Straße",
	"VAT number": "Umsatzsteuernummer"
}</process_de>
      <process_JA>{
	"_Document data": "文書データ",
	"Company code": "会社コード",
	"Currency from": "基準通貨",
	"P2P - Exchange rate": "P2P - 通貨",
	"P2P - Exchange rate__": "P2P - 通貨",
	"Rate": "換算レート",
	"Ratio from": "係数（開始）",
	"Ratio to": "係数（終了）",
	"_CompanyAddress": "会社住所",
	"_CompanyAddressFormated": "住所プレビュー",
	"_CompanyInfo": "会社情報",
	"_DefaultConfiguration": "既定の設定",
	"_DefaultConfiguration_report": "既定の設定",
	"_DefaultExpenseReportType": "既定の費用レポート種別",
	"_DefaultExpenseReportType_report": "既定の費用レポート種別",
	"_DeliveryAddressID": "既定の納品先住所ID",
	"_DeliveryAddressID_report": "既定の納品先住所ID",
	"_DeterminationKeyword": "自動決定用キーワード",
	"_DeterminationKeyword_report": "自動決定用キーワード",
	"_ERP": "ERP",
	"_errorExistingCompanyCode": "この会社カードはテーブルに存在します",
	"_PurchasingGroup": "購買グループ",
	"_PurchasingGroup_report": "購買グループ",
	"_PurchasingOrganization": "購買組織",
	"_PurchasingOrganization_report": "購買組織",
	"_Sub": "建物、IA、サービス...",
	"_Sub report": "建物、IA、サービス...",
	"_WorkingDays": "営業日",
	"_WorkingDays_report": "営業日",
	"City": "市区町村",
	"Company name": "会社名",
	"Contact email": "電子メール",
	"Country": "国コード",
	"Currency": "通貨",
	"Fax number": "Fax番号",
	"P2P - Company codes": "会社コード",
	"P2P - Company codes__": "会社コード",
	"Phone number": "電話番号",
	"Postal code": "郵便番号",
	"PostOfficeBox": "私書箱",
	"PurchasingCompanycodes": "P2P - 会社コード",
	"Region": "都道府県/地域",
	"SIRET": "納税者識別番号",
	"Street": "番地",
	"VAT number": "付加価値税登録番号"
}</process_JA>
      <process_en>{
	"_Document data": "Document data",
	"Company code": "Company code",
	"Currency from": "Currency (from)",
	"P2P - Exchange rate": "P2P - Currencies",
	"P2P - Exchange rate__": "P2P - Currencies",
	"Rate": "Exchange rate",
	"Ratio from": "Factor (from)",
	"Ratio to": "Factor (to)",
	"_CompanyAddress": "Company Address",
	"_CompanyAddressFormated": "Address preview",
	"_CompanyInfo": "Company Information",
	"_DefaultConfiguration": "Default configuration",
	"_DefaultConfiguration_report": "Default configuration",
	"_DefaultExpenseReportType": "Default expense report type",
	"_DefaultExpenseReportType_report": "Default expense report type",
	"_DeliveryAddressID": "ID of default delivery address",
	"_DeliveryAddressID_report": "ID of default delivery address",
	"_DeterminationKeyword": "Keywords used for automatic determination",
	"_DeterminationKeyword_report": "Keywords used for automatic determination",
	"_ERP": "ERP",
	"_errorExistingCompanyCode": "This company code already exists in the table",
	"_PurchasingGroup": "Purchasing group",
	"_PurchasingGroup_report": "Purchasing group",
	"_PurchasingOrganization": "Purchasing organization",
	"_PurchasingOrganization_report": "Purchasing organization",
	"_Sub": "Building, IA, Service...",
	"_Sub report": "Building, IA, Service...",
	"_WorkingDays": "Working days",
	"_WorkingDays_report": "Working days",
	"City": "City",
	"Company name": "Company name",
	"Contact email": "Email",
	"Country": "Country code",
	"Currency": "Currency",
	"Fax number": "Fax number",
	"P2P - Company codes": "Company code",
	"P2P - Company codes__": "Company code",
	"Phone number": "Phone number",
	"Postal code": "Postal code",
	"PostOfficeBox": "Locality or P.O. Box",
	"PurchasingCompanycodes": "P2P - Company codes",
	"Region": "State/Region",
	"SIRET": "Tax identification number",
	"Street": "Street",
	"VAT number": "VAT number"
}</process_en>
      <process_es>{
	"_Document data": "Datos del documento",
	"Company code": "Código de empresa",
	"Currency from": "Divisa (de)",
	"P2P - Exchange rate": "P2P - Divisas",
	"P2P - Exchange rate__": "P2P - Divisas",
	"Rate": "Tipo de cambio",
	"Ratio from": "Factor (de)",
	"Ratio to": "Factor (a)",
	"_CompanyAddress": "Dirección de la empresa",
	"_CompanyAddressFormated": "Vista previa de la dirección",
	"_CompanyInfo": "Información de la empresa",
	"_DefaultConfiguration": "Configuración predeterminada",
	"_DefaultConfiguration_report": "Configuración predeterminada",
	"_DefaultExpenseReportType": "Tipo de informe de gastos predeterminado",
	"_DefaultExpenseReportType_report": "Tipo de informe de gastos predeterminado",
	"_DeliveryAddressID": "ID de dirección de entrega predeterminada",
	"_DeliveryAddressID_report": "ID de dirección de entrega predeterminada",
	"_DeterminationKeyword": "Palabras clave usadas para la determinación automática",
	"_DeterminationKeyword_report": "Palabras clave usadas para la determinación automática",
	"_ERP": "ERP",
	"_errorExistingCompanyCode": "Este código de empresa ya existe en la tabla",
	"_PurchasingGroup": "Grupo de compras",
	"_PurchasingGroup_report": "Grupo de compras",
	"_PurchasingOrganization": "Organización de compras",
	"_PurchasingOrganization_report": "Organización de compras",
	"_Sub": "Edificio, P.I., Servicio...",
	"_Sub report": "Edificio, P.I., Servicio...",
	"_WorkingDays": "Días laborables",
	"_WorkingDays_report": "Días laborables",
	"City": "Ciudad",
	"Company name": "Nombre de la empresa",
	"Contact email": "Dirección de e-mail",
	"Country": "Código de país",
	"Currency": "Divisa",
	"Fax number": "Número de fax",
	"P2P - Company codes": "Código de empresa",
	"P2P - Company codes__": "Código de empresa",
	"Phone number": "Número de teléfono",
	"Postal code": "Código postal",
	"PostOfficeBox": "Localidad o apartado postal",
	"PurchasingCompanycodes": "P2P - Códigos de empresa",
	"Region": "Estado/Provincia",
	"SIRET": "N° ident. fiscal",
	"Street": "Calle",
	"VAT number": "Nº de IVA"
}</process_es>
      <process_fr>{
	"_Document data": "Données du document",
	"Company code": "Code société",
	"Currency from": "Devise (de)",
	"P2P - Exchange rate": "P2P - Devises",
	"P2P - Exchange rate__": "P2P - Devises",
	"Rate": "Taux de change",
	"Ratio from": "Facteur (de)",
	"Ratio to": "Facteur (vers)",
	"_CompanyAddress": "Adresse de la société",
	"_CompanyAddressFormated": "Aperçu de l'adresse",
	"_CompanyInfo": "Informations sur la société",
	"_DefaultConfiguration": "Configuration par défaut",
	"_DefaultConfiguration_report": "Configuration par défaut",
	"_DefaultExpenseReportType": "Type de note de frais par défaut",
	"_DefaultExpenseReportType_report": "Type de note de frais par défaut",
	"_DeliveryAddressID": "Identifiant de l'adresse de livraison par défaut",
	"_DeliveryAddressID_report": "Identifiant de l'adresse de livraison par défaut",
	"_DeterminationKeyword": "Mots-clés utilisés pour la détermination automatique",
	"_DeterminationKeyword_report": "Mots-clés utilisés pour la détermination automatique",
	"_ERP": "ERP",
	"_errorExistingCompanyCode": "Ce code société existe déjà dans la table",
	"_PurchasingGroup": "Groupe d'acheteurs",
	"_PurchasingGroup_report": "Groupe d'acheteurs",
	"_PurchasingOrganization": "Organisation d'achats",
	"_PurchasingOrganization_report": "Organisation d'achats",
	"_Sub": "Bâtiment, ZI, Service...",
	"_Sub report": "Bâtiment, ZI, Service...",
	"_WorkingDays": "Jours ouvrés",
	"_WorkingDays_report": "Jours ouvrés",
	"City": "Ville",
	"Company name": "Nom de la société",
	"Contact email": "Adresse e-mail",
	"Country": "Code pays",
	"Currency": "Devise",
	"Fax number": "Numéro de fax",
	"P2P - Company codes": "Code société",
	"P2P - Company codes__": "Code société",
	"Phone number": "Numéro de téléphone",
	"Postal code": "Code postal",
	"PostOfficeBox": "Lieu-dit ou boîte postale",
	"PurchasingCompanycodes": "P2P - Codes société",
	"Region": "État/Région",
	"SIRET": "SIRET",
	"Street": "Rue",
	"VAT number": "Numéro de TVA"
}</process_fr>
      <process_nl-NL>{
	"_Document data": "Documentgegevens",
	"Company code": "Bedrijfscode",
	"Currency from": "Valuta (van)",
	"P2P - Exchange rate": "P2P - Valuta’s",
	"P2P - Exchange rate__": "P2P - Valuta’s",
	"Rate": "Wisselkoers",
	"Ratio from": "Factor (van)",
	"Ratio to": "Factor (tot)",
	"_CompanyAddress": "Adres bedrijf",
	"_CompanyAddressFormated": "Voorbeeldweergave adres",
	"_CompanyInfo": "Informatie bedrijf",
	"_DefaultConfiguration": "Standaardconfiguratie",
	"_DefaultConfiguration_report": "Standaardconfiguratie",
	"_DefaultExpenseReportType": "Standaardtype uitgavenstaat",
	"_DefaultExpenseReportType_report": "Standaardtype uitgavenstaat",
	"_DeliveryAddressID": "ID van standaard leveringsadres",
	"_DeliveryAddressID_report": "ID van standaard leveringsadres",
	"_DeterminationKeyword": "Trefwoorden gebruikt voor automatische bepaling",
	"_DeterminationKeyword_report": "Trefwoorden gebruikt voor automatische bepaling",
	"_ERP": "ERP",
	"_errorExistingCompanyCode": "Deze bedrijfscode bestaat al in de tabel",
	"_PurchasingGroup": "Inkoopgroep",
	"_PurchasingGroup_report": "Inkoopgroep",
	"_PurchasingOrganization": "Inkooporganisatie",
	"_PurchasingOrganization_report": "Inkooporganisatie",
	"_Sub": "Gebouw, IZ, service",
	"_Sub report": "Gebouw, IZ, service",
	"_WorkingDays": "Werkdagen",
	"_WorkingDays_report": "Werkdagen",
	"City": "Stad",
	"Company name": "Bedrijfsnaam",
	"Contact email": "E-mail",
	"Country": "Landcode",
	"Currency": "Valuta",
	"Fax number": "Faxnummer",
	"P2P - Company codes": "Bedrijfscode",
	"P2P - Company codes__": "Bedrijfscode",
	"Phone number": "Telefoonnummer",
	"Postal code": "Postcode",
	"PostOfficeBox": "Locatie of postbus",
	"PurchasingCompanycodes": "P2P - Bedrijfscodes",
	"Region": "Staat/Regio",
	"SIRET": "Belastingnummer",
	"Street": "Straat",
	"VAT number": "Btw-nummer"
}</process_nl-NL>
      <process_it>{
	"_Document data": "Dati documento",
	"Company code": "Codice società",
	"Currency from": "Valuta (da)",
	"P2P - Exchange rate": "P2P - Valute",
	"P2P - Exchange rate__": "P2P - Valute",
	"Rate": "Tasso di cambio",
	"Ratio from": "Fattore (da)",
	"Ratio to": "Fattore (a)",
	"_CompanyAddress": "Indirizzo società",
	"_CompanyAddressFormated": "Anteprima indirizzo",
	"_CompanyInfo": "Informazioni società",
	"_DefaultConfiguration": "Configurazione predefinita",
	"_DefaultConfiguration_report": "Configurazione predefinita",
	"_DefaultExpenseReportType": "Tipo di nota spese predefinito",
	"_DefaultExpenseReportType_report": "Tipo di nota spese predefinito",
	"_DeliveryAddressID": "ID indirizzo di spedizione predefinito",
	"_DeliveryAddressID_report": "ID indirizzo di spedizione predefinito",
	"_DeterminationKeyword": "Parole chiave per la determinazione automatica del codice società",
	"_DeterminationKeyword_report": "Parole chiave per la determinazione automatica del codice società",
	"_ERP": "ERP",
	"_errorExistingCompanyCode": "Questo codice società esiste già nella tabella",
	"_PurchasingGroup": "Gruppo acquisti",
	"_PurchasingGroup_report": "Gruppo acquisti",
	"_PurchasingOrganization": "Organizzazione acquisti",
	"_PurchasingOrganization_report": "Organizzazione acquisti",
	"_Sub": "Edificio, ZI, Servizio...",
	"_Sub report": "Edificio, ZI, Servizio...",
	"_WorkingDays": "Giorni lavorativi",
	"_WorkingDays_report": "Giorni lavorativi",
	"City": "Città",
	"Company name": "Nome società",
	"Contact email": "Indirizzo e-mail",
	"Country": "Codice paese",
	"Currency": "Valuta",
	"Fax number": "Numero fax",
	"P2P - Company codes": "Codice società",
	"P2P - Company codes__": "Codice società",
	"Phone number": "Numero di telefono",
	"Postal code": "CAP",
	"PostOfficeBox": "Località o casella postale",
	"PurchasingCompanycodes": "P2P - Codici società",
	"Region": "Stato/Regione",
	"SIRET": "Codice di identificazione fiscale",
	"Street": "Via",
	"VAT number": "Partita IVA"
}</process_it>
      <process_zh-CN>{
	"_Document data": "文档数据",
	"Company code": "公司代码",
	"Currency from": "源货币",
	"P2P - Exchange rate": "采购到支付 - 货币",
	"P2P - Exchange rate__": "采购到支付 - 货币",
	"Rate": "汇率",
	"Ratio from": "汇率系数（入）",
	"Ratio to": "汇率系数（出）",
	"_CompanyAddress": "公司地址",
	"_CompanyAddressFormated": "地址预览",
	"_CompanyInfo": "公司信息",
	"_DefaultConfiguration": "默认配置",
	"_DefaultConfiguration_report": "默认配置",
	"_DefaultExpenseReportType": "默认费用报销单类型",
	"_DefaultExpenseReportType_report": "默认费用报销单类型",
	"_DeliveryAddressID": "默认交付地址的ID",
	"_DeliveryAddressID_report": "默认交付地址的ID",
	"_DeterminationKeyword": "自动决定使用的关键字",
	"_DeterminationKeyword_report": "自动决定使用的关键字",
	"_ERP": "ERP",
	"_errorExistingCompanyCode": "此公司代码已存在于表中",
	"_PurchasingGroup": "采购组",
	"_PurchasingGroup_report": "采购组",
	"_PurchasingOrganization": "采购组织",
	"_PurchasingOrganization_report": "采购组织",
	"_Sub": "楼号、工业区、部门……",
	"_Sub report": "楼号、工业区、部门……",
	"_WorkingDays": "工作日",
	"_WorkingDays_report": "工作日",
	"City": "城市",
	"Company name": "公司名",
	"Contact email": "电子邮件",
	"Country": "国家/地区代码",
	"Currency": "货币",
	"Fax number": "传真号码",
	"P2P - Company codes": "公司代码",
	"P2P - Company codes__": "公司代码",
	"Phone number": "电话号码",
	"Postal code": "邮政编码",
	"PostOfficeBox": "地点或邮政信箱",
	"PurchasingCompanycodes": "采购到支付 - 公司代码",
	"Region": "州/省/大区",
	"SIRET": "税务识别号",
	"Street": "街道地址",
	"VAT number": "增值税号(VAT)"
}</process_zh-CN>
      <process_pt-BR>{
	"_Document data": "Informação de documento",
	"Company code": "Código da empresa",
	"Currency from": "Moeda (de)",
	"P2P - Exchange rate": "P2P - Moedas",
	"P2P - Exchange rate__": "P2P - Moedas",
	"Rate": "Taxa de câmbio",
	"Ratio from": "Fator (de)",
	"Ratio to": "Fator (para)",
	"_CompanyAddress": "Endereço da empresa",
	"_CompanyAddressFormated": "Visualização do endereço",
	"_CompanyInfo": "Informações sobre a empresa",
	"_DefaultConfiguration": "Configuração padrão",
	"_DefaultConfiguration_report": "Configuração padrão",
	"_DefaultExpenseReportType": "Tipo de relatório de despesas padrão",
	"_DefaultExpenseReportType_report": "Tipo de relatório de despesas padrão",
	"_DeliveryAddressID": "ID do endereço de entrega padrão",
	"_DeliveryAddressID_report": "ID do endereço de entrega padrão",
	"_DeterminationKeyword": "Palavras-chave usadas para determinação automática",
	"_DeterminationKeyword_report": "Palavras-chave usadas para determinação automática",
	"_ERP": "ERP",
	"_errorExistingCompanyCode": "Essa empresa já existe na tabela",
	"_PurchasingGroup": "Grupo de compras",
	"_PurchasingGroup_report": "Grupo de compras",
	"_PurchasingOrganization": "Organização de compras",
	"_PurchasingOrganization_report": "Organização de compras",
	"_Sub": "Edifício, IA, Serviço...",
	"_Sub report": "Edifício, IA, Serviço...",
	"_WorkingDays": "Dias úteis",
	"_WorkingDays_report": "Dias úteis",
	"City": "Cidade",
	"Company name": "Nome da empresa",
	"Contact email": "E-mail",
	"Country": "Código do país",
	"Currency": "Moeda",
	"Fax number": "Número de fax",
	"P2P - Company codes": "Código da empresa",
	"P2P - Company codes__": "Código da empresa",
	"Phone number": "Número de telefone",
	"Postal code": "Código postal",
	"PostOfficeBox": "Localidade ou apartado",
	"PurchasingCompanycodes": "P2P - Códigos da empresa",
	"Region": "Estado/Região",
	"SIRET": "Número de identificação fiscal",
	"Street": "Rua",
	"VAT number": "Número de IVA"
}</process_pt-BR>
    </lg>
    <process>
      <BUColumn>CompanyCode__</BUColumn>
      <flowtype>processing</flowtype>
      <homepagelabel>P2P - Exchange rate</homepagelabel>
      <upgradable>yes</upgradable>
      <instanciable>1</instanciable>
      <OverrideAllowedAttachmentExtensions>*</OverrideAllowedAttachmentExtensions>
      <lgpathtomerge>lg</lgpathtomerge>
      <lgpathtomerge>..\table - PurchasingCompanycodes\lg</lgpathtomerge>
      <AllowUploadAttachment>0</AllowUploadAttachment>
      <AllowUploadReferenceDocument>0</AllowUploadReferenceDocument>
      <shouldRollbackManualRecordEdits>true</shouldRollbackManualRecordEdits>
      <UseCultureFormat>true</UseCultureFormat>
      <TransportName>CustomTable</TransportName>
      <LayoutVersion>1.0</LayoutVersion>
    </process>
    <ui>
      <layout>{
	"*": {
		"Screen": {
			"type": "FlexibleFormLayout",
			"options": {
				"splitterType": "simple-v",
				"version": 0,
				"processHelpId": "5088"
			},
			"*": {
				"form-header": {
					"type": "FlexibleFormHeader",
					"options": {
						"hidePanelsMenu": false,
						"version": 0
					},
					"stamp": 2,
					"data": []
				},
				"form-center": {
					"type": "FlexibleFormCenter",
					"options": {
						"version": 0
					},
					"*": {
						"form-content": {
							"type": "FlexibleFormContent",
							"options": {
								"version": 0
							},
							"*": {
								"form-content-center": {
									"type": "FlexibleFormSplitter",
									"options": {
										"version": 1,
										"box": {
											"top": "0%",
											"left": "0%",
											"width": "100%"
										},
										"hidden": false
									},
									"*": {
										"form-content-center-1": {
											"type": "FlexibleFormLine",
											"data": [],
											"options": {
												"version": 0
											},
											"stamp": 9,
											"*": {
												"DataPanel": {
													"type": "PanelData",
													"options": {
														"border": {},
														"version": 0,
														"labelLength": 0,
														"iconURL": "",
														"TitleFontSize": "S",
														"hideActionButtons": false,
														"hideTitleBar": false,
														"backgroundcolor": "default",
														"labelsAlignment": "right",
														"label": "_Document data"
													},
													"*": {
														"FieldsManager": {
															"type": "FieldsManager",
															"options": {
																"controlsAssociation": {
																	"CompanyCode__": "LabelCompany_code__",
																	"LabelCompany_code__": "CompanyCode__",
																	"RatioFrom__": "LabelRatio_from__",
																	"LabelRatio_from__": "RatioFrom__",
																	"RatioTo__": "LabelRatio_to__",
																	"LabelRatio_to__": "RatioTo__",
																	"Rate__": "LabelRate__",
																	"LabelRate__": "Rate__",
																	"CurrencyFrom__": "LabelCurrency_from__",
																	"LabelCurrency_from__": "CurrencyFrom__"
																},
																"version": 0
															},
															"*": {
																"Grid": {
																	"type": "GridLayout",
																	"options": {
																		"lines": 5,
																		"columns": 2,
																		"version": 0,
																		"ctrlsPos": {
																			"CompanyCode__": {
																				"line": 1,
																				"column": 2
																			},
																			"LabelCompany_code__": {
																				"line": 1,
																				"column": 1
																			},
																			"RatioFrom__": {
																				"line": 3,
																				"column": 2
																			},
																			"LabelRatio_from__": {
																				"line": 3,
																				"column": 1
																			},
																			"RatioTo__": {
																				"line": 4,
																				"column": 2
																			},
																			"LabelRatio_to__": {
																				"line": 4,
																				"column": 1
																			},
																			"Rate__": {
																				"line": 5,
																				"column": 2
																			},
																			"LabelRate__": {
																				"line": 5,
																				"column": 1
																			},
																			"CurrencyFrom__": {
																				"line": 2,
																				"column": 2
																			},
																			"LabelCurrency_from__": {
																				"line": 2,
																				"column": 1
																			}
																		},
																		"colspans": [
																			[],
																			[],
																			[],
																			[],
																			[]
																		]
																	},
																	"data": [
																		"fields"
																	],
																	"*": {
																		"LabelCompany_code__": {
																			"type": "Label",
																			"data": [
																				"Select_from_a_table__"
																			],
																			"options": {
																				"label": "Company code",
																				"version": 0
																			},
																			"stamp": 16
																		},
																		"CompanyCode__": {
																			"type": "DatabaseComboBox",
																			"data": [
																				"CompanyCode__"
																			],
																			"options": {
																				"browsable": true,
																				"label": "Company code",
																				"activable": true,
																				"width": 230,
																				"PreFillFTS": true,
																				"fTSmaxRecords": "20",
																				"version": 0,
																				"helpURL": "5088",
																				"helpText": "",
																				"helpFormat": "HTML Format",
																				"helpIconPosition": "Right"
																			},
																			"stamp": 17
																		},
																		"LabelCurrency_from__": {
																			"type": "Label",
																			"data": [
																				"CurrencyFrom__"
																			],
																			"options": {
																				"label": "Currency from",
																				"version": 0
																			},
																			"stamp": 18
																		},
																		"CurrencyFrom__": {
																			"type": "ShortText",
																			"data": [
																				"CurrencyFrom__"
																			],
																			"options": {
																				"textSize": "S",
																				"textAlignment": "left",
																				"textStyle": "default",
																				"textColor": "default",
																				"label": "Currency from",
																				"activable": true,
																				"width": 230,
																				"browsable": false,
																				"version": 0
																			},
																			"stamp": 19
																		},
																		"LabelRatio_from__": {
																			"type": "Label",
																			"data": [
																				"RatioFrom__"
																			],
																			"options": {
																				"label": "Ratio from",
																				"version": 0
																			},
																			"stamp": 24
																		},
																		"RatioFrom__": {
																			"type": "Integer",
																			"data": [
																				"RatioFrom__"
																			],
																			"options": {
																				"version": 1,
																				"textSize": "S",
																				"textAlignment": "right",
																				"textStyle": "default",
																				"textColor": "default",
																				"integer": true,
																				"label": "Ratio from",
																				"precision_internal": 0,
																				"activable": true,
																				"width": 230
																			},
																			"stamp": 25
																		},
																		"LabelRatio_to__": {
																			"type": "Label",
																			"data": [
																				"RatioTo__"
																			],
																			"options": {
																				"label": "Ratio to",
																				"version": 0
																			},
																			"stamp": 26
																		},
																		"RatioTo__": {
																			"type": "Integer",
																			"data": [
																				"RatioTo__"
																			],
																			"options": {
																				"version": 1,
																				"textSize": "S",
																				"textAlignment": "right",
																				"textStyle": "default",
																				"textColor": "default",
																				"integer": true,
																				"label": "Ratio to",
																				"precision_internal": 0,
																				"activable": true,
																				"width": 230
																			},
																			"stamp": 27
																		},
																		"LabelRate__": {
																			"type": "Label",
																			"data": [
																				"Rate__"
																			],
																			"options": {
																				"label": "Rate",
																				"version": 0
																			},
																			"stamp": 28
																		},
																		"Rate__": {
																			"type": "Decimal",
																			"data": [
																				"Rate__"
																			],
																			"options": {
																				"version": 1,
																				"textSize": "S",
																				"textAlignment": "right",
																				"textStyle": "default",
																				"textColor": "default",
																				"integer": false,
																				"label": "Rate",
																				"precision_internal": 5,
																				"activable": true,
																				"width": 230
																			},
																			"stamp": 29
																		}
																	},
																	"stamp": 8
																}
															},
															"stamp": 7,
															"data": []
														}
													},
													"stamp": 6,
													"data": []
												}
											}
										}
									},
									"stamp": 5,
									"data": []
								}
							},
							"stamp": 4,
							"data": []
						}
					},
					"stamp": 3,
					"data": []
				},
				"form-footer": {
					"type": "FlexibleFormFooter",
					"options": {
						"splitterType": "simple-h",
						"version": 0
					},
					"*": {
						"Save": {
							"type": "SubmitButton",
							"options": {
								"label": "_Save",
								"action": "savequit",
								"submit": true,
								"version": 0
							},
							"stamp": 11,
							"data": []
						},
						"Close": {
							"type": "SubmitButton",
							"options": {
								"label": "_Close",
								"action": "cancel",
								"submit": true,
								"version": 0
							},
							"stamp": 12,
							"data": []
						},
						"Delete": {
							"type": "SubmitButton",
							"options": {
								"label": "_Delete",
								"action": "delete",
								"submit": true,
								"version": 0,
								"disabled": true
							},
							"stamp": 13,
							"data": []
						}
					},
					"stamp": 10,
					"data": []
				}
			},
			"stamp": 1,
			"data": []
		}
	},
	"stamps": 29,
	"data": []
}</layout>
    </ui>
  </properties>
  <field deleted="0" format="" guid="PHQG176037" id="ZDW552000SG7" label="Company code" length="50" name="CompanyCode__" originalProcessID="LHBO176036" precision="0" processid="YDW552000SG7" submitable="1" type="STR">
    <properties>
      <db>
        <alias>AZDW552000SG7</alias>
        <index vartype="INT">1</index>
        <noxml>1</noxml>
        <fullname>/job/processfields/CompanyCode__</fullname>
        <jointable>PurchasingCompanycodes__</jointable>
        <jointableid>CT#ECW552000SG7</jointableid>
        <defaultvalue>
        </defaultvalue>
        <joincondition>(source.CompanyCode__=dest.CompanyCode__)</joincondition>
        <RecordLastWrite>2015-01-09 11:05:39</RecordLastWrite>
      </db>
      <extrainfo>
        <Label>Company code</Label>
        <Alias>AZDW552000SG7</Alias>
        <ProcessFieldVersion vartype="INT">1</ProcessFieldVersion>
      </extrainfo>
      <field>
        <Editable>false</Editable>
        <TableName>CT#ECW552000SG7</TableName>
        <SortOrder>ASC</SortOrder>
        <DisplayedColumns>CompanyCode__|CompanyName__</DisplayedColumns>
        <DisplayedColumnsIds>
        </DisplayedColumnsIds>
        <SavedColumn>CompanyCode__</SavedColumn>
        <SavedColumnId>HUME134563</SavedColumnId>
        <ProcessName>PurchasingCompanycodes__</ProcessName>
        <CustomFilter>
        </CustomFilter>
      </field>
      <help>
        <helpData>{"helpText":"","helpURL":"5088","helpFormat":"HTML Format"}</helpData>
      </help>
      <ui>
        <_type>String</_type>
        <automatic>true</automatic>
      </ui>
    </properties>
  </field>
  <field deleted="0" format="" guid="FIRC176041" id="AEW552000SG7" label="Currency from" length="50" name="CurrencyFrom__" originalProcessID="LHBO176036" precision="0" processid="YDW552000SG7" submitable="1" type="STR">
    <properties>
      <db>
        <alias>AAEW552000SG7</alias>
        <index vartype="INT">1</index>
        <noxml>1</noxml>
        <fullname>/job/processfields/CurrencyFrom__</fullname>
        <defaultvalue>
        </defaultvalue>
        <RecordLastWrite>2015-01-09 11:05:39</RecordLastWrite>
      </db>
      <extrainfo>
        <Label>Currency from</Label>
        <Alias>AAEW552000SG7</Alias>
        <ProcessFieldVersion vartype="INT">1</ProcessFieldVersion>
      </extrainfo>
      <gdr>
        <VarType>Area</VarType>
      </gdr>
      <ui>
        <_type>String</_type>
        <automatic>true</automatic>
      </ui>
    </properties>
  </field>
  <field deleted="0" format="" guid="LFDX176040" id="BEW552000SG7" label="Rate" length="17" name="Rate__" originalProcessID="LHBO176036" precision="5" processid="YDW552000SG7" submitable="1" type="DECIMAL">
    <properties>
      <db>
        <alias>ABEW552000SG7</alias>
        <noxml>1</noxml>
        <fullname>/job/processfields/Rate__</fullname>
        <defaultvalue>
        </defaultvalue>
        <RecordLastWrite>2015-01-09 11:05:39</RecordLastWrite>
      </db>
      <extrainfo>
        <Label>Rate</Label>
        <Alias>ABEW552000SG7</Alias>
        <DecimalPrecision vartype="INT">5</DecimalPrecision>
        <ProcessFieldVersion vartype="INT">1</ProcessFieldVersion>
      </extrainfo>
      <gdr>
        <VarType>Area</VarType>
      </gdr>
      <ui>
        <_type>Number</_type>
        <automatic>true</automatic>
      </ui>
    </properties>
  </field>
  <field deleted="0" format="" guid="HUME176038" id="CEW552000SG7" label="Ratio from" length="0" name="RatioFrom__" originalProcessID="LHBO176036" precision="0" processid="YDW552000SG7" submitable="1" type="INT">
    <properties>
      <db>
        <alias>ACEW552000SG7</alias>
        <noxml>1</noxml>
        <fullname>/job/processfields/RatioFrom__</fullname>
        <defaultvalue>
        </defaultvalue>
        <RecordLastWrite>2015-01-09 11:05:39</RecordLastWrite>
      </db>
      <extrainfo>
        <Label>Ratio from</Label>
        <Alias>ACEW552000SG7</Alias>
        <ProcessFieldVersion vartype="INT">1</ProcessFieldVersion>
      </extrainfo>
      <gdr>
        <VarType>Area</VarType>
      </gdr>
      <ui>
        <_type>Number</_type>
        <automatic>true</automatic>
      </ui>
    </properties>
  </field>
  <field deleted="0" format="" guid="AYLN176039" id="DEW552000SG7" label="Ratio to" length="0" name="RatioTo__" originalProcessID="LHBO176036" precision="0" processid="YDW552000SG7" submitable="1" type="INT">
    <properties>
      <db>
        <alias>ADEW552000SG7</alias>
        <noxml>1</noxml>
        <fullname>/job/processfields/RatioTo__</fullname>
        <defaultvalue>
        </defaultvalue>
        <RecordLastWrite>2015-01-09 11:05:39</RecordLastWrite>
      </db>
      <extrainfo>
        <Label>Ratio to</Label>
        <Alias>ADEW552000SG7</Alias>
        <ProcessFieldVersion vartype="INT">1</ProcessFieldVersion>
      </extrainfo>
      <gdr>
        <VarType>Area</VarType>
      </gdr>
      <ui>
        <_type>Number</_type>
        <automatic>true</automatic>
      </ui>
    </properties>
  </field>
  <type id="JLLP13130F1" name="CT">
  </type>
</process>