﻿<?xml version="1.0" encoding="UTF-8" standalone="no"?>
<process accountid="20063076" allowrepairprocess="0" builtin="0" builtinversion="0" carriesapplicationversion="0" creationdatetime="2022-10-25 17:06:30" deleted="0" eskerapplication="" global="0" id="GAZ552000SG7" keepcustomization="0" keepfieldsonly="0" keepfieldsproperties="0" keepnewcontroloptions="0" migrationversion="4" name="P2P - UnitOfMeasure__" needvalidation="0" ootofilter="" ootoversion="1" originalProcessID="XX62FP000FSX" ownerid="cn=admin_p2p@paragon-cc.fr,ou=DEV,ou=TrainingP2P,ou=DEMO_JULIEN,ou=05284299,ou=ESK,s=eoo" ownerpb="OnDemand AddressBook" public="1" pushnotification="0" reuseengine="0" sprintversion="5.261.0" transportname="CustomTable" upgradable="1" userid="0" version="1" visibility="1">
  <properties>
    <gdr>
    </gdr>
    <lg>
      <process_DE>{
	"_CompanyCode": "Buchungskreis",
	"_CompanyCode_report": "Buchungskreis",
	"_Description": "Beschreibung",
	"_Description_report": "Beschreibung",
	"_IdentifierInERP": "ID im ERP-System",
	"_IdentifierInERP_report": "ID im ERP-System",
	"_UnitOfMeasure": "Maßeinheit",
	"_UnitOfMeasure_report": "Maßeinheit"
}</process_DE>
      <process_JA>{
	"_CompanyCode": "会社コード",
	"_CompanyCode_report": "会社コード",
	"_Description": "説明",
	"_Description_report": "説明",
	"_IdentifierInERP": "ERPの識別子",
	"_IdentifierInERP_report": "ERPの識別子",
	"_UnitOfMeasure": "計量単位",
	"_UnitOfMeasure_report": "計量単位"
}</process_JA>
      <process_en>{
	"_CompanyCode": "Company code",
	"_CompanyCode_report": "Company code",
	"_IdentifierInERP": "Identifier in ERP",
	"_IdentifierInERP_report": "Identifier in ERP",
	"_Description": "Description",
	"_Description_report": "Description",
	"_UnitOfMeasure": "Unit of measure",
	"_UnitOfMeasure_report": "Unit of measure"
}</process_en>
      <process_ES>{
	"_CompanyCode": "Código de empresa",
	"_CompanyCode_report": "Código de empresa",
	"_Description": "Descripción",
	"_Description_report": "Descripción",
	"_IdentifierInERP": "ID en el sistema ERP",
	"_IdentifierInERP_report": "ID en el sistema ERP",
	"_UnitOfMeasure": "Unidad de medida",
	"_UnitOfMeasure_report": "Unidad de medida"
}</process_ES>
      <process_FR>{
	"_CompanyCode": "Code société",
	"_CompanyCode_report": "Code société",
	"_Description": "Description",
	"_Description_report": "Description",
	"_IdentifierInERP": "Identifiant dans l'ERP",
	"_IdentifierInERP_report": "Identifiant dans l'ERP",
	"_UnitOfMeasure": "Unité de mesure",
	"_UnitOfMeasure_report": "Unité de mesure"
}</process_FR>
      <process_nl-NL>{
	"_CompanyCode": "Bedrijfscode",
	"_CompanyCode_report": "Bedrijfscode",
	"_Description": "Beschrijving",
	"_Description_report": "Beschrijving",
	"_IdentifierInERP": "Identificatie in ERP",
	"_IdentifierInERP_report": "Identificatie in ERP",
	"_UnitOfMeasure": "Maateenheid",
	"_UnitOfMeasure_report": "Maateenheid"
}</process_nl-NL>
      <process_IT>{
	"_CompanyCode": "Codice società",
	"_CompanyCode_report": "Codice società",
	"_Description": "Descrizione",
	"_Description_report": "Descrizione",
	"_IdentifierInERP": "ID nel sistema ERP",
	"_IdentifierInERP_report": "ID nel sistema ERP",
	"_UnitOfMeasure": "Unità di misura",
	"_UnitOfMeasure_report": "Unità di misura"
}</process_IT>
      <process_zh-CN>{
	"_CompanyCode": "公司代码",
	"_CompanyCode_report": "公司代码",
	"_Description": "名称/描述",
	"_Description_report": "名称/描述",
	"_IdentifierInERP": "ERP中的ID",
	"_IdentifierInERP_report": "ERP中的ID",
	"_UnitOfMeasure": "度量单位",
	"_UnitOfMeasure_report": "度量单位"
}</process_zh-CN>
      <process_pt-BR>{
	"_CompanyCode": "Código da empresa",
	"_CompanyCode_report": "Código da empresa",
	"_Description": "Descrição",
	"_Description_report": "Descrição",
	"_IdentifierInERP": "Identificador no ERP",
	"_IdentifierInERP_report": "Identificador no ERP",
	"_UnitOfMeasure": "Unidade de medida",
	"_UnitOfMeasure_report": "Unidade de medida"
}</process_pt-BR>
    </lg>
    <process>
      <BUColumn>CompanyCode__</BUColumn>
      <flowtype>processing</flowtype>
      <homepagelabel>_P2P - UnitOfMeasure</homepagelabel>
      <instanciable>1</instanciable>
      <enablerounddecimal>true</enablerounddecimal>
      <OverrideAllowedAttachmentExtensions>*</OverrideAllowedAttachmentExtensions>
      <UseActionNameWithScriptApproval>true</UseActionNameWithScriptApproval>
      <AllowUploadAttachment>0</AllowUploadAttachment>
      <AllowUploadReferenceDocument>0</AllowUploadReferenceDocument>
      <isImportedInDiffMode>
      </isImportedInDiffMode>
      <shouldRollbackManualRecordEdits>true</shouldRollbackManualRecordEdits>
      <UseCultureFormat>true</UseCultureFormat>
      <TransportName>CustomTable</TransportName>
      <LayoutVersion>1.0</LayoutVersion>
    </process>
    <ui>
      <layout>{
	"*": {
		"Screen": {
			"type": "FlexibleFormLayout",
			"options": {
				"splitterType": "simple-v",
				"version": 0,
				"processHelpId": "5103"
			},
			"*": {
				"form-header": {
					"type": "FlexibleFormHeader",
					"options": {
						"hidePanelsMenu": false,
						"version": 0
					},
					"stamp": 2,
					"data": []
				},
				"form-center": {
					"type": "FlexibleFormCenter",
					"options": {
						"version": 0
					},
					"*": {
						"form-content": {
							"type": "FlexibleFormContent",
							"options": {
								"version": 0
							},
							"*": {
								"form-content-center": {
									"type": "FlexibleFormSplitter",
									"options": {
										"version": 1,
										"box": {
											"top": "0%",
											"left": "0%",
											"width": "100%"
										},
										"hidden": false
									},
									"*": {
										"form-content-center-1": {
											"type": "FlexibleFormLine",
											"data": [],
											"options": {
												"version": 0
											},
											"stamp": 9,
											"*": {
												"DataPanel": {
													"type": "PanelData",
													"options": {
														"border": {},
														"version": 0,
														"labelLength": 0,
														"iconURL": "",
														"TitleFontSize": "S",
														"hideActionButtons": false,
														"hideTitleBar": false,
														"hideTitle": false,
														"backgroundcolor": "default",
														"labelsAlignment": "right",
														"label": "_Document data"
													},
													"*": {
														"FieldsManager": {
															"type": "FieldsManager",
															"options": {
																"controlsAssociation": {
																	"Description__": "LabelDescription__",
																	"LabelDescription__": "Description__",
																	"UnitOfMeasure__": "LabelUnitOfMeasure__",
																	"LabelUnitOfMeasure__": "UnitOfMeasure__",
																	"CompanyCode__": "LabelCompanyCode__",
																	"LabelCompanyCode__": "CompanyCode__",
																	"IdentifierInERP__": "LabelIdentifierInERP__",
																	"LabelIdentifierInERP__": "IdentifierInERP__"
																},
																"version": 0
															},
															"*": {
																"Grid": {
																	"type": "GridLayout",
																	"options": {
																		"lines": 4,
																		"columns": 2,
																		"version": 0,
																		"ctrlsPos": {
																			"Description__": {
																				"line": 3,
																				"column": 2
																			},
																			"LabelDescription__": {
																				"line": 3,
																				"column": 1
																			},
																			"UnitOfMeasure__": {
																				"line": 1,
																				"column": 2
																			},
																			"LabelUnitOfMeasure__": {
																				"line": 1,
																				"column": 1
																			},
																			"CompanyCode__": {
																				"line": 4,
																				"column": 2
																			},
																			"LabelCompanyCode__": {
																				"line": 4,
																				"column": 1
																			},
																			"IdentifierInERP__": {
																				"line": 2,
																				"column": 2
																			},
																			"LabelIdentifierInERP__": {
																				"line": 2,
																				"column": 1
																			}
																		},
																		"colspans": [
																			[],
																			[],
																			[],
																			[]
																		]
																	},
																	"data": [
																		"fields"
																	],
																	"*": {
																		"LabelUnitOfMeasure__": {
																			"type": "Label",
																			"data": [
																				"UnitOfMeasure__"
																			],
																			"options": {
																				"label": "_UnitOfMeasure",
																				"version": 0
																			},
																			"stamp": 14
																		},
																		"UnitOfMeasure__": {
																			"type": "ShortText",
																			"data": [
																				"UnitOfMeasure__"
																			],
																			"options": {
																				"textSize": "S",
																				"textAlignment": "left",
																				"textStyle": "default",
																				"textColor": "default",
																				"version": 1,
																				"label": "_UnitOfMeasure",
																				"activable": true,
																				"width": 230,
																				"helpText": "",
																				"helpURL": "",
																				"helpFormat": "HTML Format",
																				"browsable": false,
																				"length": 3
																			},
																			"stamp": 15
																		},
																		"LabelIdentifierInERP__": {
																			"type": "Label",
																			"data": [
																				"IdentifierInERP__"
																			],
																			"options": {
																				"label": "_IdentifierInERP"
																			},
																			"stamp": 20
																		},
																		"IdentifierInERP__": {
																			"type": "ShortText",
																			"data": [
																				"IdentifierInERP__"
																			],
																			"options": {
																				"textSize": "S",
																				"textAlignment": "left",
																				"textStyle": "default",
																				"textColor": "default",
																				"version": 1,
																				"label": "_IdentifierInERP",
																				"activable": true,
																				"width": 230
																			},
																			"stamp": 21
																		},
																		"LabelDescription__": {
																			"type": "Label",
																			"data": [
																				"Description__"
																			],
																			"options": {
																				"label": "_Description",
																				"version": 0
																			},
																			"stamp": 16
																		},
																		"Description__": {
																			"type": "ShortText",
																			"data": [
																				"Description__"
																			],
																			"options": {
																				"textSize": "S",
																				"textAlignment": "left",
																				"textStyle": "default",
																				"textColor": "default",
																				"version": 1,
																				"label": "_Description",
																				"activable": true,
																				"width": 230
																			},
																			"stamp": 17
																		},
																		"LabelCompanyCode__": {
																			"type": "Label",
																			"data": [
																				"CompanyCode__"
																			],
																			"options": {
																				"label": "_CompanyCode"
																			},
																			"stamp": 18
																		},
																		"CompanyCode__": {
																			"type": "DatabaseComboBox",
																			"data": [
																				"CompanyCode__"
																			],
																			"options": {
																				"version": 1,
																				"label": "_CompanyCode",
																				"activable": true,
																				"width": 230,
																				"helpText": "",
																				"helpURL": "",
																				"helpFormat": "HTML Format",
																				"minNbLines": 1,
																				"maxNbLines": 1,
																				"fTSmaxRecords": "20",
																				"browsable": true,
																				"PreFillFTS": true
																			},
																			"stamp": 19
																		}
																	},
																	"stamp": 8
																}
															},
															"stamp": 7,
															"data": []
														}
													},
													"stamp": 6,
													"data": []
												}
											}
										}
									},
									"stamp": 5,
									"data": []
								}
							},
							"stamp": 4,
							"data": []
						}
					},
					"stamp": 3,
					"data": []
				},
				"form-footer": {
					"type": "FlexibleFormFooter",
					"options": {
						"splitterType": "simple-h",
						"version": 0
					},
					"*": {
						"Save": {
							"type": "SubmitButton",
							"options": {
								"label": "_Save",
								"action": "savequit",
								"submit": true,
								"version": 0,
								"shortCut": "S"
							},
							"stamp": 11,
							"data": []
						},
						"Close": {
							"type": "SubmitButton",
							"options": {
								"label": "_Close",
								"action": "cancel",
								"submit": true,
								"version": 0,
								"shortCut": "Q"
							},
							"stamp": 12,
							"data": []
						},
						"Delete": {
							"type": "SubmitButton",
							"options": {
								"label": "_Delete",
								"action": "delete",
								"submit": true,
								"version": 0,
								"disabled": true
							},
							"stamp": 13,
							"data": []
						}
					},
					"stamp": 10,
					"data": []
				}
			},
			"stamp": 1,
			"data": []
		}
	},
	"stamps": 21,
	"data": []
}</layout>
    </ui>
  </properties>
  <field deleted="0" format="" guid="BY62FP000FSX" id="HAZ552000SG7" label="_CompanyCode_report" length="50" name="CompanyCode__" originalProcessID="XX62FP000FSX" precision="0" processid="GAZ552000SG7" submitable="1" type="STR">
    <properties>
      <db>
        <alias>AHAZ552000SG7</alias>
        <noxml>1</noxml>
        <fullname>/job/processfields/CompanyCode__</fullname>
        <defaultvalue>
        </defaultvalue>
        <RecordLastWrite>2022-10-25 17:06:30</RecordLastWrite>
      </db>
      <extrainfo>
        <Label>_CompanyCode_report</Label>
        <Alias>AHAZ552000SG7</Alias>
        <ProcessFieldVersion vartype="INT">1</ProcessFieldVersion>
      </extrainfo>
      <field>
        <Editable>false</Editable>
        <TableName>CT#ECW552000SG7</TableName>
        <SortOrder>
        </SortOrder>
        <DisplayedColumns>CompanyCode__|CompanyName__</DisplayedColumns>
        <DisplayedColumnsIds>
        </DisplayedColumnsIds>
        <UseTableForAutolearn>false</UseTableForAutolearn>
        <SavedColumn>CompanyCode__</SavedColumn>
        <SavedColumnId>
        </SavedColumnId>
        <ProcessName>PurchasingCompanycodes__</ProcessName>
        <KeyColumnId>
        </KeyColumnId>
        <KeyAttribute>
        </KeyAttribute>
        <CustomFilter>
        </CustomFilter>
      </field>
      <gdr>
        <DisableAutolearn>1</DisableAutolearn>
      </gdr>
      <help>
        <helpData>{"helpText":"","helpURL":"","helpFormat":"HTML Format"}</helpData>
      </help>
      <ui>
        <_type>String</_type>
        <automatic>true</automatic>
      </ui>
    </properties>
  </field>
  <field deleted="0" format="" guid="YX62FP000FSX" id="IAZ552000SG7" label="_Description" length="50" name="Description__" originalProcessID="XX62FP000FSX" precision="0" processid="GAZ552000SG7" submitable="1" type="STR">
    <properties>
      <db>
        <alias>AIAZ552000SG7</alias>
        <noxml>1</noxml>
        <fullname>/job/processfields/Description__</fullname>
        <defaultvalue>
        </defaultvalue>
        <RecordLastWrite>2022-10-25 17:06:30</RecordLastWrite>
      </db>
      <extrainfo>
        <Label>_Description</Label>
        <Alias>AIAZ552000SG7</Alias>
        <ProcessFieldVersion vartype="INT">1</ProcessFieldVersion>
      </extrainfo>
      <gdr>
        <VarType>Area</VarType>
        <DisableAutolearn>1</DisableAutolearn>
      </gdr>
      <ui>
        <_type>String</_type>
        <automatic>true</automatic>
      </ui>
    </properties>
  </field>
  <field deleted="0" format="" guid="K4D2FP000FSX" id="JAZ552000SG7" label="_IdentifierInERP" length="50" name="IdentifierInERP__" originalProcessID="XX62FP000FSX" precision="0" processid="GAZ552000SG7" submitable="1" type="STR">
    <properties>
      <db>
        <alias>AJAZ552000SG7</alias>
        <noxml>1</noxml>
        <fullname>/job/processfields/IdentifierInERP__</fullname>
        <defaultvalue>
        </defaultvalue>
        <RecordLastWrite>2022-10-25 17:06:30</RecordLastWrite>
      </db>
      <extrainfo>
        <Label>_IdentifierInERP</Label>
        <Alias>AJAZ552000SG7</Alias>
        <ProcessFieldVersion vartype="INT">1</ProcessFieldVersion>
      </extrainfo>
      <gdr>
        <VarType>Area</VarType>
        <DisableAutolearn>1</DisableAutolearn>
      </gdr>
      <ui>
        <_type>String</_type>
        <automatic>true</automatic>
      </ui>
    </properties>
  </field>
  <field deleted="0" format="" guid="ZX62FP000FSX" id="KAZ552000SG7" label="_UnitOfMeasure_report" length="3" name="UnitOfMeasure__" originalProcessID="XX62FP000FSX" precision="0" processid="GAZ552000SG7" submitable="1" type="STR">
    <properties>
      <db>
        <alias>AKAZ552000SG7</alias>
        <noxml>1</noxml>
        <fullname>/job/processfields/UnitOfMeasure__</fullname>
        <defaultvalue>
        </defaultvalue>
        <RecordLastWrite>2022-10-25 17:06:30</RecordLastWrite>
      </db>
      <extrainfo>
        <Label>_UnitOfMeasure_report</Label>
        <Alias>AKAZ552000SG7</Alias>
        <ProcessFieldVersion vartype="INT">1</ProcessFieldVersion>
      </extrainfo>
      <field>
        <required>true</required>
      </field>
      <gdr>
        <VarType>Area</VarType>
        <DisableAutolearn>1</DisableAutolearn>
      </gdr>
      <help>
        <helpData>{"helpText":"","helpURL":"","helpFormat":"HTML Format"}</helpData>
      </help>
      <ui>
        <_type>String</_type>
        <automatic>true</automatic>
      </ui>
    </properties>
  </field>
  <type id="JLLP13130F1" name="CT">
  </type>
</process>