﻿<?xml version="1.0" encoding="UTF-8" standalone="no"?>
<process accountid="20063076" allowrepairprocess="0" builtin="0" builtinversion="0" carriesapplicationversion="0" creationdatetime="2022-10-25 17:04:52" deleted="0" eskerapplication="" global="0" id="KXW552000SG7" keepcustomization="0" keepfieldsonly="0" keepfieldsproperties="0" keepnewcontroloptions="0" migrationversion="4" name="P2P - WBS Element__" needvalidation="1" ootofilter="" ootoversion="0" originalProcessID="YFXI10002071" ownerid="cn=admin_p2p@paragon-cc.fr,ou=DEV,ou=TrainingP2P,ou=DEMO_JULIEN,ou=05284299,ou=ESK,s=eoo" ownerpb="OnDemand AddressBook" public="1" pushnotification="0" reuseengine="0" sprintversion="5.261.0" transportname="CustomTable" upgradable="1" userid="0" version="1" visibility="0">
  <properties>
    <dbIndex>
      <AUTO_ALXW552000SG7A>&lt;Index&gt;&lt;Ref Name="ALXW552000SG7" Option="ASC"/&gt;&lt;/Index&gt;</AUTO_ALXW552000SG7A>
      <AUTO_ANXW552000SG7A>&lt;Index&gt;&lt;Ref Name="ANXW552000SG7" Option="ASC"/&gt;&lt;/Index&gt;</AUTO_ANXW552000SG7A>
    </dbIndex>
    <gdr>
    </gdr>
    <lg>
      <process_de>{
	"_CompanyCode": "Buchungskreis",
	"_CompanyCode_report": "Buchungskreis",
	"_Description": "Beschreibung",
	"_Description_report": "Beschreibung",
	"P2P - WBS Element": "P2P - PSP-Elemente",
	"P2P - WBS Element__": "P2P - PSP-Elemente",
	"_ContractName": "Vertragsname",
	"_ContractName_report": "Vertragsname",
	"_ContractNumber": "Vertragsnummer",
	"_ContractNumber_report": "Vertragsnummer",
	"_ContractRUIDEX": "Erweiterte Vertrags-ID",
	"_ContractRUIDEX_report": "Erweiterte Vertrags-ID",
	"_CostCenter": "Kostenstellen",
	"_CostCenter_report": "Kostenstellen",
	"_CostCenterDescription": "Kostenstellenbeschreibung",
	"_CostCenterDescription_report": "Kostenstellenbeschreibung",
	"_FreeDimension1": "Benutzerdefinierte Dimension 1",
	"_FreeDimension1_report": "Benutzerdefinierte Dimension 1",
	"_FreeDimension1ID": "Benutzerdefinierte Dimension 1 (ID)",
	"_FreeDimension1ID_report": "Benutzerdefinierte Dimension 1 (ID)",
	"_InternalOrder": "Innenauftrag",
	"_InternalOrder_report": "Innenauftrag",
	"_IsReplenishmentItem": "Nachschubartikel",
	"_IsReplenishmentItem_report": "Nachschubartikel",
	"_ItemDeliveryAddressID": "ID der Lieferadresse",
	"_ItemDeliveryAddressID_report": "ID der Lieferadresse",
	"_ItemShipToAddress": "Lieferadresse",
	"_ItemShipToAddress_report": "Lieferadresse",
	"_ItemShipToCompany": "Empfängerfirma",
	"_ItemShipToCompany_report": "Empfängerfirma",
	"_NonDeductibleTaxRate": "Nicht abzugsfähiger Steuersatz",
	"_NonDeductibleTaxRate_report": "Nicht abzugsfähiger Steuersatz",
	"_ProjectCode": "Projektcode",
	"_ProjectCode_report": "Projektcode",
	"_ProjectCodeDescription": "Projektbeschreibung",
	"_ProjectCodeDescription_report": "Projektbeschreibung",
	"_PublicPrice": "Standardpreis",
	"_PublicPrice_report": "Standardpreis",
	"_WarehouseID": "Lagerkennung",
	"_WarehouseID_report": "Lagerkennung",
	"_WarehouseName": "Lagerort",
	"_WarehouseName_report": "Lagerort",
	"_WBSElement": "PSP-Element",
	"_WBSElement_report": "PSP-Element",
	"_WBSElementID": "PSP-Element (ID)",
	"_WBSElementID_report": "PSP-Element (ID)"
}</process_de>
      <process_JA>{
	"_CompanyCode": "会社コード",
	"_CompanyCode_report": "会社コード",
	"_Description": "説明",
	"_Description_report": "説明",
	"P2P - WBS Element": "P2P - WBS要素",
	"P2P - WBS Element__": "P2P - WBS要素",
	"_ContractName": "契約者名",
	"_ContractName_report": "契約者名",
	"_ContractNumber": "契約番号",
	"_ContractNumber_report": "契約番号",
	"_ContractRUIDEX": "契約延長ID",
	"_ContractRUIDEX_report": "契約延長ID",
	"_CostCenter": "コストセンター",
	"_CostCenter_report": "コストセンター",
	"_CostCenterDescription": "コストセンター説明",
	"_CostCenterDescription_report": "コストセンター説明",
	"_FreeDimension1": "Custom dimension 1",
	"_FreeDimension1_report": "Custom dimension 1",
	"_FreeDimension1ID": "カスタムサイズ 1 (ID)",
	"_FreeDimension1ID_report": "カスタムサイズ 1 (ID)",
	"_InternalOrder": "内部注文",
	"_InternalOrder_report": "内部注文",
	"_IsReplenishmentItem": "補充品目",
	"_IsReplenishmentItem_report": "補充品目",
	"_ItemDeliveryAddressID": "交付地址ID",
	"_ItemDeliveryAddressID_report": "交付地址ID",
	"_ItemShipToAddress": "交付地址",
	"_ItemShipToAddress_report": "交付地址",
	"_ItemShipToCompany": "受領会社",
	"_ItemShipToCompany_report": "受領会社",
	"_NonDeductibleTaxRate": "控除対象外の税率",
	"_NonDeductibleTaxRate_report": "控除対象外の税率",
	"_ProjectCode": "プロジェクトコード",
	"_ProjectCode_report": "プロジェクトコード",
	"_ProjectCodeDescription": "プロジェクトの説明",
	"_ProjectCodeDescription_report": "プロジェクトの説明",
	"_PublicPrice": "標準価格",
	"_PublicPrice_report": "標準価格",
	"_WarehouseID": "倉庫ID",
	"_WarehouseID_report": "倉庫ID",
	"_WarehouseName": "倉庫名",
	"_WarehouseName_report": "倉庫名",
	"_WBSElement": "WBS 要素",
	"_WBSElement_report": "WBS 要素",
	"_WBSElementID": "WBS 要素（ID）",
	"_WBSElementID_report": "WBS 要素（ID）"
}</process_JA>
      <process_en>{
	"_CompanyCode": "Company code",
	"_CompanyCode_report": "Company code",
	"_Description": "Description",
	"_Description_report": "Description",
	"P2P - WBS Element": "P2P - WBS elements",
	"P2P - WBS Element__": "P2P - WBS elements",
	"_ContractName": "Contract name",
	"_ContractName_report": "Contract name",
	"_ContractNumber": "Contract number",
	"_ContractNumber_report": "Contract number",
	"_ContractRUIDEX": "Contract extended ID",
	"_ContractRUIDEX_report": "Contract extended ID",
	"_CostCenter": "Cost center",
	"_CostCenter_report": "Cost center",
	"_CostCenterDescription": "Cost center description",
	"_CostCenterDescription_report": "Cost center description",
	"_FreeDimension1": "Custom dimension 1",
	"_FreeDimension1_report": "Custom dimension 1",
	"_FreeDimension1ID": "Custom dimension 1 (ID)",
	"_FreeDimension1ID_report": "Custom dimension 1 (ID)",
	"_InternalOrder": "Internal order",
	"_InternalOrder_report": "Internal order",
	"_IsReplenishmentItem": "Replenishment item",
	"_IsReplenishmentItem_report": "Replenishment item",
	"_ItemDeliveryAddressID": "Delivery address ID",
	"_ItemDeliveryAddressID_report": "Delivery address ID",
	"_ItemShipToAddress": "Delivery address",
	"_ItemShipToAddress_report": "Delivery address",
	"_ItemShipToCompany": "Recipient company",
	"_ItemShipToCompany_report": "Recipient company",
	"_NonDeductibleTaxRate": "Non-deductible tax rate",
	"_NonDeductibleTaxRate_report": "Non-deductible tax rate",
	"_ProjectCode": "Project code",
	"_ProjectCode_report": "Project code",
	"_ProjectCodeDescription": "Project description",
	"_ProjectCodeDescription_report": "Project description",
	"_PublicPrice": "Standard price",
	"_PublicPrice_report": "Standard price",
	"_WarehouseID": "Warehouse ID",
	"_WarehouseID_report": "Warehouse ID",
	"_WarehouseName": "Warehouse name",
	"_WarehouseName_report": "Warehouse name",
	"_WBSElement": "WBS element",
	"_WBSElement_report": "WBS element",
	"_WBSElementID": "WBS element (ID)",
	"_WBSElementID_report": "WBS element (ID)"
}</process_en>
      <process_es>{
	"_CompanyCode": "Código de empresa",
	"_CompanyCode_report": "Código de empresa",
	"_Description": "Descripción",
	"_Description_report": "Descripción",
	"P2P - WBS Element": "P2P - Elementos PEP",
	"P2P - WBS Element__": "P2P - Elementos PEP",
	"_ContractName": "Nombre del contrato",
	"_ContractName_report": "Nombre del contrato",
	"_ContractNumber": "Número de contrato",
	"_ContractNumber_report": "Número de contrato",
	"_ContractRUIDEX": "Id. largo del contrato",
	"_ContractRUIDEX_report": "Id. largo del contrato",
	"_CostCenter": "Centro de costes",
	"_CostCenter_report": "Centro de costes",
	"_CostCenterDescription": "Descripción del centro de costes",
	"_CostCenterDescription_report": "Descripción del centro de costes",
	"_FreeDimension1": "Dimensión personalizada 1",
	"_FreeDimension1_report": "Dimensión personalizada 1",
	"_FreeDimension1ID": "Dimensión personalizada 1 (ID)",
	"_FreeDimension1ID_report": "Dimensión personalizada 1 (ID)",
	"_InternalOrder": "Pedido interno",
	"_InternalOrder_report": "Pedido interno",
	"_IsReplenishmentItem": "Artículo de reposición",
	"_IsReplenishmentItem_report": "Artículo de reposición",
	"_ItemDeliveryAddressID": "ID de dirección de entrega",
	"_ItemDeliveryAddressID_report": "ID de dirección de entrega",
	"_ItemShipToAddress": "Dirección de entrega",
	"_ItemShipToAddress_report": "Dirección de entrega",
	"_ItemShipToCompany": "Empresa destinataria",
	"_ItemShipToCompany_report": "Empresa destinataria",
	"_NonDeductibleTaxRate": "Tipo impositivo no deducible",
	"_NonDeductibleTaxRate_report": "Tipo impositivo no deducible",
	"_ProjectCode": "Código proyecto",
	"_ProjectCode_report": "Código proyecto",
	"_ProjectCodeDescription": "Descripción del proyecto",
	"_ProjectCodeDescription_report": "Descripción del proyecto",
	"_PublicPrice": "Precio de venta al público",
	"_PublicPrice_report": "Precio de venta al público",
	"_WarehouseID": "Identificador de almacén",
	"_WarehouseID_report": "Identificador de almacén",
	"_WarehouseName": "Nombre del almacén",
	"_WarehouseName_report": "Nombre del almacén",
	"_WBSElement": "Elemento PEP",
	"_WBSElement_report": "Elemento PEP",
	"_WBSElementID": "Elemento PEP (ID)",
	"_WBSElementID_report": "Elemento PEP (ID)"
}</process_es>
      <process_fr>{
	"_CompanyCode": "Code société",
	"_CompanyCode_report": "Code société",
	"_Description": "Description",
	"_Description_report": "Description",
	"P2P - WBS Element": "P2P - Éléments d'OTP",
	"P2P - WBS Element__": "P2P - Éléments d'OTP",
	"_ContractName": "Nom du contrat",
	"_ContractName_report": "Nom du contrat",
	"_ContractNumber": "Numéro de contrat",
	"_ContractNumber_report": "Numéro de contrat",
	"_ContractRUIDEX": "Identifiant long du contrat",
	"_ContractRUIDEX_report": "Identifiant long du contrat",
	"_CostCenter": "Centre de coût",
	"_CostCenter_report": "Centre de coût",
	"_CostCenterDescription": "Description du centre de coût",
	"_CostCenterDescription_report": "Description du centre de coût",
	"_FreeDimension1": "Axe analytique personnalisé 1",
	"_FreeDimension1_report": "Axe analytique personnalisé 1",
	"_FreeDimension1ID": "Axe analytique personnalisé 1 (ID)",
	"_FreeDimension1ID_report": "Axe analytique personnalisé 1 (ID)",
	"_InternalOrder": "Ordre interne",
	"_InternalOrder_report": "Ordre interne",
	"_IsReplenishmentItem": "Article de réapprovisionnement",
	"_IsReplenishmentItem_report": "Article de réapprovisionnement",
	"_ItemDeliveryAddressID": "Identifiant de l'adresse de livraison",
	"_ItemDeliveryAddressID_report": "Identifiant de l'adresse de livraison",
	"_ItemShipToAddress": "Adresse de livraison",
	"_ItemShipToAddress_report": "Adresse de livraison",
	"_ItemShipToCompany": "Société destinataire",
	"_ItemShipToCompany_report": "Société destinataire",
	"_NonDeductibleTaxRate": "Taux de TVA non déductible",
	"_NonDeductibleTaxRate_report": "Taux de TVA non déductible",
	"_ProjectCode": "Code projet",
	"_ProjectCode_report": "Code projet",
	"_ProjectCodeDescription": "Description du projet",
	"_ProjectCodeDescription_report": "Description du projet",
	"_PublicPrice": "Prix standard",
	"_PublicPrice_report": "Prix standard",
	"_WarehouseID": "Identifiant de l'entrepôt",
	"_WarehouseID_report": "Identifiant de l'entrepôt",
	"_WarehouseName": "Nom de l'entrepôt",
	"_WarehouseName_report": "Nom de l'entrepôt",
	"_WBSElement": "Élément d'OTP",
	"_WBSElement_report": "Élément d'OTP",
	"_WBSElementID": "Élément d'OTP (ID)",
	"_WBSElementID_report": "Élément d'OTP (ID)"
}</process_fr>
      <process_nl-NL>{
	"_CompanyCode": "Bedrijfscode",
	"_CompanyCode_report": "Bedrijfscode",
	"_Description": "Beschrijving",
	"_Description_report": "Beschrijving",
	"P2P - WBS Element": "P2P - WBS-elementen",
	"P2P - WBS Element__": "P2P - WBS-elementen",
	"_ContractName": "Naam contract",
	"_ContractName_report": "Naam contract",
	"_ContractNumber": "Contractnummer",
	"_ContractNumber_report": "Contractnummer",
	"_ContractRUIDEX": "Uitgebreide contract-ID",
	"_ContractRUIDEX_report": "Uitgebreide contract-ID",
	"_CostCenter": "Kostenplaats",
	"_CostCenter_report": "Kostenplaats",
	"_CostCenterDescription": "Beschrijving kostenplaats",
	"_CostCenterDescription_report": "Beschrijving kostenplaats",
	"_FreeDimension1": "Aangepaste dimensie 1",
	"_FreeDimension1_report": "Aangepaste dimensie 1",
	"_FreeDimension1ID": "Aangepaste dimensie 1 (ID)",
	"_FreeDimension1ID_report": "Aangepaste dimensie 1 (ID)",
	"_InternalOrder": "Interne bestelling",
	"_InternalOrder_report": "Interne bestelling",
	"_IsReplenishmentItem": "Item bevoorrading",
	"_IsReplenishmentItem_report": "Item bevoorrading",
	"_ItemDeliveryAddressID": "Leveringsadres-ID",
	"_ItemDeliveryAddressID_report": "Leveringsadres-ID",
	"_ItemShipToAddress": "Leveringsadres",
	"_ItemShipToAddress_report": "Leveringsadres",
	"_ItemShipToCompany": "Bedrijf ontvanger",
	"_ItemShipToCompany_report": "Bedrijf ontvanger",
	"_NonDeductibleTaxRate": "Niet-aftrekbaar belastingpercentage",
	"_NonDeductibleTaxRate_report": "Niet-aftrekbaar belastingpercentage",
	"_ProjectCode": "Projectcode",
	"_ProjectCode_report": "Projectcode",
	"_ProjectCodeDescription": "Projectbeschrijving",
	"_ProjectCodeDescription_report": "Projectbeschrijving",
	"_PublicPrice": "Standaardprijs",
	"_PublicPrice_report": "Standaardprijs",
	"_WarehouseID": "Magazijn-ID",
	"_WarehouseID_report": "Magazijn-ID",
	"_WarehouseName": "Naam magazijn",
	"_WarehouseName_report": "Naam magazijn",
	"_WBSElement": "WBS-element",
	"_WBSElement_report": "WBS-element",
	"_WBSElementID": "WBS-element (ID)",
	"_WBSElementID_report": "WBS-element (ID)"
}</process_nl-NL>
      <process_it>{
	"_CompanyCode": "Codice società",
	"_CompanyCode_report": "Codice società",
	"_Description": "Descrizione",
	"_Description_report": "Descrizione",
	"P2P - WBS Element": "P2P - Elementi WBS",
	"P2P - WBS Element__": "P2P - Elementi WBS",
	"_ContractName": "Nome contratto",
	"_ContractName_report": "Nome contratto",
	"_ContractNumber": "Numero contratto",
	"_ContractNumber_report": "Numero contratto",
	"_ContractRUIDEX": "ID esteso contratto",
	"_ContractRUIDEX_report": "ID esteso contratto",
	"_CostCenter": "Centro di costo",
	"_CostCenter_report": "Centro di costo",
	"_CostCenterDescription": "Descrizione del centro di costo",
	"_CostCenterDescription_report": "Descrizione del centro di costo",
	"_FreeDimension1": "Dimensione personalizzata 1",
	"_FreeDimension1_report": "Dimensione personalizzata 1",
	"_FreeDimension1ID": "Dimensione personalizzata 1 (ID)",
	"_FreeDimension1ID_report": "Dimensione personalizzata 1 (ID)",
	"_InternalOrder": "Ordine interno",
	"_InternalOrder_report": "Ordine interno",
	"_IsReplenishmentItem": "Articolo di rifornimento",
	"_IsReplenishmentItem_report": "Articolo di rifornimento",
	"_ItemDeliveryAddressID": "ID indirizzo di spedizione",
	"_ItemDeliveryAddressID_report": "ID indirizzo di spedizione",
	"_ItemShipToAddress": "Indirizzo di spedizione",
	"_ItemShipToAddress_report": "Indirizzo di spedizione",
	"_ItemShipToCompany": "Società destinataria",
	"_ItemShipToCompany_report": "Società destinataria",
	"_NonDeductibleTaxRate": "Aliquota fiscale non deducibile",
	"_NonDeductibleTaxRate_report": "Aliquota fiscale non deducibile",
	"_ProjectCode": "Codice progetto",
	"_ProjectCode_report": "Codice progetto",
	"_ProjectCodeDescription": "Descrizione progetto",
	"_ProjectCodeDescription_report": "Descrizione progetto",
	"_PublicPrice": "Prezzo standard",
	"_PublicPrice_report": "Prezzo standard",
	"_WarehouseID": "ID magazzino",
	"_WarehouseID_report": "ID magazzino",
	"_WarehouseName": "Nome magazzino",
	"_WarehouseName_report": "Nome magazzino",
	"_WBSElement": "Elemento WBS",
	"_WBSElement_report": "Elemento WBS",
	"_WBSElementID": "Elemento WBS (ID)",
	"_WBSElementID_report": "Elemento WBS (ID)"
}</process_it>
      <process_zh-CN>{
	"_CompanyCode": "公司代码",
	"_CompanyCode_report": "公司代码",
	"_Description": "说明",
	"_Description_report": "说明",
	"P2P - WBS Element": "采购到支付 - WBS 要素",
	"P2P - WBS Element__": "采购到支付 - WBS 要素",
	"_ContractName": "合同名称",
	"_ContractName_report": "合同名称",
	"_ContractNumber": "合同编号",
	"_ContractNumber_report": "合同编号",
	"_ContractRUIDEX": "合同扩展 ID",
	"_ContractRUIDEX_report": "合同扩展 ID",
	"_CostCenter": "成本中心",
	"_CostCenter_report": "成本中心",
	"_CostCenterDescription": "成本中心描述",
	"_CostCenterDescription_report": "成本中心描述",
	"_FreeDimension1": "Custom dimension 1",
	"_FreeDimension1_report": "Custom dimension 1",
	"_FreeDimension1ID": "自定义范围 1（ID）",
	"_FreeDimension1ID_report": "自定义范围 1（ID）",
	"_InternalOrder": "内部订单",
	"_InternalOrder_report": "内部订单",
	"_IsReplenishmentItem": "补货项目",
	"_IsReplenishmentItem_report": "补货项目",
	"_ItemDeliveryAddressID": "交付地址ID",
	"_ItemDeliveryAddressID_report": "交付地址ID",
	"_ItemShipToAddress": "交付地址",
	"_ItemShipToAddress_report": "交付地址",
	"_ItemShipToCompany": "收件人公司",
	"_ItemShipToCompany_report": "收件人公司",
	"_NonDeductibleTaxRate": "不可扣除税率",
	"_NonDeductibleTaxRate_report": "不可扣除税率",
	"_ProjectCode": "项目代码",
	"_ProjectCode_report": "项目代码",
	"_ProjectCodeDescription": "项目说明",
	"_ProjectCodeDescription_report": "项目说明",
	"_PublicPrice": "标准价格",
	"_PublicPrice_report": "标准价格",
	"_WarehouseID": "仓库标识",
	"_WarehouseID_report": "仓库标识",
	"_WarehouseName": "仓库名称",
	"_WarehouseName_report": "仓库名称",
	"_WBSElement": "WBS 要素",
	"_WBSElement_report": "WBS 要素",
	"_WBSElementID": "WBS 要素（ID）",
	"_WBSElementID_report": "WBS 要素（ID）"
}</process_zh-CN>
      <process_pt-BR>{
	"_CompanyCode": "Código da empresa",
	"_CompanyCode_report": "Código da empresa",
	"_Description": "Descrição",
	"_Description_report": "Descrição",
	"P2P - WBS Element": "P2P - Elementos WBS",
	"P2P - WBS Element__": "P2P - Elementos WBS",
	"_ContractName": "Nome do contrato",
	"_ContractName_report": "Nome do contrato",
	"_ContractNumber": "Número de contrato",
	"_ContractNumber_report": "Número de contrato",
	"_ContractRUIDEX": "ID estendido do contrato",
	"_ContractRUIDEX_report": "ID estendido do contrato",
	"_CostCenter": "Centro de custo",
	"_CostCenter_report": "Centro de custo",
	"_CostCenterDescription": "Descrição do centro de custo",
	"_CostCenterDescription_report": "Descrição do centro de custo",
	"_FreeDimension1": "Dimensão personalizada 1",
	"_FreeDimension1_report": "Dimensão personalizada 1",
	"_FreeDimension1ID": "Dimensão personalizada 1 (ID)",
	"_FreeDimension1ID_report": "Dimensão personalizada 1 (ID)",
	"_InternalOrder": "Pedido interno",
	"_InternalOrder_report": "Pedido interno",
	"_IsReplenishmentItem": "Item de reposição",
	"_IsReplenishmentItem_report": "Item de reposição",
	"_ItemDeliveryAddressID": "ID do endereço de entrega",
	"_ItemDeliveryAddressID_report": "ID do endereço de entrega",
	"_ItemShipToAddress": "Endereço de entrega",
	"_ItemShipToAddress_report": "Endereço de entrega",
	"_ItemShipToCompany": "Empresa receptora",
	"_ItemShipToCompany_report": "Empresa receptora",
	"_NonDeductibleTaxRate": "Taxa de imposto não dedutível",
	"_NonDeductibleTaxRate_report": "Taxa de imposto não dedutível",
	"_ProjectCode": "Código do projeto",
	"_ProjectCode_report": "Código do projeto",
	"_ProjectCodeDescription": "Descrição do projeto",
	"_ProjectCodeDescription_report": "Descrição do projeto",
	"_PublicPrice": "Preço padrão",
	"_PublicPrice_report": "Preço padrão",
	"_WarehouseID": "ID de armazém",
	"_WarehouseID_report": "ID de armazém",
	"_WarehouseName": "Nome do armazém",
	"_WarehouseName_report": "Nome do armazém",
	"_WBSElement": "Elemento WBS",
	"_WBSElement_report": "Elemento WBS",
	"_WBSElementID": "Elemento WBS (ID)",
	"_WBSElementID_report": "Elemento WBS (ID)"
}</process_pt-BR>
    </lg>
    <process>
      <flowtype>processing</flowtype>
      <homepagelabel>P2P - WBS Element</homepagelabel>
      <upgradable>yes</upgradable>
      <instanciable>1</instanciable>
      <OverrideAllowedAttachmentExtensions>*</OverrideAllowedAttachmentExtensions>
      <lgpathtomerge>..\..\Application builder\lg2Merge\AnalyticAxis</lgpathtomerge>
      <UseActionNameWithScriptApproval>true</UseActionNameWithScriptApproval>
      <AllowUploadAttachment>0</AllowUploadAttachment>
      <AllowUploadReferenceDocument>0</AllowUploadReferenceDocument>
      <shouldRollbackManualRecordEdits>true</shouldRollbackManualRecordEdits>
      <UseCultureFormat>true</UseCultureFormat>
      <TransportName>CustomTable</TransportName>
      <LayoutVersion>1.0</LayoutVersion>
    </process>
    <ui>
      <layout>{
	"*": {
		"Screen": {
			"type": "FlexibleFormLayout",
			"options": {
				"splitterType": "simple-v",
				"version": 0
			},
			"*": {
				"form-header": {
					"type": "FlexibleFormHeader",
					"options": {
						"hidePanelsMenu": false,
						"version": 0
					},
					"stamp": 2,
					"data": []
				},
				"form-center": {
					"type": "FlexibleFormCenter",
					"options": {
						"version": 0
					},
					"*": {
						"form-content": {
							"type": "FlexibleFormContent",
							"options": {
								"version": 0
							},
							"*": {
								"form-content-center": {
									"type": "FlexibleFormSplitter",
									"options": {
										"version": 1,
										"box": {
											"top": "0%",
											"left": "0%",
											"width": "100%"
										},
										"hidden": false
									},
									"*": {
										"form-content-center-1": {
											"type": "FlexibleFormLine",
											"data": [],
											"options": {
												"version": 0
											},
											"stamp": 9,
											"*": {
												"DataPanel": {
													"type": "PanelData",
													"options": {
														"border": {},
														"version": 0,
														"labelLength": 0,
														"iconURL": "",
														"TitleFontSize": "S",
														"hideActionButtons": false,
														"hideTitleBar": false,
														"hideTitle": false,
														"backgroundcolor": "default",
														"labelsAlignment": "right",
														"label": "_Document data"
													},
													"*": {
														"FieldsManager": {
															"type": "FieldsManager",
															"options": {
																"controlsAssociation": {
																	"CompanyCode__": "LabelCompanyCode__",
																	"LabelCompanyCode__": "CompanyCode__",
																	"Description__": "LabelDescription__",
																	"LabelDescription__": "Description__",
																	"WBSElement__": "LabelWBSElement__",
																	"LabelWBSElement__": "WBSElement__",
																	"WBSElementID__": "LabelWBSElementID__",
																	"LabelWBSElementID__": "WBSElementID__"
																},
																"version": 0
															},
															"*": {
																"Grid": {
																	"type": "GridLayout",
																	"options": {
																		"lines": 4,
																		"columns": 2,
																		"version": 0,
																		"ctrlsPos": {
																			"CompanyCode__": {
																				"line": 1,
																				"column": 2
																			},
																			"LabelCompanyCode__": {
																				"line": 1,
																				"column": 1
																			},
																			"Description__": {
																				"line": 3,
																				"column": 2
																			},
																			"LabelDescription__": {
																				"line": 3,
																				"column": 1
																			},
																			"WBSElement__": {
																				"line": 2,
																				"column": 2
																			},
																			"LabelWBSElement__": {
																				"line": 2,
																				"column": 1
																			},
																			"WBSElementID__": {
																				"line": 4,
																				"column": 2
																			},
																			"LabelWBSElementID__": {
																				"line": 4,
																				"column": 1
																			}
																		},
																		"colspans": [
																			[],
																			[],
																			[],
																			[]
																		]
																	},
																	"data": [
																		"fields"
																	],
																	"*": {
																		"LabelCompanyCode__": {
																			"type": "Label",
																			"data": [
																				"CompanyCode__"
																			],
																			"options": {
																				"label": "_CompanyCode",
																				"version": 0
																			},
																			"stamp": 14
																		},
																		"CompanyCode__": {
																			"type": "DatabaseComboBox",
																			"data": [
																				"CompanyCode__"
																			],
																			"options": {
																				"version": 1,
																				"label": "_CompanyCode",
																				"activable": true,
																				"width": 230,
																				"PreFillFTS": true,
																				"fTSmaxRecords": "20",
																				"length": 20,
																				"browsable": true
																			},
																			"stamp": 15
																		},
																		"LabelWBSElement__": {
																			"type": "Label",
																			"data": [
																				"WBSElement__"
																			],
																			"options": {
																				"label": "_WBSElement",
																				"version": 0
																			},
																			"stamp": 16
																		},
																		"WBSElement__": {
																			"type": "ShortText",
																			"data": [
																				"WBSElement__"
																			],
																			"options": {
																				"textSize": "S",
																				"textAlignment": "left",
																				"textStyle": "default",
																				"textColor": "default",
																				"label": "_WBSElement",
																				"activable": true,
																				"width": 230,
																				"length": 12,
																				"browsable": false,
																				"autocompletable": false,
																				"version": 0
																			},
																			"stamp": 17
																		},
																		"LabelDescription__": {
																			"type": "Label",
																			"data": [
																				"Description__"
																			],
																			"options": {
																				"label": "_Description",
																				"version": 0
																			},
																			"stamp": 18
																		},
																		"Description__": {
																			"type": "ShortText",
																			"data": [
																				"Description__"
																			],
																			"options": {
																				"textSize": "S",
																				"textAlignment": "left",
																				"textStyle": "default",
																				"textColor": "default",
																				"label": "_Description",
																				"activable": true,
																				"width": 230,
																				"length": 40,
																				"browsable": false,
																				"version": 0
																			},
																			"stamp": 19
																		},
																		"LabelWBSElementID__": {
																			"type": "Label",
																			"data": [
																				"WBSElementID__"
																			],
																			"options": {
																				"label": "_WBSElementID"
																			},
																			"stamp": 20
																		},
																		"WBSElementID__": {
																			"type": "ShortText",
																			"data": [
																				"WBSElementID__"
																			],
																			"options": {
																				"textSize": "S",
																				"textAlignment": "left",
																				"textStyle": "default",
																				"textColor": "default",
																				"version": 1,
																				"label": "_WBSElementID",
																				"activable": true,
																				"width": 230,
																				"helpText": "",
																				"helpURL": "",
																				"helpFormat": "HTML Format",
																				"helpIconPosition": "Right",
																				"browsable": false
																			},
																			"stamp": 21
																		}
																	},
																	"stamp": 8
																}
															},
															"stamp": 7,
															"data": []
														}
													},
													"stamp": 6,
													"data": []
												}
											}
										}
									},
									"stamp": 5,
									"data": []
								}
							},
							"stamp": 4,
							"data": []
						}
					},
					"stamp": 3,
					"data": []
				},
				"form-footer": {
					"type": "FlexibleFormFooter",
					"options": {
						"splitterType": "simple-h",
						"version": 0
					},
					"*": {
						"Save": {
							"type": "SubmitButton",
							"options": {
								"label": "_Save",
								"action": "savequit",
								"submit": true,
								"version": 0
							},
							"stamp": 11,
							"data": []
						},
						"Close": {
							"type": "SubmitButton",
							"options": {
								"label": "_Close",
								"action": "cancel",
								"submit": true,
								"version": 0
							},
							"stamp": 12,
							"data": []
						},
						"Delete": {
							"type": "SubmitButton",
							"options": {
								"label": "_Delete",
								"action": "delete",
								"submit": true,
								"version": 0,
								"disabled": true
							},
							"stamp": 13,
							"data": []
						}
					},
					"stamp": 10,
					"data": []
				}
			},
			"stamp": 1,
			"data": []
		}
	},
	"stamps": 21,
	"data": []
}</layout>
    </ui>
  </properties>
  <field deleted="0" format="" guid="HUME10002072" id="LXW552000SG7" label="_CompanyCode_report" length="50" name="CompanyCode__" originalProcessID="YFXI10002071" precision="0" processid="KXW552000SG7" submitable="1" type="STR">
    <properties>
      <db>
        <alias>ALXW552000SG7</alias>
        <index vartype="INT">1</index>
        <noxml>1</noxml>
        <fullname>/job/processfields/CompanyCode__</fullname>
        <defaultvalue>
        </defaultvalue>
        <RecordLastWrite>1899-12-30 00:00:00</RecordLastWrite>
      </db>
      <extrainfo>
        <Label>_CompanyCode_report</Label>
        <Alias>ALXW552000SG7</Alias>
        <ProcessFieldVersion vartype="INT">1</ProcessFieldVersion>
      </extrainfo>
      <field>
        <Editable>true</Editable>
        <TableName>CT#ECW552000SG7</TableName>
        <SortOrder>
        </SortOrder>
        <DisplayedColumns>CompanyCode__</DisplayedColumns>
        <DisplayedColumnsIds>
        </DisplayedColumnsIds>
        <SavedColumn>CompanyCode__</SavedColumn>
        <SavedColumnId>HUME134563</SavedColumnId>
        <ProcessName>PurchasingCompanycodes__</ProcessName>
        <CustomFilter>
        </CustomFilter>
      </field>
      <ui>
        <_type>String</_type>
        <automatic>true</automatic>
      </ui>
    </properties>
  </field>
  <field deleted="0" format="" guid="AYLN10002073" id="MXW552000SG7" label="_Description_report" length="40" name="Description__" originalProcessID="YFXI10002071" precision="0" processid="KXW552000SG7" submitable="1" type="STR">
    <properties>
      <db>
        <alias>AMXW552000SG7</alias>
        <noxml>1</noxml>
        <fullname>/job/processfields/Description__</fullname>
        <defaultvalue>
        </defaultvalue>
        <RecordLastWrite>1899-12-30 00:00:00</RecordLastWrite>
      </db>
      <extrainfo>
        <Label>_Description_report</Label>
        <Alias>AMXW552000SG7</Alias>
        <ProcessFieldVersion vartype="INT">1</ProcessFieldVersion>
      </extrainfo>
      <gdr>
        <VarType>Area</VarType>
      </gdr>
      <ui>
        <_type>String</_type>
        <automatic>true</automatic>
      </ui>
    </properties>
  </field>
  <field deleted="0" format="" guid="A2Y4FP000M4H" id="OXW552000SG7" label="_WBSElementID_report" length="50" name="WBSElementID__" originalProcessID="YFXI10002071" precision="0" processid="KXW552000SG7" submitable="1" type="STR">
    <properties>
      <db>
        <alias>AOXW552000SG7</alias>
        <noxml>1</noxml>
        <fullname>/job/processfields/WBSElementID__</fullname>
        <defaultvalue>
        </defaultvalue>
        <RecordLastWrite>2022-10-25 17:04:51</RecordLastWrite>
      </db>
      <extrainfo>
        <Label>_WBSElementID_report</Label>
        <Alias>AOXW552000SG7</Alias>
        <ProcessFieldVersion vartype="INT">1</ProcessFieldVersion>
      </extrainfo>
      <gdr>
        <VarType>Area</VarType>
        <DisableAutolearn>1</DisableAutolearn>
      </gdr>
      <help>
        <helpData>{"helpText":"","helpURL":"","helpFormat":"HTML Format","helpIconPosition":"Right"}</helpData>
      </help>
      <ui>
        <_type>String</_type>
        <automatic>true</automatic>
      </ui>
    </properties>
  </field>
  <field deleted="0" format="" guid="LFDX10002074" id="NXW552000SG7" label="_WBSElement_report" length="12" name="WBSElement__" originalProcessID="YFXI10002071" precision="0" processid="KXW552000SG7" submitable="1" type="STR">
    <properties>
      <db>
        <alias>ANXW552000SG7</alias>
        <index vartype="INT">1</index>
        <noxml>1</noxml>
        <fullname>/job/processfields/WBSElement__</fullname>
        <defaultvalue>
        </defaultvalue>
        <RecordLastWrite>1899-12-30 00:00:00</RecordLastWrite>
      </db>
      <extrainfo>
        <Label>_WBSElement_report</Label>
        <Alias>ANXW552000SG7</Alias>
        <ProcessFieldVersion vartype="INT">1</ProcessFieldVersion>
      </extrainfo>
      <gdr>
        <VarType>Area</VarType>
      </gdr>
      <ui>
        <_type>String</_type>
        <automatic>true</automatic>
      </ui>
    </properties>
  </field>
  <type id="JLLP13130F1" name="CT">
  </type>
</process>