﻿<?xml version="1.0" encoding="UTF-8" standalone="no"?>
<process accountid="20063076" allowrepairprocess="0" builtin="0" builtinversion="0" carriesapplicationversion="0" creationdatetime="2022-10-25 17:08:18" deleted="0" eskerapplication="" global="0" id="SR1652000SG7" keepcustomization="0" keepfieldsonly="0" keepfieldsproperties="0" keepnewcontroloptions="0" migrationversion="4" name="AP - Extraction mapping__" needvalidation="0" ootofilter="" ootoversion="1" originalProcessID="ZE7U00000FSX" ownerid="cn=admin_p2p@paragon-cc.fr,ou=DEV,ou=TrainingP2P,ou=DEMO_JULIEN,ou=05284299,ou=ESK,s=eoo" ownerpb="OnDemand AddressBook" public="1" pushnotification="0" reuseengine="0" sprintversion="5.261.0" transportname="CustomTable" upgradable="1" userid="0" version="1" visibility="0">
  <properties>
    <dataConditions>
      <listDataConditions>
				&lt;dataCondition&gt;
					&lt;tableName&gt;P2P - Global Application Settings__&lt;/tableName&gt;
					&lt;filter&gt;msnex=*&lt;/filter&gt;
					&lt;labelKey&gt;_AP disabled&lt;/labelKey&gt;
					&lt;conditions&gt;
						&lt;allowCondition&gt;
							&lt;fieldName&gt;EnableAccountPayableGlobalSetting__&lt;/fieldName&gt;
							&lt;fieldValue&gt;1&lt;/fieldValue&gt;
						&lt;/allowCondition&gt;
					&lt;/conditions&gt;
				&lt;/dataCondition&gt;
			</listDataConditions>
    </dataConditions>
    <dbIndex>
      <AUTO_ATR1652000SG7A>&lt;Index&gt;&lt;Ref Name="ATR1652000SG7" Option="ASC"/&gt;&lt;/Index&gt;</AUTO_ATR1652000SG7A>
      <AUTO_AUR1652000SG7A>&lt;Index&gt;&lt;Ref Name="AUR1652000SG7" Option="ASC"/&gt;&lt;/Index&gt;</AUTO_AUR1652000SG7A>
      <AUTO_AVR1652000SG7A>&lt;Index&gt;&lt;Ref Name="AVR1652000SG7" Option="ASC"/&gt;&lt;/Index&gt;</AUTO_AVR1652000SG7A>
    </dbIndex>
    <gdr>
    </gdr>
    <lg>
      <process_DE>{
	"_BusinessValue": "Wert im Rechnungsformular",
	"_BusinessValue_report": "Wert im Rechnungsformular",
	"_Company code": "Buchungskreis",
	"_ExtractedValue": "EDI-Wert",
	"_ExtractedValue_report": "EDI-Wert",
	"_FormField": "Feld im Rechnungsformular",
	"_FormField_report": "Feld im Rechnungsformular",
	"AP - Extraction mapping": "P2P - EDI-Querverweise"
}</process_DE>
      <process_JA>{
	"_BusinessValue": "請求書フォームの値",
	"_BusinessValue_report": "請求書フォームの値",
	"_Company code": "会社コード",
	"_ExtractedValue": "EDI値",
	"_ExtractedValue_report": "EDI値",
	"_FormField": "請求書フォームフィールド",
	"_FormField_report": "請求書フォームフィールド",
	"AP - Extraction mapping": "P2P - EDI相互参照"
}</process_JA>
      <process_en>{
	"_BusinessValue": "Invoice form value",
	"_BusinessValue_report": "Invoice form value",
	"_Company code": "Company code",
	"_ExtractedValue": "EDI value",
	"_ExtractedValue_report": "EDI value",
	"_FormField": "Invoice form field",
	"_FormField_report": "Invoice form field",
	"AP - Extraction mapping": "P2P - EDI cross-references"
}</process_en>
      <process_ES>{
	"_BusinessValue": "Valor en el formulario de factura",
	"_BusinessValue_report": "Valor en el formulario de factura",
	"_Company code": "Código de empresa",
	"_ExtractedValue": "Valor EDI",
	"_ExtractedValue_report": "Valor EDI",
	"_FormField": "Campo de formulario de factura",
	"_FormField_report": "Campo de formulario de factura",
	"AP - Extraction mapping": "P2P - Referencias cruzadas EDI"
}</process_ES>
      <process_FR>{
	"_BusinessValue": "Valeur dans le formulaire de facture",
	"_BusinessValue_report": "Valeur dans le formulaire de facture",
	"_Company code": "Code société",
	"_ExtractedValue": "Valeur EDI",
	"_ExtractedValue_report": "Valeur EDI",
	"_FormField": "Champ du formulaire de facture",
	"_FormField_report": "Champ du formulaire de facture",
	"AP - Extraction mapping": "P2P - Références croisées EDI"
}</process_FR>
      <process_nl-NL>{
	"_BusinessValue": "Waarde factuurformulier",
	"_BusinessValue_report": "Waarde factuurformulier",
	"_Company code": "Bedrijfscode",
	"_ExtractedValue": "EDI-waarde",
	"_ExtractedValue_report": "EDI-waarde",
	"_FormField": "Veld factuurformulier",
	"_FormField_report": "Veld factuurformulier",
	"AP - Extraction mapping": "P2P - Kruisverwijzingen EDI"
}</process_nl-NL>
      <process_IT>{
	"_BusinessValue": "Valore modulo fattura",
	"_BusinessValue_report": "Valore modulo fattura",
	"_Company code": "Codice società",
	"_ExtractedValue": "Valore EDI",
	"_ExtractedValue_report": "Valore EDI",
	"_FormField": "Campo modulo fattura",
	"_FormField_report": "Campo modulo fattura",
	"AP - Extraction mapping": "P2P - Riferimenti incrociati EDI"
}</process_IT>
      <process_zh-CN>{
	"_BusinessValue": "账单表单中的值",
	"_BusinessValue_report": "账单表单中的值",
	"_Company code": "公司代码",
	"_ExtractedValue": "EDI值",
	"_ExtractedValue_report": "EDI值",
	"_FormField": "账单表单中的字段",
	"_FormField_report": "账单表单中的字段",
	"AP - Extraction mapping": "采购到支付 - EDI交叉参考"
}</process_zh-CN>
      <process_pt-BR>{
	"_BusinessValue": "Valor do formulário da fatura",
	"_BusinessValue_report": "Valor do formulário da fatura",
	"_Company code": "Código da empresa",
	"_ExtractedValue": "Valor EDI",
	"_ExtractedValue_report": "Valor EDI",
	"_FormField": "Campo de formulário da fatura",
	"_FormField_report": "Campo de formulário da fatura",
	"AP - Extraction mapping": "P2P - Referências cruzadas EDI"
}</process_pt-BR>
    </lg>
    <process>
      <BUColumn>CompanyCode__</BUColumn>
      <flowtype>processing</flowtype>
      <homepagelabel>AP - Extraction mapping</homepagelabel>
      <instanciable>1</instanciable>
      <enablerounddecimal>true</enablerounddecimal>
      <OverrideAllowedAttachmentExtensions>*</OverrideAllowedAttachmentExtensions>
      <UseActionNameWithScriptApproval>true</UseActionNameWithScriptApproval>
      <AllowUploadAttachment>0</AllowUploadAttachment>
      <AllowUploadReferenceDocument>0</AllowUploadReferenceDocument>
      <shouldRollbackManualRecordEdits>true</shouldRollbackManualRecordEdits>
      <UseCultureFormat>true</UseCultureFormat>
      <TransportName>CustomTable</TransportName>
      <LayoutVersion>1.0</LayoutVersion>
    </process>
    <ui>
      <layout>{
	"*": {
		"Screen": {
			"type": "FlexibleFormLayout",
			"options": {
				"splitterType": "simple-v",
				"version": 0
			},
			"*": {
				"form-header": {
					"type": "FlexibleFormHeader",
					"options": {
						"hidePanelsMenu": false,
						"version": 0
					},
					"stamp": 2,
					"data": []
				},
				"form-center": {
					"type": "FlexibleFormCenter",
					"options": {
						"version": 0
					},
					"*": {
						"form-content": {
							"type": "FlexibleFormContent",
							"options": {
								"version": 0
							},
							"*": {
								"form-content-center": {
									"type": "FlexibleFormSplitter",
									"options": {
										"version": 1,
										"box": {
											"top": "0%",
											"left": "0%",
											"width": "100%"
										},
										"hidden": false
									},
									"*": {
										"form-content-center-1": {
											"type": "FlexibleFormLine",
											"data": [],
											"options": {
												"version": 0
											},
											"stamp": 9,
											"*": {
												"DataPanel": {
													"type": "PanelData",
													"options": {
														"border": {},
														"version": 0,
														"labelLength": 0,
														"iconURL": "",
														"TitleFontSize": "S",
														"hideActionButtons": false,
														"hideTitleBar": false,
														"hideTitle": false,
														"backgroundcolor": "default",
														"labelsAlignment": "right",
														"label": "_Document data"
													},
													"*": {
														"FieldsManager": {
															"type": "FieldsManager",
															"options": {
																"controlsAssociation": {
																	"FormField__": "LabelFormField__",
																	"LabelFormField__": "FormField__",
																	"ExtractedValue__": "LabelExtractedValue__",
																	"LabelExtractedValue__": "ExtractedValue__",
																	"BusinessValue__": "LabelBusinessValue__",
																	"LabelBusinessValue__": "BusinessValue__",
																	"CompanyCode__": "LabelCompanyCode__",
																	"LabelCompanyCode__": "CompanyCode__"
																},
																"version": 0
															},
															"*": {
																"Grid": {
																	"type": "GridLayout",
																	"options": {
																		"lines": 4,
																		"columns": 2,
																		"version": 0,
																		"ctrlsPos": {
																			"FormField__": {
																				"line": 2,
																				"column": 2
																			},
																			"LabelFormField__": {
																				"line": 2,
																				"column": 1
																			},
																			"ExtractedValue__": {
																				"line": 3,
																				"column": 2
																			},
																			"LabelExtractedValue__": {
																				"line": 3,
																				"column": 1
																			},
																			"BusinessValue__": {
																				"line": 4,
																				"column": 2
																			},
																			"LabelBusinessValue__": {
																				"line": 4,
																				"column": 1
																			},
																			"CompanyCode__": {
																				"line": 1,
																				"column": 2
																			},
																			"LabelCompanyCode__": {
																				"line": 1,
																				"column": 1
																			}
																		},
																		"colspans": [
																			[],
																			[],
																			[],
																			[]
																		]
																	},
																	"data": [
																		"fields"
																	],
																	"*": {
																		"LabelCompanyCode__": {
																			"type": "Label",
																			"data": [
																				"CompanyCode__"
																			],
																			"options": {
																				"label": "_Company code"
																			},
																			"stamp": 22
																		},
																		"CompanyCode__": {
																			"type": "DatabaseComboBox",
																			"data": [
																				"CompanyCode__"
																			],
																			"options": {
																				"version": 1,
																				"label": "_Company code",
																				"activable": true,
																				"width": 230,
																				"helpText": "",
																				"helpURL": "",
																				"helpFormat": "HTML Format",
																				"minNbLines": 1,
																				"maxNbLines": 1,
																				"fTSmaxRecords": "20",
																				"browsable": true,
																				"PreFillFTS": true
																			},
																			"stamp": 23
																		},
																		"LabelFormField__": {
																			"type": "Label",
																			"data": [
																				"FormField__"
																			],
																			"options": {
																				"label": "_FormField",
																				"version": 0
																			},
																			"stamp": 14
																		},
																		"FormField__": {
																			"type": "ShortText",
																			"data": [
																				"FormField__"
																			],
																			"options": {
																				"textSize": "S",
																				"textAlignment": "left",
																				"textStyle": "default",
																				"textColor": "default",
																				"version": 1,
																				"label": "_FormField",
																				"activable": true,
																				"width": 230,
																				"helpText": "",
																				"helpURL": "",
																				"helpFormat": "HTML Format",
																				"browsable": false
																			},
																			"stamp": 15
																		},
																		"LabelExtractedValue__": {
																			"type": "Label",
																			"data": [
																				"ExtractedValue__"
																			],
																			"options": {
																				"label": "_ExtractedValue",
																				"version": 0
																			},
																			"stamp": 16
																		},
																		"ExtractedValue__": {
																			"type": "ShortText",
																			"data": [
																				"ExtractedValue__"
																			],
																			"options": {
																				"textSize": "S",
																				"textAlignment": "left",
																				"textStyle": "default",
																				"textColor": "default",
																				"version": 1,
																				"label": "_ExtractedValue",
																				"activable": true,
																				"width": 230,
																				"helpText": "",
																				"helpURL": "",
																				"helpFormat": "HTML Format",
																				"browsable": false
																			},
																			"stamp": 17
																		},
																		"LabelBusinessValue__": {
																			"type": "Label",
																			"data": [
																				"BusinessValue__"
																			],
																			"options": {
																				"label": "_BusinessValue",
																				"version": 0
																			},
																			"stamp": 18
																		},
																		"BusinessValue__": {
																			"type": "ShortText",
																			"data": [
																				"BusinessValue__"
																			],
																			"options": {
																				"textSize": "S",
																				"textAlignment": "left",
																				"textStyle": "default",
																				"textColor": "default",
																				"version": 1,
																				"label": "_BusinessValue",
																				"activable": true,
																				"width": 230,
																				"helpText": "",
																				"helpURL": "",
																				"helpFormat": "HTML Format",
																				"browsable": false
																			},
																			"stamp": 19
																		}
																	},
																	"stamp": 8
																}
															},
															"stamp": 7,
															"data": []
														}
													},
													"stamp": 6,
													"data": []
												}
											}
										}
									},
									"stamp": 5,
									"data": []
								}
							},
							"stamp": 4,
							"data": []
						}
					},
					"stamp": 3,
					"data": []
				},
				"form-footer": {
					"type": "FlexibleFormFooter",
					"options": {
						"splitterType": "simple-h",
						"version": 0
					},
					"*": {
						"Save": {
							"type": "SubmitButton",
							"options": {
								"label": "_Save",
								"action": "savequit",
								"submit": true,
								"version": 0,
								"shortCut": "S"
							},
							"stamp": 11,
							"data": []
						},
						"Close": {
							"type": "SubmitButton",
							"options": {
								"label": "_Close",
								"action": "cancel",
								"submit": true,
								"version": 0,
								"shortCut": "Q"
							},
							"stamp": 12,
							"data": []
						},
						"Delete": {
							"type": "SubmitButton",
							"options": {
								"label": "_Delete",
								"action": "delete",
								"submit": true,
								"version": 0,
								"disabled": true
							},
							"stamp": 13,
							"data": []
						}
					},
					"stamp": 10,
					"data": []
				}
			},
			"stamp": 1,
			"data": []
		}
	},
	"stamps": 23,
	"data": []
}</layout>
    </ui>
  </properties>
  <field deleted="0" format="" guid="YE7U00000FSX" id="WR1652000SG7" label="_BusinessValue_report" length="50" name="BusinessValue__" originalProcessID="ZE7U00000FSX" precision="0" processid="SR1652000SG7" submitable="1" type="STR">
    <properties>
      <db>
        <alias>AWR1652000SG7</alias>
        <noxml>1</noxml>
        <fullname>/job/processfields/BusinessValue__</fullname>
        <defaultvalue>
        </defaultvalue>
        <RecordLastWrite>2022-10-25 17:08:17</RecordLastWrite>
      </db>
      <extrainfo>
        <Label>_BusinessValue_report</Label>
        <Alias>AWR1652000SG7</Alias>
        <ProcessFieldVersion vartype="INT">1</ProcessFieldVersion>
      </extrainfo>
      <gdr>
        <VarType>Area</VarType>
        <DisableAutolearn>1</DisableAutolearn>
      </gdr>
      <help>
        <helpData>{"helpText":"","helpURL":"","helpFormat":"HTML Format"}</helpData>
      </help>
      <ui>
        <_type>String</_type>
        <automatic>true</automatic>
      </ui>
    </properties>
  </field>
  <field deleted="0" format="" guid="LWAU00000FSX" id="TR1652000SG7" label="_Company code" length="50" name="CompanyCode__" originalProcessID="ZE7U00000FSX" precision="0" processid="SR1652000SG7" submitable="1" type="STR">
    <properties>
      <db>
        <alias>ATR1652000SG7</alias>
        <index vartype="INT">1</index>
        <noxml>1</noxml>
        <fullname>/job/processfields/CompanyCode__</fullname>
        <defaultvalue>
        </defaultvalue>
        <RecordLastWrite>2022-10-25 17:08:17</RecordLastWrite>
      </db>
      <extrainfo>
        <Label>_Company code</Label>
        <Alias>ATR1652000SG7</Alias>
        <ProcessFieldVersion vartype="INT">1</ProcessFieldVersion>
      </extrainfo>
      <field>
        <Editable>true</Editable>
        <TableName>CT#ECW552000SG7</TableName>
        <SortOrder>
        </SortOrder>
        <DisplayedColumns>CompanyCode__|CompanyName__</DisplayedColumns>
        <DisplayedColumnsIds>
        </DisplayedColumnsIds>
        <UseTableForAutolearn>false</UseTableForAutolearn>
        <SavedColumn>CompanyCode__</SavedColumn>
        <SavedColumnId>
        </SavedColumnId>
        <ProcessName>PurchasingCompanycodes__</ProcessName>
        <KeyColumnId>
        </KeyColumnId>
        <KeyAttribute>
        </KeyAttribute>
        <CustomFilter>
        </CustomFilter>
      </field>
      <gdr>
        <DisableAutolearn>1</DisableAutolearn>
      </gdr>
      <help>
        <helpData>{"helpText":"","helpURL":"","helpFormat":"HTML Format"}</helpData>
      </help>
      <ui>
        <_type>String</_type>
        <automatic>true</automatic>
      </ui>
    </properties>
  </field>
  <field deleted="0" format="" guid="XE7U00000FSX" id="VR1652000SG7" label="_ExtractedValue_report" length="250" name="ExtractedValue__" originalProcessID="ZE7U00000FSX" precision="0" processid="SR1652000SG7" submitable="1" type="STR">
    <properties>
      <db>
        <alias>AVR1652000SG7</alias>
        <index vartype="INT">1</index>
        <noxml>1</noxml>
        <fullname>/job/processfields/ExtractedValue__</fullname>
        <defaultvalue>
        </defaultvalue>
        <RecordLastWrite>2022-10-25 17:08:17</RecordLastWrite>
      </db>
      <extrainfo>
        <Label>_ExtractedValue_report</Label>
        <Alias>AVR1652000SG7</Alias>
        <ProcessFieldVersion vartype="INT">1</ProcessFieldVersion>
      </extrainfo>
      <gdr>
        <VarType>Area</VarType>
        <DisableAutolearn>1</DisableAutolearn>
      </gdr>
      <help>
        <helpData>{"helpText":"","helpURL":"","helpFormat":"HTML Format"}</helpData>
      </help>
      <ui>
        <_type>String</_type>
        <automatic>true</automatic>
      </ui>
    </properties>
  </field>
  <field deleted="0" format="" guid="WE7U00000FSX" id="UR1652000SG7" label="_FormField_report" length="50" name="FormField__" originalProcessID="ZE7U00000FSX" precision="0" processid="SR1652000SG7" submitable="1" type="STR">
    <properties>
      <db>
        <alias>AUR1652000SG7</alias>
        <index vartype="INT">1</index>
        <noxml>1</noxml>
        <fullname>/job/processfields/FormField__</fullname>
        <defaultvalue>
        </defaultvalue>
        <RecordLastWrite>2022-10-25 17:08:17</RecordLastWrite>
      </db>
      <extrainfo>
        <Label>_FormField_report</Label>
        <Alias>AUR1652000SG7</Alias>
        <ProcessFieldVersion vartype="INT">1</ProcessFieldVersion>
      </extrainfo>
      <gdr>
        <VarType>Area</VarType>
        <DisableAutolearn>1</DisableAutolearn>
      </gdr>
      <help>
        <helpData>{"helpText":"","helpURL":"","helpFormat":"HTML Format"}</helpData>
      </help>
      <ui>
        <_type>String</_type>
        <automatic>true</automatic>
      </ui>
    </properties>
  </field>
  <type id="JLLP13130F1" name="CT">
  </type>
</process>