﻿<?xml version="1.0" encoding="UTF-8" standalone="no"?>
<process accountid="20063076" allowrepairprocess="0" builtin="0" builtinversion="0" carriesapplicationversion="0" creationdatetime="2022-10-25 17:06:00" deleted="0" eskerapplication="" global="0" id="FVY552000SG7" keepcustomization="0" keepfieldsonly="0" keepfieldsproperties="0" keepnewcontroloptions="0" migrationversion="4" name="ERP Notifier" needvalidation="0" ootofilter="" ootoversion="0" originalProcessID="EFFM1275194" ownerid="cn=admin_p2p@paragon-cc.fr,ou=DEV,ou=TrainingP2P,ou=DEMO_JULIEN,ou=05284299,ou=ESK,s=eoo" ownerpb="OnDemand AddressBook" public="1" pushnotification="0" reuseengine="0" sprintversion="5.261.0" transportname="CustomData" upgradable="1" userid="0" version="1" visibility="0">
  <properties>
    <dataConditions>
      <listDataConditions>
				&lt;dataCondition&gt;
		&lt;tableName&gt;P2P - Global Application Settings__&lt;/tableName&gt;
		&lt;filter&gt;msnex=*&lt;/filter&gt;
		&lt;labelKey&gt;_AP disabled&lt;/labelKey&gt;
		&lt;conditions&gt;
			&lt;allowCondition&gt;
				&lt;fieldName&gt;EnableAccountPayableGlobalSetting__&lt;/fieldName&gt;
				&lt;fieldValue&gt;1&lt;/fieldValue&gt;
			&lt;/allowCondition&gt;
		&lt;/conditions&gt;
	&lt;/dataCondition&gt;
			</listDataConditions>
    </dataConditions>
    <dbIndex>
      <AUTO_AGVY552000SG7A>&lt;Index&gt;&lt;Ref Name="AGVY552000SG7" Option="ASC"/&gt;&lt;/Index&gt;</AUTO_AGVY552000SG7A>
      <AUTO_AJVY552000SG7A>&lt;Index&gt;&lt;Ref Name="AJVY552000SG7" Option="ASC"/&gt;&lt;/Index&gt;</AUTO_AJVY552000SG7A>
      <AUTO_ALVY552000SG7A>&lt;Index&gt;&lt;Ref Name="ALVY552000SG7" Option="ASC"/&gt;&lt;/Index&gt;</AUTO_ALVY552000SG7A>
    </dbIndex>
    <gdr>
      <FinalizationScriptAllowRetry>
      </FinalizationScriptAllowRetry>
      <FinalizationScript>
      </FinalizationScript>
      <ValidationScriptAllowRetry>
      </ValidationScriptAllowRetry>
      <ValidationScript>
      </ValidationScript>
      <AllowTagCoverPages>true</AllowTagCoverPages>
      <AllowTagNewDocuments>true</AllowTagNewDocuments>
      <AllowTagAttachments>true</AllowTagAttachments>
      <ExtractionScriptAllowRetry>
      </ExtractionScriptAllowRetry>
      <ExtractionScript>
      </ExtractionScript>
      <AllowRemovePages>true</AllowRemovePages>
      <AllowSwapPages>true</AllowSwapPages>
      <PostProcessingScriptAllowRetry>
      </PostProcessingScriptAllowRetry>
      <PostProcessingScript>
      </PostProcessingScript>
    </gdr>
    <lg>
      <process_de>{
	"_Company code": "Buchungskreis",
	"_Invoice amount": "Gesamtbetrag",
	"_Invoice currency": "Rechnungswährung",
	"_Invoice number": "Rechnungsnummer",
	"_Net amount": "Nettobetrag",
	"_Vendor number": "Lieferantennummer",
	"ERP Notifier": "Rechnungsaktualisierung im ERP"
}</process_de>
      <process_JA>{
	"_Company code": "会社コード",
	"_Invoice amount": "請求金額",
	"_Invoice currency": "請求通貨",
	"_Invoice number": "請求書番号",
	"_Net amount": "正味金額",
	"_Vendor number": "仕入先番号",
	"ERP Notifier": "ERPの請求書更新"
}</process_JA>
      <process_en>{
	"_Company code": "Company code",
	"_Invoice amount": "Invoice amount",
	"_Invoice currency": "Invoice currency",
	"_Invoice number": "Invoice number",
	"_Net amount": "Net amount",
	"_Vendor number": "Vendor number",
	"ERP Notifier": "Invoice update in ERP"
}</process_en>
      <process_es>{
	"_Company code": "Código de empresa",
	"_Invoice amount": "Importe total",
	"_Invoice currency": "Divisa de factura",
	"_Invoice number": "Número de factura",
	"_Net amount": "Importe neto",
	"_Vendor number": "Número de proveedor",
	"ERP Notifier": "Actualización de facturas en el ERP"
}</process_es>
      <process_fr>{
	"_Company code": "Code société",
	"_Invoice amount": "Montant TTC",
	"_Invoice currency": "Devise",
	"_Invoice number": "Numéro de facture",
	"_Net amount": "Montant HT",
	"_Vendor number": "Numéro du fournisseur",
	"ERP Notifier": "Mise à jour des factures dans l'ERP"
}</process_fr>
      <process_nl-NL>{
	"_Company code": "Bedrijfscode",
	"_Invoice amount": "Factuurbedrag",
	"_Invoice currency": "Valuta factuur",
	"_Invoice number": "Factuurnummer",
	"_Net amount": "Nettobedrag",
	"_Vendor number": "Nummer leverancier",
	"ERP Notifier": "Bijwerken factuur in ERP"
}</process_nl-NL>
      <process_it>{
	"_Company code": "Codice società",
	"_Invoice amount": "Importo totale",
	"_Invoice currency": "Valuta fattura",
	"_Invoice number": "Numero fattura",
	"_Net amount": "Importo netto",
	"_Vendor number": "Numero fornitore",
	"ERP Notifier": "Aggiornamento fatture nell'ERP"
}</process_it>
      <process_zh-CN>{
	"_Company code": "公司代码",
	"_Invoice amount": "发票金额",
	"_Invoice currency": "发票货币",
	"_Invoice number": "发票编号",
	"_Net amount": "不含税金额",
	"_Vendor number": "供应商编号",
	"ERP Notifier": "ERP 中的账单发票更新"
}</process_zh-CN>
      <process_pt-BR>{
	"_Company code": "Código da empresa",
	"_Invoice amount": "Valor da fatura",
	"_Invoice currency": "Moeda da fatura",
	"_Invoice number": "Número da fatura",
	"_Net amount": "Valor líquido",
	"_Vendor number": "Número do fornecedor",
	"ERP Notifier": "Atualização de fatura em ERP"
}</process_pt-BR>
    </lg>
    <ocr>
      <trade-off>accurate</trade-off>
      <image-binarization>no</image-binarization>
      <image-draft-fax>no</image-draft-fax>
      <image-despeckle>no</image-despeckle>
      <allowed-language>0</allowed-language>
      <image-resolution-enhancement>auto</image-resolution-enhancement>
      <extractionAdditionalOptions>
      </extractionAdditionalOptions>
    </ocr>
    <process>
      <flowtype>processing</flowtype>
      <ocrpreset>scan</ocrpreset>
      <homepagelabel>ERP Notifier</homepagelabel>
      <enableflexibleauditing>
      </enableflexibleauditing>
      <enableflexibleediting>
      </enableflexibleediting>
      <enableflexibleteaching>
      </enableflexibleteaching>
      <upgradable>yes</upgradable>
      <disableocr>
      </disableocr>
      <instanciable>1</instanciable>
      <disableautolearning>true</disableautolearning>
      <backgroundprocessingthreshold>
      </backgroundprocessingthreshold>
      <EnablePreviewPrecomputation>
      </EnablePreviewPrecomputation>
      <archiveDuration>0</archiveDuration>
      <ocrpagestoprocess>
      </ocrpagestoprocess>
      <ScriptEngineType>2</ScriptEngineType>
      <displayWidth>
      </displayWidth>
      <AllowUploadAttachment>1</AllowUploadAttachment>
      <AllowUploadReferenceDocument>1</AllowUploadReferenceDocument>
      <AllowRetryExtractCD>true</AllowRetryExtractCD>
      <TransportName>CustomData</TransportName>
      <LayoutVersion>1.0</LayoutVersion>
      <printToProcess>
      </printToProcess>
    </process>
    <ui>
      <layout>{
	"*": {
		"GDRData": {
			"type": "GDRData",
			"options": {
				"version": 0
			},
			"stamp": 1,
			"data": []
		},
		"OCRParams": {
			"type": "OCRParams",
			"options": {
				"version": 0
			},
			"stamp": 2,
			"data": []
		},
		"Screen": {
			"type": "FlexibleFormLayout",
			"options": {
				"splitterType": "complex",
				"version": 0,
				"maxwidth": ""
			},
			"*": {
				"form-header": {
					"type": "FlexibleFormHeader",
					"options": {
						"version": 0,
						"maxwidth": ""
					},
					"stamp": 4,
					"data": []
				},
				"form-center": {
					"type": "FlexibleFormCenter",
					"options": {
						"version": 0,
						"maxwidth": ""
					},
					"*": {
						"form-content": {
							"type": "FlexibleFormContent",
							"options": {
								"version": 0
							},
							"*": {
								"form-content-top": {
									"type": "FlexibleFormSplitter",
									"options": {
										"autosize": true,
										"version": 1,
										"box": {
											"top": "0%",
											"left": "0%",
											"width": null,
											"height": "16%"
										},
										"hidden": false
									},
									"*": {
										"form-content-top-1": {
											"type": "FlexibleFormLine",
											"options": {
												"version": 0
											},
											"*": {
												"DocumentsPanel": {
													"type": "PanelDocument",
													"options": {
														"version": 0,
														"border": {},
														"labelLength": 0,
														"label": "_Documents",
														"iconURL": "",
														"TitleFontSize": "S",
														"hideActionButtons": false,
														"hideTitleBar": false,
														"hideTitle": false
													},
													"*": {
														"Document": {
															"data": [
																"documentscontroldata"
															],
															"type": "Documents",
															"options": {
																"version": 0
															},
															"stamp": 10
														}
													},
													"stamp": 9,
													"data": []
												}
											},
											"stamp": 8,
											"data": []
										}
									},
									"stamp": 7,
									"data": []
								},
								"form-content-bottom": {
									"type": "FlexibleFormSplitter",
									"options": {
										"version": 1,
										"box": {
											"top": "16%",
											"left": "0%",
											"width": null,
											"height": "84%"
										},
										"hidden": false
									},
									"*": {
										"form-content-left": {
											"type": "FlexibleFormSplitter",
											"options": {
												"version": 1,
												"box": {
													"top": "0%",
													"left": "0%",
													"width": "49%",
													"height": null
												},
												"hidden": false
											},
											"*": {
												"form-content-left-1": {
													"type": "FlexibleFormLine",
													"options": {
														"version": 0
													},
													"*": {
														"DataPanel": {
															"type": "PanelData",
															"options": {
																"border": {},
																"version": 0,
																"labelLength": 0,
																"label": "_Document data",
																"iconURL": "",
																"TitleFontSize": "S",
																"hideActionButtons": false,
																"hideTitleBar": false,
																"backgroundcolor": "default",
																"labelsAlignment": "right",
																"hideTitle": false
															},
															"*": {
																"FieldsManager": {
																	"type": "FieldsManager",
																	"options": {
																		"controlsAssociation": {
																			"CompanyCode__": "LabelCompanyCode__",
																			"LabelCompanyCode__": "CompanyCode__",
																			"VendorNumber__": "LabelVendorNumber__",
																			"LabelVendorNumber__": "VendorNumber__",
																			"InvoiceNumber__": "LabelInvoiceNumber__",
																			"LabelInvoiceNumber__": "InvoiceNumber__",
																			"InvoiceAmount__": "LabelInvoiceAmount__",
																			"LabelInvoiceAmount__": "InvoiceAmount__",
																			"NetAmount__": "LabelNetAmount__",
																			"LabelNetAmount__": "NetAmount__",
																			"InvoiceCurrency__": "LabelInvoiceCurrency__",
																			"LabelInvoiceCurrency__": "InvoiceCurrency__"
																		},
																		"version": 0
																	},
																	"*": {
																		"Grid": {
																			"type": "GridLayout",
																			"options": {
																				"lines": 6,
																				"columns": 2,
																				"version": 0,
																				"ctrlsPos": {
																					"CompanyCode__": {
																						"line": 1,
																						"column": 2
																					},
																					"LabelCompanyCode__": {
																						"line": 1,
																						"column": 1
																					},
																					"VendorNumber__": {
																						"line": 3,
																						"column": 2
																					},
																					"LabelVendorNumber__": {
																						"line": 3,
																						"column": 1
																					},
																					"InvoiceNumber__": {
																						"line": 2,
																						"column": 2
																					},
																					"LabelInvoiceNumber__": {
																						"line": 2,
																						"column": 1
																					},
																					"InvoiceAmount__": {
																						"line": 4,
																						"column": 2
																					},
																					"LabelInvoiceAmount__": {
																						"line": 4,
																						"column": 1
																					},
																					"NetAmount__": {
																						"line": 5,
																						"column": 2
																					},
																					"LabelNetAmount__": {
																						"line": 5,
																						"column": 1
																					},
																					"InvoiceCurrency__": {
																						"line": 6,
																						"column": 2
																					},
																					"LabelInvoiceCurrency__": {
																						"line": 6,
																						"column": 1
																					}
																				},
																				"colspans": [
																					[],
																					[],
																					[],
																					[],
																					[],
																					[]
																				]
																			},
																			"data": [
																				"fields"
																			],
																			"*": {
																				"LabelCompanyCode__": {
																					"type": "Label",
																					"data": [
																						"CompanyCode__"
																					],
																					"options": {
																						"label": "_Company code",
																						"version": 0
																					},
																					"stamp": 43
																				},
																				"CompanyCode__": {
																					"type": "ShortText",
																					"data": [
																						"CompanyCode__"
																					],
																					"options": {
																						"label": "_Company code",
																						"activable": true,
																						"width": "180",
																						"version": 0,
																						"textSize": "S",
																						"textAlignment": "left",
																						"textStyle": "default",
																						"textColor": "default",
																						"browsable": false,
																						"autocompletable": true
																					},
																					"stamp": 44
																				},
																				"LabelInvoiceNumber__": {
																					"type": "Label",
																					"data": [
																						"InvoiceNumber__"
																					],
																					"options": {
																						"label": "_Invoice number",
																						"version": 0
																					},
																					"stamp": 39
																				},
																				"InvoiceNumber__": {
																					"type": "ShortText",
																					"data": [
																						"InvoiceNumber__"
																					],
																					"options": {
																						"label": "_Invoice number",
																						"activable": true,
																						"width": "180",
																						"version": 0,
																						"textSize": "S",
																						"textAlignment": "left",
																						"textStyle": "default",
																						"textColor": "default",
																						"browsable": false
																					},
																					"stamp": 40
																				},
																				"LabelVendorNumber__": {
																					"type": "Label",
																					"data": [
																						"VendorNumber__"
																					],
																					"options": {
																						"label": "_Vendor number",
																						"version": 0
																					},
																					"stamp": 47
																				},
																				"VendorNumber__": {
																					"type": "ShortText",
																					"data": [
																						"VendorNumber__"
																					],
																					"options": {
																						"label": "_Vendor number",
																						"activable": true,
																						"width": "180",
																						"version": 0,
																						"textSize": "S",
																						"textAlignment": "left",
																						"textStyle": "default",
																						"textColor": "default",
																						"browsable": false
																					},
																					"stamp": 48
																				},
																				"LabelInvoiceAmount__": {
																					"type": "Label",
																					"data": [
																						"InvoiceAmount__"
																					],
																					"options": {
																						"label": "_Invoice amount"
																					},
																					"stamp": 51
																				},
																				"InvoiceAmount__": {
																					"type": "Decimal",
																					"data": [
																						"InvoiceAmount__"
																					],
																					"options": {
																						"version": 1,
																						"textSize": "S",
																						"textAlignment": "left",
																						"textStyle": "default",
																						"textColor": "default",
																						"integer": false,
																						"label": "_Invoice amount",
																						"precision_internal": 2,
																						"precision_current": 2,
																						"activable": true,
																						"width": "180"
																					},
																					"stamp": 52
																				},
																				"LabelNetAmount__": {
																					"type": "Label",
																					"data": [
																						"NetAmount__"
																					],
																					"options": {
																						"label": "_Net amount"
																					},
																					"stamp": 53
																				},
																				"NetAmount__": {
																					"type": "Decimal",
																					"data": [
																						"NetAmount__"
																					],
																					"options": {
																						"version": 1,
																						"textSize": "S",
																						"textAlignment": "left",
																						"textStyle": "default",
																						"textColor": "default",
																						"integer": false,
																						"label": "_Net amount",
																						"precision_internal": 2,
																						"precision_current": 2,
																						"activable": true,
																						"width": "180"
																					},
																					"stamp": 54
																				},
																				"LabelInvoiceCurrency__": {
																					"type": "Label",
																					"data": [
																						"InvoiceCurrency__"
																					],
																					"options": {
																						"label": "_Invoice currency"
																					},
																					"stamp": 55
																				},
																				"InvoiceCurrency__": {
																					"type": "ShortText",
																					"data": [
																						"InvoiceCurrency__"
																					],
																					"options": {
																						"textSize": "S",
																						"textAlignment": "left",
																						"textStyle": "default",
																						"textColor": "default",
																						"label": "_Invoice currency",
																						"activable": true,
																						"width": "180",
																						"browsable": false
																					},
																					"stamp": 56
																				}
																			},
																			"stamp": 16
																		}
																	},
																	"stamp": 15,
																	"data": []
																}
															},
															"stamp": 14,
															"data": []
														}
													},
													"stamp": 13,
													"data": []
												},
												"form-content-left-2": {
													"type": "FlexibleFormLine",
													"options": {
														"version": 0
													},
													"*": {
														"SystemData": {
															"type": "PanelSystemData",
															"options": {
																"multicolumn": false,
																"version": 0,
																"border": {},
																"labelLength": 0,
																"label": "_System data",
																"iconURL": "",
																"TitleFontSize": "S",
																"hideActionButtons": false,
																"hideTitleBar": false,
																"hideTitle": false
															},
															"stamp": 18,
															"data": []
														}
													},
													"stamp": 17,
													"data": []
												},
												"form-content-left-3": {
													"type": "FlexibleFormLine",
													"options": {
														"version": 0
													},
													"*": {
														"NextProcess": {
															"type": "PanelNextProcess",
															"options": {
																"hidden": true,
																"version": 0,
																"border": {},
																"labelLength": 0,
																"label": "_Next Process",
																"iconURL": "",
																"TitleFontSize": "S",
																"hideActionButtons": false,
																"hideTitleBar": false,
																"hideTitle": false
															},
															"stamp": 20,
															"data": []
														}
													},
													"stamp": 19,
													"data": []
												}
											},
											"stamp": 12,
											"data": []
										},
										"form-content-right": {
											"type": "FlexibleFormSplitter",
											"options": {
												"version": 1,
												"box": {
													"top": "0%",
													"left": "49%",
													"width": "51%",
													"height": null
												},
												"hidden": false
											},
											"*": {
												"form-content-right-1": {
													"type": "FlexibleFormLine",
													"options": {
														"version": 0
													},
													"*": {
														"PreviewPanel": {
															"type": "PanelPreview",
															"options": {
																"border": {},
																"version": 0,
																"labelLength": 0,
																"label": "_Document Preview",
																"iconURL": "",
																"TitleFontSize": "S",
																"hideActionButtons": false,
																"hideTitleBar": false,
																"hideTitle": false
															},
															"*": {
																"Preview": {
																	"data": [
																		"previewdata"
																	],
																	"type": "Preview",
																	"options": {
																		"version": 0
																	},
																	"stamp": 24
																}
															},
															"stamp": 23,
															"data": []
														}
													},
													"stamp": 22,
													"data": []
												}
											},
											"stamp": 21,
											"data": []
										}
									},
									"stamp": 11,
									"data": []
								}
							},
							"stamp": 6,
							"data": []
						}
					},
					"stamp": 5,
					"data": []
				},
				"form-footer": {
					"type": "FlexibleFormFooter",
					"options": {
						"splitterType": "simple-h",
						"version": 0,
						"maxwidth": ""
					},
					"*": {
						"Save": {
							"type": "SubmitButton",
							"options": {
								"label": "_Save",
								"action": "save",
								"submit": true,
								"version": 0
							},
							"stamp": 26,
							"data": []
						},
						"Approve": {
							"type": "SubmitButton",
							"options": {
								"label": "_Approve",
								"action": "approve",
								"submit": true,
								"version": 0
							},
							"stamp": 27,
							"data": []
						},
						"Reject": {
							"type": "SubmitButton",
							"options": {
								"label": "_Reject",
								"action": "reject",
								"submit": true,
								"version": 0
							},
							"stamp": 28,
							"data": []
						},
						"Reprocess": {
							"type": "SubmitButton",
							"options": {
								"label": "_Reprocess",
								"action": "reprocess",
								"submit": true,
								"version": 0
							},
							"stamp": 29,
							"data": []
						},
						"Close": {
							"type": "SubmitButton",
							"options": {
								"label": "_Close",
								"action": "cancel",
								"submit": true,
								"version": 0
							},
							"stamp": 30,
							"data": []
						}
					},
					"stamp": 25,
					"data": []
				}
			},
			"stamp": 3,
			"data": []
		}
	},
	"stamps": 56,
	"data": []
}</layout>
    </ui>
  </properties>
  <field deleted="0" format="" guid="PHQG1267785" id="GVY552000SG7" label="_Company code" length="50" name="CompanyCode__" originalProcessID="EFFM1275194" precision="0" processid="FVY552000SG7" submitable="1" type="STR">
    <properties>
      <db>
        <alias>AGVY552000SG7</alias>
        <index vartype="INT">1</index>
        <noxml>1</noxml>
        <fullname>/job/processfields/CompanyCode__</fullname>
        <defaultvalue>
        </defaultvalue>
        <RecordLastWrite>2014-03-25 19:12:58</RecordLastWrite>
      </db>
      <extraction>
        <extractionData>{"method":"none","pageOrigin":"first","area":"","after":"","before":"","valueToSearch":"","useRegexpMode":false,"matchCase":false,"replacements":[]}</extractionData>
      </extraction>
      <extrainfo>
        <Label>_Company code</Label>
        <Alias>AGVY552000SG7</Alias>
        <ProcessFieldVersion vartype="INT">1</ProcessFieldVersion>
      </extrainfo>
      <field>
        <required>false</required>
      </field>
      <gdr>
        <VarType>Area</VarType>
      </gdr>
      <ui>
        <_type>String</_type>
        <automatic>true</automatic>
      </ui>
    </properties>
  </field>
  <field deleted="0" format="" guid="VDLE177429" id="HVY552000SG7" label="_Invoice amount" length="17" name="InvoiceAmount__" originalProcessID="EFFM1275194" precision="2" processid="FVY552000SG7" submitable="1" type="DECIMAL">
    <properties>
      <db>
        <alias>AHVY552000SG7</alias>
        <noxml>1</noxml>
        <fullname>/job/processfields/InvoiceAmount__</fullname>
        <defaultvalue>
        </defaultvalue>
        <RecordLastWrite>2016-03-18 11:11:58</RecordLastWrite>
      </db>
      <extraction>
        <extractionData>{"method":"none","pageOrigin":"first","area":"","after":"","before":"","valueToSearch":"","useRegexpMode":false,"matchCase":false,"replacements":[],"format":"all"}</extractionData>
      </extraction>
      <extrainfo>
        <Label>_Invoice amount</Label>
        <Alias>AHVY552000SG7</Alias>
        <DecimalPrecision vartype="INT">2</DecimalPrecision>
        <ProcessFieldVersion vartype="INT">1</ProcessFieldVersion>
      </extrainfo>
      <gdr>
        <VarType>Area</VarType>
      </gdr>
      <ui>
        <_type>Number</_type>
        <automatic>true</automatic>
      </ui>
    </properties>
  </field>
  <field deleted="0" format="" guid="LCFG177431" id="IVY552000SG7" label="_Invoice currency" length="50" name="InvoiceCurrency__" originalProcessID="EFFM1275194" precision="0" processid="FVY552000SG7" submitable="1" type="STR">
    <properties>
      <db>
        <alias>AIVY552000SG7</alias>
        <noxml>1</noxml>
        <fullname>/job/processfields/InvoiceCurrency__</fullname>
        <defaultvalue>
        </defaultvalue>
        <RecordLastWrite>2016-03-18 11:11:59</RecordLastWrite>
      </db>
      <extraction>
        <extractionData>{"method":"none","pageOrigin":"first","area":"","after":"","before":"","valueToSearch":"","useRegexpMode":false,"matchCase":false,"replacements":[]}</extractionData>
      </extraction>
      <extrainfo>
        <Label>_Invoice currency</Label>
        <Alias>AIVY552000SG7</Alias>
        <ProcessFieldVersion vartype="INT">1</ProcessFieldVersion>
      </extrainfo>
      <gdr>
        <VarType>Area</VarType>
      </gdr>
      <ui>
        <_type>String</_type>
        <automatic>true</automatic>
      </ui>
    </properties>
  </field>
  <field deleted="0" format="" guid="FTPP1275213" id="JVY552000SG7" label="_Invoice number" length="50" name="InvoiceNumber__" originalProcessID="EFFM1275194" precision="0" processid="FVY552000SG7" submitable="1" type="STR">
    <properties>
      <db>
        <alias>AJVY552000SG7</alias>
        <index vartype="INT">1</index>
        <noxml>1</noxml>
        <fullname>/job/processfields/InvoiceNumber__</fullname>
        <defaultvalue>
        </defaultvalue>
        <RecordLastWrite>2014-03-25 19:12:59</RecordLastWrite>
      </db>
      <extraction>
        <extractionData>{"method":"none","pageOrigin":"first","area":"","after":"","before":"","valueToSearch":"","useRegexpMode":false,"matchCase":false,"replacements":[]}</extractionData>
      </extraction>
      <extrainfo>
        <Label>_Invoice number</Label>
        <Alias>AJVY552000SG7</Alias>
        <ProcessFieldVersion vartype="INT">1</ProcessFieldVersion>
      </extrainfo>
      <field>
        <required>false</required>
      </field>
      <gdr>
        <VarType>Area</VarType>
      </gdr>
      <ui>
        <_type>String</_type>
        <automatic>true</automatic>
      </ui>
    </properties>
  </field>
  <field deleted="0" format="" guid="IGGN177430" id="KVY552000SG7" label="_Net amount" length="17" name="NetAmount__" originalProcessID="EFFM1275194" precision="2" processid="FVY552000SG7" submitable="1" type="DECIMAL">
    <properties>
      <db>
        <alias>AKVY552000SG7</alias>
        <noxml>1</noxml>
        <fullname>/job/processfields/NetAmount__</fullname>
        <defaultvalue>
        </defaultvalue>
        <RecordLastWrite>2016-03-18 11:11:59</RecordLastWrite>
      </db>
      <extraction>
        <extractionData>{"method":"none","pageOrigin":"first","area":"","after":"","before":"","valueToSearch":"","useRegexpMode":false,"matchCase":false,"replacements":[],"format":"all"}</extractionData>
      </extraction>
      <extrainfo>
        <Label>_Net amount</Label>
        <Alias>AKVY552000SG7</Alias>
        <DecimalPrecision vartype="INT">2</DecimalPrecision>
        <ProcessFieldVersion vartype="INT">1</ProcessFieldVersion>
      </extrainfo>
      <gdr>
        <VarType>Area</VarType>
      </gdr>
      <ui>
        <_type>Number</_type>
        <automatic>true</automatic>
      </ui>
    </properties>
  </field>
  <field deleted="0" format="" guid="LNCE1268949" id="LVY552000SG7" label="_Vendor number" length="50" name="VendorNumber__" originalProcessID="EFFM1275194" precision="0" processid="FVY552000SG7" submitable="1" type="STR">
    <properties>
      <db>
        <alias>ALVY552000SG7</alias>
        <index vartype="INT">1</index>
        <noxml>1</noxml>
        <fullname>/job/processfields/VendorNumber__</fullname>
        <defaultvalue>
        </defaultvalue>
        <RecordLastWrite>2014-03-25 19:12:59</RecordLastWrite>
      </db>
      <extraction>
        <extractionData>{"method":"none","pageOrigin":"first","area":"","after":"","before":"","valueToSearch":"","useRegexpMode":false,"matchCase":false,"replacements":[]}</extractionData>
      </extraction>
      <extrainfo>
        <Label>_Vendor number</Label>
        <Alias>ALVY552000SG7</Alias>
        <ProcessFieldVersion vartype="INT">1</ProcessFieldVersion>
      </extrainfo>
      <field>
        <required>false</required>
      </field>
      <gdr>
        <VarType>Area</VarType>
      </gdr>
      <ui>
        <_type>String</_type>
        <automatic>true</automatic>
      </ui>
    </properties>
  </field>
  <type id="RJRH13130EF" name="CD">
  </type>
</process>