﻿<?xml version="1.0" encoding="UTF-8" standalone="no"?>
<process accountid="20063076" allowrepairprocess="0" builtin="0" builtinversion="0" carriesapplicationversion="0" creationdatetime="2022-10-25 17:04:49" deleted="0" eskerapplication="" global="0" id="JWW552000SG7" keepcustomization="0" keepfieldsonly="0" keepfieldsproperties="0" keepnewcontroloptions="0" migrationversion="4" name="P2P - Business area__" needvalidation="1" ootofilter="" ootoversion="0" originalProcessID="DUXW177844" ownerid="cn=admin_p2p@paragon-cc.fr,ou=DEV,ou=TrainingP2P,ou=DEMO_JULIEN,ou=05284299,ou=ESK,s=eoo" ownerpb="OnDemand AddressBook" public="1" pushnotification="0" reuseengine="0" sprintversion="5.261.0" transportname="CustomTable" upgradable="1" userid="0" version="1" visibility="0">
  <properties>
    <gdr>
    </gdr>
    <lg>
      <process_de>{
	"_BusinessArea": "Geschäftsbereich",
	"_BusinessArea_report": "Geschäftsbereich",
	"_Description": "Beschreibung",
	"_Description_report": "Beschreibung",
	"P2P - Business area": "P2P - Geschäftsbereiche",
	"P2P - Business area__": "P2P - Geschäftsbereiche"
}</process_de>
      <process_JA>{
	"_BusinessArea": "事業領域",
	"_BusinessArea_report": "事業領域",
	"_Description": "説明",
	"_Description_report": "説明",
	"P2P - Business area": "P2P  - 事業領域",
	"P2P - Business area__": "P2P - 事業領域"
}</process_JA>
      <process_en>{
	"_BusinessArea": "Business area",
	"_BusinessArea_report": "Business area",
	"_Description": "Description",
	"_Description_report": "Description",
	"P2P - Business area": "P2P - Business area",
	"P2P - Business area__": "P2P - Business area"
}</process_en>
      <process_es>{
	"_BusinessArea": "División",
	"_BusinessArea_report": "División",
	"_Description": "Descripción",
	"_Description_report": "Descripción",
	"P2P - Business area": "P2P - Divisiones",
	"P2P - Business area__": "P2P - Divisiones"
}</process_es>
      <process_fr>{
	"_BusinessArea": "Domaine d'activité",
	"_BusinessArea_report": "Domaine d'activité",
	"_Description": "Description",
	"_Description_report": "Description",
	"P2P - Business area": "P2P - Domaine d'activité",
	"P2P - Business area__": "P2P - Domaine d'activité"
}</process_fr>
      <process_nl-NL>{
	"_BusinessArea": "Business area",
	"_BusinessArea_report": "Business area",
	"_Description": "Beschrijving",
	"_Description_report": "Beschrijving",
	"P2P - Business area": "P2P - Business area",
	"P2P - Business area__": "P2P - Business area"
}</process_nl-NL>
      <process_it>{
	"_BusinessArea": "Area di business",
	"_BusinessArea_report": "Area di business",
	"_Description": "Descrizione",
	"_Description_report": "Descrizione",
	"P2P - Business area": "P2P - Aree di business",
	"P2P - Business area__": "P2P - Aree di business"
}</process_it>
      <process_zh-CN>{
	"_BusinessArea": "业务领域",
	"_BusinessArea_report": "业务领域",
	"_Description": "说明",
	"_Description_report": "说明",
	"P2P - Business area": "采购到支付 - 业务领域",
	"P2P - Business area__": "采购到支付 - 业务领域"
}</process_zh-CN>
      <process_pt-BR>{
	"_BusinessArea": "Área de negócio",
	"_BusinessArea_report": "Área de negócio",
	"_Description": "Descrição",
	"_Description_report": "Descrição",
	"P2P - Business area": "P2P - Área de negócio",
	"P2P - Business area__": "P2P - Área de negócio"
}</process_pt-BR>
    </lg>
    <process>
      <flowtype>processing</flowtype>
      <homepagelabel>P2P - Business area</homepagelabel>
      <upgradable>yes</upgradable>
      <instanciable>1</instanciable>
      <OverrideAllowedAttachmentExtensions>*</OverrideAllowedAttachmentExtensions>
      <UseActionNameWithScriptApproval>true</UseActionNameWithScriptApproval>
      <AllowUploadAttachment>0</AllowUploadAttachment>
      <AllowUploadReferenceDocument>0</AllowUploadReferenceDocument>
      <shouldRollbackManualRecordEdits>true</shouldRollbackManualRecordEdits>
      <UseCultureFormat>true</UseCultureFormat>
      <TransportName>CustomTable</TransportName>
      <LayoutVersion>1.0</LayoutVersion>
    </process>
    <ui>
      <layout>{
	"*": {
		"Screen": {
			"type": "FlexibleFormLayout",
			"options": {
				"splitterType": "simple-v",
				"version": 0
			},
			"*": {
				"form-header": {
					"type": "FlexibleFormHeader",
					"options": {
						"hidePanelsMenu": false,
						"version": 0
					},
					"stamp": 2,
					"data": []
				},
				"form-center": {
					"type": "FlexibleFormCenter",
					"options": {
						"version": 0
					},
					"*": {
						"form-content": {
							"type": "FlexibleFormContent",
							"options": {
								"version": 0
							},
							"*": {
								"form-content-center": {
									"type": "FlexibleFormSplitter",
									"options": {
										"version": 1,
										"box": {
											"top": "0%",
											"left": "0%",
											"width": "100%"
										},
										"hidden": false
									},
									"*": {
										"form-content-center-1": {
											"type": "FlexibleFormLine",
											"data": [],
											"options": {},
											"stamp": 9,
											"*": {
												"DataPanel": {
													"type": "PanelData",
													"options": {
														"border": {},
														"version": 0,
														"labelLength": 0,
														"iconURL": "",
														"TitleFontSize": "S",
														"hideActionButtons": false,
														"hideTitleBar": false,
														"hideTitle": false,
														"backgroundcolor": "default",
														"labelsAlignment": "right",
														"label": "_Document data"
													},
													"*": {
														"FieldsManager": {
															"type": "FieldsManager",
															"options": {
																"controlsAssociation": {
																	"BusinessArea__": "LabelBusinessArea__",
																	"LabelBusinessArea__": "BusinessArea__",
																	"Description__": "LabelDescription__",
																	"LabelDescription__": "Description__"
																},
																"version": 0
															},
															"*": {
																"Grid": {
																	"type": "GridLayout",
																	"options": {
																		"lines": 2,
																		"columns": 2,
																		"version": 0,
																		"ctrlsPos": {
																			"BusinessArea__": {
																				"line": 1,
																				"column": 2
																			},
																			"LabelBusinessArea__": {
																				"line": 1,
																				"column": 1
																			},
																			"Description__": {
																				"line": 2,
																				"column": 2
																			},
																			"LabelDescription__": {
																				"line": 2,
																				"column": 1
																			}
																		},
																		"colspans": [
																			[],
																			[]
																		]
																	},
																	"data": [
																		"fields"
																	],
																	"*": {
																		"LabelBusinessArea__": {
																			"type": "Label",
																			"data": [
																				"BusinessArea__"
																			],
																			"options": {
																				"label": "_BusinessArea"
																			},
																			"stamp": 14
																		},
																		"BusinessArea__": {
																			"type": "ShortText",
																			"data": [
																				"BusinessArea__"
																			],
																			"options": {
																				"textSize": "S",
																				"textAlignment": "left",
																				"textStyle": "default",
																				"textColor": "default",
																				"label": "_BusinessArea",
																				"activable": true,
																				"width": 230,
																				"length": 4,
																				"browsable": false
																			},
																			"stamp": 15
																		},
																		"LabelDescription__": {
																			"type": "Label",
																			"data": [
																				"Description__"
																			],
																			"options": {
																				"label": "_Description"
																			},
																			"stamp": 16
																		},
																		"Description__": {
																			"type": "ShortText",
																			"data": [
																				"Description__"
																			],
																			"options": {
																				"textSize": "S",
																				"textAlignment": "left",
																				"textStyle": "default",
																				"textColor": "default",
																				"label": "_Description",
																				"activable": true,
																				"width": 230,
																				"length": 40,
																				"browsable": false
																			},
																			"stamp": 17
																		}
																	},
																	"stamp": 8
																}
															},
															"stamp": 7,
															"data": []
														}
													},
													"stamp": 6,
													"data": []
												}
											}
										}
									},
									"stamp": 5,
									"data": []
								}
							},
							"stamp": 4,
							"data": []
						}
					},
					"stamp": 3,
					"data": []
				},
				"form-footer": {
					"type": "FlexibleFormFooter",
					"options": {
						"splitterType": "simple-h",
						"version": 0
					},
					"*": {
						"Save": {
							"type": "SubmitButton",
							"options": {
								"label": "_Save",
								"action": "savequit",
								"submit": true,
								"version": 0
							},
							"stamp": 11,
							"data": []
						},
						"Close": {
							"type": "SubmitButton",
							"options": {
								"label": "_Close",
								"action": "cancel",
								"submit": true,
								"version": 0
							},
							"stamp": 12,
							"data": []
						},
						"Delete": {
							"type": "SubmitButton",
							"options": {
								"label": "_Delete",
								"action": "delete",
								"submit": true,
								"version": 0,
								"disabled": true
							},
							"stamp": 13,
							"data": []
						}
					},
					"stamp": 10,
					"data": []
				}
			},
			"stamp": 1,
			"data": []
		}
	},
	"stamps": 17,
	"data": []
}</layout>
    </ui>
  </properties>
  <field deleted="0" format="" guid="FNFO177845" id="KWW552000SG7" label="_BusinessArea_report" length="4" name="BusinessArea__" originalProcessID="DUXW177844" precision="0" processid="JWW552000SG7" submitable="1" type="STR">
    <properties>
      <db>
        <alias>AKWW552000SG7</alias>
        <noxml>1</noxml>
        <fullname>/job/processfields/BusinessArea__</fullname>
        <defaultvalue>
        </defaultvalue>
        <RecordLastWrite>1899-12-30 00:00:00</RecordLastWrite>
      </db>
      <extrainfo>
        <Label>_BusinessArea_report</Label>
        <Alias>AKWW552000SG7</Alias>
        <ProcessFieldVersion vartype="INT">1</ProcessFieldVersion>
      </extrainfo>
      <gdr>
        <VarType>Area</VarType>
      </gdr>
      <ui>
        <_type>String</_type>
        <automatic>true</automatic>
      </ui>
    </properties>
  </field>
  <field deleted="0" format="" guid="ZVSR177846" id="LWW552000SG7" label="_Description_report" length="40" name="Description__" originalProcessID="DUXW177844" precision="0" processid="JWW552000SG7" submitable="1" type="STR">
    <properties>
      <db>
        <alias>ALWW552000SG7</alias>
        <noxml>1</noxml>
        <fullname>/job/processfields/Description__</fullname>
        <defaultvalue>
        </defaultvalue>
        <RecordLastWrite>1899-12-30 00:00:00</RecordLastWrite>
      </db>
      <extrainfo>
        <Label>_Description_report</Label>
        <Alias>ALWW552000SG7</Alias>
        <ProcessFieldVersion vartype="INT">1</ProcessFieldVersion>
      </extrainfo>
      <gdr>
        <VarType>Area</VarType>
      </gdr>
      <ui>
        <_type>String</_type>
        <automatic>true</automatic>
      </ui>
    </properties>
  </field>
  <type id="JLLP13130F1" name="CT">
  </type>
</process>