﻿<?xml version="1.0" encoding="UTF-8" standalone="no"?>
<process accountid="20063076" allowrepairprocess="0" builtin="0" builtinversion="0" carriesapplicationversion="0" creationdatetime="2022-10-25 17:08:58" deleted="0" eskerapplication="VendorMana" global="0" id="TB2652000SG7" keepcustomization="0" keepfieldsonly="0" keepfieldsproperties="0" keepnewcontroloptions="0" migrationversion="4" name="New Vendor Registration" needvalidation="0" ootofilter="" ootoversion="1" originalProcessID="K90KG0000IYP" ownerid="cn=admin_p2p@paragon-cc.fr,ou=DEV,ou=TrainingP2P,ou=DEMO_JULIEN,ou=05284299,ou=ESK,s=eoo" ownerpb="OnDemand AddressBook" public="1" pushnotification="0" reuseengine="0" sprintversion="5.261.0" transportname="CustomData" upgradable="1" userid="0" version="1" visibility="1">
  <properties>
    <gdr>
      <finalizationscriptIncludedScripts>Sys/Sys_EmailNotification</finalizationscriptIncludedScripts>
      <FinalizationScript>var CultureHelper = {
	cultures:
	{
		en: "en-EN",
		fr: "fr-FR",
		de: "de-DE",
		it: "it-IT",
		es: "es-ES",
		"zh-CN": "zh-CN"
	},
	language: "en",
	selectedCulture: "",
	computeCulture: function ()
	{
		this.language = Data.GetValue("VendorLanguage__");
		this.selectedCulture = this.cultures[this.language];
	}
};
var RegistrationHelper = {
	CreateRegistration: function ()
	{
		var loginUser;
		var ownerID = Data.GetValue("OwnerId");
		if (UserHelper.clonedUser)
		{
			var userVars = UserHelper.clonedUser.GetVars();
			loginUser = userVars.GetValue_String("Login", 0);
		}
		else
		{
			var internalUserVars = Users.GetUser(ownerID).GetVars();
			var accountID = internalUserVars.GetValue_String("AccountID", 0);
			loginUser = "".concat(accountID, "$").concat(Data.GetValue("VendorEmail__"));
			var user = Users.GetUserAsProcessAdmin(loginUser);
			user.SetValues(
			{
				AccountLocked: false,
				LoginType: 0x00000018 // AllowNoPassword | Vendor
			});
		}
		var vendorRegistrationProcess = Process.CreateProcessInstanceForUser("Vendor Registration", ownerID);
		var capExtVars = vendorRegistrationProcess.GetExternalVars();
		capExtVars.AddValue_String("creatorOwnerId", ownerID, true);
		capExtVars.AddValue_String("creatorOwnerEmail", Users.GetUser(ownerID).GetValue("login"), true);
		capExtVars.AddValue_String("guestUserLogin", loginUser, true);
		capExtVars.AddValue_String("vendorCategory", Variable.GetValueAsString("vendorCategory"), true);
		vendorRegistrationProcess.Process();
	}
};
var UserHelper = {
	guestUser: null,
	clonedUser: null,
	GetUserTemplateGuest: function ()
	{
		if (this.guestUser === null)
		{
			var internalUser = Users.GetUserAsProcessAdmin(Data.GetValue("OwnerId"));
			var supplierVars = internalUser.GetVars();
			var accountID = supplierVars.GetValue_String("AccountID", 0);
			this.guestUser = Users.GetUserAsProcessAdmin(accountID + "$_vendor_guest_template_");
		}
	},
	CloneTemplateGuest: function ()
	{
		this.GetUserTemplateGuest();
		if (this.guestUser)
		{
			var email = Data.GetValue("VendorEmail__");
			this.clonedUser = this.guestUser.Clone(email,
			{
				emailaddress: email,
				culture: CultureHelper.selectedCulture,
				language: CultureHelper.language
			});
			return this;
		}
		throw "An error occcured during the creation of the vendor. Try again later, if the problem persist, contact the support.";
	}
};
if (Data.GetValue("VendorEmail__") &amp;&amp; !Data.GetValue("OpenRegistrationForm__"))
{
	if (Data.GetActionName() === "createUserAndSendInvitation")
	{
		CultureHelper.computeCulture();
		UserHelper.CloneTemplateGuest();
	}
	RegistrationHelper.CreateRegistration();
}</FinalizationScript>
      <AllowTagCoverPages>true</AllowTagCoverPages>
      <AllowTagNewDocuments>true</AllowTagNewDocuments>
      <AllowTagAttachments>true</AllowTagAttachments>
      <AllowRemovePages>true</AllowRemovePages>
      <AllowSwapPages>true</AllowSwapPages>
    </gdr>
    <lg>
      <process_de>{
	"_ButtonAskToFillForm": "Einladung an Lieferant senden",
	"_ButtonFillVendorRegistrationForm": "Lieferant registrieren",
	"_ConfirmResendVendorRegistration": "Für diesen Lieferanten haben Sie bereits ein Konto eröffnet.\nMöchten Sie den Einladungslink zum Registrierungsformular erneut senden?",
	"_ConfirmResendVendorRegistrationTitle": "Einladungslink erneut senden",
	"_email": "E-Mail des Lieferanten",
	"_ErrorCannotCreateVendorRegistration": "Es tut uns leid, aber die angeforderte Aktion konnte nicht durchgeführt werden. Versuchen Sie es erneut.\n\nWenn das Problem weiterhin auftritt, wenden Sie sich an Ihren Administrator.",
	"_ErrorPopupTitleCannotCreateVendorRegistration": "Aktion nicht verfügbar",
	"_Popup title": "Einladungslink zum Registrierungsformular senden",
	"_PopupDescriptionCreateNewVendor": "Um eine neue Lieferantenregistrierungsanfrage einzureichen, können Sie einen Einladungslink per E-Mail an den Lieferanten senden und ihn bitten, das Formular auszufüllen, oder Sie können die Registrierungsanfrage selbst ausfüllen.",
	"_PopupTitleCreateNewVendor": "Neue Registrierungsanfrage",
	"_send invitation button": "Senden",
	"_Use correct email": "Bitte geben Sie eine gültige E-Mail-Adresse ein.",
	"_Vendor already exist": "Für diesen Lieferanten haben Sie bereits ein Konto eröffnet.",
	"_Vendor Category is mandatory.": "Geben Sie bitte eine Lieferantenkategorie an",
	"_vendor language": "Sprache des Lieferanten",
	"_VendorCategoryBrowseTitle": "Lieferantenkategorie",
	"_VendorCategoryLabel": "Lieferantenkategorie"
}</process_de>
      <process_JA>{
	"_ButtonAskToFillForm": "仕入先に招待状を送信",
	"_ButtonFillVendorRegistrationForm": "仕入先を登録",
	"_ConfirmResendVendorRegistration": "この仕入先のアカウントはすでに開設されています。登録フォームの招待リンクを再送しますか？",
	"_ConfirmResendVendorRegistrationTitle": "招待リンクを再送",
	"_email": "仕入先電子メール",
	"_ErrorCannotCreateVendorRegistration": "申し訳ございませんが、このサービスは現在ご利用いただけません。問題が解決しない場合は、管理者に連絡してください。",
	"_ErrorPopupTitleCannotCreateVendorRegistration": "サービス使用不可",
	"_Popup title": "登録フォームへの招待リンクを送信",
	"_PopupDescriptionCreateNewVendor": "新しい仕入れ先の登録リクエストを送信するには、招待リンクを仕入れ先にメールで送信してフォームに記入してもらうか、自分で登録リクエストを記入します。",
	"_PopupTitleCreateNewVendor": "新しい仕入先登録",
	"_send invitation button": "送信",
	"_Use correct email": "正しい電子メールアドレスを入力してください。",
	"_Vendor already exist": "この仕入先のアカウントはすでに開設されています。",
	"_Vendor Category is mandatory.": "仕入先カテゴリーを指定してください",
	"_vendor language": "仕入先の言語",
	"_VendorCategoryBrowseTitle": "仕入先カテゴリー",
	"_VendorCategoryLabel": "仕入先カテゴリー"
}</process_JA>
      <process_en>{
	"_ButtonAskToFillForm": "Send invite to vendor",
	"_ButtonFillVendorRegistrationForm": "Register a vendor",
	"_ConfirmResendVendorRegistration": "You have already opened an account for this vendor. \nDo you want to resend an invite link to the registration form?",
	"_ConfirmResendVendorRegistrationTitle": "Resend Invite Link",
	"_email": "Vendor email",
	"_ErrorCannotCreateVendorRegistration": "We're sorry, but this service is currently unavailable. \n\nIf the problem persists, please contact your administrator.",
	"_ErrorPopupTitleCannotCreateVendorRegistration": "Service Unavailable",
	"_Popup title": "Send Invite Link to Registration Form",
	"_PopupDescriptionCreateNewVendor": "To submit a new vendor registration request, you can either send an invite link to the vendor via email to ask them to complete the form, or you can complete the registration request yourself.",
	"_PopupTitleCreateNewVendor": "New Vendor Registration",
	"_send invitation button": "Send",
	"_Use correct email": "Please enter a valid email address.",
	"_Vendor already exist": "You have already opened an account for this vendor.",
	"_Vendor Category is mandatory.": "Please specify the vendor category",
	"_vendor language": "Vendor language",
	"_VendorCategoryBrowseTitle": "Vendor category",
	"_VendorCategoryLabel": "Vendor category"
}</process_en>
      <process_es>{
	"_ButtonAskToFillForm": "Enviar una invitación al proveedor",
	"_ButtonFillVendorRegistrationForm": "Registrar un proveedor",
	"_ConfirmResendVendorRegistration": "Ya ha abierto una cuenta para este proveedor.\n¿Desea volver a enviar el enlace de invitación al formulario de registro?",
	"_ConfirmResendVendorRegistrationTitle": "Reenviar el enlace de invitación",
	"_email": "E-mail del proveedor",
	"_ErrorCannotCreateVendorRegistration": "Lo sentimos, pero este servicio no está disponible actualmente. \n\nSi el problema persiste, póngase en contacto con su administrador.",
	"_ErrorPopupTitleCannotCreateVendorRegistration": "Servicio no disponible",
	"_Popup title": "Enviar enlace de invitación al formulario de registro",
	"_PopupDescriptionCreateNewVendor": "Para enviar una solicitud de registro de un nuevo proveedor, puede enviar un enlace de invitación al proveedor por e-mail para pedirle que complete el formulario, o puede completar la solicitud de registro usted mismo.",
	"_PopupTitleCreateNewVendor": "Nueva solicitud de registro",
	"_send invitation button": "Enviar",
	"_Use correct email": "Introduzca una dirección de e-mail válida.",
	"_Vendor already exist": "Ya ha abierto una cuenta para este proveedor.",
	"_Vendor Category is mandatory.": "Especifique la categoría del proveedor",
	"_vendor language": "Idioma del proveedor",
	"_VendorCategoryBrowseTitle": "Categoría de proveedor",
	"_VendorCategoryLabel": "Categoría de proveedor"
}</process_es>
      <process_fr>{
	"_ButtonAskToFillForm": "Envoyer une invitation au fournisseur",
	"_ButtonFillVendorRegistrationForm": "Enregistrer un fournisseur",
	"_ConfirmResendVendorRegistration": "Vous avez déjà ouvert un compte pour ce fournisseur.\nSouhaitez-vous renvoyer le lien d'invitation vers le formulaire d'enregistrement ?",
	"_ConfirmResendVendorRegistrationTitle": "Renvoyer le lien d'invitation",
	"_email": "Adresse e-mail du fournisseur",
	"_ErrorCannotCreateVendorRegistration": "Nous sommes désolés, mais ce service n'est pas disponible actuellement.\n\nSi le problème persiste, veuillez contacter votre administrateur.",
	"_ErrorPopupTitleCannotCreateVendorRegistration": "Service non disponible",
	"_Popup title": "Envoyer un lien d'invitation vers le formulaire d'enregistrement",
	"_PopupDescriptionCreateNewVendor": "Pour soumettre une demande d'enregistrement d'un nouveau fournisseur, vous pouvez soit envoyer un lien d'invitation au fournisseur par e-mail pour lui demander de remplir le formulaire, soit remplir vous-même la demande d'enregistrement.",
	"_PopupTitleCreateNewVendor": "Nouvelle demande d'enregistrement",
	"_send invitation button": "Envoyer",
	"_Use correct email": "Veuillez saisir une adresse e-mail valide.",
	"_Vendor already exist": "Vous avez déjà ouvert un compte pour ce fournisseur.",
	"_Vendor Category is mandatory.": "Veuillez spécifier la catégorie du fournisseur",
	"_vendor language": "Langue du fournisseur",
	"_VendorCategoryBrowseTitle": "Catégorie de fournisseur",
	"_VendorCategoryLabel": "Catégorie de fournisseur"
}</process_fr>
      <process_nl-NL>{
	"_ButtonAskToFillForm": "Uitnodiging naar leverancier sturen",
	"_ButtonFillVendorRegistrationForm": "Een leverancier registreren",
	"_ConfirmResendVendorRegistration": "U hebt al een account geopend voor deze leverancier. Wilt u opnieuw een koppeling met uitnodiging voor het registratieformulier verzenden?",
	"_ConfirmResendVendorRegistrationTitle": "Koppeling uitnodiging opnieuw verzenden",
	"_email": "Leverancier e-mailadres",
	"_ErrorCannotCreateVendorRegistration": "Deze service is momenteel helaas niet beschikbaar. Neem contact op met uw beheerder als het probleem aanhoudt.",
	"_ErrorPopupTitleCannotCreateVendorRegistration": "Service niet beschikbaar",
	"_Popup title": "Koppeling uitnodiging voor registratieformulier verzenden",
	"_PopupDescriptionCreateNewVendor": "Om een verzoek om registratie van een nieuwe leverancier in te dienen, kunt u een koppeling met uitnodiging via e-mail naar de leverancier sturen en vragen het formulier in te vullen of kunt u het verzoek om registratie zelf invullen.",
	"_PopupTitleCreateNewVendor": "Registratie nieuwe leverancier",
	"_send invitation button": "Verzenden",
	"_Use correct email": "Voer een geldig e-mailadres in.",
	"_Vendor already exist": "U hebt al een account geopend voor deze leverancier.",
	"_Vendor Category is mandatory.": "Geef de categorie leverancier op",
	"_vendor language": "Taal leverancier",
	"_VendorCategoryBrowseTitle": "Categorie leverancier",
	"_VendorCategoryLabel": "Categorie leverancier"
}</process_nl-NL>
      <process_it>{
	"_ButtonAskToFillForm": "Invia invito al fornitore",
	"_ButtonFillVendorRegistrationForm": "Registra fornitore",
	"_ConfirmResendVendorRegistration": "Esiste già un conto per questo fornitore.\nInviare di nuovo il collegamento di invito al modulo di registrazione?",
	"_ConfirmResendVendorRegistrationTitle": "Rinvia collegamento di invito",
	"_email": "E-mail fornitore",
	"_ErrorCannotCreateVendorRegistration": "Siamo spiacenti, ma questa azione non è attualmente disponibile. Riprovare.\n\nSe il problema persiste, contattare l'amministratore.",
	"_ErrorPopupTitleCannotCreateVendorRegistration": "Azione non disponibile",
	"_Popup title": "Invia collegamento di invito al modulo di registrazione",
	"_PopupDescriptionCreateNewVendor": "Per inviare una richiesta di registrazione di un nuovo fornitore, è possibile inviare un collegamento di invito al fornitore tramite e-mail chiedendogli di compilare il modulo, oppure compilare da sé la richiesta di registrazione.",
	"_PopupTitleCreateNewVendor": "Nuova richiesta di registrazione",
	"_send invitation button": "Invia",
	"_Use correct email": "Immettere un indirizzo e-mail valido.",
	"_Vendor already exist": "Esiste già un conto per questo fornitore.",
	"_Vendor Category is mandatory.": "Specificare la categoria del fornitore",
	"_vendor language": "Lingua fornitore",
	"_VendorCategoryBrowseTitle": "Categoria fornitore",
	"_VendorCategoryLabel": "Categoria fornitore"
}</process_it>
      <process_ZH-CN>{
	"_ButtonAskToFillForm": "向供应商发送邀请",
	"_ButtonFillVendorRegistrationForm": "注册供应商",
	"_ConfirmResendVendorRegistration": "您已经为该供应商开设了一个帐户。\n要重新发送注册表的邀请链接吗？",
	"_ConfirmResendVendorRegistrationTitle": "重新发送邀请链接",
	"_email": "供应商电子邮件",
	"_ErrorCannotCreateVendorRegistration": "抱歉，这项服务目前不可用。\n\n如果持续出错，请联系管理员。",
	"_ErrorPopupTitleCannotCreateVendorRegistration": "服务不可用",
	"_Popup title": "发送注册表的邀请链接",
	"_PopupDescriptionCreateNewVendor": "要提交新的供应商注册请求，您可以通过电子邮件向供应商发送邀请链接，要求他们填写表单，也可以自己完成注册请求。",
	"_PopupTitleCreateNewVendor": "新供应商注册",
	"_send invitation button": "发送",
	"_Use correct email": "请输入有效的电子邮件地址。",
	"_Vendor already exist": "您已经为该供应商开设了账户。",
	"_Vendor Category is mandatory.": "请指定供应商类别",
	"_vendor language": "供应商语言",
	"_VendorCategoryBrowseTitle": "供应商类别",
	"_VendorCategoryLabel": "供应商类别"
}</process_ZH-CN>
      <process_pt-BR>{
	"_ButtonAskToFillForm": "Enviar convite ao fornecedor",
	"_ButtonFillVendorRegistrationForm": "Registrar um fornecedor",
	"_ConfirmResendVendorRegistration": "Você já abriu uma conta para este fornecedor. Você quer reenviar um link de convite para o formulário de registro?",
	"_ConfirmResendVendorRegistrationTitle": "Reenviar um link de convite",
	"_email": "E-mail do fornecedor",
	"_ErrorCannotCreateVendorRegistration": "Lamentamos, mas este serviço não está disponível no momento. Se o problema persistir, entre em contato com seu administrador.",
	"_ErrorPopupTitleCannotCreateVendorRegistration": "Serviço indisponível",
	"_Popup title": "Enviar link de convite para formulário de inscrição",
	"_PopupDescriptionCreateNewVendor": "Para enviar uma nova solicitação de registro de fornecedor, você pode enviar um link de convite ao fornecedor por e-mail para pedir que preencha o formulário ou você mesmo pode preencher a solicitação de registro.",
	"_PopupTitleCreateNewVendor": "Registro de novo fornecedor",
	"_send invitation button": "Enviar",
	"_Use correct email": "Digite um endereço de e-mail válido.",
	"_Vendor already exist": "Você já abriu uma conta para este fornecedor.",
	"_Vendor Category is mandatory.": "Por favor, especifique a categoria de fornecedor",
	"_vendor language": "Idioma do fornecedor",
	"_VendorCategoryBrowseTitle": "Categoria de fornecedor",
	"_VendorCategoryLabel": "Categoria de fornecedor"
}</process_pt-BR>
    </lg>
    <ocr>
      <trade-off>accurate</trade-off>
      <image-binarization>no</image-binarization>
      <image-draft-fax>no</image-draft-fax>
      <image-despeckle>no</image-despeckle>
      <allowed-language>0</allowed-language>
      <image-resolution-enhancement>auto</image-resolution-enhancement>
      <pdf-processing>no-ocr</pdf-processing>
      <ocr_engine>Nuance190</ocr_engine>
      <ocrpagestoprocess>0</ocrpagestoprocess>
      <extractionAdditionalOptions>
      </extractionAdditionalOptions>
    </ocr>
    <process>
      <flowtype>processing</flowtype>
      <ocrpreset>scan</ocrpreset>
      <homepagelabel>New Vendor Registration</homepagelabel>
      <enableflexibleauditing>
      </enableflexibleauditing>
      <enableflexibleediting>
      </enableflexibleediting>
      <enableflexibleteaching>
      </enableflexibleteaching>
      <upgradable>yes</upgradable>
      <disableocr>
      </disableocr>
      <instanciable>1</instanciable>
      <disableautolearning>true</disableautolearning>
      <backgroundprocessingthreshold>
      </backgroundprocessingthreshold>
      <EnablePreviewPrecomputation>
      </EnablePreviewPrecomputation>
      <enablerounddecimal>true</enablerounddecimal>
      <pdfNormalizeFilter>
      </pdfNormalizeFilter>
      <archiveDuration>0</archiveDuration>
      <ownhomepage>
      </ownhomepage>
      <ocrpagestoprocess>0</ocrpagestoprocess>
      <ScriptEngineType>2</ScriptEngineType>
      <UseActionNameWithScriptApproval>true</UseActionNameWithScriptApproval>
      <displayWidth>
      </displayWidth>
      <AllowUploadAttachment>1</AllowUploadAttachment>
      <AllowUploadReferenceDocument>1</AllowUploadReferenceDocument>
      <UseCultureFormat>true</UseCultureFormat>
      <AllowRetryExtractCD>true</AllowRetryExtractCD>
      <TransportName>CustomData</TransportName>
      <LayoutVersion>1.0</LayoutVersion>
      <printToProcess>
      </printToProcess>
    </process>
    <ui>
      <CustomScriptDebug>false</CustomScriptDebug>
      <customscriptIncludedScripts>Sys/Sys_Helpers_String</customscriptIncludedScripts>
      <customscriptIncludedScripts>Sys/Sys_Helpers_LdapUtil</customscriptIncludedScripts>
      <customscriptIncludedScripts>Sys/Sys_Helpers_Promise</customscriptIncludedScripts>
      <customscriptIncludedScripts>Sys/Sys_GenericAPI_Client</customscriptIncludedScripts>
      <customscriptIncludedScripts>Lib_VendorRegistration_InternalRequest_Client_V12.0.461.0</customscriptIncludedScripts>
      <customscriptIncludedScripts>[LIB_VENDORREGISTRATION_CUSTOMIZATION_HTMLSCRIPTS]</customscriptIncludedScripts>
      <CustomScriptReadonly>false</CustomScriptReadonly>
      <CustomScript>///#GLOBALS Lib
var ChoicePopup = {
	_title: "_PopupTitleCreateNewVendor",
	_languageList: ["en=_English", "fr=_French", "de=_German", "es=_Spanish", "it=_Italian", "ZH-CN=_Simplified Chinese"],
	_warning: null,
	_defaultValue: null,
	_controlNames:
	{
		popupMail: "btnPopupMail",
		fillForm: "btnFillVendorRegistration"
	},
	Show: function ()
	{
		Popup.Dialog(this._title, null, this.Fill, null, null, this.Handle, this.Cancel);
	},
	Fill: function (dialog)
	{
		var dialogDescription = dialog.AddDescription("textDescription", null, 400);
		dialogDescription.SetText(Language.Translate("_PopupDescriptionCreateNewVendor"));
		var popupMailButton = dialog.AddButton("btnPopupMail", "left button");
		popupMailButton.SetLabel(Language.Translate("_ButtonAskToFillForm"));
		var formButton = dialog.AddButton("btnFillVendorRegistration", "right button");
		formButton.SetLabel(Language.Translate("_ButtonFillVendorRegistrationForm"));
		dialog.HideDefaultButtons();
	},
	Cancel: function ()
	{
		ChoicePopup.OnClose();
		return false;
	},
	Handle: function (dialog, tab_id, event, control)
	{
		if (control.GetName() == "btnFillVendorRegistration" &amp;&amp; event == "OnClick")
		{
			Controls.OpenRegistrationForm__.SetValue(true);
			Controls.OpenRegistrationForm__.Wait(true);
			Lib.VendorRegistration.InternalRequest.CreateInternalNewRequest(User.dn, User.loginId)
				.Catch(function (err)
				{
					Log.Error(err.message);
					Popup.Alert("_ErrorCannotCreateVendorRegistration", true, null, "_ErrorPopupTitleCannotCreateVendorRegistration");
				})
				.Finally(function ()
				{
					Controls.OpenRegistrationForm__.Wait(false);
				});
		}
		else if (control.GetName() == "btnPopupMail" &amp;&amp; event == "OnClick")
		{
			SendPopup.Show();
		}
	},
	OnClose: function ()
	{
		if (ProcessInstance.isOpenInPopup)
		{
			ProcessInstance.Quit("quit");
		}
	}
};
var SendPopup = {
	_title: "_Popup title",
	_languageList: ["en=_English", "fr=_French", "de=_German", "es=_Spanish", "it=_Italian", "ZH-CN=_Simplified Chinese"],
	_warning: null,
	_defaultValue:
	{},
	_controlNames:
	{
		email: "ctrlVendorEmail",
		language: "ctrlVendorLanguage",
		category: "ctrlVendorCategory"
	},
	_controlParameters:
	{
		category:
		{
			Enabled: false,
			Width: "400",
			Label: "_VendorCategoryLabel",
			TableName: "P2P - Vendor Category__",
			SortOrder: "ASC",
			SavedColumn: "Code__",
			DefaultValueColumn: "DefaultValue__",
			Customfilter: "",
			DisplayedColumns: "Code__",
			BrowseTitle: "_VendorCategoryBrowseTitle",
			ErrorMessageEmptyField: "_Vendor Category is mandatory."
		}
	},
	IsCategoryFeatureEnabled: function ()
	{
		return SendPopup._controlParameters.category.Enabled;
	},
	Show: function ()
	{
		Popup.Dialog(this._title, null, this.Fill, this.Commit, this.Validate, null, this.Cancel);
	},
	Fill: function (dialog)
	{
		var ctrlEmail = dialog.AddText(SendPopup._controlNames.email, "_email");
		var languageCombo = dialog.AddComboBox(SendPopup._controlNames.language, "_vendor language");
		languageCombo.SetAvailableValues(SendPopup._languageList);
		if (SendPopup.IsCategoryFeatureEnabled())
		{
			var ctrlVendorCategory = dialog.AddDatabaseComboBox(
				/*name=*/
				SendPopup._controlNames.category,
				/*label=*/
				SendPopup._controlParameters.category.Label,
				/*width=*/
				SendPopup._controlParameters.category.Width,
				/*fieldData=*/
				{
					"TableName": SendPopup._controlParameters.category.TableName,
					"SortOrder": SendPopup._controlParameters.category.SortOrder,
					"SavedColumn": SendPopup._controlParameters.category.SavedColumn,
					"Customfilter": SendPopup._controlParameters.category.Customfilter,
					"DisplayedColumns": SendPopup._controlParameters.category.DisplayedColumns,
					"BrowseTitle": SendPopup._controlParameters.category.BrowseTitle
				});
			ctrlVendorCategory.SetAllowTableValuesOnly(true);
			ctrlVendorCategory.SetSearchMode("contains");
			ctrlVendorCategory.SetPrefillResult(true);
			if (SendPopup._defaultValue)
			{
				ctrlVendorCategory.SetValue(SendPopup._defaultValue.category);
			}
		}
		var commitButton = dialog.GetControl("ButtonOk");
		commitButton.SetLabel(Language.Translate("_send invitation button"));
		if (SendPopup._defaultValue.lang)
		{
			languageCombo.SetValue(SendPopup._defaultValue.lang);
		}
		if (SendPopup._defaultValue.userLogin)
		{
			ctrlEmail.SetValue(SendPopup._defaultValue.userLogin);
		}
		if (SendPopup._warning)
		{
			ctrlEmail.SetWarning(SendPopup._warning);
		}
	},
	Commit: function (dialog)
	{
		if (SendPopup.IsCategoryFeatureEnabled())
		{
			Variable.SetValueAsString("vendorCategory", dialog.GetControl(SendPopup._controlNames.category).GetValue());
		}
		var dEmail = dialog.GetControl(SendPopup._controlNames.email);
		var dLang = dialog.GetControl(SendPopup._controlNames.language);
		var lang = dLang.GetValue();
		var userLogin = dEmail.GetValue();
		SendPopup._warning = null;
		SendPopup._defaultValue.lang = lang;
		SendPopup._defaultValue.userLogin = userLogin;
		Controls.DataPanel.Wait(true);
		Query.DBQuery(
			/**
			 * @this QueryResult
			 */
			function ()
			{
				Controls.DataPanel.Wait(false);
				if (this.GetRecordsCount() &gt; 0)
				{
					Popup.Confirm("_ConfirmResendVendorRegistration", false, function ()
					{
						Controls.VendorEmail__.SetValue(userLogin);
						Controls.VendorLanguage__.SetValue(lang);
						ProcessInstance.ApproveAsynchronous("resendInvitation");
					}, function ()
					{
						SendPopup._warning = "_Vendor already exist";
						SendPopup.Show();
					}, "_ConfirmResendVendorRegistrationTitle");
				}
				else
				{
					Controls.VendorEmail__.SetValue(userLogin);
					Controls.VendorLanguage__.SetValue(lang);
					ProcessInstance.ApproveAsynchronous("createUserAndSendInvitation");
				}
			}, "ODUSER", "", "login=".concat(User.accountId, "$").concat(userLogin), "", 1);
	},
	Validate: function (dialog)
	{
		var ret = true;
		var ctrlEmail = dialog.GetControl(SendPopup._controlNames.email);
		if (!Sys.Helpers.String.IsEmail(ctrlEmail.GetValue()))
		{
			ctrlEmail.SetError("_Use correct email");
			ret = false;
		}
		if (SendPopup.IsCategoryFeatureEnabled())
		{
			var ctrlCategory = dialog.GetControl(SendPopup._controlNames.category);
			if (!ctrlCategory.GetValue())
			{
				ctrlCategory.SetError(SendPopup._controlParameters.category.ErrorMessageEmptyField);
				ret = false;
			}
		}
		return ret;
	},
	Cancel: function ()
	{
		return false;
	},
	OnClose: function () {}
};
ProcessInstance.SetSilentChange(true);
Process.SetHelpId(2561);
Controls.DataPanel.Hide(true);
Controls.SystemData.Hide(true);

function main()
{
	var categoryQueryOption = {
		table: SendPopup._controlParameters.category.TableName,
		filter: "",
		attributes: [SendPopup._controlParameters.category.SavedColumn, SendPopup._controlParameters.category.DefaultValueColumn],
		maxRecords: 1,
		sortOrder: "".concat(SendPopup._controlParameters.category.DefaultValueColumn, " DESC"),
		additionalOptions:
		{
			queryOptions: "FastSearch=1",
			useConstantQueryCache: true
		}
	};
	Sys.GenericAPI.PromisedQuery(categoryQueryOption).then(function (result)
	{
		if (result.length &gt;= 1)
		{
			SendPopup._controlParameters.category.Enabled = true;
			if (result[0][SendPopup._controlParameters.category.DefaultValueColumn])
			{
				SendPopup._defaultValue["category"] = result[0][SendPopup._controlParameters.category.SavedColumn];
			}
		}
		Sys.Helpers.TryCallFunction("Lib.VendorRegistration.Customization.HTMLScripts.NewVendorRegistrationPopups", ChoicePopup, SendPopup);
		ChoicePopup.Show();
	});
}
main();</CustomScript>
      <layout>{
	"*": {
		"GDRData": {
			"type": "GDRData",
			"options": {
				"version": 0
			},
			"stamp": 1,
			"data": []
		},
		"OCRParams": {
			"type": "OCRParams",
			"options": {
				"version": 0
			},
			"stamp": 2,
			"data": []
		},
		"Screen": {
			"type": "FlexibleFormLayout",
			"options": {
				"splitterType": "complex",
				"version": 0,
				"maxwidth": ""
			},
			"*": {
				"form-header": {
					"type": "FlexibleFormHeader",
					"options": {
						"version": 0,
						"maxwidth": ""
					},
					"stamp": 4,
					"data": []
				},
				"form-center": {
					"type": "FlexibleFormCenter",
					"options": {
						"version": 0,
						"maxwidth": ""
					},
					"*": {
						"form-content": {
							"type": "FlexibleFormContent",
							"options": {
								"version": 0
							},
							"*": {
								"form-content-top": {
									"type": "FlexibleFormSplitter",
									"options": {
										"autosize": true,
										"version": 1,
										"box": {
											"top": 0,
											"left": 0,
											"width": 100,
											"height": 17
										},
										"hidden": true
									},
									"*": {
										"form-content-top-1": {
											"type": "FlexibleFormLine",
											"options": {
												"version": 0
											},
											"*": {
												"DocumentsPanel": {
													"type": "PanelDocument",
													"options": {
														"version": 0,
														"border": {},
														"labelLength": 0,
														"iconURL": "",
														"TitleFontSize": "S",
														"hideActionButtons": false,
														"hideTitleBar": false,
														"hideTitle": false,
														"label": "_Documents"
													},
													"*": {
														"Document": {
															"data": [
																"documentscontroldata"
															],
															"type": "Documents",
															"options": {
																"version": 0
															},
															"stamp": 10
														}
													},
													"stamp": 9,
													"data": []
												}
											},
											"stamp": 8,
											"data": []
										}
									},
									"stamp": 7,
									"data": []
								},
								"form-content-bottom": {
									"type": "FlexibleFormSplitter",
									"options": {
										"version": 1,
										"box": {
											"top": 0,
											"left": 0,
											"width": 100,
											"height": 100
										},
										"hidden": false,
										"hideSeparator": true
									},
									"*": {
										"form-content-left": {
											"type": "FlexibleFormSplitter",
											"options": {
												"version": 1,
												"box": {
													"top": "0%",
													"left": "0%",
													"width": "100%",
													"height": null
												},
												"hidden": false
											},
											"*": {
												"form-content-left-1": {
													"type": "FlexibleFormLine",
													"options": {
														"version": 0
													},
													"*": {
														"DataPanel": {
															"type": "PanelData",
															"options": {
																"border": {},
																"version": 0,
																"labelLength": 0,
																"iconURL": "",
																"TitleFontSize": "S",
																"hideActionButtons": false,
																"hideTitleBar": false,
																"hideTitle": false,
																"backgroundcolor": "default",
																"labelsAlignment": "right",
																"label": "_Document data",
																"hidden": false
															},
															"*": {
																"FieldsManager": {
																	"type": "FieldsManager",
																	"options": {
																		"controlsAssociation": {
																			"VendorEmail__": "LabelVendorEmail__",
																			"LabelVendorEmail__": "VendorEmail__",
																			"VendorLanguage__": "LabelVendorLanguage__",
																			"LabelVendorLanguage__": "VendorLanguage__"
																		},
																		"version": 0
																	},
																	"*": {
																		"Grid": {
																			"type": "GridLayout",
																			"options": {
																				"lines": 3,
																				"columns": 2,
																				"version": 0,
																				"ctrlsPos": {
																					"VendorEmail__": {
																						"line": 1,
																						"column": 2
																					},
																					"LabelVendorEmail__": {
																						"line": 1,
																						"column": 1
																					},
																					"VendorLanguage__": {
																						"line": 2,
																						"column": 2
																					},
																					"LabelVendorLanguage__": {
																						"line": 2,
																						"column": 1
																					},
																					"OpenRegistrationForm__": {
																						"line": 3,
																						"column": 2
																					},
																					"LabelOpenRegistrationForm__": {
																						"line": 3,
																						"column": 1
																					}
																				},
																				"colspans": [
																					[],
																					[],
																					[]
																				]
																			},
																			"data": [
																				"fields"
																			],
																			"*": {
																				"LabelVendorEmail__": {
																					"type": "Label",
																					"data": [
																						"VendorEmail__"
																					],
																					"options": {
																						"label": "VendorEmail__",
																						"version": 0
																					},
																					"stamp": 35
																				},
																				"VendorEmail__": {
																					"type": "ShortText",
																					"data": [
																						"VendorEmail__"
																					],
																					"options": {
																						"textSize": "S",
																						"textAlignment": "left",
																						"textStyle": "default",
																						"textColor": "default",
																						"version": 1,
																						"label": "VendorEmail__",
																						"activable": true,
																						"width": 230,
																						"helpText": "",
																						"helpURL": "",
																						"helpFormat": "HTML Format",
																						"browsable": false,
																						"autocompletable": false
																					},
																					"stamp": 36
																				},
																				"LabelVendorLanguage__": {
																					"type": "Label",
																					"data": [
																						"VendorLanguage__"
																					],
																					"options": {
																						"label": "VendorLanguage__",
																						"version": 0
																					},
																					"stamp": 39
																				},
																				"VendorLanguage__": {
																					"type": "ShortText",
																					"data": [
																						"VendorLanguage__"
																					],
																					"options": {
																						"textSize": "S",
																						"textAlignment": "left",
																						"textStyle": "default",
																						"textColor": "default",
																						"version": 1,
																						"label": "VendorLanguage__",
																						"activable": true,
																						"width": 230
																					},
																					"stamp": 40
																				},
																				"LabelOpenRegistrationForm__": {
																					"type": "Label",
																					"data": [
																						"OpenRegistrationForm__"
																					],
																					"options": {
																						"label": "OpenRegistrationForm__",
																						"version": 0
																					},
																					"stamp": 41
																				},
																				"OpenRegistrationForm__": {
																					"type": "CheckBox",
																					"data": [
																						"OpenRegistrationForm__"
																					],
																					"options": {
																						"label": "OpenRegistrationForm__",
																						"activable": true,
																						"width": 230,
																						"version": 0
																					},
																					"stamp": 42
																				}
																			},
																			"stamp": 16
																		}
																	},
																	"stamp": 15,
																	"data": []
																}
															},
															"stamp": 14,
															"data": []
														}
													},
													"stamp": 13,
													"data": []
												},
												"form-content-left-2": {
													"type": "FlexibleFormLine",
													"options": {
														"version": 0
													},
													"*": {
														"SystemData": {
															"type": "PanelSystemData",
															"options": {
																"multicolumn": false,
																"version": 0,
																"border": {},
																"labelLength": 0,
																"iconURL": "",
																"TitleFontSize": "S",
																"hideActionButtons": false,
																"hideTitleBar": false,
																"hideTitle": false,
																"label": "_System data"
															},
															"stamp": 18,
															"data": []
														}
													},
													"stamp": 17,
													"data": []
												},
												"form-content-left-3": {
													"type": "FlexibleFormLine",
													"options": {
														"version": 0
													},
													"*": {
														"NextProcess": {
															"type": "PanelNextProcess",
															"options": {
																"hidden": true,
																"version": 0,
																"border": {},
																"labelLength": 0,
																"iconURL": "",
																"TitleFontSize": "S",
																"hideActionButtons": false,
																"hideTitleBar": false,
																"hideTitle": false,
																"label": "_Next Process"
															},
															"stamp": 20,
															"data": []
														}
													},
													"stamp": 19,
													"data": []
												}
											},
											"stamp": 12,
											"data": []
										},
										"form-content-right": {
											"type": "FlexibleFormSplitter",
											"options": {
												"version": 1,
												"box": {
													"top": 0,
													"left": 50,
													"width": 50,
													"height": 99
												},
												"hidden": true,
												"hideSeparator": true
											},
											"*": {
												"form-content-right-1": {
													"type": "FlexibleFormLine",
													"options": {
														"version": 0
													},
													"*": {
														"PreviewPanel": {
															"type": "PanelPreview",
															"options": {
																"border": {},
																"version": 0,
																"labelLength": 0,
																"iconURL": "",
																"TitleFontSize": "S",
																"hideActionButtons": false,
																"hideTitleBar": false,
																"hideTitle": false,
																"label": "_Document Preview",
																"hidden": true
															},
															"*": {
																"Preview": {
																	"data": [
																		"previewdata"
																	],
																	"type": "Preview",
																	"options": {
																		"version": 0
																	},
																	"stamp": 24
																}
															},
															"stamp": 23,
															"data": []
														}
													},
													"stamp": 22,
													"data": []
												}
											},
											"stamp": 21,
											"data": []
										}
									},
									"stamp": 11,
									"data": []
								}
							},
							"stamp": 6,
							"data": []
						}
					},
					"stamp": 5,
					"data": []
				},
				"form-footer": {
					"type": "FlexibleFormFooter",
					"options": {
						"splitterType": "simple-h",
						"version": 0,
						"maxwidth": ""
					},
					"*": {
						"Save": {
							"type": "SubmitButton",
							"options": {
								"label": "_Save",
								"action": "save",
								"submit": true,
								"version": 0
							},
							"stamp": 26,
							"data": []
						},
						"Approve": {
							"type": "SubmitButton",
							"options": {
								"label": "_Approve",
								"action": "approve",
								"submit": true,
								"version": 0
							},
							"stamp": 27,
							"data": []
						},
						"Reject": {
							"type": "SubmitButton",
							"options": {
								"label": "_Reject",
								"action": "reject",
								"submit": true,
								"version": 0
							},
							"stamp": 28,
							"data": []
						},
						"Reprocess": {
							"type": "SubmitButton",
							"options": {
								"label": "_Reprocess",
								"action": "reprocess",
								"submit": true,
								"version": 0
							},
							"stamp": 29,
							"data": []
						},
						"Close": {
							"type": "SubmitButton",
							"options": {
								"label": "_Close",
								"action": "cancel",
								"submit": true,
								"version": 0
							},
							"stamp": 30,
							"data": []
						}
					},
					"stamp": 25,
					"data": []
				}
			},
			"stamp": 3,
			"data": []
		}
	},
	"stamps": 42,
	"data": []
}</layout>
    </ui>
  </properties>
  <field deleted="0" format="" guid="N90KG0000IYP" id="UB2652000SG7" label="VendorEmail__" length="80" name="VendorEmail__" originalProcessID="K90KG0000IYP" precision="0" processid="TB2652000SG7" submitable="1" type="STR">
    <properties>
      <db>
        <alias>AUB2652000SG7</alias>
        <noxml>1</noxml>
        <fullname>/job/processfields/VendorEmail__</fullname>
        <defaultvalue>
        </defaultvalue>
        <RecordLastWrite>2022-10-25 17:08:57</RecordLastWrite>
      </db>
      <extrainfo>
        <Label>VendorEmail__</Label>
        <Alias>AUB2652000SG7</Alias>
        <ProcessFieldVersion vartype="INT">1</ProcessFieldVersion>
      </extrainfo>
      <gdr>
        <VarType>Area</VarType>
        <DisableAutolearn>1</DisableAutolearn>
      </gdr>
      <help>
        <helpData>{"helpText":"","helpURL":"","helpFormat":"HTML Format"}</helpData>
      </help>
      <ui>
        <_type>String</_type>
        <automatic>true</automatic>
      </ui>
    </properties>
  </field>
  <field deleted="0" format="" guid="R90KG0000IYP" id="VB2652000SG7" label="VendorLanguage__" length="50" name="VendorLanguage__" originalProcessID="K90KG0000IYP" precision="0" processid="TB2652000SG7" submitable="1" type="STR">
    <properties>
      <db>
        <alias>AVB2652000SG7</alias>
        <noxml>1</noxml>
        <fullname>/job/processfields/VendorLanguage__</fullname>
        <defaultvalue>
        </defaultvalue>
        <RecordLastWrite>2022-10-25 17:08:57</RecordLastWrite>
      </db>
      <extrainfo>
        <Label>VendorLanguage__</Label>
        <Alias>AVB2652000SG7</Alias>
        <ProcessFieldVersion vartype="INT">1</ProcessFieldVersion>
      </extrainfo>
      <gdr>
        <VarType>Area</VarType>
        <DisableAutolearn>1</DisableAutolearn>
      </gdr>
      <ui>
        <_type>String</_type>
        <automatic>true</automatic>
      </ui>
    </properties>
  </field>
  <type id="RJRH13130EF" name="CD">
  </type>
</process>