﻿<?xml version="1.0" encoding="UTF-8" standalone="no"?>
<process accountid="20063076" allowrepairprocess="0" builtin="0" builtinversion="0" carriesapplicationversion="0" creationdatetime="2022-10-25 17:09:08" deleted="0" eskerapplication="" global="0" id="SG2652000SG7" keepcustomization="0" keepfieldsonly="0" keepfieldsproperties="0" keepnewcontroloptions="0" migrationversion="4" name="VM - Risk Scoring__" needvalidation="1" ootofilter="" ootoversion="0" originalProcessID="D9IY00000PA9" ownerid="cn=admin_p2p@paragon-cc.fr,ou=DEV,ou=TrainingP2P,ou=DEMO_JULIEN,ou=05284299,ou=ESK,s=eoo" ownerpb="OnDemand AddressBook" public="1" pushnotification="0" reuseengine="0" sprintversion="5.261.0" transportname="CustomTable" upgradable="1" userid="0" version="1" visibility="0">
  <properties>
    <dbIndex>
      <AUTO_ATG2652000SG7A>&lt;Index&gt;&lt;Ref Name="ATG2652000SG7" Option="ASC"/&gt;&lt;/Index&gt;</AUTO_ATG2652000SG7A>
      <AUTO_AUG2652000SG7A>&lt;Index&gt;&lt;Ref Name="AUG2652000SG7" Option="ASC"/&gt;&lt;/Index&gt;</AUTO_AUG2652000SG7A>
    </dbIndex>
    <gdr>
    </gdr>
    <lg>
      <process_de>{
	"_down": "Absteigend",
	"_Identifier": "Firmen-ID (Rating-Agentur)",
	"_Identifier_report": "Firmen-ID (Rating-Agentur)",
	"_Json": "Daten zur Bewertung im JSON-Format",
	"_Json_report": "Daten zur Bewertung im JSON-Format",
	"_LastScoreUpdateDate": "Letzte Aktualisierung",
	"_LastScoreUpdateDate_report": "Letzte Aktualisierung",
	"_none": "Konstant",
	"_Provider": "Rating-Agentur",
	"_Provider_report": "Rating-Agentur",
	"_Score": "Punkte",
	"_Score_report": "Punkte",
	"_ScoreScale": "Bewertungsskala",
	"_ScoreScale_report": "Bewertungsskala",
	"_Trend": "Bewertungstrend",
	"_Trend_report": "Bewertungstrend",
	"_up": "Ansteigend",
	"VM - Risk Scoring": "Lieferantenmanagement - Risikoindikator"
}</process_de>
      <process_ja>{
	"_down": "下向き",
	"_Identifier": "会社 ID (評価機関)",
	"_Identifier_report": "会社 ID (評価機関)",
	"_Json": "JSON形式のスコアデータ",
	"_Json_report": "JSON形式のスコアデータ",
	"_LastScoreUpdateDate": "前回の更新",
	"_LastScoreUpdateDate_report": "前回の更新",
	"_none": "一定",
	"_Provider": "評価機関",
	"_Provider_report": "評価機関",
	"_Score": "スコア",
	"_Score_report": "スコア",
	"_ScoreScale": "スコア範囲",
	"_ScoreScale_report": "スコア範囲",
	"_Trend": "スコアトレンド",
	"_Trend_report": "スコアトレンド",
	"_up": "上向き",
	"VM - Risk Scoring": "仕入先管理 - リスク指標"
}</process_ja>
      <process_en>{
	"_down": "Downward",
	"_Identifier": "Company ID (rating agency)",
	"_Identifier_report": "Company ID (rating agency)",
	"_Json": "Score data in JSON format",
	"_Json_report": "Score data in JSON format",
	"_LastScoreUpdateDate": "Last update",
	"_LastScoreUpdateDate_report": "Last update",
	"_none": "Constant",
	"_Provider": "Rating agency",
	"_Provider_report": "Rating agency",
	"_Score": "Score",
	"_Score_report": "Score",
	"_ScoreScale": "Score range",
	"_ScoreScale_report": "Score range",
	"_Trend": "Score trend",
	"_Trend_report": "Score trend",
	"_up": "Upward",
	"VM - Risk Scoring": "Vendor Management - Risk indicators"
}</process_en>
      <process_es>{
	"_down": "A la baja",
	"_Identifier": "ID de la empresa (agencia de calificación)",
	"_Identifier_report": "ID de la empresa (agencia de calificación)",
	"_Json": "Datos de puntuación en formato JSON",
	"_Json_report": "Datos de puntuación en formato JSON",
	"_LastScoreUpdateDate": "Última actualización",
	"_LastScoreUpdateDate_report": "Última actualización",
	"_none": "Constante",
	"_Provider": "Agencia de calificación",
	"_Provider_report": "Agencia de calificación",
	"_Score": "Puntuación",
	"_Score_report": "Puntuación",
	"_ScoreScale": "Rango de puntuación",
	"_ScoreScale_report": "Rango de puntuación",
	"_Trend": "Tendencia de la puntuación",
	"_Trend_report": "Tendencia de la puntuación",
	"_up": "Al alza",
	"VM - Risk Scoring": "Gestión de proveedores - Indicadores de riesgo"
}</process_es>
      <process_fr>{
	"_down": "Descendante",
	"_Identifier": "ID de la société (agence de notation)",
	"_Identifier_report": "ID de la société (agence de notation)",
	"_Json": "Données de notation au format JSON",
	"_Json_report": "Données de notation au format JSON",
	"_LastScoreUpdateDate": "Dernière mise à jour",
	"_LastScoreUpdateDate_report": "Dernière mise à jour",
	"_none": "Constante",
	"_Provider": "Agence de notation",
	"_Provider_report": "Agence de notation",
	"_Score": "Score",
	"_Score_report": "Score",
	"_ScoreScale": "Échelle de notation",
	"_ScoreScale_report": "Échelle de notation",
	"_Trend": "Tendance du score",
	"_Trend_report": "Tendance du score",
	"_up": "Ascendante",
	"VM - Risk Scoring": "Gestion des fournisseurs - Indicateurs de risque"
}</process_fr>
      <process_nl-NL>{
	"_down": "Omlaag",
	"_Identifier": "Bedrijfs-ID (ratingbureau)",
	"_Identifier_report": "Bedrijfs-ID (ratingbureau)",
	"_Json": "Scoregegevens in JSON-formaat",
	"_Json_report": "Scoregegevens in JSON-formaat",
	"_LastScoreUpdateDate": "Laatste update",
	"_LastScoreUpdateDate_report": "Laatste update",
	"_none": "Constant",
	"_Provider": "Ratingbureau",
	"_Provider_report": "Ratingbureau",
	"_Score": "Score",
	"_Score_report": "Score",
	"_ScoreScale": "Scorebereik",
	"_ScoreScale_report": "Scorebereik",
	"_Trend": "Scoretrend",
	"_Trend_report": "Scoretrend",
	"_up": "Omhoog",
	"VM - Risk Scoring": "Leveranciersbeheer - Risico-indicatoren"
}</process_nl-NL>
      <process_it>{
	"_down": "Al ribasso",
	"_Identifier": "ID società (agenzia di valutazione)",
	"_Identifier_report": "ID società (agenzia di valutazione)",
	"_Json": "Dati valutazione in formato JSON",
	"_Json_report": "Dati valutazione in formato JSON",
	"_LastScoreUpdateDate": "Ultimo aggiornamento",
	"_LastScoreUpdateDate_report": "Ultimo aggiornamento",
	"_none": "Costante",
	"_Provider": "Agenzia di valutazione",
	"_Provider_report": "Agenzia di valutazione",
	"_Score": "Punteggio",
	"_Score_report": "Punteggio",
	"_ScoreScale": "Scala di valutazione",
	"_ScoreScale_report": "Scala di valutazione",
	"_Trend": "Tendenza punteggio",
	"_Trend_report": "Tendenza punteggio",
	"_up": "Al rialzo",
	"VM - Risk Scoring": "Gestione fornitori - Indicatore di rischio"
}</process_it>
      <process_zh-CN>{
	"_down": "向下",
	"_Identifier": "公司 ID（评级机构）",
	"_Identifier_report": "公司 ID（评级机构）",
	"_Json": "JSON 格式的评分数据",
	"_Json_report": "JSON 格式的评分数据",
	"_LastScoreUpdateDate": "最后更新",
	"_LastScoreUpdateDate_report": "最后更新",
	"_none": "常量",
	"_Provider": "评级机构",
	"_Provider_report": "评级机构",
	"_Score": "评分",
	"_Score_report": "评分",
	"_ScoreScale": "评分范围",
	"_ScoreScale_report": "评分范围",
	"_Trend": "评分趋势",
	"_Trend_report": "评分趋势",
	"_up": "向上",
	"VM - Risk Scoring": "供应商管理 - 风险指标"
}</process_zh-CN>
      <process_pt-BR>{
	"_down": "Descendente",
	"_Identifier": "ID da empresa (agência de avaliação)",
	"_Identifier_report": "ID da empresa (agência de avaliação)",
	"_Json": "Dados de score em formato JSON",
	"_Json_report": "Dados de score em formato JSON",
	"_LastScoreUpdateDate": "Última atualização",
	"_LastScoreUpdateDate_report": "Última atualização",
	"_none": "Constante",
	"_Provider": "Agência de avaliação",
	"_Provider_report": "Agência de avaliação",
	"_Score": "Score",
	"_Score_report": "Score",
	"_ScoreScale": "Intervalo do score",
	"_ScoreScale_report": "Intervalo do score",
	"_Trend": "Tendência do score",
	"_Trend_report": "Tendência do score",
	"_up": "Ascendente",
	"VM - Risk Scoring": "Gerenciamento de fornecedores - Indicadores de risco"
}</process_pt-BR>
    </lg>
    <process>
      <flowtype>processing</flowtype>
      <EnableNegativeNumbersBetweenBrackets>true</EnableNegativeNumbersBetweenBrackets>
      <homepagelabel>VM - Risk Scoring</homepagelabel>
      <instanciable>1</instanciable>
      <enablerounddecimal>true</enablerounddecimal>
      <OverrideAllowedAttachmentExtensions>*</OverrideAllowedAttachmentExtensions>
      <UseActionNameWithScriptApproval>true</UseActionNameWithScriptApproval>
      <AllowUploadAttachment>0</AllowUploadAttachment>
      <AllowUploadReferenceDocument>0</AllowUploadReferenceDocument>
      <RemovePointWhenCastingIntToString>true</RemovePointWhenCastingIntToString>
      <shouldRollbackManualRecordEdits>true</shouldRollbackManualRecordEdits>
      <shouldShowManualEditsWarning>false</shouldShowManualEditsWarning>
      <UseCultureFormat>true</UseCultureFormat>
      <TransportName>CustomTable</TransportName>
      <LayoutVersion>1.0</LayoutVersion>
    </process>
    <ui>
      <layout>{
	"*": {
		"Screen": {
			"type": "FlexibleFormLayout",
			"options": {
				"splitterType": "simple-v",
				"style": "FlexibleFormLight",
				"version": 0,
				"backColor": "text-backgroundcolor-default"
			},
			"*": {
				"form-header": {
					"type": "FlexibleFormHeader",
					"options": {
						"hidePanelsMenu": false,
						"version": 0
					},
					"stamp": 2,
					"data": []
				},
				"form-center": {
					"type": "FlexibleFormCenter",
					"options": {
						"version": 0
					},
					"*": {
						"form-content": {
							"type": "FlexibleFormContent",
							"options": {
								"version": 0
							},
							"*": {
								"form-content-center": {
									"type": "FlexibleFormSplitter",
									"options": {
										"version": 1,
										"box": {
											"top": "0%",
											"left": "0%",
											"width": "100%"
										},
										"hidden": false,
										"hideSeparator": true
									},
									"*": {
										"form-content-center-1": {
											"type": "FlexibleFormLine",
											"data": [],
											"options": {
												"version": 0
											},
											"stamp": 9,
											"*": {
												"DataPanel": {
													"type": "PanelData",
													"options": {
														"border": {},
														"version": 0,
														"labelLength": 0,
														"iconURL": "",
														"TitleFontSize": "S",
														"hideActionButtons": false,
														"hideTitleBar": false,
														"hideTitle": false,
														"sameHeightAsSiblings": false,
														"backgroundcolor": "default",
														"labelsAlignment": "right",
														"label": "_Document data"
													},
													"*": {
														"FieldsManager": {
															"type": "FieldsManager",
															"options": {
																"controlsAssociation": {
																	"Provider__": "LabelProvider__",
																	"LabelProvider__": "Provider__",
																	"Score__": "LabelScore__",
																	"LabelScore__": "Score__",
																	"ScoreScale__": "LabelScoreScale__",
																	"LabelScoreScale__": "ScoreScale__",
																	"Trend__": "LabelTrend__",
																	"LabelTrend__": "Trend__",
																	"Json__": "LabelJson__",
																	"LabelJson__": "Json__",
																	"LastScoreUpdateDate__": "LabelLastScoreUpdateDate__",
																	"LabelLastScoreUpdateDate__": "LastScoreUpdateDate__",
																	"Identifier__": "LabelIdentifier__",
																	"LabelIdentifier__": "Identifier__"
																},
																"version": 0
															},
															"*": {
																"Grid": {
																	"type": "GridLayout",
																	"options": {
																		"lines": 7,
																		"columns": 2,
																		"version": 0,
																		"ctrlsPos": {
																			"Provider__": {
																				"line": 2,
																				"column": 2
																			},
																			"LabelProvider__": {
																				"line": 2,
																				"column": 1
																			},
																			"Score__": {
																				"line": 3,
																				"column": 2
																			},
																			"LabelScore__": {
																				"line": 3,
																				"column": 1
																			},
																			"ScoreScale__": {
																				"line": 4,
																				"column": 2
																			},
																			"LabelScoreScale__": {
																				"line": 4,
																				"column": 1
																			},
																			"Trend__": {
																				"line": 5,
																				"column": 2
																			},
																			"LabelTrend__": {
																				"line": 5,
																				"column": 1
																			},
																			"Json__": {
																				"line": 7,
																				"column": 2
																			},
																			"LabelJson__": {
																				"line": 7,
																				"column": 1
																			},
																			"LastScoreUpdateDate__": {
																				"line": 6,
																				"column": 2
																			},
																			"LabelLastScoreUpdateDate__": {
																				"line": 6,
																				"column": 1
																			},
																			"Identifier__": {
																				"line": 1,
																				"column": 2
																			},
																			"LabelIdentifier__": {
																				"line": 1,
																				"column": 1
																			}
																		},
																		"colspans": [
																			[],
																			[],
																			[],
																			[],
																			[],
																			[],
																			[]
																		]
																	},
																	"data": [
																		"fields"
																	],
																	"*": {
																		"LabelIdentifier__": {
																			"type": "Label",
																			"data": [
																				"Identifier__"
																			],
																			"options": {
																				"label": "_Identifier",
																				"version": 0
																			},
																			"stamp": 14
																		},
																		"Identifier__": {
																			"type": "ShortText",
																			"data": [
																				"Identifier__"
																			],
																			"options": {
																				"textSize": "S",
																				"textAlignment": "left",
																				"textStyle": "default",
																				"textColor": "default",
																				"version": 1,
																				"label": "_Identifier",
																				"activable": true,
																				"width": 230,
																				"helpText": "",
																				"helpURL": "",
																				"helpFormat": "HTML Format",
																				"helpIconPosition": "Right",
																				"length": 50,
																				"browsable": false
																			},
																			"stamp": 15
																		},
																		"LabelProvider__": {
																			"type": "Label",
																			"data": [
																				"Provider__"
																			],
																			"options": {
																				"label": "_Provider",
																				"version": 0
																			},
																			"stamp": 16
																		},
																		"Provider__": {
																			"type": "ShortText",
																			"data": [
																				"Provider__"
																			],
																			"options": {
																				"textSize": "S",
																				"textAlignment": "left",
																				"textStyle": "default",
																				"textColor": "default",
																				"version": 1,
																				"label": "_Provider",
																				"activable": true,
																				"width": 230,
																				"helpText": "",
																				"helpURL": "",
																				"helpFormat": "HTML Format",
																				"helpIconPosition": "Right",
																				"browsable": false
																			},
																			"stamp": 17
																		},
																		"LabelScore__": {
																			"type": "Label",
																			"data": [
																				"Score__"
																			],
																			"options": {
																				"label": "_Score",
																				"version": 0
																			},
																			"stamp": 18
																		},
																		"Score__": {
																			"type": "ShortText",
																			"data": [
																				"Score__"
																			],
																			"options": {
																				"textSize": "S",
																				"textAlignment": "left",
																				"textStyle": "default",
																				"textColor": "default",
																				"version": 1,
																				"label": "_Score",
																				"activable": true,
																				"width": 230,
																				"helpText": "",
																				"helpURL": "",
																				"helpFormat": "HTML Format",
																				"helpIconPosition": "Right",
																				"browsable": false
																			},
																			"stamp": 19
																		},
																		"LabelScoreScale__": {
																			"type": "Label",
																			"data": [
																				"ScoreScale__"
																			],
																			"options": {
																				"label": "_ScoreScale",
																				"version": 0
																			},
																			"stamp": 20
																		},
																		"ScoreScale__": {
																			"type": "ShortText",
																			"data": [
																				"ScoreScale__"
																			],
																			"options": {
																				"textSize": "S",
																				"textAlignment": "left",
																				"textStyle": "default",
																				"textColor": "default",
																				"version": 1,
																				"label": "_ScoreScale",
																				"activable": true,
																				"width": 230,
																				"helpText": "",
																				"helpURL": "",
																				"helpFormat": "HTML Format",
																				"helpIconPosition": "Right",
																				"browsable": false
																			},
																			"stamp": 21
																		},
																		"LabelTrend__": {
																			"type": "Label",
																			"data": [
																				"Trend__"
																			],
																			"options": {
																				"label": "_Trend",
																				"version": 0
																			},
																			"stamp": 22
																		},
																		"Trend__": {
																			"type": "ComboBox",
																			"data": [
																				"Trend__"
																			],
																			"options": {
																				"possibleValues": {
																					"0": "_none",
																					"1": "_up",
																					"2": "_down"
																				},
																				"maxNbLinesToDisplay": 10,
																				"version": 1,
																				"keyValueMode": false,
																				"possibleKeys": {},
																				"label": "_Trend",
																				"activable": true,
																				"width": 230,
																				"helpText": "",
																				"helpURL": "",
																				"helpFormat": "HTML Format",
																				"helpIconPosition": "Right",
																				"DataSourceOrigin": "Standalone",
																				"DisplayedColumns": "",
																				"readonly": true
																			},
																			"stamp": 23
																		},
																		"LabelLastScoreUpdateDate__": {
																			"type": "Label",
																			"data": [
																				"LastScoreUpdateDate__"
																			],
																			"options": {
																				"label": "_LastScoreUpdateDate",
																				"version": 0
																			},
																			"stamp": 24
																		},
																		"LastScoreUpdateDate__": {
																			"type": "DateTime",
																			"data": [
																				"LastScoreUpdateDate__"
																			],
																			"options": {
																				"displayLongFormat": false,
																				"showWeek": false,
																				"hideButtonPanel": false,
																				"showOtherMonths": false,
																				"label": "_LastScoreUpdateDate",
																				"activable": true,
																				"width": 230,
																				"helpText": "",
																				"helpURL": "",
																				"helpFormat": "HTML Format",
																				"helpIconPosition": "Right",
																				"version": 0
																			},
																			"stamp": 25
																		},
																		"LabelJson__": {
																			"type": "Label",
																			"data": [
																				"Json__"
																			],
																			"options": {
																				"label": "_Json",
																				"version": 0
																			},
																			"stamp": 26
																		},
																		"Json__": {
																			"type": "LongText",
																			"data": [
																				"Json__"
																			],
																			"options": {
																				"textSize": "S",
																				"textAlignment": "left",
																				"textStyle": "default",
																				"textColor": "default",
																				"version": 1,
																				"minNbLines": 3,
																				"label": "_Json",
																				"activable": true,
																				"width": 230,
																				"helpText": "",
																				"helpURL": "",
																				"helpFormat": "HTML Format",
																				"helpIconPosition": "Right",
																				"numberOfLines": 10,
																				"browsable": false
																			},
																			"stamp": 27
																		}
																	},
																	"stamp": 8
																}
															},
															"stamp": 7,
															"data": []
														}
													},
													"stamp": 6,
													"data": []
												}
											}
										}
									},
									"stamp": 5,
									"data": []
								}
							},
							"stamp": 4,
							"data": []
						}
					},
					"stamp": 3,
					"data": []
				},
				"form-footer": {
					"type": "FlexibleFormFooter",
					"options": {
						"splitterType": "simple-h",
						"version": 0
					},
					"*": {
						"Save": {
							"type": "SubmitButton",
							"options": {
								"label": "_Save",
								"action": "savequit",
								"submit": true,
								"version": 0,
								"shortCut": "S"
							},
							"stamp": 11,
							"data": []
						},
						"Close": {
							"type": "SubmitButton",
							"options": {
								"label": "_Close",
								"action": "cancel",
								"submit": true,
								"version": 0,
								"shortCut": "Q"
							},
							"stamp": 12,
							"data": []
						},
						"Delete": {
							"type": "SubmitButton",
							"options": {
								"label": "_Delete",
								"action": "delete",
								"submit": true,
								"version": 0,
								"disabled": true
							},
							"stamp": 13,
							"data": []
						}
					},
					"stamp": 10,
					"data": []
				}
			},
			"stamp": 1,
			"data": []
		}
	},
	"stamps": 27,
	"data": []
}</layout>
    </ui>
  </properties>
  <field deleted="0" format="" guid="E9IY00000PA9" id="TG2652000SG7" label="_Identifier_report" length="230" name="Identifier__" originalProcessID="D9IY00000PA9" precision="0" processid="SG2652000SG7" submitable="1" type="STR">
    <properties>
      <db>
        <alias>ATG2652000SG7</alias>
        <index vartype="INT">1</index>
        <noxml>1</noxml>
        <fullname>/job/processfields/Identifier__</fullname>
        <defaultvalue>
        </defaultvalue>
        <RecordLastWrite>2022-10-25 17:09:07</RecordLastWrite>
      </db>
      <extrainfo>
        <Label>_Identifier_report</Label>
        <Alias>ATG2652000SG7</Alias>
        <ProcessFieldVersion vartype="INT">1</ProcessFieldVersion>
      </extrainfo>
      <gdr>
        <VarType>Area</VarType>
        <DisableAutolearn>1</DisableAutolearn>
      </gdr>
      <help>
        <helpData>{"helpText":"","helpURL":"","helpFormat":"HTML Format","helpIconPosition":"Right"}</helpData>
      </help>
      <ui>
        <_type>String</_type>
        <automatic>true</automatic>
      </ui>
    </properties>
  </field>
  <field deleted="0" format="" guid="J9IY00000PA9" id="YG2652000SG7" label="_Json_report" length="32766" name="Json__" originalProcessID="D9IY00000PA9" precision="0" processid="SG2652000SG7" submitable="1" type="STR">
    <properties>
      <db>
        <alias>AYG2652000SG7</alias>
        <noxml>1</noxml>
        <fullname>/job/processfields/Json__</fullname>
        <defaultvalue>
        </defaultvalue>
        <RecordLastWrite>2022-10-25 17:09:07</RecordLastWrite>
      </db>
      <extrainfo>
        <Label>_Json_report</Label>
        <Alias>AYG2652000SG7</Alias>
        <ProcessFieldVersion vartype="INT">1</ProcessFieldVersion>
      </extrainfo>
      <gdr>
        <DisableAutolearn>1</DisableAutolearn>
      </gdr>
      <help>
        <helpData>{"helpText":"","helpURL":"","helpFormat":"HTML Format","helpIconPosition":"Right"}</helpData>
      </help>
      <ui>
        <_type>String</_type>
        <automatic>true</automatic>
      </ui>
    </properties>
  </field>
  <field deleted="0" format="" guid="K9IY00000PA9" id="ZG2652000SG7" label="_LastScoreUpdateDate_report" length="0" name="LastScoreUpdateDate__" originalProcessID="D9IY00000PA9" precision="0" processid="SG2652000SG7" submitable="1" type="DATE">
    <properties>
      <db>
        <alias>AZG2652000SG7</alias>
        <noxml>1</noxml>
        <fullname>/job/processfields/LastScoreUpdateDate__</fullname>
        <defaultvalue>
        </defaultvalue>
        <RecordLastWrite>2022-10-25 17:09:08</RecordLastWrite>
      </db>
      <extrainfo>
        <Label>_LastScoreUpdateDate_report</Label>
        <Alias>AZG2652000SG7</Alias>
        <ProcessFieldVersion vartype="INT">1</ProcessFieldVersion>
      </extrainfo>
      <gdr>
        <VarType>Area</VarType>
        <DisableAutolearn>1</DisableAutolearn>
      </gdr>
      <help>
        <helpData>{"helpText":"","helpURL":"","helpFormat":"HTML Format","helpIconPosition":"Right"}</helpData>
      </help>
      <ui>
        <_type>Date</_type>
        <automatic>true</automatic>
      </ui>
    </properties>
  </field>
  <field deleted="0" format="" guid="F9IY00000PA9" id="UG2652000SG7" label="_Provider_report" length="50" name="Provider__" originalProcessID="D9IY00000PA9" precision="0" processid="SG2652000SG7" submitable="1" type="STR">
    <properties>
      <db>
        <alias>AUG2652000SG7</alias>
        <index vartype="INT">1</index>
        <noxml>1</noxml>
        <fullname>/job/processfields/Provider__</fullname>
        <defaultvalue>
        </defaultvalue>
        <RecordLastWrite>2022-10-25 17:09:07</RecordLastWrite>
      </db>
      <extrainfo>
        <Label>_Provider_report</Label>
        <Alias>AUG2652000SG7</Alias>
        <ProcessFieldVersion vartype="INT">1</ProcessFieldVersion>
      </extrainfo>
      <gdr>
        <VarType>Area</VarType>
        <DisableAutolearn>1</DisableAutolearn>
      </gdr>
      <help>
        <helpData>{"helpText":"","helpURL":"","helpFormat":"HTML Format","helpIconPosition":"Right"}</helpData>
      </help>
      <ui>
        <_type>String</_type>
        <automatic>true</automatic>
      </ui>
    </properties>
  </field>
  <field deleted="0" format="" guid="H9IY00000PA9" id="WG2652000SG7" label="_ScoreScale_report" length="50" name="ScoreScale__" originalProcessID="D9IY00000PA9" precision="0" processid="SG2652000SG7" submitable="1" type="STR">
    <properties>
      <db>
        <alias>AWG2652000SG7</alias>
        <noxml>1</noxml>
        <fullname>/job/processfields/ScoreScale__</fullname>
        <defaultvalue>
        </defaultvalue>
        <RecordLastWrite>2022-10-25 17:09:07</RecordLastWrite>
      </db>
      <extrainfo>
        <Label>_ScoreScale_report</Label>
        <Alias>AWG2652000SG7</Alias>
        <ProcessFieldVersion vartype="INT">1</ProcessFieldVersion>
      </extrainfo>
      <gdr>
        <VarType>Area</VarType>
        <DisableAutolearn>1</DisableAutolearn>
      </gdr>
      <help>
        <helpData>{"helpText":"","helpURL":"","helpFormat":"HTML Format","helpIconPosition":"Right"}</helpData>
      </help>
      <ui>
        <_type>String</_type>
        <automatic>true</automatic>
      </ui>
    </properties>
  </field>
  <field deleted="0" format="" guid="G9IY00000PA9" id="VG2652000SG7" label="_Score_report" length="50" name="Score__" originalProcessID="D9IY00000PA9" precision="0" processid="SG2652000SG7" submitable="1" type="STR">
    <properties>
      <db>
        <alias>AVG2652000SG7</alias>
        <noxml>1</noxml>
        <fullname>/job/processfields/Score__</fullname>
        <defaultvalue>
        </defaultvalue>
        <RecordLastWrite>2022-10-25 17:09:07</RecordLastWrite>
      </db>
      <extrainfo>
        <Label>_Score_report</Label>
        <Alias>AVG2652000SG7</Alias>
        <ProcessFieldVersion vartype="INT">1</ProcessFieldVersion>
      </extrainfo>
      <gdr>
        <VarType>Area</VarType>
        <DisableAutolearn>1</DisableAutolearn>
      </gdr>
      <help>
        <helpData>{"helpText":"","helpURL":"","helpFormat":"HTML Format","helpIconPosition":"Right"}</helpData>
      </help>
      <ui>
        <_type>String</_type>
        <automatic>true</automatic>
      </ui>
    </properties>
  </field>
  <field deleted="0" format="" guid="I9IY00000PA9" id="XG2652000SG7" label="_Trend_report" length="50" name="Trend__" originalProcessID="D9IY00000PA9" precision="0" processid="SG2652000SG7" submitable="1" type="STR">
    <properties>
      <db>
        <alias>AXG2652000SG7</alias>
        <noxml>1</noxml>
        <fullname>/job/processfields/Trend__</fullname>
        <defaultvalue>_none</defaultvalue>
        <RecordLastWrite>2022-10-25 17:09:07</RecordLastWrite>
      </db>
      <extrainfo>
        <Type>webaccess.Process.Columns.WithPossibleValues</Type>
        <Label>_Trend_report</Label>
        <Alias>AXG2652000SG7</Alias>
        <ProcessFieldVersion vartype="INT">1</ProcessFieldVersion>
      </extrainfo>
      <field>
        <DisplayedColumns>
        </DisplayedColumns>
        <DataSourceOrigin>Standalone</DataSourceOrigin>
        <possibleKeys>
        </possibleKeys>
        <SavedColumn>
        </SavedColumn>
        <possibleValues>_none
_up
_down</possibleValues>
      </field>
      <gdr>
        <DisableAutolearn>1</DisableAutolearn>
      </gdr>
      <help>
        <helpData>{"helpText":"","helpURL":"","helpFormat":"HTML Format","helpIconPosition":"Right"}</helpData>
      </help>
      <ui>
        <_type>String</_type>
        <automatic>true</automatic>
      </ui>
    </properties>
  </field>
  <type id="JLLP13130F1" name="CT">
  </type>
</process>