﻿<?xml version="1.0" encoding="UTF-8" standalone="no"?>
<process accountid="20063076" allowrepairprocess="0" builtin="0" builtinversion="0" carriesapplicationversion="0" creationdatetime="2022-10-25 17:04:47" deleted="0" eskerapplication="" global="0" id="EVW552000SG7" keepcustomization="0" keepfieldsonly="0" keepfieldsproperties="0" keepnewcontroloptions="0" migrationversion="4" name="AP - Trading partner__" needvalidation="0" ootofilter="" ootoversion="0" originalProcessID="HUME3B9D81AD" ownerid="cn=admin_p2p@paragon-cc.fr,ou=DEV,ou=TrainingP2P,ou=DEMO_JULIEN,ou=05284299,ou=ESK,s=eoo" ownerpb="OnDemand AddressBook" public="1" pushnotification="0" reuseengine="0" sprintversion="5.261.0" transportname="CustomTable" upgradable="1" userid="0" version="1" visibility="0">
  <properties>
    <gdr>
    </gdr>
    <lg>
      <process_de>{
	"_Company": "Firmen-ID",
	"_Company name": "Firmenname",
	"_Country": "Land der Firma",
	"_Currency": "Lokale Währung",
	"AP - Trading partner": "P2P - Partnergesellschaften"
}</process_de>
      <process_JA>{
	"_Company": "会社ID",
	"_Company name": "会社名",
	"_Country": "会社所在国",
	"_Currency": "ローカル通貨",
	"AP - Trading partner": "P2P - 取引先"
}</process_JA>
      <process_en>{
	"_Company": "Company ID",
	"_Company name": "Company name",
	"_Country": "Company country",
	"_Currency": "Local currency",
	"AP - Trading partner": "P2P - Trading partners"
}</process_en>
      <process_es>{
	"_Company": "ID de la empresa",
	"_Company name": "Nombre de la empresa",
	"_Country": "País de la empresa",
	"_Currency": "Divisa local",
	"AP - Trading partner": "P2P - Sociedades asociadas"
}</process_es>
      <process_fr>{
	"_Company": "ID de la société",
	"_Company name": "Nom de la société",
	"_Country": "Pays de la société",
	"_Currency": "Devise locale",
	"AP - Trading partner": "P2P - Sociétés partenaires"
}</process_fr>
      <process_nl-NL>{
	"_Company": "Bedrijfs-ID",
	"_Company name": "Bedrijfsnaam",
	"_Country": "Land bedrijf",
	"_Currency": "Lokale valuta",
	"AP - Trading partner": "P2P - Handelspartners"
}</process_nl-NL>
      <process_it>{
	"_Company": "ID società",
	"_Company name": "Nome società",
	"_Country": "Paese società",
	"_Currency": "Valuta locale",
	"AP - Trading partner": "P2P - Società partner"
}</process_it>
      <process_zh-CN>{
	"_Company": "公司标识",
	"_Company name": "公司名称",
	"_Country": "公司国家/地区",
	"_Currency": "本地货币",
	"AP - Trading partner": "采购到支付 - 业务伙伴"
}</process_zh-CN>
      <process_pt-BR>{
	"_Company": "ID da empresa",
	"_Company name": "Nome da empresa",
	"_Country": "País da empresa",
	"_Currency": "Moeda local",
	"AP - Trading partner": "P2P - Parceiros comerciais"
}</process_pt-BR>
    </lg>
    <process>
      <flowtype>processing</flowtype>
      <homepagelabel>AP - Trading partner</homepagelabel>
      <upgradable>yes</upgradable>
      <instanciable>1</instanciable>
      <enablerounddecimal>true</enablerounddecimal>
      <OverrideAllowedAttachmentExtensions>*</OverrideAllowedAttachmentExtensions>
      <UseActionNameWithScriptApproval>true</UseActionNameWithScriptApproval>
      <AllowUploadAttachment>0</AllowUploadAttachment>
      <AllowUploadReferenceDocument>0</AllowUploadReferenceDocument>
      <shouldRollbackManualRecordEdits>true</shouldRollbackManualRecordEdits>
      <UseCultureFormat>true</UseCultureFormat>
      <TransportName>CustomTable</TransportName>
      <LayoutVersion>1.0</LayoutVersion>
    </process>
    <ui>
      <layout>{
	"*": {
		"Screen": {
			"type": "FlexibleFormLayout",
			"options": {
				"splitterType": "simple-v",
				"version": 0
			},
			"*": {
				"form-header": {
					"type": "FlexibleFormHeader",
					"options": {
						"hidePanelsMenu": false,
						"version": 0
					},
					"stamp": 2,
					"data": []
				},
				"form-center": {
					"type": "FlexibleFormCenter",
					"options": {
						"version": 0
					},
					"*": {
						"form-content": {
							"type": "FlexibleFormContent",
							"options": {
								"version": 0
							},
							"*": {
								"form-content-center": {
									"type": "FlexibleFormSplitter",
									"options": {
										"version": 1,
										"box": {
											"top": "0%",
											"left": "0%",
											"width": "100%"
										},
										"hidden": false
									},
									"*": {
										"form-content-center-1": {
											"type": "FlexibleFormLine",
											"data": [],
											"options": {},
											"stamp": 9,
											"*": {
												"DataPanel": {
													"type": "PanelData",
													"options": {
														"border": {},
														"version": 0,
														"labelLength": 0,
														"iconURL": "",
														"TitleFontSize": "S",
														"hideActionButtons": false,
														"hideTitleBar": false,
														"hideTitle": false,
														"backgroundcolor": "default",
														"labelsAlignment": "right",
														"label": "_Document data"
													},
													"*": {
														"FieldsManager": {
															"type": "FieldsManager",
															"options": {
																"controlsAssociation": {
																	"Company__": "LabelCompany__",
																	"LabelCompany__": "Company__",
																	"CompanyName__": "LabelCompanyName__",
																	"LabelCompanyName__": "CompanyName__",
																	"Country__": "LabelCountry__",
																	"LabelCountry__": "Country__",
																	"Currency__": "LabelCurrency__",
																	"LabelCurrency__": "Currency__"
																},
																"version": 0
															},
															"*": {
																"Grid": {
																	"type": "GridLayout",
																	"options": {
																		"lines": 4,
																		"columns": 2,
																		"version": 0,
																		"ctrlsPos": {
																			"Company__": {
																				"line": 1,
																				"column": 2
																			},
																			"LabelCompany__": {
																				"line": 1,
																				"column": 1
																			},
																			"CompanyName__": {
																				"line": 2,
																				"column": 2
																			},
																			"LabelCompanyName__": {
																				"line": 2,
																				"column": 1
																			},
																			"Country__": {
																				"line": 3,
																				"column": 2
																			},
																			"LabelCountry__": {
																				"line": 3,
																				"column": 1
																			},
																			"Currency__": {
																				"line": 4,
																				"column": 2
																			},
																			"LabelCurrency__": {
																				"line": 4,
																				"column": 1
																			}
																		},
																		"colspans": [
																			[],
																			[],
																			[],
																			[]
																		]
																	},
																	"data": [
																		"fields"
																	],
																	"*": {
																		"LabelCompany__": {
																			"type": "Label",
																			"data": [
																				"Company__"
																			],
																			"options": {
																				"label": "_Company"
																			},
																			"stamp": 14
																		},
																		"Company__": {
																			"type": "ShortText",
																			"data": [
																				"Company__"
																			],
																			"options": {
																				"textSize": "S",
																				"textAlignment": "left",
																				"textStyle": "default",
																				"textColor": "default",
																				"label": "_Company",
																				"activable": true,
																				"width": 230,
																				"helpText": "",
																				"browsable": false
																			},
																			"stamp": 15
																		},
																		"LabelCompanyName__": {
																			"type": "Label",
																			"data": [
																				"CompanyName__"
																			],
																			"options": {
																				"label": "_Company name"
																			},
																			"stamp": 16
																		},
																		"CompanyName__": {
																			"type": "ShortText",
																			"data": [
																				"CompanyName__"
																			],
																			"options": {
																				"textSize": "S",
																				"textAlignment": "left",
																				"textStyle": "default",
																				"textColor": "default",
																				"label": "_Company name",
																				"activable": true,
																				"width": 230,
																				"helpText": "",
																				"browsable": false
																			},
																			"stamp": 17
																		},
																		"LabelCountry__": {
																			"type": "Label",
																			"data": [
																				"Country__"
																			],
																			"options": {
																				"label": "_Country"
																			},
																			"stamp": 18
																		},
																		"Country__": {
																			"type": "ShortText",
																			"data": [
																				"Country__"
																			],
																			"options": {
																				"textSize": "S",
																				"textAlignment": "left",
																				"textStyle": "default",
																				"textColor": "default",
																				"label": "_Country",
																				"activable": true,
																				"width": 230,
																				"helpText": "",
																				"browsable": false
																			},
																			"stamp": 19
																		},
																		"LabelCurrency__": {
																			"type": "Label",
																			"data": [
																				"Currency__"
																			],
																			"options": {
																				"label": "_Currency"
																			},
																			"stamp": 20
																		},
																		"Currency__": {
																			"type": "ShortText",
																			"data": [
																				"Currency__"
																			],
																			"options": {
																				"textSize": "S",
																				"textAlignment": "left",
																				"textStyle": "default",
																				"textColor": "default",
																				"label": "_Currency",
																				"activable": true,
																				"width": 230,
																				"helpText": "",
																				"browsable": false
																			},
																			"stamp": 21
																		}
																	},
																	"stamp": 8
																}
															},
															"stamp": 7,
															"data": []
														}
													},
													"stamp": 6,
													"data": []
												}
											}
										}
									},
									"stamp": 5,
									"data": []
								}
							},
							"stamp": 4,
							"data": []
						}
					},
					"stamp": 3,
					"data": []
				},
				"form-footer": {
					"type": "FlexibleFormFooter",
					"options": {
						"splitterType": "simple-h",
						"version": 0
					},
					"*": {
						"Save": {
							"type": "SubmitButton",
							"options": {
								"label": "_Save",
								"action": "savequit",
								"submit": true,
								"version": 0
							},
							"stamp": 11,
							"data": []
						},
						"Close": {
							"type": "SubmitButton",
							"options": {
								"label": "_Close",
								"action": "cancel",
								"submit": true,
								"version": 0
							},
							"stamp": 12,
							"data": []
						},
						"Delete": {
							"type": "SubmitButton",
							"options": {
								"label": "_Delete",
								"action": "delete",
								"submit": true,
								"version": 0,
								"disabled": true
							},
							"stamp": 13,
							"data": []
						}
					},
					"stamp": 10,
					"data": []
				}
			},
			"stamp": 1,
			"data": []
		}
	},
	"stamps": 21,
	"data": []
}</layout>
    </ui>
  </properties>
  <field deleted="0" format="" guid="HUME3B9D81AF" id="GVW552000SG7" label="_Company name" length="50" name="CompanyName__" originalProcessID="HUME3B9D81AD" precision="0" processid="EVW552000SG7" submitable="1" type="STR">
    <properties>
      <db>
        <alias>AGVW552000SG7</alias>
        <noxml>1</noxml>
        <fullname>/job/processfields/CompanyName__</fullname>
        <defaultvalue>
        </defaultvalue>
        <RecordLastWrite>2016-09-27 18:38:48</RecordLastWrite>
      </db>
      <extrainfo>
        <Label>_Company name</Label>
        <Alias>AGVW552000SG7</Alias>
        <ProcessFieldVersion vartype="INT">1</ProcessFieldVersion>
      </extrainfo>
      <gdr>
        <VarType>Area</VarType>
        <DisableAutolearn>1</DisableAutolearn>
      </gdr>
      <help>
        <helpData>{"helpText":""}</helpData>
      </help>
      <ui>
        <_type>String</_type>
        <automatic>true</automatic>
      </ui>
    </properties>
  </field>
  <field deleted="0" format="" guid="PHQG3B9D81AE" id="FVW552000SG7" label="_Company" length="50" name="Company__" originalProcessID="HUME3B9D81AD" precision="0" processid="EVW552000SG7" submitable="1" type="STR">
    <properties>
      <db>
        <alias>AFVW552000SG7</alias>
        <noxml>1</noxml>
        <fullname>/job/processfields/Company__</fullname>
        <defaultvalue>
        </defaultvalue>
        <RecordLastWrite>2016-09-27 18:38:48</RecordLastWrite>
      </db>
      <extrainfo>
        <Label>_Company</Label>
        <Alias>AFVW552000SG7</Alias>
        <ProcessFieldVersion vartype="INT">1</ProcessFieldVersion>
      </extrainfo>
      <gdr>
        <VarType>Area</VarType>
        <DisableAutolearn>1</DisableAutolearn>
      </gdr>
      <help>
        <helpData>{"helpText":""}</helpData>
      </help>
      <ui>
        <_type>String</_type>
        <automatic>true</automatic>
      </ui>
    </properties>
  </field>
  <field deleted="0" format="" guid="AYLN3B9D81B0" id="HVW552000SG7" label="_Country" length="50" name="Country__" originalProcessID="HUME3B9D81AD" precision="0" processid="EVW552000SG7" submitable="1" type="STR">
    <properties>
      <db>
        <alias>AHVW552000SG7</alias>
        <noxml>1</noxml>
        <fullname>/job/processfields/Country__</fullname>
        <defaultvalue>
        </defaultvalue>
        <RecordLastWrite>2016-09-27 18:38:48</RecordLastWrite>
      </db>
      <extrainfo>
        <Label>_Country</Label>
        <Alias>AHVW552000SG7</Alias>
        <ProcessFieldVersion vartype="INT">1</ProcessFieldVersion>
      </extrainfo>
      <gdr>
        <VarType>Area</VarType>
        <DisableAutolearn>1</DisableAutolearn>
      </gdr>
      <help>
        <helpData>{"helpText":""}</helpData>
      </help>
      <ui>
        <_type>String</_type>
        <automatic>true</automatic>
      </ui>
    </properties>
  </field>
  <field deleted="0" format="" guid="LFDX3B9D81B1" id="IVW552000SG7" label="_Currency" length="50" name="Currency__" originalProcessID="HUME3B9D81AD" precision="0" processid="EVW552000SG7" submitable="1" type="STR">
    <properties>
      <db>
        <alias>AIVW552000SG7</alias>
        <noxml>1</noxml>
        <fullname>/job/processfields/Currency__</fullname>
        <defaultvalue>
        </defaultvalue>
        <RecordLastWrite>2016-09-27 18:38:48</RecordLastWrite>
      </db>
      <extrainfo>
        <Label>_Currency</Label>
        <Alias>AIVW552000SG7</Alias>
        <ProcessFieldVersion vartype="INT">1</ProcessFieldVersion>
      </extrainfo>
      <gdr>
        <VarType>Area</VarType>
        <DisableAutolearn>1</DisableAutolearn>
      </gdr>
      <help>
        <helpData>{"helpText":""}</helpData>
      </help>
      <ui>
        <_type>String</_type>
        <automatic>true</automatic>
      </ui>
    </properties>
  </field>
  <type id="JLLP13130F1" name="CT">
  </type>
</process>