﻿<?xml version="1.0" encoding="UTF-8" standalone="no"?>
<process accountid="20063076" allowrepairprocess="0" builtin="0" builtinversion="0" carriesapplicationversion="0" creationdatetime="2022-10-25 17:04:29" deleted="0" eskerapplication="" global="0" id="ZLW552000SG7" keepcustomization="0" keepfieldsonly="0" keepfieldsproperties="0" keepnewcontroloptions="0" migrationversion="4" name="AP - Vendors__" needvalidation="1" ootofilter="" ootoversion="0" originalProcessID="PSSO86557124" ownerid="cn=admin_p2p@paragon-cc.fr,ou=DEV,ou=TrainingP2P,ou=DEMO_JULIEN,ou=05284299,ou=ESK,s=eoo" ownerpb="OnDemand AddressBook" public="1" pushnotification="0" reuseengine="0" sprintversion="5.261.0" transportname="CustomTable" upgradable="1" userid="0" version="1" visibility="0">
  <properties>
    <dbIndex>
      <AUTO_AAMW552000SG7A>&lt;Index&gt;&lt;Ref Name="AAMW552000SG7" Option="ASC"/&gt;&lt;/Index&gt;</AUTO_AAMW552000SG7A>
      <AUTO_ABMW552000SG7A>&lt;Index&gt;&lt;Ref Name="ABMW552000SG7" Option="ASC"/&gt;&lt;/Index&gt;</AUTO_ABMW552000SG7A>
      <AUTO_ACMW552000SG7A>&lt;Index&gt;&lt;Ref Name="ACMW552000SG7" Option="ASC"/&gt;&lt;/Index&gt;</AUTO_ACMW552000SG7A>
      <AUTO_AEMW552000SG7A>&lt;Index&gt;&lt;Ref Name="AEMW552000SG7" Option="ASC"/&gt;&lt;/Index&gt;</AUTO_AEMW552000SG7A>
      <AUTO_AFMW552000SG7A>&lt;Index&gt;&lt;Ref Name="AFMW552000SG7" Option="ASC"/&gt;&lt;/Index&gt;</AUTO_AFMW552000SG7A>
      <AUTO_AHMW552000SG7A>&lt;Index&gt;&lt;Ref Name="AHMW552000SG7" Option="ASC"/&gt;&lt;/Index&gt;</AUTO_AHMW552000SG7A>
      <AUTO_AIMW552000SG7A>&lt;Index&gt;&lt;Ref Name="AIMW552000SG7" Option="ASC"/&gt;&lt;/Index&gt;</AUTO_AIMW552000SG7A>
      <AUTO_ALMW552000SG7A>&lt;Index&gt;&lt;Ref Name="ALMW552000SG7" Option="ASC"/&gt;&lt;/Index&gt;</AUTO_ALMW552000SG7A>
      <AUTO_AMMW552000SG7A>&lt;Index&gt;&lt;Ref Name="AMMW552000SG7" Option="ASC"/&gt;&lt;/Index&gt;</AUTO_AMMW552000SG7A>
      <AUTO_ANMW552000SG7A>&lt;Index&gt;&lt;Ref Name="ANMW552000SG7" Option="ASC"/&gt;&lt;/Index&gt;</AUTO_ANMW552000SG7A>
      <AUTO_APMW552000SG7A>&lt;Index&gt;&lt;Ref Name="APMW552000SG7" Option="ASC"/&gt;&lt;/Index&gt;</AUTO_APMW552000SG7A>
      <AUTO_ARMW552000SG7A>&lt;Index&gt;&lt;Ref Name="ARMW552000SG7" Option="ASC"/&gt;&lt;/Index&gt;</AUTO_ARMW552000SG7A>
      <AUTO_ASMW552000SG7A>&lt;Index&gt;&lt;Ref Name="ASMW552000SG7" Option="ASC"/&gt;&lt;/Index&gt;</AUTO_ASMW552000SG7A>
      <AUTO_AVMW552000SG7A>&lt;Index&gt;&lt;Ref Name="AVMW552000SG7" Option="ASC"/&gt;&lt;/Index&gt;</AUTO_AVMW552000SG7A>
      <AUTO_AWMW552000SG7A>&lt;Index&gt;&lt;Ref Name="AWMW552000SG7" Option="ASC"/&gt;&lt;/Index&gt;</AUTO_AWMW552000SG7A>
    </dbIndex>
    <gdr>
    </gdr>
    <lg>
      <process_de>{
	"_action_openInProcess:Vendor_Company_Extended_Properties__": "Details anzeigen",
	"_Country code": "Ländercode",
	"_DUNSNumber": "DUNS-Nummer",
	"_DUNSNumber_report": "DUNS-Nummer",
	"_ShowAlerts": "Warnungen zur Risikobewertung werden angezeigt",
	"_Sub": "Gebäude, Industriegebiet, Dienst...",
	"_Sub report": "Gebäude, Industriegebiet, Dienst...",
	"_Vendor Address": "Adressvorschau",
	"_VendorAddress": "Lieferantenadresse",
	"_VendorInfo": "Informationen zum Lieferanten",
	"AP - Vendors": "P2P - Lieferanten",
	"City": "Stadt",
	"Company code": "Buchungskreis",
	"Currency": "Währung",
	"Email": "E-Mail-Adresse",
	"Fax number": "Faxnummer",
	"General account": "Sammel-Sachkonto",
	"Name": "Name",
	"Number": "Lieferantennummer",
	"Parafiscal tax": "Unterliegt steuerähnlicher Abgabe",
	"Payment terms": "Zahlungsbedingungen",
	"Phone number": "Telefonnummer",
	"Postal code": "PLZ",
	"PostOfficeBox": "Ort oder Postfach",
	"Preferred invoice type": "Bevorzugte Rechnungsart",
	"Region": "Bundesland/Region",
	"Street": "Straße",
	"Supplier due": "Mehrwertsteuerart",
	"Tax system": "Steuersystem",
	"VAT number": "Umsatzsteuernummer"
}</process_de>
      <process_JA>{
	"_action_openInProcess:Vendor_Company_Extended_Properties__": "詳細を表示",
	"_Country code": "国コード",
	"_DUNSNumber": "DUNS番号",
	"_DUNSNumber_report": "DUNS番号",
	"_ShowAlerts": "リスクスコアのアラートの表示",
	"_Sub": "建物、IA、サービス...",
	"_Sub report": "建物、IA、サービス...",
	"_Vendor Address": "住所プレビュー",
	"_VendorAddress": "仕入先住所",
	"_VendorInfo": "仕入先情報",
	"AP - Vendors": "P2P - 仕入先",
	"City": "市区町村",
	"Company code": "会社コード",
	"Currency": "通貨",
	"Email": "電子メール",
	"Fax number": "Fax番号",
	"General account": "集合的な勘定科目",
	"Name": "名前",
	"Number": "仕入先番号",
	"Parafiscal tax": "準財務税の対象",
	"Payment terms": "支払条件",
	"Phone number": "電話番号",
	"Postal code": "郵便番号",
	"PostOfficeBox": "私書箱",
	"Preferred invoice type": "優先される請求書種別",
	"Region": "都道府県/地域",
	"Street": "番地",
	"Supplier due": "付加価値税種別",
	"Tax system": "税制",
	"VAT number": "付加価値税登録番号"
}</process_JA>
      <process_en>{
	"_action_openInProcess:Vendor_Company_Extended_Properties__": "View details",
	"_Country code": "Country code",
	"_DUNSNumber": "DUNS number",
	"_DUNSNumber_report": "DUNS number",
	"_ShowAlerts": "Risk score alerts displayed",
	"_Sub": "Building, IA, Service...",
	"_Sub report": "Building, IA, Service...",
	"_Vendor Address": "Address preview",
	"_VendorAddress": "Vendor Address",
	"_VendorInfo": "Vendor Information",
	"AP - Vendors": "P2P - Vendors",
	"City": "City",
	"Company code": "Company code",
	"Currency": "Currency",
	"Email": "Email",
	"Fax number": "Fax number",
	"General account": "Collective G/L account",
	"Name": "Name",
	"Number": "Vendor number",
	"Parafiscal tax": "Subject to parafiscal tax",
	"Payment terms": "Payment terms",
	"Phone number": "Phone number",
	"Postal code": "Postal code",
	"PostOfficeBox": "Locality or P.O. Box",
	"Preferred invoice type": "Preferred invoice type",
	"Region": "State/Region",
	"Street": "Street",
	"Supplier due": "VAT type",
	"Tax system": "Tax system",
	"VAT number": "VAT number"
}</process_en>
      <process_es>{
	"_action_openInProcess:Vendor_Company_Extended_Properties__": "Ver detalles",
	"_Country code": "Código de país",
	"_DUNSNumber": "Número DUNS",
	"_DUNSNumber_report": "Número DUNS",
	"_ShowAlerts": "Alertas de puntuación de riesgo mostradas",
	"_Sub": "Edificio, P.I., Servicio...",
	"_Sub report": "Edificio, P.I., Servicio...",
	"_Vendor Address": "Vista previa de la dirección",
	"_VendorAddress": "Dirección del proveedor",
	"_VendorInfo": "Información del proveedor",
	"AP - Vendors": "P2P - Proveedores",
	"City": "Ciudad",
	"Company code": "Código de empresa",
	"Currency": "Divisa",
	"Email": "Dirección de e-mail",
	"Fax number": "Número de fax",
	"General account": "Cuenta de mayor colectiva",
	"Name": "Nombre",
	"Number": "Número de proveedor",
	"Parafiscal tax": "Sujeto a impuesto parafiscal",
	"Payment terms": "Condiciones de pago",
	"Phone number": "Número de teléfono",
	"Postal code": "Código postal",
	"PostOfficeBox": "Localidad o apartado postal",
	"Preferred invoice type": "Tipo de factura preferido",
	"Region": "Estado/Provincia",
	"Street": "Calle",
	"Supplier due": "Tipo de IVA",
	"Tax system": "Régimen fiscal",
	"VAT number": "Nº de IVA"
}</process_es>
      <process_fr>{
	"_action_openInProcess:Vendor_Company_Extended_Properties__": "Voir les détails",
	"_Country code": "Code pays",
	"_DUNSNumber": "Numéro DUNS",
	"_DUNSNumber_report": "Numéro DUNS",
	"_ShowAlerts": "Alertes de score de risque affichées",
	"_Sub": "Bâtiment, ZI, Service...",
	"_Sub report": "Bâtiment, ZI, Service...",
	"_Vendor Address": "Aperçu de l'adresse",
	"_VendorAddress": "Adresse du fournisseur",
	"_VendorInfo": "Informations sur le fournisseur",
	"AP - Vendors": "P2P - Fournisseurs",
	"City": "Ville",
	"Company code": "Code société",
	"Currency": "Devise",
	"Email": "Adresse e-mail",
	"Fax number": "Numéro de fax",
	"General account": "Compte général collectif",
	"Name": "Nom",
	"Number": "Numéro fournisseur",
	"Parafiscal tax": "Soumis à la TPF",
	"Payment terms": "Conditions de paiement",
	"Phone number": "Numéro de téléphone",
	"Postal code": "Code postal",
	"PostOfficeBox": "Lieu-dit ou boîte postale",
	"Preferred invoice type": "Type de facture préféré",
	"Region": "État/Région",
	"Street": "Rue",
	"Supplier due": "Type de TVA",
	"Tax system": "Régime fiscal",
	"VAT number": "Numéro de TVA"
}</process_fr>
      <process_nl-NL>{
	"_action_openInProcess:Vendor_Company_Extended_Properties__": "Details bekijken",
	"_Country code": "Landcode",
	"_DUNSNumber": "DUNS-nummer",
	"_DUNSNumber_report": "DUNS-nummer",
	"_ShowAlerts": "Waarschuwingen risicoscores weergegeven",
	"_Sub": "Gebouw, IZ, service",
	"_Sub report": "Gebouw, IZ, service",
	"_Vendor Address": "Voorbeeldweergave adres",
	"_VendorAddress": "Adres leverancier",
	"_VendorInfo": "Leveranciersinformatie",
	"AP - Vendors": "P2P - Leveranciers",
	"City": "Stad",
	"Company code": "Bedrijfscode",
	"Currency": "Valuta",
	"Email": "E-mail",
	"Fax number": "Faxnummer",
	"General account": "Collectieve grootboekrekening",
	"Name": "Naam",
	"Number": "Nummer leverancier",
	"Parafiscal tax": "Onderworpen aan parafiscale belasting",
	"Payment terms": "Betalingstermijnen",
	"Phone number": "Telefoonnummer",
	"Postal code": "Postcode",
	"PostOfficeBox": "Locatie of postbus",
	"Preferred invoice type": "Gewenst type factuur",
	"Region": "Staat/Regio",
	"Street": "Straat",
	"Supplier due": "Type btw",
	"Tax system": "Belastingsysteem",
	"VAT number": "Btw-nummer"
}</process_nl-NL>
      <process_it>{
	"_action_openInProcess:Vendor_Company_Extended_Properties__": "Visualizza dettagli",
	"_Country code": "Codice paese",
	"_DUNSNumber": "Numero DUNS",
	"_DUNSNumber_report": "Numero DUNS",
	"_ShowAlerts": "Avvisi punteggio di rischio visualizzati",
	"_Sub": "Edificio, ZI, Servizio...",
	"_Sub report": "Edificio, ZI, Servizio...",
	"_Vendor Address": "Anteprima indirizzo",
	"_VendorAddress": "Indirizzo fornitore",
	"_VendorInfo": "Informazioni fornitore",
	"AP - Vendors": "P2P - Fornitori",
	"City": "Città",
	"Company code": "Codice società",
	"Currency": "Valuta",
	"Email": "Indirizzo e-mail",
	"Fax number": "Numero fax",
	"General account": "Conto generale collettivo",
	"Name": "Nome",
	"Number": "Numero fornitore",
	"Parafiscal tax": "Soggetto a imposta parafiscale",
	"Payment terms": "Termini di pagamento",
	"Phone number": "Numero di telefono",
	"Postal code": "CAP",
	"PostOfficeBox": "Località o casella postale",
	"Preferred invoice type": "Tipo di fattura preferito",
	"Region": "Stato/Regione",
	"Street": "Via",
	"Supplier due": "Tipo di IVA",
	"Tax system": "Regime fiscale",
	"VAT number": "Partita IVA"
}</process_it>
      <process_zh-CN>{
	"_action_openInProcess:Vendor_Company_Extended_Properties__": "查看",
	"_Country code": "国家/地区代码",
	"_DUNSNumber": "邓氏编码（DUNS）",
	"_DUNSNumber_report": "邓氏编码（DUNS）",
	"_ShowAlerts": "显示风险评分警报",
	"_Sub": "楼号、工业区、部门……",
	"_Sub report": "楼号、工业区、部门……",
	"_Vendor Address": "地址预览",
	"_VendorAddress": "供应商地址",
	"_VendorInfo": "供应商信息",
	"AP - Vendors": "采购到支付 - 供应商",
	"City": "城市",
	"Company code": "公司代码",
	"Currency": "货币",
	"Email": "电子邮件",
	"Fax number": "传真号码",
	"General account": "集合性总账科目",
	"Name": "名称",
	"Number": "供应商编号",
	"Parafiscal tax": "需缴纳准财政税",
	"Payment terms": "付款条款",
	"Phone number": "电话号码",
	"Postal code": "邮政编码",
	"PostOfficeBox": "地点或邮政信箱",
	"Preferred invoice type": "首选发票类型",
	"Region": "州/省/大区",
	"Street": "街道地址",
	"Supplier due": "增值税类型",
	"Tax system": "税制",
	"VAT number": "增值税号(VAT)"
}</process_zh-CN>
      <process_pt-BR>{
	"_action_openInProcess:Vendor_Company_Extended_Properties__": "Ver informações",
	"_Country code": "Código do país",
	"_DUNSNumber": "Número de DUNS",
	"_DUNSNumber_report": "Número de DUNS",
	"_ShowAlerts": "Alertas de pontuação de risco exibidos",
	"_Sub": "Edifício, n.º, Serviço...",
	"_Sub report": "Edifício, n.º, Serviço...",
	"_Vendor Address": "Visualização do endereço",
	"_VendorAddress": "Endereço do fornecedor",
	"_VendorInfo": "Informação de fornecedor",
	"AP - Vendors": "P2P - Fornecedores",
	"City": "Cidade",
	"Company code": "Código da empresa",
	"Currency": "Moeda",
	"Email": "E-mail",
	"Fax number": "Número de fax",
	"General account": "Conta do Razão coletiva",
	"Name": "Nome",
	"Number": "Número do fornecedor",
	"Parafiscal tax": "Sujeito a imposto parafiscal",
	"Payment terms": "Termos de pagamento",
	"Phone number": "Número de telefone",
	"Postal code": "Código postal",
	"PostOfficeBox": "Localidade ou caixa postal",
	"Preferred invoice type": "Tipo de fatura preferido",
	"Region": "Estado/Região",
	"Street": "Rua",
	"Supplier due": "Tipo de IVA",
	"Tax system": "Sistema fiscal",
	"VAT number": "Número de IVA"
}</process_pt-BR>
    </lg>
    <openInProcess>
      <process>{name: "Vendor_Company_Extended_Properties__", withMessage:true, multiple:false, filter:"(&amp;(|(CompanyCode__=)(!(CompanyCode__=*))(CompanyCode__=%[CompanyCode__]))(VendorNumber__=%[Number__]))"}</process>
    </openInProcess>
    <process>
      <BUColumn>CompanyCode__</BUColumn>
      <flowtype>processing</flowtype>
      <homepagelabel>AP - Vendors</homepagelabel>
      <upgradable>yes</upgradable>
      <instanciable>1</instanciable>
      <OverrideAllowedAttachmentExtensions>*</OverrideAllowedAttachmentExtensions>
      <AllowUploadAttachment>0</AllowUploadAttachment>
      <AllowUploadReferenceDocument>0</AllowUploadReferenceDocument>
      <isImportedInDiffMode>true</isImportedInDiffMode>
      <shouldRollbackManualRecordEdits>true</shouldRollbackManualRecordEdits>
      <shouldShowManualEditsWarning>true</shouldShowManualEditsWarning>
      <UseCultureFormat>true</UseCultureFormat>
      <TransportName>CustomTable</TransportName>
      <LayoutVersion>1.0</LayoutVersion>
    </process>
    <ui>
      <CustomScriptDebug>false</CustomScriptDebug>
      <customscriptIncludedScripts>Lib_P2P_Address_V12.0.461.0</customscriptIncludedScripts>
      <CustomScriptReadonly>true</CustomScriptReadonly>
      <CustomScript>///#GLOBALS Lib Sys

Lib.P2P.Address.SetFormattedAddressControl(Controls.VendorAddress__);

Controls.Sub__.OnChange = Lib.P2P.Address.ComputeFormattedAddress;
Controls.Street__.OnChange = Lib.P2P.Address.ComputeFormattedAddress;
Controls.PostalCode__.OnChange = Lib.P2P.Address.ComputeFormattedAddress;
Controls.Country__.OnChange = Lib.P2P.Address.ComputeFormattedAddress;
Controls.Region__.OnChange = Lib.P2P.Address.ComputeFormattedAddress;
Controls.City__.OnChange = Lib.P2P.Address.ComputeFormattedAddress;
Controls.PostOfficeBox__.OnChange = Lib.P2P.Address.ComputeFormattedAddress;

Lib.P2P.Address.ComputeFormattedAddress();
</CustomScript>
      <layout>{
	"*": {
		"Screen": {
			"type": "FlexibleFormLayout",
			"options": {
				"splitterType": "simple-v",
				"backColor": "text-backgroundcolor-color7",
				"version": 0,
				"maxwidth": 1500,
				"processHelpId": "5107"
			},
			"*": {
				"form-header": {
					"type": "FlexibleFormHeader",
					"options": {
						"hidePanelsMenu": false,
						"version": 0,
						"maxwidth": 1500
					},
					"stamp": 1,
					"data": []
				},
				"form-center": {
					"type": "FlexibleFormCenter",
					"options": {
						"version": 0,
						"maxwidth": 1500
					},
					"*": {
						"form-content": {
							"type": "FlexibleFormContent",
							"options": {
								"version": 0
							},
							"*": {
								"form-content-center": {
									"type": "FlexibleFormSplitter",
									"options": {
										"version": 1,
										"box": {
											"top": "0%",
											"left": "0%",
											"width": "100%"
										},
										"hidden": false
									},
									"*": {
										"form-content-center-1": {
											"type": "FlexibleFormLine",
											"data": [],
											"options": {
												"version": 0
											},
											"stamp": 2,
											"*": {
												"DataPanel": {
													"type": "PanelData",
													"options": {
														"border": {},
														"version": 0,
														"labelLength": 0,
														"label": "_VendorInfo",
														"iconURL": "",
														"TitleFontSize": "M",
														"hideActionButtons": true,
														"hideTitleBar": false,
														"backgroundcolor": "default",
														"labelsAlignment": "right",
														"hideTitle": false,
														"leftImageURL": "",
														"removeMargins": false,
														"elementsAlignment": "left",
														"panelStyle": "FlexibleFormPanelLight",
														"hidden": false
													},
													"*": {
														"FieldsManager": {
															"type": "FieldsManager",
															"options": {
																"controlsAssociation": {
																	"Name__": "LabelName__",
																	"LabelName__": "Name__",
																	"Number__": "LabelNumber__",
																	"LabelNumber__": "Number__",
																	"VATNumber__": "LabelVATNumber__",
																	"LabelVATNumber__": "VATNumber__",
																	"FaxNumber__": "LabelFaxNumber__",
																	"LabelFaxNumber__": "FaxNumber__",
																	"PhoneNumber__": "LabelPhoneNumber__",
																	"LabelPhoneNumber__": "PhoneNumber__",
																	"PreferredInvoiceType__": "LabelPreferredInvoiceType__",
																	"LabelPreferredInvoiceType__": "PreferredInvoiceType__",
																	"CompanyCode__": "LabelCompanyCode__",
																	"LabelCompanyCode__": "CompanyCode__",
																	"Email__": "LabelEmail__",
																	"LabelEmail__": "Email__",
																	"PaymentTermCode__": "LabelPaymentTermCode__",
																	"LabelPaymentTermCode__": "PaymentTermCode__",
																	"GeneralAccount__": "LabelGeneralAccount__",
																	"LabelGeneralAccount__": "GeneralAccount__",
																	"TaxSystem__": "LabelTaxSystem__",
																	"LabelTaxSystem__": "TaxSystem__",
																	"Currency__": "LabelCurrency__",
																	"LabelCurrency__": "Currency__",
																	"ParafiscalTax__": "LabelParafiscalTax__",
																	"LabelParafiscalTax__": "ParafiscalTax__",
																	"SupplierDue__": "LabelSupplierDue__",
																	"LabelSupplierDue__": "SupplierDue__",
																	"DUNSNumber__": "LabelDUNSNumber__",
																	"LabelDUNSNumber__": "DUNSNumber__",
																	"ShowAlerts__": "LabelShowAlerts__",
																	"LabelShowAlerts__": "ShowAlerts__"
																},
																"version": 0
															},
															"*": {
																"Grid": {
																	"type": "GridLayout",
																	"options": {
																		"lines": 17,
																		"columns": 2,
																		"version": 0,
																		"ctrlsPos": {
																			"Name__": {
																				"line": 3,
																				"column": 2
																			},
																			"LabelName__": {
																				"line": 3,
																				"column": 1
																			},
																			"Number__": {
																				"line": 2,
																				"column": 2
																			},
																			"LabelNumber__": {
																				"line": 2,
																				"column": 1
																			},
																			"VATNumber__": {
																				"line": 6,
																				"column": 2
																			},
																			"LabelVATNumber__": {
																				"line": 6,
																				"column": 1
																			},
																			"FaxNumber__": {
																				"line": 5,
																				"column": 2
																			},
																			"LabelFaxNumber__": {
																				"line": 5,
																				"column": 1
																			},
																			"PhoneNumber__": {
																				"line": 4,
																				"column": 2
																			},
																			"LabelPhoneNumber__": {
																				"line": 4,
																				"column": 1
																			},
																			"PreferredInvoiceType__": {
																				"line": 8,
																				"column": 2
																			},
																			"LabelPreferredInvoiceType__": {
																				"line": 8,
																				"column": 1
																			},
																			"CompanyCode__": {
																				"line": 1,
																				"column": 2
																			},
																			"LabelCompanyCode__": {
																				"line": 1,
																				"column": 1
																			},
																			"Email__": {
																				"line": 10,
																				"column": 2
																			},
																			"LabelEmail__": {
																				"line": 10,
																				"column": 1
																			},
																			"PaymentTermCode__": {
																				"line": 9,
																				"column": 2
																			},
																			"LabelPaymentTermCode__": {
																				"line": 9,
																				"column": 1
																			},
																			"GeneralAccount__": {
																				"line": 11,
																				"column": 2
																			},
																			"LabelGeneralAccount__": {
																				"line": 11,
																				"column": 1
																			},
																			"TaxSystem__": {
																				"line": 12,
																				"column": 2
																			},
																			"LabelTaxSystem__": {
																				"line": 12,
																				"column": 1
																			},
																			"Currency__": {
																				"line": 13,
																				"column": 2
																			},
																			"LabelCurrency__": {
																				"line": 13,
																				"column": 1
																			},
																			"ParafiscalTax__": {
																				"line": 14,
																				"column": 2
																			},
																			"LabelParafiscalTax__": {
																				"line": 14,
																				"column": 1
																			},
																			"SupplierDue__": {
																				"line": 15,
																				"column": 2
																			},
																			"LabelSupplierDue__": {
																				"line": 15,
																				"column": 1
																			},
																			"Spacer_line__": {
																				"line": 16,
																				"column": 1
																			},
																			"DUNSNumber__": {
																				"line": 7,
																				"column": 2
																			},
																			"LabelDUNSNumber__": {
																				"line": 7,
																				"column": 1
																			},
																			"ShowAlerts__": {
																				"line": 17,
																				"column": 2
																			},
																			"LabelShowAlerts__": {
																				"line": 17,
																				"column": 1
																			}
																		},
																		"colspans": [
																			[],
																			[],
																			[],
																			[],
																			[],
																			[],
																			[],
																			[],
																			[],
																			[],
																			[],
																			[],
																			[],
																			[],
																			[],
																			[
																				{
																					"index": 0,
																					"length": 2
																				}
																			],
																			[]
																		]
																	},
																	"data": [
																		"fields"
																	],
																	"*": {
																		"LabelCompanyCode__": {
																			"type": "Label",
																			"data": [
																				"CompanyCode__"
																			],
																			"options": {
																				"label": "Company code",
																				"version": 0
																			},
																			"stamp": 3
																		},
																		"CompanyCode__": {
																			"type": "DatabaseComboBox",
																			"data": [
																				"CompanyCode__"
																			],
																			"options": {
																				"browsable": true,
																				"label": "Company code",
																				"activable": true,
																				"width": 500,
																				"fTSmaxRecords": "20",
																				"version": 0,
																				"PreFillFTS": true,
																				"helpURL": "5107",
																				"helpText": "",
																				"helpFormat": "HTML Format",
																				"helpIconPosition": "Right"
																			},
																			"stamp": 4
																		},
																		"LabelNumber__": {
																			"type": "Label",
																			"data": [
																				"Number__"
																			],
																			"options": {
																				"label": "Number",
																				"version": 0
																			},
																			"stamp": 5
																		},
																		"Number__": {
																			"type": "ShortText",
																			"data": [
																				"Number__"
																			],
																			"options": {
																				"label": "Number",
																				"activable": true,
																				"width": "500",
																				"length": 50,
																				"version": 0,
																				"textSize": "S",
																				"textAlignment": "left",
																				"textStyle": "default",
																				"textColor": "default"
																			},
																			"stamp": 6
																		},
																		"LabelName__": {
																			"type": "Label",
																			"data": [
																				"Name__"
																			],
																			"options": {
																				"label": "Name",
																				"version": 0
																			},
																			"stamp": 7
																		},
																		"Name__": {
																			"type": "ShortText",
																			"data": [
																				"Name__"
																			],
																			"options": {
																				"label": "Name",
																				"activable": true,
																				"width": "500",
																				"length": 35,
																				"version": 0,
																				"textSize": "S",
																				"textAlignment": "left",
																				"textStyle": "default",
																				"textColor": "default"
																			},
																			"stamp": 8
																		},
																		"LabelPhoneNumber__": {
																			"type": "Label",
																			"data": [
																				"PhoneNumber__"
																			],
																			"options": {
																				"label": "Phone number",
																				"version": 0
																			},
																			"stamp": 19
																		},
																		"PhoneNumber__": {
																			"type": "ShortText",
																			"data": [
																				"PhoneNumber__"
																			],
																			"options": {
																				"label": "Phone number",
																				"activable": true,
																				"width": "500",
																				"length": 32,
																				"version": 0,
																				"textSize": "S",
																				"textAlignment": "left",
																				"textStyle": "default",
																				"textColor": "default"
																			},
																			"stamp": 20
																		},
																		"LabelFaxNumber__": {
																			"type": "Label",
																			"data": [
																				"FaxNumber__"
																			],
																			"options": {
																				"label": "Fax number",
																				"version": 0
																			},
																			"stamp": 21
																		},
																		"FaxNumber__": {
																			"type": "ShortText",
																			"data": [
																				"FaxNumber__"
																			],
																			"options": {
																				"label": "Fax number",
																				"activable": true,
																				"width": "500",
																				"length": 32,
																				"version": 0,
																				"textSize": "S",
																				"textAlignment": "left",
																				"textStyle": "default",
																				"textColor": "default"
																			},
																			"stamp": 22
																		},
																		"LabelVATNumber__": {
																			"type": "Label",
																			"data": [
																				"VATNumber__"
																			],
																			"options": {
																				"label": "VAT number",
																				"version": 0
																			},
																			"stamp": 23
																		},
																		"VATNumber__": {
																			"type": "ShortText",
																			"data": [
																				"VATNumber__"
																			],
																			"options": {
																				"label": "VAT number",
																				"activable": true,
																				"width": "500",
																				"length": 20,
																				"version": 0,
																				"textSize": "S",
																				"textAlignment": "left",
																				"textStyle": "default",
																				"textColor": "default"
																			},
																			"stamp": 24
																		},
																		"LabelDUNSNumber__": {
																			"type": "Label",
																			"data": [
																				"DUNSNumber__"
																			],
																			"options": {
																				"label": "_DUNSNumber"
																			},
																			"stamp": 70
																		},
																		"DUNSNumber__": {
																			"type": "ShortText",
																			"data": [
																				"DUNSNumber__"
																			],
																			"options": {
																				"textSize": "S",
																				"textAlignment": "left",
																				"textStyle": "default",
																				"textColor": "default",
																				"version": 1,
																				"label": "_DUNSNumber",
																				"activable": true,
																				"width": "500",
																				"helpText": "",
																				"helpURL": "",
																				"helpFormat": "HTML Format",
																				"helpIconPosition": "Right",
																				"browsable": false,
																				"length": 9
																			},
																			"stamp": 71
																		},
																		"LabelPreferredInvoiceType__": {
																			"type": "Label",
																			"data": [
																				"PreferredInvoiceType__"
																			],
																			"options": {
																				"label": "Preferred invoice type",
																				"version": 0
																			},
																			"stamp": 25
																		},
																		"PreferredInvoiceType__": {
																			"type": "ShortText",
																			"data": [
																				"PreferredInvoiceType__"
																			],
																			"options": {
																				"label": "Preferred invoice type",
																				"activable": true,
																				"width": "500",
																				"version": 0,
																				"textSize": "S",
																				"textAlignment": "left",
																				"textStyle": "default",
																				"textColor": "default"
																			},
																			"stamp": 26
																		},
																		"LabelPaymentTermCode__": {
																			"type": "Label",
																			"data": [
																				"PaymentTermCode__"
																			],
																			"options": {
																				"label": "Payment terms",
																				"version": 0
																			},
																			"stamp": 27
																		},
																		"PaymentTermCode__": {
																			"type": "DatabaseComboBox",
																			"data": [
																				"PaymentTermCode__"
																			],
																			"options": {
																				"browsable": true,
																				"label": "Payment terms",
																				"activable": true,
																				"width": "500",
																				"fTSmaxRecords": "20",
																				"PreFillFTS": true,
																				"version": 0
																			},
																			"stamp": 28
																		},
																		"LabelEmail__": {
																			"type": "Label",
																			"data": [
																				"Email__"
																			],
																			"options": {
																				"label": "Email",
																				"version": 0
																			},
																			"stamp": 29
																		},
																		"Email__": {
																			"type": "ShortText",
																			"data": [
																				"Email__"
																			],
																			"options": {
																				"label": "Email",
																				"activable": true,
																				"width": "500",
																				"version": 0,
																				"textSize": "S",
																				"textAlignment": "left",
																				"textStyle": "default",
																				"textColor": "default"
																			},
																			"stamp": 30
																		},
																		"LabelGeneralAccount__": {
																			"type": "Label",
																			"data": [
																				"GeneralAccount__"
																			],
																			"options": {
																				"label": "General account",
																				"version": 0
																			},
																			"stamp": 31
																		},
																		"GeneralAccount__": {
																			"type": "ShortText",
																			"data": [
																				"GeneralAccount__"
																			],
																			"options": {
																				"textSize": "S",
																				"textAlignment": "left",
																				"textStyle": "default",
																				"textColor": "default",
																				"label": "General account",
																				"activable": true,
																				"width": "500",
																				"browsable": false,
																				"version": 0
																			},
																			"stamp": 32
																		},
																		"LabelTaxSystem__": {
																			"type": "Label",
																			"data": [
																				"TaxSystem__"
																			],
																			"options": {
																				"label": "Tax system",
																				"version": 0
																			},
																			"stamp": 33
																		},
																		"TaxSystem__": {
																			"type": "ShortText",
																			"data": [
																				"TaxSystem__"
																			],
																			"options": {
																				"textSize": "S",
																				"textAlignment": "left",
																				"textStyle": "default",
																				"textColor": "default",
																				"label": "Tax system",
																				"activable": true,
																				"width": "500",
																				"length": 10,
																				"browsable": false,
																				"version": 0
																			},
																			"stamp": 34
																		},
																		"LabelCurrency__": {
																			"type": "Label",
																			"data": [
																				"Currency__"
																			],
																			"options": {
																				"label": "Currency",
																				"version": 0
																			},
																			"stamp": 35
																		},
																		"Currency__": {
																			"type": "ShortText",
																			"data": [
																				"Currency__"
																			],
																			"options": {
																				"textSize": "S",
																				"textAlignment": "left",
																				"textStyle": "default",
																				"textColor": "default",
																				"label": "Currency",
																				"activable": true,
																				"width": "500",
																				"length": 5,
																				"browsable": false,
																				"version": 0
																			},
																			"stamp": 36
																		},
																		"LabelParafiscalTax__": {
																			"type": "Label",
																			"data": [
																				"ParafiscalTax__"
																			],
																			"options": {
																				"label": "Parafiscal tax",
																				"version": 0
																			},
																			"stamp": 37
																		},
																		"ParafiscalTax__": {
																			"type": "CheckBox",
																			"data": [
																				"ParafiscalTax__"
																			],
																			"options": {
																				"label": "Parafiscal tax",
																				"activable": true,
																				"version": 0
																			},
																			"stamp": 38
																		},
																		"LabelSupplierDue__": {
																			"type": "Label",
																			"data": [
																				"SupplierDue__"
																			],
																			"options": {
																				"label": "Supplier due",
																				"version": 0
																			},
																			"stamp": 39
																		},
																		"SupplierDue__": {
																			"type": "DatabaseComboBox",
																			"data": [
																				"SupplierDue__"
																			],
																			"options": {
																				"browsable": true,
																				"label": "Supplier due",
																				"activable": true,
																				"width": "500",
																				"fTSmaxRecords": "20",
																				"version": 0,
																				"PreFillFTS": true
																			},
																			"stamp": 40
																		},
																		"Spacer_line__": {
																			"type": "Spacer",
																			"data": false,
																			"options": {
																				"height": "",
																				"width": "",
																				"color": "default",
																				"label": "Spacer line",
																				"version": 0
																			},
																			"stamp": 64
																		},
																		"LabelShowAlerts__": {
																			"type": "Label",
																			"data": [
																				"ShowAlerts__"
																			],
																			"options": {
																				"label": "_ShowAlerts",
																				"hidden": true
																			},
																			"stamp": 72
																		},
																		"ShowAlerts__": {
																			"type": "CheckBox",
																			"data": [
																				"ShowAlerts__"
																			],
																			"options": {
																				"label": "_ShowAlerts",
																				"activable": true,
																				"width": 230,
																				"hidden": true
																			},
																			"stamp": 73
																		}
																	},
																	"stamp": 41
																}
															},
															"stamp": 42,
															"data": []
														}
													},
													"stamp": 43,
													"data": []
												},
												"VendorAddress": {
													"type": "PanelData",
													"data": [],
													"options": {
														"border": {},
														"labelLength": 0,
														"iconURL": "",
														"TitleFontSize": "M",
														"hideActionButtons": true,
														"hideTitleBar": false,
														"hideTitle": false,
														"backgroundcolor": "default",
														"labelsAlignment": "right",
														"label": "_VendorAddress",
														"hidden": false,
														"leftImageURL": "",
														"removeMargins": false,
														"elementsAlignment": "left",
														"panelStyle": "FlexibleFormPanelLight",
														"version": 0
													},
													"stamp": 55,
													"*": {
														"FieldsManager": {
															"type": "FieldsManager",
															"data": [],
															"options": {
																"controlsAssociation": {
																	"LabelStreet__": "Street__",
																	"Street__": "LabelStreet__",
																	"LabelPostOfficeBox__": "PostOfficeBox__",
																	"PostOfficeBox__": "LabelPostOfficeBox__",
																	"LabelCity__": "City__",
																	"City__": "LabelCity__",
																	"LabelPostalCode__": "PostalCode__",
																	"PostalCode__": "LabelPostalCode__",
																	"LabelRegion__": "Region__",
																	"Region__": "LabelRegion__",
																	"LabelCountry__": "Country__",
																	"Country__": "LabelCountry__",
																	"VendorAddress__": "LabelVendorAddress__",
																	"LabelVendorAddress__": "VendorAddress__",
																	"Sub__": "LabelSub__",
																	"LabelSub__": "Sub__"
																},
																"version": 0
															},
															"stamp": 56,
															"*": {
																"Grid": {
																	"type": "GridLayout",
																	"data": [
																		"fields"
																	],
																	"options": {
																		"ctrlsPos": {
																			"LabelStreet__": {
																				"line": 2,
																				"column": 1
																			},
																			"Street__": {
																				"line": 2,
																				"column": 2
																			},
																			"LabelPostOfficeBox__": {
																				"line": 3,
																				"column": 1
																			},
																			"PostOfficeBox__": {
																				"line": 3,
																				"column": 2
																			},
																			"LabelCity__": {
																				"line": 4,
																				"column": 1
																			},
																			"City__": {
																				"line": 4,
																				"column": 2
																			},
																			"LabelPostalCode__": {
																				"line": 5,
																				"column": 1
																			},
																			"PostalCode__": {
																				"line": 5,
																				"column": 2
																			},
																			"LabelRegion__": {
																				"line": 6,
																				"column": 1
																			},
																			"Region__": {
																				"line": 6,
																				"column": 2
																			},
																			"LabelCountry__": {
																				"line": 7,
																				"column": 1
																			},
																			"Country__": {
																				"line": 7,
																				"column": 2
																			},
																			"VendorAddress__": {
																				"line": 8,
																				"column": 2
																			},
																			"LabelVendorAddress__": {
																				"line": 8,
																				"column": 1
																			},
																			"Spacer_line2__": {
																				"line": 9,
																				"column": 1
																			},
																			"Sub__": {
																				"line": 1,
																				"column": 2
																			},
																			"LabelSub__": {
																				"line": 1,
																				"column": 1
																			}
																		},
																		"lines": 9,
																		"columns": 2,
																		"colspans": [
																			[],
																			[],
																			[],
																			[],
																			[],
																			[],
																			[],
																			[],
																			[
																				{
																					"index": 0,
																					"length": 2
																				}
																			]
																		],
																		"version": 0
																	},
																	"stamp": 57,
																	"*": {
																		"LabelSub__": {
																			"type": "Label",
																			"data": [
																				"Sub__"
																			],
																			"options": {
																				"label": "_Sub"
																			},
																			"stamp": 68
																		},
																		"Sub__": {
																			"type": "ShortText",
																			"data": [
																				"Sub__"
																			],
																			"options": {
																				"textSize": "S",
																				"textAlignment": "left",
																				"textStyle": "default",
																				"textColor": "default",
																				"version": 1,
																				"label": "_Sub",
																				"activable": true,
																				"width": "500",
																				"helpText": "",
																				"helpURL": "",
																				"helpFormat": "HTML Format",
																				"browsable": false
																			},
																			"stamp": 69
																		},
																		"Country__": {
																			"type": "ShortText",
																			"data": [
																				"Country__"
																			],
																			"options": {
																				"label": "_Country code",
																				"activable": true,
																				"width": "500",
																				"length": 3,
																				"version": 0,
																				"textSize": "S",
																				"textAlignment": "left",
																				"textStyle": "default",
																				"textColor": "default",
																				"helpText": "",
																				"helpURL": "",
																				"helpFormat": "HTML Format",
																				"helpIconPosition": "Right",
																				"browsable": false
																			},
																			"stamp": 18
																		},
																		"LabelCountry__": {
																			"type": "Label",
																			"data": [
																				"Country__"
																			],
																			"options": {
																				"label": "_Country code",
																				"version": 0
																			},
																			"stamp": 17
																		},
																		"Region__": {
																			"type": "ShortText",
																			"data": [
																				"Region__"
																			],
																			"options": {
																				"label": "Region",
																				"activable": true,
																				"width": "500",
																				"length": 3,
																				"version": 0,
																				"textSize": "S",
																				"textAlignment": "left",
																				"textStyle": "default",
																				"textColor": "default"
																			},
																			"stamp": 16
																		},
																		"LabelRegion__": {
																			"type": "Label",
																			"data": [
																				"Region__"
																			],
																			"options": {
																				"label": "Region",
																				"version": 0
																			},
																			"stamp": 15
																		},
																		"PostalCode__": {
																			"type": "ShortText",
																			"data": [
																				"PostalCode__"
																			],
																			"options": {
																				"label": "Postal code",
																				"activable": true,
																				"width": "500",
																				"length": 10,
																				"version": 0,
																				"textSize": "S",
																				"textAlignment": "left",
																				"textStyle": "default",
																				"textColor": "default"
																			},
																			"stamp": 14
																		},
																		"LabelPostalCode__": {
																			"type": "Label",
																			"data": [
																				"PostalCode__"
																			],
																			"options": {
																				"label": "Postal code",
																				"version": 0
																			},
																			"stamp": 13
																		},
																		"City__": {
																			"type": "ShortText",
																			"data": [
																				"City__"
																			],
																			"options": {
																				"label": "City",
																				"activable": true,
																				"width": "500",
																				"length": 35,
																				"version": 0,
																				"textSize": "S",
																				"textAlignment": "left",
																				"textStyle": "default",
																				"textColor": "default"
																			},
																			"stamp": 12
																		},
																		"LabelCity__": {
																			"type": "Label",
																			"data": [
																				"City__"
																			],
																			"options": {
																				"label": "City",
																				"version": 0
																			},
																			"stamp": 11
																		},
																		"PostOfficeBox__": {
																			"type": "ShortText",
																			"data": [
																				"PostOfficeBox__"
																			],
																			"options": {
																				"textSize": "S",
																				"textAlignment": "left",
																				"textStyle": "default",
																				"textColor": "default",
																				"label": "PostOfficeBox",
																				"activable": true,
																				"width": "500",
																				"helpText": "",
																				"helpURL": "",
																				"helpFormat": "HTML Format",
																				"browsable": false,
																				"version": 0,
																				"length": 20
																			},
																			"stamp": 53
																		},
																		"LabelPostOfficeBox__": {
																			"type": "Label",
																			"data": [
																				"PostOfficeBox__"
																			],
																			"options": {
																				"label": "PostOfficeBox",
																				"version": 0
																			},
																			"stamp": 52
																		},
																		"Street__": {
																			"type": "ShortText",
																			"data": [
																				"Street__"
																			],
																			"options": {
																				"label": "Street",
																				"activable": true,
																				"width": "500",
																				"length": 50,
																				"version": 0,
																				"textSize": "S",
																				"textAlignment": "left",
																				"textStyle": "default",
																				"textColor": "default"
																			},
																			"stamp": 10
																		},
																		"LabelStreet__": {
																			"type": "Label",
																			"data": [
																				"Street__"
																			],
																			"options": {
																				"label": "Street",
																				"version": 0
																			},
																			"stamp": 9
																		},
																		"LabelVendorAddress__": {
																			"type": "Label",
																			"data": [],
																			"options": {
																				"label": "_Vendor Address",
																				"version": 0
																			},
																			"stamp": 62
																		},
																		"VendorAddress__": {
																			"type": "LongText",
																			"data": [],
																			"options": {
																				"textSize": "S",
																				"textAlignment": "left",
																				"textStyle": "default",
																				"textColor": "default",
																				"version": 1,
																				"minNbLines": 5,
																				"label": "_Vendor Address",
																				"activable": true,
																				"width": 230,
																				"helpText": "",
																				"helpURL": "",
																				"helpFormat": "HTML Format",
																				"numberOfLines": 5,
																				"readonly": true,
																				"notInDB": true,
																				"dataType": "String",
																				"browsable": false
																			},
																			"stamp": 63
																		},
																		"Spacer_line2__": {
																			"type": "Spacer",
																			"data": false,
																			"options": {
																				"height": "",
																				"width": "",
																				"color": "default",
																				"label": "Spacer line2",
																				"version": 0
																			},
																			"stamp": 65
																		}
																	}
																}
															}
														}
													}
												}
											}
										}
									},
									"stamp": 44,
									"data": []
								}
							},
							"stamp": 45,
							"data": []
						}
					},
					"stamp": 46,
					"data": []
				},
				"form-footer": {
					"type": "FlexibleFormFooter",
					"options": {
						"splitterType": "simple-h",
						"version": 0,
						"maxwidth": 1500
					},
					"*": {
						"Save": {
							"type": "SubmitButton",
							"options": {
								"label": "_Save",
								"action": "savequit",
								"submit": true,
								"version": 0,
								"shortCut": "S"
							},
							"stamp": 47,
							"data": []
						},
						"Close": {
							"type": "SubmitButton",
							"options": {
								"label": "_Close",
								"action": "cancel",
								"submit": true,
								"version": 0,
								"shortCut": "Q"
							},
							"stamp": 48,
							"data": []
						},
						"Delete": {
							"type": "SubmitButton",
							"options": {
								"label": "_Delete",
								"action": "delete",
								"submit": true,
								"version": 0,
								"disabled": true
							},
							"stamp": 49,
							"data": []
						}
					},
					"stamp": 50,
					"data": []
				}
			},
			"stamp": 51,
			"data": []
		}
	},
	"stamps": 73,
	"data": []
}</layout>
    </ui>
  </properties>
  <field deleted="0" format="" guid="WGVD86557128" id="AMW552000SG7" label="City" length="35" name="City__" originalProcessID="PSSO86557124" precision="0" processid="ZLW552000SG7" submitable="1" type="STR">
    <properties>
      <db>
        <alias>AAMW552000SG7</alias>
        <index vartype="INT">1</index>
        <noxml>1</noxml>
        <fullname>/job/processfields/City__</fullname>
        <defaultvalue>
        </defaultvalue>
        <RecordLastWrite>2022-10-25 17:04:26</RecordLastWrite>
      </db>
      <extrainfo>
        <Label>City</Label>
        <Alias>AAMW552000SG7</Alias>
        <ProcessFieldVersion vartype="INT">1</ProcessFieldVersion>
      </extrainfo>
      <field>
        <required>false</required>
      </field>
      <gdr>
        <VarType>Area</VarType>
      </gdr>
      <ui>
        <_type>String</_type>
        <automatic>true</automatic>
      </ui>
    </properties>
  </field>
  <field deleted="0" format="" guid="AYLN667511" id="BMW552000SG7" label="Company code" length="50" name="CompanyCode__" originalProcessID="PSSO86557124" precision="0" processid="ZLW552000SG7" submitable="1" type="STR">
    <properties>
      <db>
        <alias>ABMW552000SG7</alias>
        <index vartype="INT">1</index>
        <noxml>1</noxml>
        <fullname>/job/processfields/CompanyCode__</fullname>
        <defaultvalue>
        </defaultvalue>
        <RecordLastWrite>2022-10-25 17:04:26</RecordLastWrite>
      </db>
      <extrainfo>
        <Label>Company code</Label>
        <Alias>ABMW552000SG7</Alias>
        <ProcessFieldVersion vartype="INT">1</ProcessFieldVersion>
      </extrainfo>
      <field>
        <Editable>true</Editable>
        <required>false</required>
        <TableName>CT#ECW552000SG7</TableName>
        <SortOrder>
        </SortOrder>
        <DisplayedColumns>CompanyCode__|CompanyName__</DisplayedColumns>
        <DisplayedColumnsIds>
        </DisplayedColumnsIds>
        <SavedColumn>CompanyCode__</SavedColumn>
        <SavedColumnId>
        </SavedColumnId>
        <ProcessName>PurchasingCompanycodes__</ProcessName>
        <CustomFilter>
        </CustomFilter>
      </field>
      <gdr>
        <VarType>Area</VarType>
      </gdr>
      <help>
        <helpData>{"helpText":"","helpURL":"5107","helpFormat":"HTML Format"}</helpData>
      </help>
      <ui>
        <_type>String</_type>
        <automatic>true</automatic>
      </ui>
    </properties>
  </field>
  <field deleted="0" format="" guid="NIZF86557131" id="CMW552000SG7" label="_Country code" length="3" name="Country__" originalProcessID="PSSO86557124" precision="0" processid="ZLW552000SG7" submitable="1" type="STR">
    <properties>
      <db>
        <alias>ACMW552000SG7</alias>
        <index vartype="INT">1</index>
        <noxml>1</noxml>
        <fullname>/job/processfields/Country__</fullname>
        <defaultvalue>
        </defaultvalue>
        <RecordLastWrite>2022-10-25 17:04:26</RecordLastWrite>
      </db>
      <extrainfo>
        <Label>_Country code</Label>
        <Alias>ACMW552000SG7</Alias>
        <ProcessFieldVersion vartype="INT">1</ProcessFieldVersion>
      </extrainfo>
      <field>
        <required>false</required>
      </field>
      <gdr>
        <VarType>Area</VarType>
      </gdr>
      <ui>
        <_type>String</_type>
        <automatic>true</automatic>
      </ui>
    </properties>
  </field>
  <field deleted="0" format="" guid="UFHV18289" id="DMW552000SG7" label="Currency" length="5" name="Currency__" originalProcessID="PSSO86557124" precision="0" processid="ZLW552000SG7" submitable="1" type="STR">
    <properties>
      <db>
        <alias>ADMW552000SG7</alias>
        <noxml>1</noxml>
        <fullname>/job/processfields/Currency__</fullname>
        <defaultvalue>
        </defaultvalue>
        <RecordLastWrite>2022-10-25 17:04:26</RecordLastWrite>
      </db>
      <extrainfo>
        <Label>Currency</Label>
        <Alias>ADMW552000SG7</Alias>
        <ProcessFieldVersion vartype="INT">1</ProcessFieldVersion>
      </extrainfo>
      <gdr>
        <VarType>Area</VarType>
      </gdr>
      <ui>
        <_type>String</_type>
        <automatic>true</automatic>
      </ui>
    </properties>
  </field>
  <field deleted="0" format="" guid="A9AW00000M4H" id="WMW552000SG7" label="_DUNSNumber_report" length="9" name="DUNSNumber__" originalProcessID="PSSO86557124" precision="0" processid="ZLW552000SG7" submitable="1" type="STR">
    <properties>
      <db>
        <alias>AWMW552000SG7</alias>
        <index vartype="INT">1</index>
        <noxml>1</noxml>
        <fullname>/job/processfields/DUNSNumber__</fullname>
        <defaultvalue>
        </defaultvalue>
        <RecordLastWrite>2022-10-25 17:04:28</RecordLastWrite>
      </db>
      <extrainfo>
        <Label>_DUNSNumber_report</Label>
        <Alias>AWMW552000SG7</Alias>
        <ProcessFieldVersion vartype="INT">1</ProcessFieldVersion>
      </extrainfo>
      <field>
        <required>false</required>
      </field>
      <gdr>
        <VarType>Area</VarType>
        <DisableAutolearn>1</DisableAutolearn>
      </gdr>
      <help>
        <helpData>{"helpText":"","helpURL":"","helpFormat":"HTML Format","helpIconPosition":"Right"}</helpData>
      </help>
      <ui>
        <_type>String</_type>
        <automatic>true</automatic>
      </ui>
    </properties>
  </field>
  <field deleted="0" format="" guid="HMPS86561955" id="EMW552000SG7" label="Email" length="80" name="Email__" originalProcessID="PSSO86557124" precision="0" processid="ZLW552000SG7" submitable="1" type="STR">
    <properties>
      <db>
        <alias>AEMW552000SG7</alias>
        <index vartype="INT">1</index>
        <noxml>1</noxml>
        <fullname>/job/processfields/Email__</fullname>
        <defaultvalue>
        </defaultvalue>
        <RecordLastWrite>2022-10-25 17:04:27</RecordLastWrite>
      </db>
      <extrainfo>
        <Label>Email</Label>
        <Alias>AEMW552000SG7</Alias>
        <ProcessFieldVersion vartype="INT">1</ProcessFieldVersion>
      </extrainfo>
      <field>
        <required>false</required>
      </field>
      <gdr>
        <VarType>Area</VarType>
      </gdr>
      <ui>
        <_type>String</_type>
        <automatic>true</automatic>
      </ui>
    </properties>
  </field>
  <field deleted="0" format="" guid="XIBC86557133" id="FMW552000SG7" label="Fax number" length="32" name="FaxNumber__" originalProcessID="PSSO86557124" precision="0" processid="ZLW552000SG7" submitable="1" type="STR">
    <properties>
      <db>
        <alias>AFMW552000SG7</alias>
        <index vartype="INT">1</index>
        <noxml>1</noxml>
        <fullname>/job/processfields/FaxNumber__</fullname>
        <defaultvalue>
        </defaultvalue>
        <RecordLastWrite>2022-10-25 17:04:27</RecordLastWrite>
      </db>
      <extrainfo>
        <Label>Fax number</Label>
        <Alias>AFMW552000SG7</Alias>
        <ProcessFieldVersion vartype="INT">1</ProcessFieldVersion>
      </extrainfo>
      <field>
        <required>false</required>
      </field>
      <gdr>
        <VarType>Area</VarType>
      </gdr>
      <ui>
        <_type>String</_type>
        <automatic>true</automatic>
      </ui>
    </properties>
  </field>
  <field deleted="0" format="" guid="VAOZ18287" id="GMW552000SG7" label="General account" length="50" name="GeneralAccount__" originalProcessID="PSSO86557124" precision="0" processid="ZLW552000SG7" submitable="1" type="STR">
    <properties>
      <db>
        <alias>AGMW552000SG7</alias>
        <noxml>1</noxml>
        <fullname>/job/processfields/GeneralAccount__</fullname>
        <defaultvalue>
        </defaultvalue>
        <RecordLastWrite>2022-10-25 17:04:27</RecordLastWrite>
      </db>
      <extrainfo>
        <Label>General account</Label>
        <Alias>AGMW552000SG7</Alias>
        <ProcessFieldVersion vartype="INT">1</ProcessFieldVersion>
      </extrainfo>
      <gdr>
        <VarType>Area</VarType>
      </gdr>
      <ui>
        <_type>String</_type>
        <automatic>true</automatic>
      </ui>
    </properties>
  </field>
  <field deleted="0" format="" guid="URQF86557126" id="HMW552000SG7" label="Name" length="35" name="Name__" originalProcessID="PSSO86557124" precision="0" processid="ZLW552000SG7" submitable="1" type="STR">
    <properties>
      <db>
        <alias>AHMW552000SG7</alias>
        <index vartype="INT">1</index>
        <noxml>1</noxml>
        <fullname>/job/processfields/Name__</fullname>
        <defaultvalue>
        </defaultvalue>
        <RecordLastWrite>2022-10-25 17:04:27</RecordLastWrite>
      </db>
      <extrainfo>
        <Label>Name</Label>
        <Alias>AHMW552000SG7</Alias>
        <ProcessFieldVersion vartype="INT">1</ProcessFieldVersion>
      </extrainfo>
      <field>
        <required>false</required>
      </field>
      <gdr>
        <VarType>Area</VarType>
      </gdr>
      <ui>
        <_type>String</_type>
        <automatic>true</automatic>
      </ui>
    </properties>
  </field>
  <field deleted="0" format="" guid="WRZN86557125" id="IMW552000SG7" label="Number" length="50" name="Number__" originalProcessID="PSSO86557124" precision="0" processid="ZLW552000SG7" submitable="1" type="STR">
    <properties>
      <db>
        <alias>AIMW552000SG7</alias>
        <index vartype="INT">1</index>
        <noxml>1</noxml>
        <fullname>/job/processfields/Number__</fullname>
        <defaultvalue>
        </defaultvalue>
        <RecordLastWrite>2022-10-25 17:04:27</RecordLastWrite>
      </db>
      <extrainfo>
        <Label>Number</Label>
        <Alias>AIMW552000SG7</Alias>
        <ProcessFieldVersion vartype="INT">1</ProcessFieldVersion>
      </extrainfo>
      <field>
        <required>false</required>
      </field>
      <gdr>
        <VarType>Area</VarType>
      </gdr>
      <ui>
        <_type>String</_type>
        <automatic>true</automatic>
      </ui>
    </properties>
  </field>
  <field deleted="0" format="" guid="XOMS18290" id="JMW552000SG7" label="Parafiscal tax" length="0" name="ParafiscalTax__" originalProcessID="PSSO86557124" precision="0" processid="ZLW552000SG7" submitable="1" type="BOOL">
    <properties>
      <db>
        <alias>AJMW552000SG7</alias>
        <noxml>1</noxml>
        <fullname>/job/processfields/ParafiscalTax__</fullname>
        <defaultvalue>false</defaultvalue>
        <RecordLastWrite>2022-10-25 17:04:27</RecordLastWrite>
      </db>
      <extrainfo>
        <Label>Parafiscal tax</Label>
        <Alias>AJMW552000SG7</Alias>
        <ProcessFieldVersion vartype="INT">1</ProcessFieldVersion>
      </extrainfo>
      <ui>
        <_type>Boolean</_type>
        <automatic>true</automatic>
      </ui>
    </properties>
  </field>
  <field deleted="0" format="" guid="YYZP86561684" id="KMW552000SG7" label="Payment terms" length="50" name="PaymentTermCode__" originalProcessID="PSSO86557124" precision="0" processid="ZLW552000SG7" submitable="1" type="STR">
    <properties>
      <db>
        <alias>AKMW552000SG7</alias>
        <noxml>1</noxml>
        <fullname>/job/processfields/PaymentTermCode__</fullname>
        <jointable>AP - Payment terms__</jointable>
        <jointableid>CT#QIW552000SG7</jointableid>
        <defaultvalue>
        </defaultvalue>
        <joincondition>(&amp;(source.PaymentTermCode__=dest.PaymentTermCode__)(source.CompanyCode__=dest.CompanyCode__))</joincondition>
        <RecordLastWrite>2022-10-25 17:04:27</RecordLastWrite>
      </db>
      <extrainfo>
        <Label>Payment terms</Label>
        <Alias>AKMW552000SG7</Alias>
        <ProcessFieldVersion vartype="INT">1</ProcessFieldVersion>
      </extrainfo>
      <field>
        <Editable>true</Editable>
        <TableName>CT#QIW552000SG7</TableName>
        <SortOrder>ASC</SortOrder>
        <DisplayedColumns>PaymentTermCode__|Description__</DisplayedColumns>
        <DisplayedColumnsIds>
        </DisplayedColumnsIds>
        <SavedColumn>PaymentTermCode__</SavedColumn>
        <SavedColumnId>
        </SavedColumnId>
        <ProcessName>AP - Payment terms__</ProcessName>
        <CustomFilter>(CompanyCode__=%[CompanyCode__])</CustomFilter>
      </field>
      <ui>
        <_type>String</_type>
        <automatic>true</automatic>
      </ui>
    </properties>
  </field>
  <field deleted="0" format="" guid="ABGP86557132" id="LMW552000SG7" label="Phone number" length="32" name="PhoneNumber__" originalProcessID="PSSO86557124" precision="0" processid="ZLW552000SG7" submitable="1" type="STR">
    <properties>
      <db>
        <alias>ALMW552000SG7</alias>
        <index vartype="INT">1</index>
        <noxml>1</noxml>
        <fullname>/job/processfields/PhoneNumber__</fullname>
        <defaultvalue>
        </defaultvalue>
        <RecordLastWrite>2022-10-25 17:04:27</RecordLastWrite>
      </db>
      <extrainfo>
        <Label>Phone number</Label>
        <Alias>ALMW552000SG7</Alias>
        <ProcessFieldVersion vartype="INT">1</ProcessFieldVersion>
      </extrainfo>
      <field>
        <required>false</required>
      </field>
      <gdr>
        <VarType>Area</VarType>
      </gdr>
      <ui>
        <_type>String</_type>
        <automatic>true</automatic>
      </ui>
    </properties>
  </field>
  <field deleted="0" format="" guid="QCXE86557129" id="MMW552000SG7" label="Postal code" length="10" name="PostalCode__" originalProcessID="PSSO86557124" precision="0" processid="ZLW552000SG7" submitable="1" type="STR">
    <properties>
      <db>
        <alias>AMMW552000SG7</alias>
        <index vartype="INT">1</index>
        <noxml>1</noxml>
        <fullname>/job/processfields/PostalCode__</fullname>
        <defaultvalue>
        </defaultvalue>
        <RecordLastWrite>2022-10-25 17:04:27</RecordLastWrite>
      </db>
      <extrainfo>
        <Label>Postal code</Label>
        <Alias>AMMW552000SG7</Alias>
        <ProcessFieldVersion vartype="INT">1</ProcessFieldVersion>
      </extrainfo>
      <field>
        <required>false</required>
      </field>
      <gdr>
        <VarType>Area</VarType>
      </gdr>
      <ui>
        <_type>String</_type>
        <automatic>true</automatic>
      </ui>
    </properties>
  </field>
  <field deleted="0" format="" guid="PHQG42294874" id="NMW552000SG7" label="PostOfficeBox" length="20" name="PostOfficeBox__" originalProcessID="PSSO86557124" precision="0" processid="ZLW552000SG7" submitable="1" type="STR">
    <properties>
      <db>
        <alias>ANMW552000SG7</alias>
        <index vartype="INT">1</index>
        <noxml>1</noxml>
        <fullname>/job/processfields/PostOfficeBox__</fullname>
        <defaultvalue>
        </defaultvalue>
        <RecordLastWrite>2022-10-25 17:04:27</RecordLastWrite>
      </db>
      <extrainfo>
        <Label>PostOfficeBox</Label>
        <Alias>ANMW552000SG7</Alias>
        <ProcessFieldVersion vartype="INT">1</ProcessFieldVersion>
      </extrainfo>
      <gdr>
        <VarType>Area</VarType>
        <DisableAutolearn>1</DisableAutolearn>
      </gdr>
      <help>
        <helpData>{"helpText":"","helpURL":"","helpFormat":"HTML Format"}</helpData>
      </help>
      <ui>
        <_type>String</_type>
        <automatic>true</automatic>
      </ui>
    </properties>
  </field>
  <field deleted="0" format="" guid="JWQV86560120" id="OMW552000SG7" label="Preferred invoice type" length="50" name="PreferredInvoiceType__" originalProcessID="PSSO86557124" precision="0" processid="ZLW552000SG7" submitable="1" type="STR">
    <properties>
      <db>
        <alias>AOMW552000SG7</alias>
        <noxml>1</noxml>
        <fullname>/job/processfields/PreferredInvoiceType__</fullname>
        <defaultvalue>
        </defaultvalue>
        <RecordLastWrite>2022-10-25 17:04:27</RecordLastWrite>
      </db>
      <extrainfo>
        <Label>Preferred invoice type</Label>
        <Alias>AOMW552000SG7</Alias>
        <ProcessFieldVersion vartype="INT">1</ProcessFieldVersion>
      </extrainfo>
      <field>
        <required>false</required>
      </field>
      <gdr>
        <VarType>Area</VarType>
      </gdr>
      <ui>
        <_type>String</_type>
        <automatic>true</automatic>
      </ui>
    </properties>
  </field>
  <field deleted="0" format="" guid="CEYN86557130" id="PMW552000SG7" label="Region" length="3" name="Region__" originalProcessID="PSSO86557124" precision="0" processid="ZLW552000SG7" submitable="1" type="STR">
    <properties>
      <db>
        <alias>APMW552000SG7</alias>
        <index vartype="INT">1</index>
        <noxml>1</noxml>
        <fullname>/job/processfields/Region__</fullname>
        <defaultvalue>
        </defaultvalue>
        <RecordLastWrite>2022-10-25 17:04:27</RecordLastWrite>
      </db>
      <extrainfo>
        <Label>Region</Label>
        <Alias>APMW552000SG7</Alias>
        <ProcessFieldVersion vartype="INT">1</ProcessFieldVersion>
      </extrainfo>
      <field>
        <required>false</required>
      </field>
      <gdr>
        <VarType>Area</VarType>
      </gdr>
      <ui>
        <_type>String</_type>
        <automatic>true</automatic>
      </ui>
    </properties>
  </field>
  <field deleted="0" format="" guid="O98C77100SG1" id="QMW552000SG7" label="_ShowAlerts" length="0" name="ShowAlerts__" originalProcessID="PSSO86557124" precision="0" processid="ZLW552000SG7" submitable="1" type="BOOL">
    <properties>
      <db>
        <alias>AQMW552000SG7</alias>
        <noxml>1</noxml>
        <fullname>/job/processfields/ShowAlerts__</fullname>
        <defaultvalue>false</defaultvalue>
        <RecordLastWrite>2022-10-25 17:04:27</RecordLastWrite>
      </db>
      <extrainfo>
        <Label>_ShowAlerts</Label>
        <Alias>AQMW552000SG7</Alias>
        <ProcessFieldVersion vartype="INT">1</ProcessFieldVersion>
      </extrainfo>
      <field>
        <required>false</required>
      </field>
      <gdr>
        <VarType>Area</VarType>
      </gdr>
      <ui>
        <_type>Boolean</_type>
        <automatic>true</automatic>
      </ui>
    </properties>
  </field>
  <field deleted="0" format="" guid="XTBL86557127" id="RMW552000SG7" label="Street" length="50" name="Street__" originalProcessID="PSSO86557124" precision="0" processid="ZLW552000SG7" submitable="1" type="STR">
    <properties>
      <db>
        <alias>ARMW552000SG7</alias>
        <index vartype="INT">1</index>
        <noxml>1</noxml>
        <fullname>/job/processfields/Street__</fullname>
        <defaultvalue>
        </defaultvalue>
        <RecordLastWrite>2022-10-25 17:04:27</RecordLastWrite>
      </db>
      <extrainfo>
        <Label>Street</Label>
        <Alias>ARMW552000SG7</Alias>
        <ProcessFieldVersion vartype="INT">1</ProcessFieldVersion>
      </extrainfo>
      <field>
        <required>false</required>
      </field>
      <gdr>
        <VarType>Area</VarType>
      </gdr>
      <ui>
        <_type>String</_type>
        <automatic>true</automatic>
      </ui>
    </properties>
  </field>
  <field deleted="0" format="" guid="NZK2FP000IYP" id="SMW552000SG7" label="_Sub report" length="50" name="Sub__" originalProcessID="PSSO86557124" precision="0" processid="ZLW552000SG7" submitable="1" type="STR">
    <properties>
      <db>
        <alias>ASMW552000SG7</alias>
        <index vartype="INT">1</index>
        <noxml>1</noxml>
        <fullname>/job/processfields/Sub__</fullname>
        <defaultvalue>
        </defaultvalue>
        <RecordLastWrite>2022-10-25 17:04:28</RecordLastWrite>
      </db>
      <extrainfo>
        <Label>_Sub report</Label>
        <Alias>ASMW552000SG7</Alias>
        <ProcessFieldVersion vartype="INT">1</ProcessFieldVersion>
      </extrainfo>
      <gdr>
        <VarType>Area</VarType>
        <DisableAutolearn>1</DisableAutolearn>
      </gdr>
      <help>
        <helpData>{"helpText":"","helpURL":"","helpFormat":"HTML Format"}</helpData>
      </help>
      <ui>
        <_type>String</_type>
        <automatic>true</automatic>
      </ui>
    </properties>
  </field>
  <field deleted="0" format="" guid="PHQG18297" id="TMW552000SG7" label="Supplier due" length="50" name="SupplierDue__" originalProcessID="PSSO86557124" precision="0" processid="ZLW552000SG7" submitable="1" type="STR">
    <properties>
      <db>
        <alias>ATMW552000SG7</alias>
        <noxml>1</noxml>
        <fullname>/job/processfields/SupplierDue__</fullname>
        <defaultvalue>
        </defaultvalue>
        <RecordLastWrite>2022-10-25 17:04:28</RecordLastWrite>
      </db>
      <extrainfo>
        <Label>Supplier due</Label>
        <Alias>ATMW552000SG7</Alias>
        <ProcessFieldVersion vartype="INT">1</ProcessFieldVersion>
      </extrainfo>
      <field>
        <Editable>false</Editable>
        <TableName>CT#PKW552000SG7</TableName>
        <SortOrder>
        </SortOrder>
        <DisplayedColumns>Code__|CompanyCode__|Description__</DisplayedColumns>
        <DisplayedColumnsIds>
        </DisplayedColumnsIds>
        <SavedColumn>Code__</SavedColumn>
        <SavedColumnId>
        </SavedColumnId>
        <ProcessName>AP - Supplier due__</ProcessName>
        <CustomFilter>CompanyCode__=%[CompanyCode__]</CustomFilter>
      </field>
      <ui>
        <_type>String</_type>
        <automatic>true</automatic>
      </ui>
    </properties>
  </field>
  <field deleted="0" format="" guid="MMLZ18288" id="UMW552000SG7" label="Tax system" length="10" name="TaxSystem__" originalProcessID="PSSO86557124" precision="0" processid="ZLW552000SG7" submitable="1" type="STR">
    <properties>
      <db>
        <alias>AUMW552000SG7</alias>
        <noxml>1</noxml>
        <fullname>/job/processfields/TaxSystem__</fullname>
        <defaultvalue>
        </defaultvalue>
        <RecordLastWrite>2022-10-25 17:04:28</RecordLastWrite>
      </db>
      <extrainfo>
        <Label>Tax system</Label>
        <Alias>AUMW552000SG7</Alias>
        <ProcessFieldVersion vartype="INT">1</ProcessFieldVersion>
      </extrainfo>
      <gdr>
        <VarType>Area</VarType>
      </gdr>
      <ui>
        <_type>String</_type>
        <automatic>true</automatic>
      </ui>
    </properties>
  </field>
  <field deleted="0" format="" guid="EGIO86557134" id="VMW552000SG7" label="VAT number" length="20" name="VATNumber__" originalProcessID="PSSO86557124" precision="0" processid="ZLW552000SG7" submitable="1" type="STR">
    <properties>
      <db>
        <alias>AVMW552000SG7</alias>
        <index vartype="INT">1</index>
        <noxml>1</noxml>
        <fullname>/job/processfields/VATNumber__</fullname>
        <defaultvalue>
        </defaultvalue>
        <RecordLastWrite>2022-10-25 17:04:28</RecordLastWrite>
      </db>
      <extrainfo>
        <Label>VAT number</Label>
        <Alias>AVMW552000SG7</Alias>
        <ProcessFieldVersion vartype="INT">1</ProcessFieldVersion>
      </extrainfo>
      <field>
        <required>false</required>
      </field>
      <gdr>
        <VarType>Area</VarType>
      </gdr>
      <ui>
        <_type>String</_type>
        <automatic>true</automatic>
      </ui>
    </properties>
  </field>
  <type id="JLLP13130F1" name="CT">
  </type>
</process>