﻿<?xml version="1.0" encoding="UTF-8" standalone="no"?>
<process accountid="20063076" allowrepairprocess="0" builtin="0" builtinversion="0" carriesapplicationversion="0" creationdatetime="2022-10-25 17:04:13" deleted="0" eskerapplication="" global="0" id="RFW552000SG7" keepcustomization="0" keepfieldsonly="0" keepfieldsproperties="0" keepnewcontroloptions="0" migrationversion="4" name="P2P - Project codes__" needvalidation="1" ootofilter="" ootoversion="1" originalProcessID="YBXV00000M4H" ownerid="cn=admin_p2p@paragon-cc.fr,ou=DEV,ou=TrainingP2P,ou=DEMO_JULIEN,ou=05284299,ou=ESK,s=eoo" ownerpb="OnDemand AddressBook" public="1" pushnotification="0" reuseengine="0" sprintversion="5.261.0" transportname="CustomTable" upgradable="1" userid="0" version="1" visibility="0">
  <properties>
    <dbIndex>
      <AUTO_ASFW552000SG7A>&lt;Index&gt;&lt;Ref Name="ASFW552000SG7" Option="ASC"/&gt;&lt;/Index&gt;</AUTO_ASFW552000SG7A>
      <AUTO_ATFW552000SG7A>&lt;Index&gt;&lt;Ref Name="ATFW552000SG7" Option="ASC"/&gt;&lt;/Index&gt;</AUTO_ATFW552000SG7A>
    </dbIndex>
    <gdr>
    </gdr>
    <lg>
      <process_DE>{
	"_CompanyCode": "Buchungskreis",
	"_CompanyCode_Report": "Buchungskreis",
	"_Description": "Beschreibung",
	"_Description_Report": "Beschreibung",
	"_P2P - Project codes": "P2P - Projektcodes",
	"_ProjectCode": "Projektcode",
	"_ProjectCode_report": "Projektcode",
	"P2P - Project codes__": "P2P - Projektcodes"
}</process_DE>
      <process_ja>{
	"_CompanyCode": "会社コード",
	"_CompanyCode_Report": "会社コード",
	"_Description": "説明",
	"_Description_Report": "説明",
	"_P2P - Project codes": "P2P - プロジェクトコード",
	"_ProjectCode": "プロジェクトコード",
	"_ProjectCode_report": "プロジェクトコード",
	"P2P - Project codes__": "P2P - プロジェクトコード"
}</process_ja>
      <process_en>{
	"_CompanyCode": "Company code",
	"_CompanyCode_Report": "Company code",
	"_Description": "Description",
	"_Description_Report": "Description",
	"_P2P - Project codes": "P2P - Project codes",
	"_ProjectCode": "Project code",
	"_ProjectCode_report": "Project code",
	"P2P - Project codes__": "P2P - Project codes"
}</process_en>
      <process_ES>{
	"_CompanyCode": "Código de empresa",
	"_CompanyCode_Report": "Código de empresa",
	"_Description": "Descripción",
	"_Description_Report": "Descripción",
	"_P2P - Project codes": "P2P- Códigos proyecto",
	"_ProjectCode": "Código proyecto",
	"_ProjectCode_report": "Código proyecto",
	"P2P - Project codes__": "P2P- Códigos proyecto"
}</process_ES>
      <process_FR>{
	"_CompanyCode": "Code société",
	"_CompanyCode_Report": "Code société",
	"_Description": "Description",
	"_Description_Report": "Description",
	"_P2P - Project codes": "P2P - Codes projet",
	"_ProjectCode": "Code projet",
	"_ProjectCode_report": "Code projet",
	"P2P - Project codes__": "P2P - Codes projet"
}</process_FR>
      <process_nl-NL>{
	"_CompanyCode": "Bedrijfscode",
	"_CompanyCode_Report": "Bedrijfscode",
	"_Description": "Beschrijving",
	"_Description_Report": "Beschrijving",
	"_P2P - Project codes": "P2P - Projectcodes",
	"_ProjectCode": "Projectcode",
	"_ProjectCode_report": "Projectcode",
	"P2P - Project codes__": "P2P - Projectcodes"
}</process_nl-NL>
      <process_IT>{
	"_CompanyCode": "Codice società",
	"_CompanyCode_Report": "Codice società",
	"_Description": "Descrizione",
	"_Description_Report": "Descrizione",
	"_P2P - Project codes": "P2P - Codici progetto",
	"_ProjectCode": "Codice progetto",
	"_ProjectCode_report": "Codice progetto",
	"P2P - Project codes__": "P2P - Codici progetto"
}</process_IT>
      <process_zh-CN>{
	"_CompanyCode": "公司代码",
	"_CompanyCode_Report": "公司代码",
	"_Description": "说明/描述",
	"_Description_Report": "说明/描述",
	"_P2P - Project codes": "采购到支付 - 项目代码",
	"_ProjectCode": "项目代码",
	"_ProjectCode_report": "项目代码",
	"P2P - Project codes__": "采购到支付 - 项目代码"
}</process_zh-CN>
      <process_pt-BR>{
	"_CompanyCode": "Código de empresa",
	"_CompanyCode_Report": "Código de empresa",
	"_Description": "Descrição",
	"_Description_Report": "Descrição",
	"_P2P - Project codes": "P2P - Códigos do projeto",
	"P2P - Project codes__": "P2P - Códigos do projeto"
}</process_pt-BR>
    </lg>
    <process>
      <BUColumn>CompanyCode__</BUColumn>
      <flowtype>processing</flowtype>
      <homepagelabel>P2P - Project codes</homepagelabel>
      <instanciable>1</instanciable>
      <enablerounddecimal>true</enablerounddecimal>
      <OverrideAllowedAttachmentExtensions>*</OverrideAllowedAttachmentExtensions>
      <UseActionNameWithScriptApproval>true</UseActionNameWithScriptApproval>
      <AllowUploadAttachment>0</AllowUploadAttachment>
      <AllowUploadReferenceDocument>0</AllowUploadReferenceDocument>
      <shouldRollbackManualRecordEdits>true</shouldRollbackManualRecordEdits>
      <shouldShowManualEditsWarning>false</shouldShowManualEditsWarning>
      <UseCultureFormat>true</UseCultureFormat>
      <TransportName>CustomTable</TransportName>
      <LayoutVersion>1.0</LayoutVersion>
    </process>
    <ui>
      <layout>{
	"*": {
		"Screen": {
			"type": "FlexibleFormLayout",
			"options": {
				"splitterType": "simple-v",
				"version": 0,
				"backColor": "text-backgroundcolor-default",
				"style": null,
				"processHelpId": "5097"
			},
			"*": {
				"form-header": {
					"type": "FlexibleFormHeader",
					"options": {
						"hidePanelsMenu": false,
						"version": 0
					},
					"stamp": 2,
					"data": []
				},
				"form-center": {
					"type": "FlexibleFormCenter",
					"options": {
						"version": 0
					},
					"*": {
						"form-content": {
							"type": "FlexibleFormContent",
							"options": {
								"version": 0
							},
							"*": {
								"form-content-center": {
									"type": "FlexibleFormSplitter",
									"options": {
										"version": 1,
										"box": {
											"top": "0%",
											"left": "0%",
											"width": "100%"
										},
										"hidden": false
									},
									"*": {
										"form-content-center-1": {
											"type": "FlexibleFormLine",
											"data": [],
											"options": {},
											"stamp": 9,
											"*": {
												"DataPanel": {
													"type": "PanelData",
													"options": {
														"border": {},
														"version": 0,
														"labelLength": 0,
														"iconURL": "",
														"TitleFontSize": "S",
														"hideActionButtons": false,
														"hideTitleBar": false,
														"hideTitle": false,
														"backgroundcolor": "default",
														"labelsAlignment": "right",
														"label": "_Document data"
													},
													"*": {
														"FieldsManager": {
															"type": "FieldsManager",
															"options": {
																"controlsAssociation": {
																	"CompanyCode__": "LabelCompanyCode__",
																	"LabelCompanyCode__": "CompanyCode__",
																	"ProjectCode__": "LabelProjectCode__",
																	"LabelProjectCode__": "ProjectCode__",
																	"Description__": "LabelDescription__",
																	"LabelDescription__": "Description__"
																},
																"version": 0
															},
															"*": {
																"Grid": {
																	"type": "GridLayout",
																	"options": {
																		"lines": 3,
																		"columns": 2,
																		"version": 0,
																		"ctrlsPos": {
																			"CompanyCode__": {
																				"line": 1,
																				"column": 2
																			},
																			"LabelCompanyCode__": {
																				"line": 1,
																				"column": 1
																			},
																			"ProjectCode__": {
																				"line": 2,
																				"column": 2
																			},
																			"LabelProjectCode__": {
																				"line": 2,
																				"column": 1
																			},
																			"Description__": {
																				"line": 3,
																				"column": 2
																			},
																			"LabelDescription__": {
																				"line": 3,
																				"column": 1
																			}
																		},
																		"colspans": [
																			[],
																			[],
																			[]
																		]
																	},
																	"data": [
																		"fields"
																	],
																	"*": {
																		"LabelCompanyCode__": {
																			"type": "Label",
																			"data": [
																				"CompanyCode__"
																			],
																			"options": {
																				"label": "_CompanyCode"
																			},
																			"stamp": 14
																		},
																		"CompanyCode__": {
																			"type": "ShortText",
																			"data": [
																				"CompanyCode__"
																			],
																			"options": {
																				"textSize": "S",
																				"textAlignment": "left",
																				"textStyle": "default",
																				"textColor": "default",
																				"version": 1,
																				"label": "_CompanyCode",
																				"activable": true,
																				"width": 230,
																				"helpText": "",
																				"helpURL": "5097",
																				"helpFormat": "HTML Format",
																				"browsable": false
																			},
																			"stamp": 15
																		},
																		"LabelProjectCode__": {
																			"type": "Label",
																			"data": [
																				"ProjectCode__"
																			],
																			"options": {
																				"label": "_ProjectCode"
																			},
																			"stamp": 16
																		},
																		"ProjectCode__": {
																			"type": "ShortText",
																			"data": [
																				"ProjectCode__"
																			],
																			"options": {
																				"textSize": "S",
																				"textAlignment": "left",
																				"textStyle": "default",
																				"textColor": "default",
																				"version": 1,
																				"label": "_ProjectCode",
																				"activable": true,
																				"width": 230,
																				"helpText": "",
																				"helpURL": "",
																				"helpFormat": "HTML Format",
																				"browsable": false
																			},
																			"stamp": 17
																		},
																		"LabelDescription__": {
																			"type": "Label",
																			"data": [
																				"Description__"
																			],
																			"options": {
																				"label": "_Description"
																			},
																			"stamp": 18
																		},
																		"Description__": {
																			"type": "ShortText",
																			"data": [
																				"Description__"
																			],
																			"options": {
																				"textSize": "S",
																				"textAlignment": "left",
																				"textStyle": "default",
																				"textColor": "default",
																				"version": 1,
																				"label": "_Description",
																				"activable": true,
																				"width": 230,
																				"helpText": "",
																				"helpURL": "",
																				"helpFormat": "HTML Format",
																				"browsable": false
																			},
																			"stamp": 19
																		}
																	},
																	"stamp": 8
																}
															},
															"stamp": 7,
															"data": []
														}
													},
													"stamp": 6,
													"data": []
												}
											}
										}
									},
									"stamp": 5,
									"data": []
								}
							},
							"stamp": 4,
							"data": []
						}
					},
					"stamp": 3,
					"data": []
				},
				"form-footer": {
					"type": "FlexibleFormFooter",
					"options": {
						"splitterType": "simple-h",
						"version": 0
					},
					"*": {
						"Save": {
							"type": "SubmitButton",
							"options": {
								"label": "_Save",
								"action": "savequit",
								"submit": true,
								"version": 0,
								"shortCut": "S"
							},
							"stamp": 11,
							"data": []
						},
						"Close": {
							"type": "SubmitButton",
							"options": {
								"label": "_Close",
								"action": "cancel",
								"submit": true,
								"version": 0,
								"shortCut": "Q"
							},
							"stamp": 12,
							"data": []
						},
						"Delete": {
							"type": "SubmitButton",
							"options": {
								"label": "_Delete",
								"action": "delete",
								"submit": true,
								"version": 0,
								"disabled": true
							},
							"stamp": 13,
							"data": []
						}
					},
					"stamp": 10,
					"data": []
				}
			},
			"stamp": 1,
			"data": []
		}
	},
	"stamps": 19,
	"data": []
}</layout>
    </ui>
  </properties>
  <field deleted="0" format="" guid="ZBXV00000M4H" id="SFW552000SG7" label="_CompanyCode_Report" length="50" name="CompanyCode__" originalProcessID="YBXV00000M4H" precision="0" processid="RFW552000SG7" submitable="1" type="STR">
    <properties>
      <db>
        <alias>ASFW552000SG7</alias>
        <index vartype="INT">1</index>
        <noxml>1</noxml>
        <fullname>/job/processfields/CompanyCode__</fullname>
        <defaultvalue>
        </defaultvalue>
        <RecordLastWrite>2020-02-03 10:29:30</RecordLastWrite>
      </db>
      <extrainfo>
        <Label>_CompanyCode_Report</Label>
        <Alias>ASFW552000SG7</Alias>
        <ProcessFieldVersion vartype="INT">1</ProcessFieldVersion>
      </extrainfo>
      <gdr>
        <VarType>Area</VarType>
        <DisableAutolearn>1</DisableAutolearn>
      </gdr>
      <help>
        <helpData>{"helpText":"","helpURL":"5097","helpFormat":"HTML Format"}</helpData>
      </help>
      <ui>
        <_type>String</_type>
        <automatic>true</automatic>
      </ui>
    </properties>
  </field>
  <field deleted="0" format="" guid="BCXV00000M4H" id="UFW552000SG7" label="_Description_Report" length="50" name="Description__" originalProcessID="YBXV00000M4H" precision="0" processid="RFW552000SG7" submitable="1" type="STR">
    <properties>
      <db>
        <alias>AUFW552000SG7</alias>
        <noxml>1</noxml>
        <fullname>/job/processfields/Description__</fullname>
        <defaultvalue>
        </defaultvalue>
        <RecordLastWrite>2020-02-03 10:29:30</RecordLastWrite>
      </db>
      <extrainfo>
        <Label>_Description_Report</Label>
        <Alias>AUFW552000SG7</Alias>
        <ProcessFieldVersion vartype="INT">1</ProcessFieldVersion>
      </extrainfo>
      <gdr>
        <VarType>Area</VarType>
        <DisableAutolearn>1</DisableAutolearn>
      </gdr>
      <help>
        <helpData>{"helpText":"","helpURL":"","helpFormat":"HTML Format"}</helpData>
      </help>
      <ui>
        <_type>String</_type>
        <automatic>true</automatic>
      </ui>
    </properties>
  </field>
  <field deleted="0" format="" guid="ACXV00000M4H" id="TFW552000SG7" label="_ProjectCode_report" length="50" name="ProjectCode__" originalProcessID="YBXV00000M4H" precision="0" processid="RFW552000SG7" submitable="1" type="STR">
    <properties>
      <db>
        <alias>ATFW552000SG7</alias>
        <index vartype="INT">1</index>
        <noxml>1</noxml>
        <fullname>/job/processfields/ProjectCode__</fullname>
        <defaultvalue>
        </defaultvalue>
        <RecordLastWrite>2020-02-03 10:29:30</RecordLastWrite>
      </db>
      <extrainfo>
        <Label>_ProjectCode_report</Label>
        <Alias>ATFW552000SG7</Alias>
        <ProcessFieldVersion vartype="INT">1</ProcessFieldVersion>
      </extrainfo>
      <gdr>
        <VarType>Area</VarType>
        <DisableAutolearn>1</DisableAutolearn>
      </gdr>
      <help>
        <helpData>{"helpText":"","helpURL":"","helpFormat":"HTML Format"}</helpData>
      </help>
      <ui>
        <_type>String</_type>
        <automatic>true</automatic>
      </ui>
    </properties>
  </field>
  <type id="JLLP13130F1" name="CT">
  </type>
</process>