﻿<?xml version="1.0" encoding="UTF-8" standalone="no"?>
<process accountid="20063076" allowrepairprocess="0" builtin="0" builtinversion="0" carriesapplicationversion="0" creationdatetime="2022-10-25 17:05:14" deleted="0" eskerapplication="" global="0" id="K8X552000SG7" keepcustomization="0" keepfieldsonly="0" keepfieldsproperties="0" keepnewcontroloptions="0" migrationversion="4" name="Update invoice with ERP ID" needvalidation="0" ootofilter="" ootoversion="0" originalProcessID="UMMI20005489" ownerid="cn=admin_p2p@paragon-cc.fr,ou=DEV,ou=TrainingP2P,ou=DEMO_JULIEN,ou=05284299,ou=ESK,s=eoo" ownerpb="OnDemand AddressBook" public="1" pushnotification="0" reuseengine="0" sprintversion="5.261.0" transportname="CustomData" upgradable="1" userid="0" version="1" visibility="0">
  <properties>
    <dataConditions>
      <listDataConditions>
			&lt;dataCondition&gt;
				&lt;tableName&gt;P2P - Global Application Settings__&lt;/tableName&gt;
				&lt;filter&gt;msnex=*&lt;/filter&gt;
				&lt;labelKey&gt;_AP disabled&lt;/labelKey&gt;
				&lt;conditions&gt;
					&lt;allowCondition&gt;
						&lt;fieldName&gt;EnableAccountPayableGlobalSetting__&lt;/fieldName&gt;
						&lt;fieldValue&gt;1&lt;/fieldValue&gt;
					&lt;/allowCondition&gt;
				&lt;/conditions&gt;
			&lt;/dataCondition&gt;
		</listDataConditions>
    </dataConditions>
    <gdr>
      <FinalizationScriptAllowRetry>true</FinalizationScriptAllowRetry>
      <FinalizationScript>
      </FinalizationScript>
      <ValidationScriptAllowRetry>true</ValidationScriptAllowRetry>
      <validationscriptIncludedScripts>Lib_V12.0.461.0</validationscriptIncludedScripts>
      <validationscriptIncludedScripts>Lib_AP_V12.0.461.0</validationscriptIncludedScripts>
      <validationscriptIncludedScripts>Lib_CallScheduledAction_V12.0.461.0</validationscriptIncludedScripts>
      <validationscriptIncludedScripts>Sys/Sys_Helpers_Date</validationscriptIncludedScripts>
      <ValidationScript>///#GLOBALS Lib
var ERPID = Data.GetValue("Document_ERP_ID__");
var ERPVendorNumber = Data.GetValue("ERP_Vendor_Number__");
var EskerID = Data.GetValue("EskerID__");
var ERPError = Data.GetValue("ERPPostingError__");
var Holds = Variable.GetValueAsString("Holds__");
var VALIDITY_DURATION = 6;
var FormErrors = [];
var xpathVendorRegistrationID = "/ERPAck/EskerVendorRegistrationID";
var ProcessType = {
	VendorRegistration: "Vendor Registration",
	VendorInvoice: "Vendor Invoice"
};

function retryScript(errorMsg, longMsg)
{
	Log.Error("".concat(errorMsg, " : ").concat(longMsg));
	if (Process.GetScriptRetryCount() &lt; Process.GetScriptMaxRetryCount() - 1)
	{
		// Generate an exception for script to retry
		throw errorMsg + ". Retrying...";
	}
	else
	{
		Data.SetError("EskerID__", errorMsg);
	}
}
/*******************************
Update the Vendor registration or the Vendor Invoice
********************************/
function updateProcess(transport, process)
{
	var vars = transport.GetUninheritedVars();
	var externalVariables = transport.GetExternalVars();
	var state = vars.GetValue_Long("State", 0);
	var waitingForUpdate = vars.GetValue_Long("WaitingForUpdate", 0);
	var contflag = vars.GetValue_Long("ContainerFlag", 0);
	var invoiceState = vars.GetValue_String("InvoiceStatus__", 0);
	var LastSavedDateTime = vars.GetValue_Date("LastSavedDateTime", 0);
	var vendorRegistrationState = vars.GetValue_String("ProcessStatus__", 0);
	var ERPIntegrationTimeoutDateTime = new Date(externalVariables.GetValue_String("ERPIntegrationTimeout", 0));
	var compareERPIntegrationTimeoutResult = Sys.Helpers.Date.CompareDate(ERPIntegrationTimeoutDateTime, LastSavedDateTime) !== -1;
	// FT-025989 - The vendor invoice process is frozen, add an automatic retry mecanism waiting for the invoice process to be resumed
	if (contflag === 123456789) // invoice is frozen
	{
		if (state &lt;= 90)
		{
			retryScript("Waiting frozen process ".concat(process, " to be resumed"), transport.GetLastErrorMessage());
		}
		else
		{
			// The process is not in the expected state: failure
			updateProcessInInvalidState(state, waitingForUpdate, compareERPIntegrationTimeoutResult, process);
		}
	}
	else if ((state === 90 &amp;&amp; waitingForUpdate &amp;&amp; compareERPIntegrationTimeoutResult) || (state === 70 &amp;&amp; compareERPIntegrationTimeoutResult) ||
		(state === 100 &amp;&amp; (invoiceState === Lib.AP.InvoiceStatus.ToPost || invoiceState === Lib.AP.InvoiceStatus.ToVerify || vendorRegistrationState === "ToValidate")))
	{
		if (process === ProcessType.VendorRegistration)
		{
			if (!ERPVendorNumber || !ERPVendorNumber.trim())
			{
				Log.Info("Cannot update vendor registration because the vendor number is empty");
			}
			else
			{
				Log.Info("Updating vendor registration with vendor number:" + ERPVendorNumber);
				vars.AddValue_String("VendorNumber__", ERPVendorNumber, true);
			}
		}
		else
		{
			Log.Info("Updating invoice with document ID:" + ERPID);
			vars.AddValue_String("ERPInvoiceNumber__", ERPID, true);
			externalVariables.AddValue_String("ScheduledActionParameters", Holds, true);
		}
		vars.AddValue_String("ERPPostingError__", ERPError, true);
		vars.AddValue_String("ERPAckRuidEx__", Data.GetValue("RuidEx"), true);
		var scheduledAction = new Lib.CallScheduledAction.ScheduledAction();
		scheduledAction.msnEx = vars.GetValue_String("MsnEx", 0);
		scheduledAction.actionName = "continueAfterERPAck";
		var isSuccess = Lib.CallScheduledAction.executeAction(vars, scheduledAction, transport, true);
		if (!isSuccess)
		{
			if (state === 100)
			{
				Log.Info("VIP state 100 - try to reopen it and call scheduled action again");
				Lib.CallScheduledAction.executeAction(vars, scheduledAction, transport, true);
			}
			else
			{
				retryScript("Failed resume processing on " + process, transport.GetLastErrorMessage());
			}
		}
	}
	else
	{
		// The process is not in the expected state: failure
		updateProcessInInvalidState(state, waitingForUpdate, compareERPIntegrationTimeoutResult, process);
	}
}
/**
 * Manage records in state other than 90 or waiting state
 * Add a log error in the current process and set in error
 */
function updateProcessInInvalidState(state, waitingForUpdate, dateCompare, process)
{
	var errorMsg = "Cannot update invoice with document ID ".concat(ERPID, " because it is not in the expected state (state=").concat(state);
	errorMsg += ", waitingForUpdate=".concat(waitingForUpdate, ", date compare=").concat(dateCompare, ")");
	if (process === ProcessType.VendorRegistration)
	{
		errorMsg = "Cannot update vendor registration with vendor number ".concat(ERPVendorNumber);
		errorMsg += " because it is not in the expected state (state=".concat(state, ", waitingForUpdate=").concat(waitingForUpdate, ")");
	}
	Log.Error(errorMsg);
	if (!waitingForUpdate)
	{
		FormErrors.push("The ".concat(process, " is not expecting an update from the ERP"));
	}
	if (state !== 90)
	{
		FormErrors.push("The ".concat(process, " is not in the expected state: ").concat(state, " instead of '90'"));
	}
	if (!dateCompare)
	{
		FormErrors.push("The ".concat(process, " is not in the expected state: The date comparison shows the process has been updated during the waiting period."));
	}
	var errors = FormErrors.join("\n");
	Data.SetValue("ProcessingError__", errors);
	Data.SetValue("State", 200);
}
/*******************************
Find the process to update
********************************/
function findAndUpdateProcess(process)
{
	var eddTransport = findRecordToUpdate(process);
	if (eddTransport)
	{
		updateProcess(eddTransport, process);
		if (Data.GetValue("State") !== 200)
		{
			// Activate a timeout on the process
			var newValidityDate = new Date();
			newValidityDate.setHours(newValidityDate.getHours() + VALIDITY_DURATION);
			Data.SetValue("ValidityDateTime", newValidityDate);
			// Wait for a response from the record
			Process.WaitForUpdate();
		}
	}
	else
	{
		Data.SetValue("ProcessingError__", "Cannot find any ".concat(process, " matching the Esker ID: ").concat(EskerID));
		Data.SetValue("State", 200);
	}
}
/**
 * Generate the Query and return the eddTransport to update
 * @param process {string} Type of the process to update (VIP, VR)
 * @return {xTransport} The transport that match the RUID/MSNEX from the XML
 */
function findRecordToUpdate(process)
{
	//MSN and ProcessID are mandatory to commit modification
	Query.Reset();
	Query.AddAttribute("MSN");
	Query.AddAttribute("ProcessID");
	Query.AddAttribute("ContainerFlag");
	if (process === ProcessType.VendorRegistration)
	{
		Query.AddAttribute("ERPVendorNumber__");
	}
	else
	{
		Query.AddAttribute("ERPInvoiceNumber__");
	}
	Query.AddAttribute("State");
	Query.AddAttribute("WaitingForUpdate");
	Query.AddAttribute("OwnerId");
	Query.AddAttribute("OwnerPb");
	Query.AddAttribute("MainAccountId");
	Query.AddAttribute("RuidEx");
	Query.AddAttribute("MsnEx");
	Query.AddAttribute("InvoiceStatus__");
	Query.AddAttribute("ProcessStatus__");
	Query.AddAttribute("LastSavedDateTime");
	Query.AddAttribute("ValidityDateTime");
	Query.SetSearchInArchive(true);
	var ruid = EskerID;
	if (ruid &amp;&amp; ruid.indexOf("#") &lt; 0)
	{
		// add missing process ID
		if (process === ProcessType.VendorRegistration)
		{
			ruid = "CD#".concat(Process.GetProcessID("Vendor Registration"), ".").concat(EskerID);
		}
		else
		{
			ruid = "CD#".concat(Process.GetProcessID("Vendor invoice"), ".").concat(EskerID);
		}
	}
	Query.SetFilter("RUIDEX=".concat(ruid));
	Query.MoveFirst();
	return Query.MoveNext();
}

function main()
{
	if (Data.GetValue("State") &lt; 50)
	{
		// Validation script executed after extraction script, don't do anything
		// Validation script will be reexecuted as the process don't expect a manual approval
		return;
	}
	// Require at least an ERP error or an identifier (invoice ID, vendor ID)
	if ((!ERPID || !ERPID.trim()) &amp;&amp; (!ERPVendorNumber || !ERPVendorNumber.trim()) &amp;&amp; !ERPError)
	{
		Data.SetValue("ProcessingError__", "Neither ERP Id nor ERP Error were provided");
		Data.SetValue("State", 200);
		return;
	}
	if (Data.GetActionName() === Lib.AP.ERPAcknowledgment.Actions.ErpAcknowledgmentProcessed)
	{
		Log.Info("Notification received from the target process. ErpAck completed successfuly.");
		// In case the VIP says ok, restore the ValidityDateTime to 2 month
		var validityDateTime = Data.GetValue("ValidityDateTime");
		validityDateTime.setMonth(validityDateTime.getMonth() + 2);
		Data.SetValue("ValidityDateTime", validityDateTime);
	}
	else if (Attach.GetValueFromXPath(0, xpathVendorRegistrationID))
	{
		Log.Info("Update the Vendor Registration process");
		findAndUpdateProcess(ProcessType.VendorRegistration);
	}
	else
	{
		// By default, update the VIP
		Log.Info("Update the Vendor Invoice process");
		findAndUpdateProcess(ProcessType.VendorInvoice);
	}
}
main();</ValidationScript>
      <AllowTagCoverPages>true</AllowTagCoverPages>
      <AllowTagNewDocuments>true</AllowTagNewDocuments>
      <AllowTagAttachments>true</AllowTagAttachments>
      <ExtractionScriptAllowRetry>
      </ExtractionScriptAllowRetry>
      <ExtractionScript>/*******************************
Expected ERP ACK Format: Vendor Invoice
********************************

&lt;?xml version="1.0" encoding="utf-8"?&gt;
&lt;ERPAck&gt;
    &lt;ERPID&gt; ERP ID &lt;/ERPID&gt;
    &lt;EskerInvoiceID&gt; Esker ID &lt;/EskerInvoiceID&gt;
    &lt;ERPPostingError&gt; ERP Error &lt;/ERPPostingError&gt;
    &lt;Holds&gt;
        &lt;Hold&gt;
            &lt;HoldName&gt;&lt;/HoldName&gt;
            &lt;HoldDate&gt;&lt;/HoldDate&gt;
            &lt;HoldReason&gt;&lt;/HoldReason&gt;
        &lt;/Hold&gt;
    &lt;/Holds&gt;
&lt;/ERPAck&gt;

*/
/*******************************
Expected ERP ACK Format: Vendor Registration
********************************

&lt;?xml version="1.0" encoding="utf-8"?&gt;
&lt;ERPAck&gt;
    &lt;ERPVendorNumber&gt; ERP ID &lt;/ERPVendorNumber&gt;
    &lt;EskerVendorRegistrationID&gt; Esker ID &lt;/EskerVendorRegistrationID&gt;
    &lt;ERPPostingError&gt; ERP Error &lt;/ERPPostingError&gt;
&lt;/ERPAck&gt;

*/
function extractionmain()
{
	// Common xml nodes
	var xpathERPError = "/ERPAck/ERPPostingError";
	// Vendor invoice nodes
	var xpathERPID = "/ERPAck/ERPID";
	var xpathEskerInvoiceID = "/ERPAck/EskerInvoiceID";
	var xpathHolds = "/ERPAck/Holds/Hold";
	// Vendor registration specifics nodes
	var xpathERPVendorNumber = "/ERPAck/ERPVendorNumber";
	var xpathVendorRegistrationID = "/ERPAck/EskerVendorRegistrationID";
	/*******************************
	Read the ERP Acknowledgment File
	********************************/
	if (Attach.GetValueFromXPath(0, xpathEskerInvoiceID))
	{
		// If we are receiving a vendor invoice ack
		Data.SetValue("UpdateType__", Language.Translate("_Update vendor invoice processing"));
		Data.SetValue("EskerID__", Attach.GetValueFromXPath(0, xpathEskerInvoiceID));
		Data.SetValue("Document_ERP_ID__", Attach.GetValueFromXPath(0, xpathERPID));
		var xmlFile = Attach.GetInputFile(0);
		if (xmlFile)
		{
			var xmlDoc = Process.CreateXMLDOMElement(xmlFile);
			var holdList = xmlDoc.selectNodes(xpathHolds);
			var jsonHolds = [];
			for (var i = 0; i &lt; holdList.length; i++)
			{
				var holdNode = holdList.item(i);
				var jsonHold = {
					HoldName__: holdNode.selectSingleNode("HoldName").text,
					HoldDate__: holdNode.selectSingleNode("HoldDate").text,
					HoldReason__: holdNode.selectSingleNode("HoldReason").text
				};
				jsonHolds.push(jsonHold);
			}
			Variable.SetValueAsString("Holds__", JSON.stringify(jsonHolds));
		}
	}
	else if (Attach.GetValueFromXPath(0, xpathVendorRegistrationID))
	{
		// We are receiving a vendor registration ack
		Data.SetValue("UpdateType__", Language.Translate("_Update vendor registration"));
		Data.SetValue("EskerID__", Attach.GetValueFromXPath(0, xpathVendorRegistrationID));
		Data.SetValue("ERP_Vendor_Number__", Attach.GetValueFromXPath(0, xpathERPVendorNumber));
	}
	Data.SetValue("ERPPostingError__", Attach.GetValueFromXPath(0, xpathERPError));
}
extractionmain();</ExtractionScript>
      <AllowRemovePages>true</AllowRemovePages>
      <AllowSwapPages>true</AllowSwapPages>
      <PostProcessingScriptAllowRetry>
      </PostProcessingScriptAllowRetry>
      <PostProcessingScript>
      </PostProcessingScript>
    </gdr>
    <lg>
      <process_de>{
	"_ERP vendor number": "Lieferantennummer im ERP-System",
	"_ERP vendor number_report": "Lieferantennummer im ERP-System",
	"_ProcessingError": "Verarbeitungsfehler",
	"_ProcessingError_report": "Verarbeitungsfehler",
	"_Update type": "Prozesstyp",
	"_Update type_report": "Prozesstyp",
	"_Update vendor invoice processing": "Lieferantenrechnung",
	"_Update vendor registration": "Lieferantenregistrierung",
	"Cannot find any record matching the Esker ID :": "Es wurde keine Rechnung gefunden für die interne ID ",
	"Document ERP ID": "Dokument-ERP-ID",
	"ERP Document Identifier": "ERP-ID des Dokuments",
	"ERP posting error": "ERP-Buchungsfehler",
	"Esker Identifier": "Interne ID",
	"Identifier of invoice to update": "ID der zu aktualisierenden Rechnung",
	"Update invoice with ERP ID": "ERP-ID-Aktualisierung"
}</process_de>
      <process_JA>{
	"_ERP vendor number": "ERPの仕入先番号",
	"_ERP vendor number_report": "ERPの仕入先番号",
	"_ProcessingError": "処理エラー",
	"_ProcessingError_report": "処理エラー",
	"_Update type": "処理タイプ",
	"_Update type_report": "処理タイプ",
	"_Update vendor invoice processing": "仕入先請求書",
	"_Update vendor registration": "仕入先登録",
	"Cannot find any record matching the Esker ID :": "内部IDに一致するレコードが見つかりません ",
	"Document ERP ID": "文書ERP ID",
	"ERP Document Identifier": "文書ERP ID",
	"ERP posting error": "ERP登録エラー",
	"Esker Identifier": "内部ID",
	"Identifier of invoice to update": "更新する請求書のID",
	"Update invoice with ERP ID": "ERP IDでプロセスを更新"
}</process_JA>
      <process_en>{
	"_ERP vendor number": "Vendor number in ERP",
	"_ERP vendor number_report": "Vendor number in ERP",
	"_ProcessingError": "Processing error",
	"_ProcessingError_report": "Processing error",
	"_Update type": "Process type",
	"_Update type_report": "Process type",
	"_Update vendor invoice processing": "Vendor Invoice",
	"_Update vendor registration": "Vendor registration",
	"Cannot find any record matching the Esker ID :": "Cannot find any record matching the internal ID ",
	"Document ERP ID": "Document ERP ID",
	"ERP Document Identifier": "Document ERP Identifier",
	"ERP posting error": "ERP posting error",
	"Esker Identifier": "Internal ID",
	"Identifier of invoice to update": "Identifier of invoice to update",
	"Update invoice with ERP ID": "Update process with ERP ID"
}</process_en>
      <process_es>{
	"_ERP vendor number": "Número de proveedor en el ERP",
	"_ERP vendor number_report": "Número de proveedor en el ERP",
	"_ProcessingError": "Error de procesamiento",
	"_ProcessingError_report": "Error de procesamiento",
	"_Update type": "Tipo de proceso",
	"_Update type_report": "Tipo de proceso",
	"_Update vendor invoice processing": "Factura de proveedor",
	"_Update vendor registration": "Solicitud de registro del proveedor",
	"Cannot find any record matching the Esker ID :": "No se puede encontrar la factura número :",
	"Document ERP ID": "ID de ERP del documento",
	"ERP Document Identifier": "Identificador de ERP del documento",
	"ERP posting error": "Error de contabilización en el ERP",
	"Esker Identifier": "Identificador interno",
	"Identifier of invoice to update": "Identificador de la factura para actualizar",
	"Update invoice with ERP ID": "Actualización del proceso con el identificador de ERP"
}</process_es>
      <process_fr>{
	"_ERP vendor number": "Numéro fournisseur dans l'ERP",
	"_ERP vendor number_report": "Numéro fournisseur dans l'ERP",
	"_ProcessingError": "Erreur de traitement",
	"_ProcessingError_report": "Erreur de traitement",
	"_Update type": "Type de processus",
	"_Update type_report": "Type de processus",
	"_Update vendor invoice processing": "Facture fournisseur",
	"_Update vendor registration": "Demande d'enregistrement du fournisseur",
	"Cannot find any record matching the Esker ID :": "Il n'existe aucune facture correspondant à l'identifiant interne ",
	"Document ERP ID": "ID ERP du document",
	"ERP Document Identifier": "Identifiant ERP du document",
	"ERP posting error": "Erreur de comptabilisation dans l'ERP",
	"Esker Identifier": "Identifiant interne",
	"Identifier of invoice to update": "Identifiant de la facture à mettre à jour",
	"Update invoice with ERP ID": "Mise à jour du processus avec l'ID ERP"
}</process_fr>
      <process_nl-NL>{
	"_ERP vendor number": "Nummer leverancier in ERP",
	"_ERP vendor number_report": "Nummer leverancier in ERP",
	"_ProcessingError": "Fout bij verwerking",
	"_ProcessingError_report": "Fout bij verwerking",
	"_Update type": "Procestype",
	"_Update type_report": "Procestype",
	"_Update vendor invoice processing": "Leveranciersfactuur",
	"_Update vendor registration": "Registratie leverancier",
	"Cannot find any record matching the Esker ID :": "Geen registraties gevonden die overeenkomen met de interne ID",
	"Document ERP ID": "ID ERP-document",
	"ERP Document Identifier": "Identificatie ERP-document",
	"ERP posting error": "Fout boeking ERP",
	"Esker Identifier": "Interne ID",
	"Identifier of invoice to update": "Identificatie van bij te werken factuur",
	"Update invoice with ERP ID": "Proces met ERP ID bijwerken"
}</process_nl-NL>
      <process_it>{
	"_ERP vendor number": "Numero fornitore nel sistema ERP",
	"_ERP vendor number_report": "Numero fornitore nel sistema ERP",
	"_ProcessingError": "Errore di elaborazione",
	"_ProcessingError_report": "Errore di elaborazione",
	"_Update type": "Tipo di trattamento",
	"_Update type_report": "Tipo di trattamento",
	"_Update vendor invoice processing": "Fattura fornitore",
	"_Update vendor registration": "Registrazione fornitore",
	"Cannot find any record matching the Esker ID :": "Impossibile trovare la fattura numero :",
	"Document ERP ID": "ID ERP",
	"ERP Document Identifier": "Identificatore ERP",
	"ERP posting error": "Errore di registrazione nel sistema ERP",
	"Esker Identifier": "Identificatore interno",
	"Identifier of invoice to update": "Identificatore della fattura da aggiornare",
	"Update invoice with ERP ID": "Aggiornamento del trattamento con identificatore ERP"
}</process_it>
      <process_zh-CN>{
	"_ERP vendor number": "ERP 中的供应商编号",
	"_ERP vendor number_report": "ERP 中的供应商编号",
	"_ProcessingError": "处理错误",
	"_ProcessingError_report": "处理错误",
	"_Update type": "进程类型",
	"_Update type_report": "进程类型",
	"_Update vendor invoice processing": "供应商发票",
	"_Update vendor registration": "供应商注册",
	"Cannot find any record matching the Esker ID :": "无法找到匹配此内部 ID 的任何记录",
	"Document ERP ID": "文档 ERP ID",
	"ERP Document Identifier": "文档 ERP 标识符",
	"ERP posting error": "ERP 过账错误",
	"Esker Identifier": "内部 ID",
	"Identifier of invoice to update": "要更新的发票标识符",
	"Update invoice with ERP ID": "用 ERP ID 更新流程"
}</process_zh-CN>
      <process_pt-BR>{
	"_ERP vendor number": "Número de fornecedor em ERP",
	"_ERP vendor number_report": "Número de fornecedor em ERP",
	"_ProcessingError": "Erro de processamento",
	"_ProcessingError_report": "Erro de processamento",
	"_Update type": "Tipo de processo",
	"_Update type_report": "Tipo de processo",
	"_Update vendor invoice processing": "Fatura de fornecedor",
	"_Update vendor registration": "Registro de fornecedor",
	"Cannot find any record matching the Esker ID :": "Não é possível encontrar nenhum registro correspondente ao ID interno",
	"Document ERP ID": "ID do documento ERP",
	"ERP Document Identifier": "Identificador ERP do documento",
	"ERP posting error": "Erro de lançamento do ERP",
	"Esker Identifier": "ID interno",
	"Identifier of invoice to update": "Identificador da fatura a ser atualizada",
	"Update invoice with ERP ID": "Atualizar processamento com ID de ERP"
}</process_pt-BR>
    </lg>
    <ocr>
      <trade-off>accurate</trade-off>
      <image-binarization>no</image-binarization>
      <image-draft-fax>no</image-draft-fax>
      <image-despeckle>no</image-despeckle>
      <allowed-language>0</allowed-language>
      <image-resolution-enhancement>auto</image-resolution-enhancement>
      <ocr_engine>Nuance190</ocr_engine>
      <extractionAdditionalOptions>
      </extractionAdditionalOptions>
    </ocr>
    <process>
      <flowtype>processing</flowtype>
      <ocrpreset>scan</ocrpreset>
      <homepagelabel>Update invoice with ERP ID</homepagelabel>
      <enableflexibleauditing>
      </enableflexibleauditing>
      <enableflexibleediting>
      </enableflexibleediting>
      <enableflexibleteaching>
      </enableflexibleteaching>
      <upgradable>yes</upgradable>
      <disableocr>
      </disableocr>
      <instanciable>1</instanciable>
      <disableautolearning>true</disableautolearning>
      <backgroundprocessingthreshold>
      </backgroundprocessingthreshold>
      <EnablePreviewPrecomputation>
      </EnablePreviewPrecomputation>
      <pdfNormalizeFilter>
      </pdfNormalizeFilter>
      <archiveDuration>0</archiveDuration>
      <ocrpagestoprocess>
      </ocrpagestoprocess>
      <ScriptEngineType>2</ScriptEngineType>
      <displayWidth>
      </displayWidth>
      <AllowUploadAttachment>1</AllowUploadAttachment>
      <AllowUploadReferenceDocument>0</AllowUploadReferenceDocument>
      <UseCultureFormat>true</UseCultureFormat>
      <AllowRetryExtractCD>true</AllowRetryExtractCD>
      <TransportName>CustomData</TransportName>
      <LayoutVersion>1.0</LayoutVersion>
      <printToProcess>
      </printToProcess>
    </process>
    <ui>
      <CustomScriptDebug>false</CustomScriptDebug>
      <CustomScriptReadonly>false</CustomScriptReadonly>
      <CustomScript>
      </CustomScript>
      <layout>{
	"*": {
		"GDRData": {
			"type": "GDRData",
			"options": {
				"version": 0
			},
			"stamp": 1,
			"data": []
		},
		"OCRParams": {
			"type": "OCRParams",
			"options": {
				"version": 0
			},
			"stamp": 2,
			"data": []
		},
		"Screen": {
			"type": "FlexibleFormLayout",
			"options": {
				"splitterType": "complex",
				"version": 0,
				"maxwidth": ""
			},
			"*": {
				"form-header": {
					"type": "FlexibleFormHeader",
					"options": {
						"version": 0,
						"maxwidth": ""
					},
					"stamp": 3,
					"data": []
				},
				"form-center": {
					"type": "FlexibleFormCenter",
					"options": {
						"version": 0,
						"maxwidth": ""
					},
					"*": {
						"form-content": {
							"type": "FlexibleFormContent",
							"options": {
								"version": 0
							},
							"*": {
								"form-content-top": {
									"type": "FlexibleFormSplitter",
									"options": {
										"autosize": true,
										"version": 1,
										"box": {
											"top": "0%",
											"left": "0%",
											"width": null,
											"height": "21%"
										},
										"hidden": true
									},
									"*": {},
									"stamp": 4,
									"data": []
								},
								"form-content-bottom": {
									"type": "FlexibleFormSplitter",
									"options": {
										"version": 1,
										"box": {
											"top": "0%",
											"left": "0%",
											"width": null,
											"height": "100%"
										},
										"hidden": false,
										"hideSeparator": true
									},
									"*": {
										"form-content-left": {
											"type": "FlexibleFormSplitter",
											"options": {
												"version": 1,
												"box": {
													"top": "0%",
													"left": "0%",
													"width": "100%",
													"height": null
												},
												"hidden": false
											},
											"*": {
												"form-content-left-1": {
													"type": "FlexibleFormLine",
													"options": {
														"version": 0
													},
													"*": {
														"DocumentsPanel": {
															"type": "PanelDocument",
															"options": {
																"version": 0,
																"border": {},
																"labelLength": 0,
																"label": "_Documents",
																"iconURL": "",
																"TitleFontSize": "S",
																"hideActionButtons": false,
																"hideTitleBar": false
															},
															"*": {
																"Document": {
																	"data": [
																		"documentscontroldata"
																	],
																	"type": "Documents",
																	"options": {
																		"version": 0
																	},
																	"stamp": 5
																}
															},
															"stamp": 6,
															"data": []
														}
													},
													"stamp": 7,
													"data": []
												},
												"form-content-left-5": {
													"type": "FlexibleFormLine",
													"data": [],
													"options": {
														"version": 0
													},
													"stamp": 8,
													"*": {
														"DataPanel": {
															"type": "PanelData",
															"options": {
																"border": {},
																"version": 0,
																"labelLength": 0,
																"label": "_Document data",
																"iconURL": "",
																"TitleFontSize": "S",
																"hideActionButtons": false,
																"hideTitleBar": false,
																"backgroundcolor": "default",
																"labelsAlignment": "right"
															},
															"*": {
																"FieldsManager": {
																	"type": "FieldsManager",
																	"options": {
																		"controlsAssociation": {
																			"EskerID__": "LabelEskerID__",
																			"LabelEskerID__": "EskerID__",
																			"Document_ERP_ID__": "LabelDocument_ERP_ID__",
																			"LabelDocument_ERP_ID__": "Document_ERP_ID__",
																			"ERPPostingError__": "LabelERPPostingError__",
																			"LabelERPPostingError__": "ERPPostingError__",
																			"ProcessingError__": "LabelProcessingError__",
																			"LabelProcessingError__": "ProcessingError__",
																			"ERP_Vendor_Number__": "LabelERP_Vendor_Number__",
																			"LabelERP_Vendor_Number__": "ERP_Vendor_Number__",
																			"UpdateType__": "LabelUpdateType__",
																			"LabelUpdateType__": "UpdateType__"
																		},
																		"version": 0
																	},
																	"*": {
																		"Grid": {
																			"type": "GridLayout",
																			"options": {
																				"lines": 6,
																				"columns": 2,
																				"version": 0,
																				"ctrlsPos": {
																					"EskerID__": {
																						"line": 1,
																						"column": 2
																					},
																					"LabelEskerID__": {
																						"line": 1,
																						"column": 1
																					},
																					"Document_ERP_ID__": {
																						"line": 2,
																						"column": 2
																					},
																					"LabelDocument_ERP_ID__": {
																						"line": 2,
																						"column": 1
																					},
																					"ERPPostingError__": {
																						"line": 3,
																						"column": 2
																					},
																					"LabelERPPostingError__": {
																						"line": 3,
																						"column": 1
																					},
																					"ProcessingError__": {
																						"line": 4,
																						"column": 2
																					},
																					"LabelProcessingError__": {
																						"line": 4,
																						"column": 1
																					},
																					"ERP_Vendor_Number__": {
																						"line": 5,
																						"column": 2
																					},
																					"LabelERP_Vendor_Number__": {
																						"line": 5,
																						"column": 1
																					},
																					"UpdateType__": {
																						"line": 6,
																						"column": 2
																					},
																					"LabelUpdateType__": {
																						"line": 6,
																						"column": 1
																					}
																				},
																				"colspans": [
																					[],
																					[],
																					[],
																					[],
																					[],
																					[]
																				]
																			},
																			"data": [
																				"fields"
																			],
																			"*": {
																				"LabelEskerID__": {
																					"type": "Label",
																					"data": [
																						"EskerID__"
																					],
																					"options": {
																						"label": "Identifier of invoice to update",
																						"version": 0
																					},
																					"stamp": 9
																				},
																				"EskerID__": {
																					"type": "ShortText",
																					"data": [
																						"EskerID__"
																					],
																					"options": {
																						"label": "Identifier of invoice to update",
																						"activable": true,
																						"width": 270,
																						"version": 0,
																						"textSize": "S",
																						"textAlignment": "left",
																						"textStyle": "default",
																						"textColor": "default"
																					},
																					"stamp": 10
																				},
																				"LabelDocument_ERP_ID__": {
																					"type": "Label",
																					"data": [
																						"Document_ERP_ID__"
																					],
																					"options": {
																						"label": "ERP Document Identifier",
																						"version": 0
																					},
																					"stamp": 11
																				},
																				"Document_ERP_ID__": {
																					"type": "ShortText",
																					"data": [
																						"Document_ERP_ID__"
																					],
																					"options": {
																						"label": "ERP Document Identifier",
																						"activable": true,
																						"width": 270,
																						"version": 0,
																						"textSize": "S",
																						"textAlignment": "left",
																						"textStyle": "default",
																						"textColor": "default",
																						"browsable": false
																					},
																					"stamp": 12
																				},
																				"LabelERPPostingError__": {
																					"type": "Label",
																					"data": [
																						"ERPPostingError__"
																					],
																					"options": {
																						"label": "ERP posting error",
																						"version": 0
																					},
																					"stamp": 13
																				},
																				"ERPPostingError__": {
																					"type": "ShortText",
																					"data": [
																						"ERPPostingError__"
																					],
																					"options": {
																						"textSize": "S",
																						"textAlignment": "left",
																						"textStyle": "default",
																						"textColor": "default",
																						"label": "ERP posting error",
																						"activable": true,
																						"width": 270,
																						"browsable": false,
																						"version": 0,
																						"length": 1024
																					},
																					"stamp": 14
																				},
																				"LabelProcessingError__": {
																					"type": "Label",
																					"data": [
																						"ProcessingError__"
																					],
																					"options": {
																						"label": "_ProcessingError"
																					},
																					"stamp": 37
																				},
																				"ProcessingError__": {
																					"type": "LongText",
																					"data": [
																						"ProcessingError__"
																					],
																					"options": {
																						"textSize": "S",
																						"textAlignment": "left",
																						"textStyle": "default",
																						"textColor": "default",
																						"version": 1,
																						"minNbLines": 3,
																						"label": "_ProcessingError",
																						"activable": true,
																						"width": "500",
																						"helpText": "",
																						"helpURL": "",
																						"helpFormat": "HTML Format",
																						"browsable": false
																					},
																					"stamp": 38
																				},
																				"LabelERP_Vendor_Number__": {
																					"type": "Label",
																					"data": [
																						"ERP_Vendor_Number__"
																					],
																					"options": {
																						"label": "_ERP vendor number",
																						"hidden": true
																					},
																					"stamp": 39
																				},
																				"ERP_Vendor_Number__": {
																					"type": "ShortText",
																					"data": [
																						"ERP_Vendor_Number__"
																					],
																					"options": {
																						"textSize": "S",
																						"textAlignment": "left",
																						"textStyle": "default",
																						"textColor": "default",
																						"version": 1,
																						"label": "_ERP vendor number",
																						"activable": true,
																						"width": 230,
																						"helpText": "",
																						"helpURL": "",
																						"helpFormat": "HTML Format",
																						"helpIconPosition": "Right",
																						"browsable": false,
																						"hidden": true
																					},
																					"stamp": 40
																				},
																				"LabelUpdateType__": {
																					"type": "Label",
																					"data": [
																						"UpdateType__"
																					],
																					"options": {
																						"label": "_Update type"
																					},
																					"stamp": 41
																				},
																				"UpdateType__": {
																					"type": "ShortText",
																					"data": [
																						"UpdateType__"
																					],
																					"options": {
																						"textSize": "S",
																						"textAlignment": "left",
																						"textStyle": "default",
																						"textColor": "default",
																						"version": 1,
																						"label": "_Update type",
																						"activable": true,
																						"width": 230,
																						"helpText": "",
																						"helpURL": "",
																						"helpFormat": "HTML Format",
																						"helpIconPosition": "Right",
																						"browsable": false,
																						"readonly": true,
																						"autocompletable": false
																					},
																					"stamp": 42
																				}
																			},
																			"stamp": 15
																		}
																	},
																	"stamp": 16,
																	"data": []
																}
															},
															"stamp": 17,
															"data": []
														}
													}
												},
												"form-content-left-2": {
													"type": "FlexibleFormLine",
													"options": {
														"version": 0
													},
													"*": {
														"SystemData": {
															"type": "PanelSystemData",
															"options": {
																"multicolumn": false,
																"version": 0,
																"border": {
																	"collapsed": false
																},
																"labelLength": 0,
																"label": "_System data",
																"hidden": true,
																"iconURL": "",
																"TitleFontSize": "S",
																"hideActionButtons": false,
																"hideTitleBar": false
															},
															"stamp": 18,
															"data": []
														}
													},
													"stamp": 19,
													"data": []
												},
												"form-content-left-3": {
													"type": "FlexibleFormLine",
													"options": {
														"version": 0
													},
													"*": {
														"NextProcess": {
															"type": "PanelNextProcess",
															"options": {
																"hidden": true,
																"version": 0,
																"border": {},
																"labelLength": 0,
																"label": "_Next Process",
																"iconURL": "",
																"TitleFontSize": "S",
																"hideActionButtons": false,
																"hideTitleBar": false
															},
															"stamp": 20,
															"data": []
														}
													},
													"stamp": 21,
													"data": []
												}
											},
											"stamp": 22,
											"data": []
										},
										"form-content-right": {
											"type": "FlexibleFormSplitter",
											"options": {
												"version": 1,
												"box": {
													"top": "0%",
													"left": "45%",
													"width": "55%",
													"height": null
												},
												"hidden": true,
												"hideSeparator": true
											},
											"*": {
												"form-content-right-1": {
													"type": "FlexibleFormLine",
													"options": {
														"version": 0
													},
													"*": {
														"PreviewPanel": {
															"type": "PanelPreview",
															"options": {
																"border": {},
																"version": 0,
																"labelLength": 0,
																"label": "_Document Preview",
																"iconURL": "",
																"TitleFontSize": "S",
																"hideActionButtons": false,
																"hideTitleBar": false
															},
															"*": {
																"Preview": {
																	"data": [
																		"previewdata"
																	],
																	"type": "Preview",
																	"options": {
																		"version": 0
																	},
																	"stamp": 23
																}
															},
															"stamp": 24,
															"data": []
														}
													},
													"stamp": 25,
													"data": []
												}
											},
											"stamp": 26,
											"data": []
										}
									},
									"stamp": 27,
									"data": []
								}
							},
							"stamp": 28,
							"data": []
						}
					},
					"stamp": 29,
					"data": []
				},
				"form-footer": {
					"type": "FlexibleFormFooter",
					"options": {
						"splitterType": "simple-h",
						"version": 0,
						"maxwidth": ""
					},
					"*": {
						"Save": {
							"type": "SubmitButton",
							"options": {
								"label": "_Save",
								"action": "save",
								"submit": true,
								"version": 0
							},
							"stamp": 30,
							"data": []
						},
						"Approve": {
							"type": "SubmitButton",
							"options": {
								"label": "_Approve",
								"action": "approve",
								"submit": true,
								"version": 0
							},
							"stamp": 31,
							"data": []
						},
						"Reject": {
							"type": "SubmitButton",
							"options": {
								"label": "_Reject",
								"action": "reject",
								"submit": true,
								"version": 0
							},
							"stamp": 32,
							"data": []
						},
						"Reprocess": {
							"type": "SubmitButton",
							"options": {
								"label": "_Reprocess",
								"action": "reprocess",
								"submit": true,
								"version": 0
							},
							"stamp": 33,
							"data": []
						},
						"Close": {
							"type": "SubmitButton",
							"options": {
								"label": "_Close",
								"action": "cancel",
								"submit": true,
								"version": 0
							},
							"stamp": 34,
							"data": []
						}
					},
					"stamp": 35,
					"data": []
				}
			},
			"stamp": 36,
			"data": []
		}
	},
	"stamps": 42,
	"data": []
}</layout>
    </ui>
  </properties>
  <field deleted="0" format="" guid="NAYX20008152" id="L8X552000SG7" label="Document ERP ID" length="50" name="Document_ERP_ID__" originalProcessID="UMMI20005489" precision="0" processid="K8X552000SG7" submitable="1" type="STR">
    <properties>
      <db>
        <alias>AL8X552000SG7</alias>
        <noxml>1</noxml>
        <fullname>/job/processfields/Document_ERP_ID__</fullname>
        <defaultvalue>
        </defaultvalue>
        <RecordLastWrite>2022-10-25 17:05:13</RecordLastWrite>
      </db>
      <extrainfo>
        <Label>Document ERP ID</Label>
        <Alias>AL8X552000SG7</Alias>
        <ProcessFieldVersion vartype="INT">1</ProcessFieldVersion>
      </extrainfo>
      <field>
        <required>false</required>
      </field>
      <gdr>
        <VarType>Area</VarType>
      </gdr>
      <ui>
        <_type>String</_type>
        <automatic>true</automatic>
      </ui>
    </properties>
  </field>
  <field deleted="0" format="" guid="VTDH1000141" id="M8X552000SG7" label="ERP posting error" length="1024" name="ERPPostingError__" originalProcessID="UMMI20005489" precision="0" processid="K8X552000SG7" submitable="1" type="STR">
    <properties>
      <db>
        <alias>AM8X552000SG7</alias>
        <noxml>1</noxml>
        <fullname>/job/processfields/ERPPostingError__</fullname>
        <defaultvalue>
        </defaultvalue>
        <RecordLastWrite>2022-10-25 17:05:13</RecordLastWrite>
      </db>
      <extrainfo>
        <Label>ERP posting error</Label>
        <Alias>AM8X552000SG7</Alias>
        <ProcessFieldVersion vartype="INT">1</ProcessFieldVersion>
      </extrainfo>
      <gdr>
        <VarType>Area</VarType>
      </gdr>
      <ui>
        <_type>String</_type>
        <automatic>true</automatic>
      </ui>
    </properties>
  </field>
  <field deleted="0" format="" guid="I6MC77100PA9" id="N8X552000SG7" label="_ERP vendor number_report" length="50" name="ERP_Vendor_Number__" originalProcessID="UMMI20005489" precision="0" processid="K8X552000SG7" submitable="1" type="STR">
    <properties>
      <db>
        <alias>AN8X552000SG7</alias>
        <noxml>1</noxml>
        <fullname>/job/processfields/ERP_Vendor_Number__</fullname>
        <defaultvalue>
        </defaultvalue>
        <RecordLastWrite>2022-10-25 17:05:13</RecordLastWrite>
      </db>
      <extrainfo>
        <Label>_ERP vendor number_report</Label>
        <Alias>AN8X552000SG7</Alias>
        <ProcessFieldVersion vartype="INT">1</ProcessFieldVersion>
      </extrainfo>
      <gdr>
        <VarType>Area</VarType>
      </gdr>
      <ui>
        <_type>String</_type>
        <automatic>true</automatic>
      </ui>
    </properties>
  </field>
  <field deleted="0" format="" guid="CKLZ20008151" id="O8X552000SG7" label="Esker Identifier" length="80" name="EskerID__" originalProcessID="UMMI20005489" precision="0" processid="K8X552000SG7" submitable="1" type="STR">
    <properties>
      <db>
        <alias>AO8X552000SG7</alias>
        <noxml>1</noxml>
        <fullname>/job/processfields/EskerID__</fullname>
        <defaultvalue>
        </defaultvalue>
        <RecordLastWrite>2022-10-25 17:05:13</RecordLastWrite>
      </db>
      <extrainfo>
        <Label>Esker Identifier</Label>
        <Alias>AO8X552000SG7</Alias>
        <ProcessFieldVersion vartype="INT">1</ProcessFieldVersion>
      </extrainfo>
      <field>
        <required>true</required>
      </field>
      <gdr>
        <VarType>Area</VarType>
      </gdr>
      <ui>
        <_type>String</_type>
        <automatic>true</automatic>
      </ui>
    </properties>
  </field>
  <field deleted="0" format="" guid="L499S0000M4N" id="P8X552000SG7" label="_ProcessingError_report" length="32766" name="ProcessingError__" originalProcessID="UMMI20005489" precision="0" processid="K8X552000SG7" submitable="1" type="STR">
    <properties>
      <db>
        <alias>AP8X552000SG7</alias>
        <noxml>1</noxml>
        <fullname>/job/processfields/ProcessingError__</fullname>
        <defaultvalue>
        </defaultvalue>
        <RecordLastWrite>2022-10-25 17:05:13</RecordLastWrite>
      </db>
      <extrainfo>
        <Label>_ProcessingError_report</Label>
        <Alias>AP8X552000SG7</Alias>
        <ProcessFieldVersion vartype="INT">1</ProcessFieldVersion>
      </extrainfo>
      <gdr>
        <DisableAutolearn>1</DisableAutolearn>
      </gdr>
      <help>
        <helpData>{"helpText":"","helpURL":"","helpFormat":"HTML Format"}</helpData>
      </help>
      <ui>
        <_type>String</_type>
        <automatic>true</automatic>
      </ui>
    </properties>
  </field>
  <field deleted="0" format="" guid="PP5D77100PA9" id="Q8X552000SG7" label="_Update type_report" length="50" name="UpdateType__" originalProcessID="UMMI20005489" precision="0" processid="K8X552000SG7" submitable="1" type="STR">
    <properties>
      <db>
        <alias>AQ8X552000SG7</alias>
        <noxml>1</noxml>
        <fullname>/job/processfields/UpdateType__</fullname>
        <defaultvalue>
        </defaultvalue>
        <RecordLastWrite>2022-10-25 17:05:13</RecordLastWrite>
      </db>
      <extrainfo>
        <Label>_Update type_report</Label>
        <Alias>AQ8X552000SG7</Alias>
        <ProcessFieldVersion vartype="INT">1</ProcessFieldVersion>
      </extrainfo>
      <gdr>
        <VarType>Area</VarType>
        <DisableAutolearn>1</DisableAutolearn>
      </gdr>
      <help>
        <helpData>{"helpText":"","helpURL":"","helpFormat":"HTML Format"}</helpData>
      </help>
      <ui>
        <_type>String</_type>
        <automatic>true</automatic>
      </ui>
    </properties>
  </field>
  <type id="RJRH13130EF" name="CD">
  </type>
</process>