﻿<?xml version="1.0" encoding="UTF-8" standalone="no"?>
<process accountid="20063076" allowrepairprocess="0" builtin="0" builtinversion="0" carriesapplicationversion="0" creationdatetime="2022-10-25 17:04:22" deleted="0" eskerapplication="" global="0" id="NJW552000SG7" keepcustomization="0" keepfieldsonly="0" keepfieldsproperties="0" keepnewcontroloptions="0" migrationversion="4" name="AP - Payment method__" needvalidation="1" ootofilter="" ootoversion="0" originalProcessID="PHQG10001153" ownerid="cn=admin_p2p@paragon-cc.fr,ou=DEV,ou=TrainingP2P,ou=DEMO_JULIEN,ou=05284299,ou=ESK,s=eoo" ownerpb="OnDemand AddressBook" public="1" pushnotification="0" reuseengine="0" sprintversion="5.261.0" transportname="CustomTable" upgradable="1" userid="0" version="1" visibility="0">
  <properties>
    <dbIndex>
      <AUTO_AOJW552000SG7A>&lt;Index&gt;&lt;Ref Name="AOJW552000SG7" Option="ASC"/&gt;&lt;/Index&gt;</AUTO_AOJW552000SG7A>
    </dbIndex>
    <gdr>
    </gdr>
    <lg>
      <process_de>{
	"_CompanyCode": "Buchungskreis",
	"_Description": "Beschreibung",
	"_Payment method": "Zahlungsmethode",
	"_Payment method_report": "Zahlungsmethode",
	"AP - Payment method": "P2P - Zahlungsmethode"
}</process_de>
      <process_JA>{
	"_CompanyCode": "会社コード",
	"_Description": "説明",
	"_Payment method": "支払方法",
	"_Payment method_report": "支払方法",
	"AP - Payment method": "P2P - 支払方法"
}</process_JA>
      <process_en>{
	"_CompanyCode": "Company code",
	"_Description": "Description",
	"_Payment method": "Payment method",
	"_Payment method_report": "Payment method",
	"AP - Payment method": "P2P - Payment method"
}</process_en>
      <process_es>{
	"_CompanyCode": "Código de empresa",
	"_Description": "Descripción",
	"_Payment method": "Forma de pago",
	"_Payment method_report": "Forma de pago",
	"AP - Payment method": "P2P - Forma de pago"
}</process_es>
      <process_fr>{
	"_CompanyCode": "Code société",
	"_Description": "Description",
	"_Payment method": "Moyen de paiement",
	"_Payment method_report": "Moyen de paiement",
	"AP - Payment method": "P2P - Moyen de paiement"
}</process_fr>
      <process_nl-NL>{
	"_CompanyCode": "Bedrijfscode",
	"_Description": "Beschrijving",
	"_Payment method": "Betaalwijze",
	"_Payment method_report": "Betaalwijze",
	"AP - Payment method": "P2P - Betaalwijze"
}</process_nl-NL>
      <process_it>{
	"_CompanyCode": "Codice società",
	"_Description": "Descrizione",
	"_Payment method": "Metodo di pagamento",
	"_Payment method_report": "Metodo di pagamento",
	"AP - Payment method": "P2P - Metodo di pagamento"
}</process_it>
      <process_zh-CN>{
	"_CompanyCode": "公司代码",
	"_Description": "说明",
	"_Payment method": "付款方式",
	"_Payment method_report": "付款方式",
	"AP - Payment method": "采购到支付 - 付款方式"
}</process_zh-CN>
      <process_pt-BR>{
	"_CompanyCode": "Código da empresa",
	"_Description": "Descrição",
	"_Payment method": "Método de pagamento",
	"_Payment method_report": "Método de pagamento",
	"AP - Payment method": "P2P - Forma de pagamento"
}</process_pt-BR>
    </lg>
    <process>
      <BUColumn>CompanyCode__</BUColumn>
      <flowtype>processing</flowtype>
      <homepagelabel>AP - Payment method</homepagelabel>
      <upgradable>yes</upgradable>
      <instanciable>1</instanciable>
      <OverrideAllowedAttachmentExtensions>*</OverrideAllowedAttachmentExtensions>
      <UseActionNameWithScriptApproval>true</UseActionNameWithScriptApproval>
      <AllowUploadAttachment>0</AllowUploadAttachment>
      <AllowUploadReferenceDocument>0</AllowUploadReferenceDocument>
      <shouldRollbackManualRecordEdits>true</shouldRollbackManualRecordEdits>
      <UseCultureFormat>true</UseCultureFormat>
      <TransportName>CustomTable</TransportName>
      <LayoutVersion>1.0</LayoutVersion>
    </process>
    <ui>
      <layout>{
	"*": {
		"Screen": {
			"type": "FlexibleFormLayout",
			"options": {
				"splitterType": "simple-v",
				"version": 0,
				"processHelpId": "5095"
			},
			"*": {
				"form-header": {
					"type": "FlexibleFormHeader",
					"options": {
						"hidePanelsMenu": false,
						"version": 0
					},
					"stamp": 2,
					"data": []
				},
				"form-center": {
					"type": "FlexibleFormCenter",
					"options": {
						"version": 0
					},
					"*": {
						"form-content": {
							"type": "FlexibleFormContent",
							"options": {
								"version": 0
							},
							"*": {
								"form-content-center": {
									"type": "FlexibleFormSplitter",
									"options": {
										"version": 1,
										"box": {
											"top": "0%",
											"left": "0%",
											"width": "100%"
										},
										"hidden": false
									},
									"*": {
										"form-content-center-1": {
											"type": "FlexibleFormLine",
											"data": [],
											"options": {
												"version": 0
											},
											"stamp": 9,
											"*": {
												"DataPanel": {
													"type": "PanelData",
													"options": {
														"border": {},
														"version": 0,
														"labelLength": 0,
														"iconURL": "",
														"TitleFontSize": "S",
														"hideActionButtons": false,
														"hideTitleBar": false,
														"hideTitle": false,
														"backgroundcolor": "default",
														"labelsAlignment": "right",
														"label": "_Document data",
														"helpId": 5095,
														"helpFormat": "HTML Format"
													},
													"*": {
														"FieldsManager": {
															"type": "FieldsManager",
															"options": {
																"controlsAssociation": {
																	"ID__": "LabelID__",
																	"LabelID__": "ID__",
																	"Description__": "LabelDescription__",
																	"LabelDescription__": "Description__",
																	"CompanyCode__": "LabelCompanyCode__",
																	"LabelCompanyCode__": "CompanyCode__"
																},
																"version": 0
															},
															"*": {
																"Grid": {
																	"type": "GridLayout",
																	"options": {
																		"lines": 3,
																		"columns": 2,
																		"version": 0,
																		"ctrlsPos": {
																			"ID__": {
																				"line": 2,
																				"column": 2
																			},
																			"LabelID__": {
																				"line": 2,
																				"column": 1
																			},
																			"Description__": {
																				"line": 3,
																				"column": 2
																			},
																			"LabelDescription__": {
																				"line": 3,
																				"column": 1
																			},
																			"CompanyCode__": {
																				"line": 1,
																				"column": 2
																			},
																			"LabelCompanyCode__": {
																				"line": 1,
																				"column": 1
																			}
																		},
																		"colspans": [
																			[],
																			[],
																			[]
																		]
																	},
																	"data": [
																		"fields"
																	],
																	"*": {
																		"LabelCompanyCode__": {
																			"type": "Label",
																			"data": [
																				"CompanyCode__"
																			],
																			"options": {
																				"label": "_CompanyCode"
																			},
																			"stamp": 18
																		},
																		"CompanyCode__": {
																			"type": "DatabaseComboBox",
																			"data": [
																				"CompanyCode__"
																			],
																			"options": {
																				"version": 1,
																				"label": "_CompanyCode",
																				"activable": true,
																				"width": 230,
																				"fTSmaxRecords": "20",
																				"browsable": true
																			},
																			"stamp": 19
																		},
																		"LabelID__": {
																			"type": "Label",
																			"data": [
																				"ID__"
																			],
																			"options": {
																				"label": "_Payment method",
																				"version": 0
																			},
																			"stamp": 14
																		},
																		"ID__": {
																			"type": "ShortText",
																			"data": [
																				"ID__"
																			],
																			"options": {
																				"textSize": "S",
																				"textAlignment": "left",
																				"textStyle": "default",
																				"textColor": "default",
																				"label": "_Payment method",
																				"activable": true,
																				"width": 230,
																				"browsable": false,
																				"version": 0
																			},
																			"stamp": 15
																		},
																		"LabelDescription__": {
																			"type": "Label",
																			"data": [
																				"Description__"
																			],
																			"options": {
																				"label": "_Description",
																				"version": 0
																			},
																			"stamp": 16
																		},
																		"Description__": {
																			"type": "ShortText",
																			"data": [
																				"Description__"
																			],
																			"options": {
																				"textSize": "S",
																				"textAlignment": "left",
																				"textStyle": "default",
																				"textColor": "default",
																				"label": "_Description",
																				"activable": true,
																				"width": 230,
																				"browsable": false,
																				"version": 0
																			},
																			"stamp": 17
																		}
																	},
																	"stamp": 8
																}
															},
															"stamp": 7,
															"data": []
														}
													},
													"stamp": 6,
													"data": []
												}
											}
										}
									},
									"stamp": 5,
									"data": []
								}
							},
							"stamp": 4,
							"data": []
						}
					},
					"stamp": 3,
					"data": []
				},
				"form-footer": {
					"type": "FlexibleFormFooter",
					"options": {
						"splitterType": "simple-h",
						"version": 0
					},
					"*": {
						"Save": {
							"type": "SubmitButton",
							"options": {
								"label": "_Save",
								"action": "savequit",
								"submit": true,
								"version": 0
							},
							"stamp": 11,
							"data": []
						},
						"Close": {
							"type": "SubmitButton",
							"options": {
								"label": "_Close",
								"action": "cancel",
								"submit": true,
								"version": 0
							},
							"stamp": 12,
							"data": []
						},
						"Delete": {
							"type": "SubmitButton",
							"options": {
								"label": "_Delete",
								"action": "delete",
								"submit": true,
								"version": 0,
								"disabled": true
							},
							"stamp": 13,
							"data": []
						}
					},
					"stamp": 10,
					"data": []
				}
			},
			"stamp": 1,
			"data": []
		}
	},
	"stamps": 19,
	"data": []
}</layout>
    </ui>
  </properties>
  <field deleted="0" format="" guid="DWRA10001458" id="OJW552000SG7" label="_CompanyCode" length="50" name="CompanyCode__" originalProcessID="PHQG10001153" precision="0" processid="NJW552000SG7" submitable="1" type="STR">
    <properties>
      <db>
        <alias>AOJW552000SG7</alias>
        <index vartype="INT">1</index>
        <noxml>1</noxml>
        <fullname>/job/processfields/CompanyCode__</fullname>
        <defaultvalue>
        </defaultvalue>
        <RecordLastWrite>2016-04-11 16:15:30</RecordLastWrite>
      </db>
      <extrainfo>
        <Label>_CompanyCode</Label>
        <Alias>AOJW552000SG7</Alias>
        <ProcessFieldVersion vartype="INT">1</ProcessFieldVersion>
      </extrainfo>
      <field>
        <Editable>false</Editable>
        <TableName>CT#ECW552000SG7</TableName>
        <SortOrder>
        </SortOrder>
        <DisplayedColumns>CompanyCode__|CompanyName__</DisplayedColumns>
        <DisplayedColumnsIds>
        </DisplayedColumnsIds>
        <SavedColumn>CompanyCode__</SavedColumn>
        <SavedColumnId>HUME134563</SavedColumnId>
        <ProcessName>PurchasingCompanycodes__</ProcessName>
        <CustomFilter>
        </CustomFilter>
      </field>
      <ui>
        <_type>String</_type>
        <automatic>true</automatic>
      </ui>
    </properties>
  </field>
  <field deleted="0" format="" guid="AYLN10001155" id="PJW552000SG7" label="_Description" length="50" name="Description__" originalProcessID="PHQG10001153" precision="0" processid="NJW552000SG7" submitable="1" type="STR">
    <properties>
      <db>
        <alias>APJW552000SG7</alias>
        <noxml>1</noxml>
        <fullname>/job/processfields/Description__</fullname>
        <defaultvalue>
        </defaultvalue>
        <RecordLastWrite>2016-04-11 09:17:50</RecordLastWrite>
      </db>
      <extrainfo>
        <Label>_Description</Label>
        <Alias>APJW552000SG7</Alias>
        <ProcessFieldVersion vartype="INT">1</ProcessFieldVersion>
      </extrainfo>
      <gdr>
        <VarType>Area</VarType>
      </gdr>
      <ui>
        <_type>String</_type>
        <automatic>true</automatic>
      </ui>
    </properties>
  </field>
  <field deleted="0" format="" guid="HUME10001154" id="QJW552000SG7" label="_Payment method_report" length="50" name="ID__" originalProcessID="PHQG10001153" precision="0" processid="NJW552000SG7" submitable="1" type="STR">
    <properties>
      <db>
        <alias>AQJW552000SG7</alias>
        <noxml>1</noxml>
        <fullname>/job/processfields/ID__</fullname>
        <defaultvalue>
        </defaultvalue>
        <RecordLastWrite>2016-04-11 14:51:38</RecordLastWrite>
      </db>
      <extrainfo>
        <Label>_Payment method_report</Label>
        <Alias>AQJW552000SG7</Alias>
        <ProcessFieldVersion vartype="INT">1</ProcessFieldVersion>
      </extrainfo>
      <gdr>
        <VarType>Area</VarType>
      </gdr>
      <ui>
        <_type>String</_type>
        <automatic>true</automatic>
      </ui>
    </properties>
  </field>
  <type id="JLLP13130F1" name="CT">
  </type>
</process>