﻿<?xml version="1.0" encoding="UTF-8" standalone="no"?>
<process accountid="20063076" allowrepairprocess="0" builtin="0" builtinversion="0" carriesapplicationversion="0" creationdatetime="2022-10-25 17:07:45" deleted="0" eskerapplication="" global="0" id="UB1652000SG7" keepcustomization="0" keepfieldsonly="0" keepfieldsproperties="0" keepnewcontroloptions="0" migrationversion="4" name="Goods receipt canceler" needvalidation="0" ootofilter="" ootoversion="2" originalProcessID="PHQG42294B47" ownerid="cn=admin_p2p@paragon-cc.fr,ou=DEV,ou=TrainingP2P,ou=DEMO_JULIEN,ou=05284299,ou=ESK,s=eoo" ownerpb="OnDemand AddressBook" public="1" pushnotification="0" reuseengine="1" sprintversion="5.261.0" transportname="CustomData" upgradable="1" userid="0" version="1" visibility="0">
  <properties>
    <dataConditions>
      <listDataConditions>
				&lt;dataCondition&gt;
					&lt;tableName&gt;P2P - Global Application Settings__&lt;/tableName&gt;
					&lt;filter&gt;msnex=*&lt;/filter&gt;
					&lt;labelKey&gt;_Purchasing disabled&lt;/labelKey&gt;
					&lt;conditions&gt;
						&lt;allowCondition&gt;
							&lt;fieldName&gt;EnablePurchasingGlobalSetting__&lt;/fieldName&gt;
							&lt;fieldValue&gt;1&lt;/fieldValue&gt;
						&lt;/allowCondition&gt;
					&lt;/conditions&gt;
				&lt;/dataCondition&gt;
			</listDataConditions>
    </dataConditions>
    <gdr>
      <FinalizationScriptAllowRetry>
      </FinalizationScriptAllowRetry>
      <FinalizationScript>
      </FinalizationScript>
      <ValidationScriptAllowRetry>
      </ValidationScriptAllowRetry>
      <validationscriptIncludedScripts>Lib_V12.0.461.0</validationscriptIncludedScripts>
      <validationscriptIncludedScripts>Lib_CommonDialog_V12.0.461.0</validationscriptIncludedScripts>
      <validationscriptIncludedScripts>Lib_Parameters_P2P_V12.0.461.0</validationscriptIncludedScripts>
      <validationscriptIncludedScripts>[Lib_Custom_Parameters]</validationscriptIncludedScripts>
      <validationscriptIncludedScripts>[Lib_P2P_Custom_Parameters]</validationscriptIncludedScripts>
      <validationscriptIncludedScripts>Lib_Purchasing_GRCanceler_V12.0.461.0</validationscriptIncludedScripts>
      <validationscriptIncludedScripts>Lib_ERP_SAP_GoodReceipt_V12.0.461.0</validationscriptIncludedScripts>
      <validationscriptIncludedScripts>Lib_ERP_EBS_GoodReceipt_V12.0.461.0</validationscriptIncludedScripts>
      <validationscriptIncludedScripts>Lib_ERP_JDE_GoodReceipt_V12.0.461.0</validationscriptIncludedScripts>
      <validationscriptIncludedScripts>Lib_ERP_NAV_GoodReceipt_V12.0.461.0</validationscriptIncludedScripts>
      <validationscriptIncludedScripts>Lib_ERP_Generic_GoodReceipt_V12.0.461.0</validationscriptIncludedScripts>
      <ValidationScript>///#GLOBALS Lib Sys
////////////////
/// Entry point
////////////////
var currentName = Data.GetActionName();
var currentAction = Data.GetActionType();
Log.Info("-- GR canceler validation Script -- Name: '" + (currentName ? currentName : "&lt;empty&gt;") + "', Action: '" + (currentAction ? currentAction : "&lt;empty&gt;") + "'");
// Configuration (tableParameters) inherited from GR instance
Lib.P2P.InitValidityDateTime("PAC");
Lib.P2P.InitArchiveDuration("PAC", "ProcurementArchiveDurationInMonths");
// First validation
if (currentName === "" &amp;&amp; currentAction === "") {
    if (Data.GetValue("State") == 50) {
        Log.Info("Validation in touchless");
        currentName = "Approve";
        currentAction = "approve";
    }
}
if (currentName === "Approve" &amp;&amp; currentAction === "approve") {
    var ruidEx = Data.GetValue("GRRuidEx__");
    var comment = Data.GetValue("CancelComment__");
    Lib.Purchasing.GRCanceler.Cancel(ruidEx, comment)
        .Then(function () {
        Lib.CommonDialog.NextAlert.Define("_GR cancel success", "_GR cancel success message", {
            isError: false,
            behaviorName: "GRCancelSuccess"
        });
    })
        .Catch(function (reason) {
        // any error
        if (Sys.Helpers.IsString(reason) || reason instanceof Error) {
            Log.Error(reason.toString());
            Lib.CommonDialog.NextAlert.Define("_GR cancel error", "_GR cancel error message", {
                isError: true,
                behaviorName: "GRCancelFailure"
            }, reason.toString());
        }
        // noError reject
        else if (reason instanceof Lib.Purchasing.GRCanceler.NoLongerCancelable) {
            Log.Info(reason.toString());
            Lib.CommonDialog.NextAlert.Define("_GR cancel aborted", "_GR cancel aborted message", {
                isError: false,
                behaviorName: "GRCancelAborted"
            }, reason.toString());
        }
    });
}
</ValidationScript>
      <AllowTagCoverPages>true</AllowTagCoverPages>
      <AllowTagNewDocuments>true</AllowTagNewDocuments>
      <AllowTagAttachments>true</AllowTagAttachments>
      <ExtractionScriptAllowRetry>
      </ExtractionScriptAllowRetry>
      <ExtractionScript>
      </ExtractionScript>
      <ExtractionScriptRunOnOCRFailed>
      </ExtractionScriptRunOnOCRFailed>
      <AllowRemovePages>true</AllowRemovePages>
      <AllowSwapPages>true</AllowSwapPages>
      <PostProcessingScriptAllowRetry>
      </PostProcessingScriptAllowRetry>
      <PostProcessingScript>
      </PostProcessingScript>
    </gdr>
    <lg>
      <process_de>{
	"_CancelComment": "Kommentar",
	"_CancelComment report": "Kommentar",
	"_Cancellation ID in ERP": "Kennung der Stornierung im ERP-System",
	"_GRRuidEx": "Nr. des Wareneingangs- und Serviceerbringungsbelegs",
	"_GRRuidEx report": "Nr. des Wareneingangs- und Serviceerbringungsbelegs",
	"_On behalf of": "{0} im Auftrag von {1}"
}</process_de>
      <process_ja>{
	"_CancelComment": "コメント",
	"_CancelComment report": "コメント",
	"_Cancellation ID in ERP": "ERPのキャンセルID",
	"_GRRuidEx": "品物とサービスの受領書番号",
	"_GRRuidEx report": "品物とサービスの受領書番号",
	"_On behalf of": "{1} の代理の {0}"
}</process_ja>
      <process_en>{
	"_CancelComment": "Comment",
	"_CancelComment report": "Comment",
	"_Cancellation ID in ERP": "Cancellation ID in ERP",
	"_GRRuidEx": "Goods and services receipt number",
	"_GRRuidEx report": "Goods and services receipt number",
	"_On behalf of": "{0} on behalf of {1}"
}</process_en>
      <process_es>{
	"_CancelComment": "Comentario",
	"_CancelComment report": "Comentario",
	"_Cancellation ID in ERP": "ID de anulación en el sistema ERP",
	"_GRRuidEx": "Número de la entrada de bienes y servicios",
	"_GRRuidEx report": "Número de la entrada de bienes y servicios",
	"_On behalf of": "{0} en nombre de {1}"
}</process_es>
      <process_fr>{
	"_CancelComment": "Commentaire",
	"_CancelComment report": "Commentaire",
	"_Cancellation ID in ERP": "Identifiant d'annulation dans l'ERP",
	"_GRRuidEx": "Numéro de l'entrée de biens et services",
	"_GRRuidEx report": "Numéro de l'entrée de biens et services",
	"_On behalf of": "{0} pour le compte de {1}"
}</process_fr>
      <process_nl-NL>{
	"_CancelComment": "Opmerking",
	"_CancelComment report": "Opmerking",
	"_Cancellation ID in ERP": "Annulering-ID in ERP",
	"_GRRuidEx": "Nummer ontvangstbewijs goederen en services",
	"_GRRuidEx report": "Nummer ontvangstbewijs goederen en services",
	"_On behalf of": "{0} in naam van {1}"
}</process_nl-NL>
      <process_it>{
	"_CancelComment": "Commento",
	"_CancelComment report": "Commento",
	"_Cancellation ID in ERP": "ID annullamento nel sistema ERP",
	"_GRRuidEx": "Numero entrata merci e servizi",
	"_GRRuidEx report": "Numero entrata merci e servizi",
	"_On behalf of": "{0} per conto di {1}"
}</process_it>
      <process_zh-CN>{
	"_CancelComment": "说明",
	"_CancelComment report": "说明",
	"_Cancellation ID in ERP": "ERP中的删除文档ID",
	"_GRRuidEx": "货物与服务接收单编号",
	"_GRRuidEx report": "货物与服务接收单编号",
	"_On behalf of": "{0} 代表 {1}"
}</process_zh-CN>
      <process_pt-BR>{
	"_CancelComment": "Comentário",
	"_CancelComment report": "Comentário",
	"_Cancellation ID in ERP": "ID de cancelamento no ERP",
	"_GRRuidEx": "Recebimento de bens e serviços número",
	"_GRRuidEx report": "Recebimento de bens e serviços número",
	"_On behalf of": "{0} em nome de {1}"
}</process_pt-BR>
    </lg>
    <ocr>
      <trade-off>accurate</trade-off>
      <image-binarization>no</image-binarization>
      <image-draft-fax>no</image-draft-fax>
      <image-despeckle>no</image-despeckle>
      <allowed-language>0</allowed-language>
      <image-resolution-enhancement>auto</image-resolution-enhancement>
      <pdf-processing>no-ocr</pdf-processing>
      <ocr_engine>Nuance190</ocr_engine>
      <ocrpagestoprocess>0</ocrpagestoprocess>
      <extractionAdditionalOptions>
      </extractionAdditionalOptions>
    </ocr>
    <process>
      <flowtype>processing</flowtype>
      <ocrpreset>scan</ocrpreset>
      <EnablePrecomputedPngPreviewForAttachments>0</EnablePrecomputedPngPreviewForAttachments>
      <homepagelabel>Goods receipt canceler</homepagelabel>
      <enableflexibleauditing>
      </enableflexibleauditing>
      <enableflexibleediting>
      </enableflexibleediting>
      <enableflexibleteaching>
      </enableflexibleteaching>
      <disableocr>
      </disableocr>
      <instanciable>1</instanciable>
      <disableautolearning>true</disableautolearning>
      <backgroundprocessingthreshold>
      </backgroundprocessingthreshold>
      <EnablePreviewPrecomputation>
      </EnablePreviewPrecomputation>
      <enablerounddecimal>true</enablerounddecimal>
      <pdfNormalizeFilter>
      </pdfNormalizeFilter>
      <archiveDuration>0</archiveDuration>
      <ocrpagestoprocess>0</ocrpagestoprocess>
      <ScriptEngineType>2</ScriptEngineType>
      <UseActionNameWithScriptApproval>true</UseActionNameWithScriptApproval>
      <displayWidth>
      </displayWidth>
      <AllowUploadAttachment>1</AllowUploadAttachment>
      <AllowUploadReferenceDocument>1</AllowUploadReferenceDocument>
      <UseCultureFormat>true</UseCultureFormat>
      <AllowRetryExtractCD>true</AllowRetryExtractCD>
      <TransportName>CustomData</TransportName>
      <LayoutVersion>1.0</LayoutVersion>
      <printToProcess>
      </printToProcess>
    </process>
    <ui>
      <CustomScriptDebug>false</CustomScriptDebug>
      <CustomScriptReadonly>false</CustomScriptReadonly>
      <CustomScript>
      </CustomScript>
      <layout>{
	"*": {
		"GDRData": {
			"type": "GDRData",
			"options": {
				"version": 0
			},
			"stamp": 1,
			"data": []
		},
		"OCRParams": {
			"type": "OCRParams",
			"options": {
				"version": 0
			},
			"stamp": 2,
			"data": []
		},
		"Screen": {
			"type": "FlexibleFormLayout",
			"options": {
				"splitterType": "complex",
				"version": 0,
				"maxwidth": ""
			},
			"*": {
				"form-header": {
					"type": "FlexibleFormHeader",
					"options": {
						"version": 0,
						"maxwidth": ""
					},
					"stamp": 4,
					"data": []
				},
				"form-center": {
					"type": "FlexibleFormCenter",
					"options": {
						"version": 0,
						"maxwidth": ""
					},
					"*": {
						"form-content": {
							"type": "FlexibleFormContent",
							"options": {
								"version": 0
							},
							"*": {
								"form-content-top": {
									"type": "FlexibleFormSplitter",
									"options": {
										"autosize": true,
										"version": 1,
										"box": {
											"top": "0%",
											"left": "0%",
											"height": "25%"
										},
										"hidden": true
									},
									"*": {
										"form-content-top-1": {
											"type": "FlexibleFormLine",
											"options": {
												"version": 0
											},
											"*": {
												"DocumentsPanel": {
													"type": "PanelDocument",
													"options": {
														"version": 0,
														"border": {},
														"labelLength": 0,
														"iconURL": "",
														"TitleFontSize": "S",
														"hideActionButtons": false,
														"hideTitleBar": false,
														"hideTitle": false,
														"label": "_Documents"
													},
													"*": {
														"Document": {
															"data": [
																"documentscontroldata"
															],
															"type": "Documents",
															"options": {
																"version": 0
															},
															"stamp": 10
														}
													},
													"stamp": 9,
													"data": []
												}
											},
											"stamp": 8,
											"data": []
										}
									},
									"stamp": 7,
									"data": []
								},
								"form-content-bottom": {
									"type": "FlexibleFormSplitter",
									"options": {
										"version": 1,
										"box": {
											"top": 0,
											"left": 0,
											"width": 100,
											"height": 100
										},
										"hidden": false,
										"hideSeparator": true
									},
									"*": {
										"form-content-left": {
											"type": "FlexibleFormSplitter",
											"options": {
												"version": 1,
												"box": {
													"top": "0%",
													"left": "0%",
													"width": "100%",
													"height": null
												},
												"hidden": false
											},
											"*": {
												"form-content-left-1": {
													"type": "FlexibleFormLine",
													"options": {
														"version": 0
													},
													"*": {
														"DataPanel": {
															"type": "PanelData",
															"options": {
																"border": {},
																"version": 0,
																"labelLength": 0,
																"iconURL": "",
																"TitleFontSize": "S",
																"hideActionButtons": false,
																"hideTitleBar": false,
																"hideTitle": false,
																"backgroundcolor": "default",
																"labelsAlignment": "right",
																"label": "_Document data",
																"hidden": false
															},
															"*": {
																"FieldsManager": {
																	"type": "FieldsManager",
																	"options": {
																		"controlsAssociation": {
																			"GRRuidEx__": "LabelGRRuidEx__",
																			"LabelGRRuidEx__": "GRRuidEx__",
																			"CancelComment__": "LabelCancelComment__",
																			"LabelCancelComment__": "CancelComment__",
																			"Cancellation_ID_in_ERP__": "LabelCancellation_ID_in_ERP__",
																			"LabelCancellation_ID_in_ERP__": "Cancellation_ID_in_ERP__"
																		},
																		"version": 0
																	},
																	"*": {
																		"Grid": {
																			"type": "GridLayout",
																			"options": {
																				"lines": 3,
																				"columns": 2,
																				"version": 0,
																				"ctrlsPos": {
																					"GRRuidEx__": {
																						"line": 1,
																						"column": 2
																					},
																					"LabelGRRuidEx__": {
																						"line": 1,
																						"column": 1
																					},
																					"CancelComment__": {
																						"line": 2,
																						"column": 2
																					},
																					"LabelCancelComment__": {
																						"line": 2,
																						"column": 1
																					},
																					"Cancellation_ID_in_ERP__": {
																						"line": 3,
																						"column": 2
																					},
																					"LabelCancellation_ID_in_ERP__": {
																						"line": 3,
																						"column": 1
																					}
																				},
																				"colspans": [
																					[],
																					[],
																					[]
																				]
																			},
																			"data": [
																				"fields"
																			],
																			"*": {
																				"LabelGRRuidEx__": {
																					"type": "Label",
																					"data": [
																						"GRRuidEx__"
																					],
																					"options": {
																						"label": "_GRRuidEx",
																						"version": 0
																					},
																					"stamp": 31
																				},
																				"GRRuidEx__": {
																					"type": "ShortText",
																					"data": [
																						"GRRuidEx__"
																					],
																					"options": {
																						"textSize": "S",
																						"textAlignment": "left",
																						"textStyle": "default",
																						"textColor": "default",
																						"label": "_GRRuidEx",
																						"activable": true,
																						"width": "300",
																						"version": 0,
																						"helpText": "",
																						"helpURL": "",
																						"helpFormat": "HTML Format",
																						"browsable": false,
																						"autocompletable": false
																					},
																					"stamp": 32
																				},
																				"LabelCancelComment__": {
																					"type": "Label",
																					"data": [
																						"CancelComment__"
																					],
																					"options": {
																						"label": "_CancelComment",
																						"version": 0
																					},
																					"stamp": 33
																				},
																				"CancelComment__": {
																					"type": "LongText",
																					"data": [
																						"CancelComment__"
																					],
																					"options": {
																						"textSize": "S",
																						"textAlignment": "left",
																						"textStyle": "default",
																						"textColor": "default",
																						"label": "_CancelComment",
																						"activable": true,
																						"width": "500",
																						"helpText": "",
																						"helpURL": "",
																						"helpFormat": "HTML Format",
																						"browsable": false,
																						"version": 0
																					},
																					"stamp": 34
																				},
																				"LabelCancellation_ID_in_ERP__": {
																					"type": "Label",
																					"data": [
																						"Cancellation_ID_in_ERP__"
																					],
																					"options": {
																						"label": "_Cancellation ID in ERP"
																					},
																					"stamp": 35
																				},
																				"Cancellation_ID_in_ERP__": {
																					"type": "ShortText",
																					"data": [
																						"Cancellation_ID_in_ERP__"
																					],
																					"options": {
																						"textSize": "S",
																						"textAlignment": "left",
																						"textStyle": "default",
																						"textColor": "default",
																						"label": "_Cancellation ID in ERP",
																						"activable": true,
																						"width": 230,
																						"helpText": "",
																						"helpURL": "",
																						"helpFormat": "HTML Format",
																						"browsable": false,
																						"readonly": true
																					},
																					"stamp": 36
																				}
																			},
																			"stamp": 16
																		}
																	},
																	"stamp": 15,
																	"data": []
																}
															},
															"stamp": 14,
															"data": []
														}
													},
													"stamp": 13,
													"data": []
												},
												"form-content-left-2": {
													"type": "FlexibleFormLine",
													"options": {
														"version": 0
													},
													"*": {
														"SystemData": {
															"type": "PanelSystemData",
															"options": {
																"multicolumn": false,
																"version": 0,
																"border": {},
																"labelLength": 0,
																"iconURL": "",
																"TitleFontSize": "S",
																"hideActionButtons": false,
																"hideTitleBar": false,
																"hideTitle": false,
																"label": "_System data",
																"hidden": true
															},
															"stamp": 18,
															"data": []
														}
													},
													"stamp": 17,
													"data": []
												},
												"form-content-left-3": {
													"type": "FlexibleFormLine",
													"options": {
														"version": 0
													},
													"*": {
														"NextProcess": {
															"type": "PanelNextProcess",
															"options": {
																"hidden": true,
																"version": 0,
																"border": {},
																"labelLength": 0,
																"iconURL": "",
																"TitleFontSize": "S",
																"hideActionButtons": false,
																"hideTitleBar": false,
																"hideTitle": false,
																"label": "_Next Process"
															},
															"stamp": 20,
															"data": []
														}
													},
													"stamp": 19,
													"data": []
												}
											},
											"stamp": 12,
											"data": []
										},
										"form-content-right": {
											"type": "FlexibleFormSplitter",
											"options": {
												"version": 1,
												"box": {
													"top": 0,
													"left": 45,
													"width": 55,
													"height": 100
												},
												"hidden": true,
												"hideSeparator": true
											},
											"*": {
												"form-content-right-1": {
													"type": "FlexibleFormLine",
													"options": {
														"version": 0
													},
													"*": {
														"PreviewPanel": {
															"type": "PanelPreview",
															"options": {
																"border": {},
																"version": 0,
																"labelLength": 0,
																"iconURL": "",
																"TitleFontSize": "S",
																"hideActionButtons": false,
																"hideTitleBar": false,
																"hideTitle": false,
																"label": "_Document Preview"
															},
															"*": {
																"Preview": {
																	"data": [
																		"previewdata"
																	],
																	"type": "Preview",
																	"options": {
																		"version": 0
																	},
																	"stamp": 24
																}
															},
															"stamp": 23,
															"data": []
														}
													},
													"stamp": 22,
													"data": []
												}
											},
											"stamp": 21,
											"data": []
										}
									},
									"stamp": 11,
									"data": []
								}
							},
							"stamp": 6,
							"data": []
						}
					},
					"stamp": 5,
					"data": []
				},
				"form-footer": {
					"type": "FlexibleFormFooter",
					"options": {
						"splitterType": "simple-h",
						"version": 0,
						"maxwidth": ""
					},
					"*": {
						"Approve": {
							"type": "SubmitButton",
							"options": {
								"label": "_Approve",
								"action": "approve",
								"submit": true,
								"version": 0
							},
							"stamp": 27,
							"data": []
						},
						"Reject": {
							"type": "SubmitButton",
							"options": {
								"label": "_Reject",
								"action": "reject",
								"submit": true,
								"version": 0
							},
							"stamp": 28,
							"data": []
						},
						"Close": {
							"type": "SubmitButton",
							"options": {
								"label": "_Close",
								"action": "cancel",
								"submit": true,
								"version": 0
							},
							"stamp": 30,
							"data": []
						}
					},
					"stamp": 25,
					"data": []
				}
			},
			"stamp": 3,
			"data": []
		}
	},
	"stamps": 36,
	"data": []
}</layout>
    </ui>
  </properties>
  <field deleted="0" format="" guid="PHQG422950B4" id="VB1652000SG7" label="_CancelComment report" length="32766" name="CancelComment__" originalProcessID="PHQG42294B47" precision="0" processid="UB1652000SG7" submitable="1" type="STR">
    <properties>
      <db>
        <alias>AVB1652000SG7</alias>
        <noxml>1</noxml>
        <fullname>/job/processfields/CancelComment__</fullname>
        <defaultvalue>
        </defaultvalue>
        <RecordLastWrite>2022-10-25 17:07:44</RecordLastWrite>
      </db>
      <extrainfo>
        <Label>_CancelComment report</Label>
        <Alias>AVB1652000SG7</Alias>
        <ProcessFieldVersion vartype="INT">1</ProcessFieldVersion>
      </extrainfo>
      <gdr>
        <DisableAutolearn>1</DisableAutolearn>
      </gdr>
      <help>
        <helpData>{"helpText":"","helpURL":"","helpFormat":"HTML Format"}</helpData>
      </help>
      <ui>
        <_type>String</_type>
        <automatic>true</automatic>
      </ui>
    </properties>
  </field>
  <field deleted="0" format="" guid="PQO1FP000FSX" id="WB1652000SG7" label="_Cancellation ID in ERP" length="50" name="Cancellation_ID_in_ERP__" originalProcessID="PHQG42294B47" precision="0" processid="UB1652000SG7" submitable="1" type="STR">
    <properties>
      <db>
        <alias>AWB1652000SG7</alias>
        <noxml>1</noxml>
        <fullname>/job/processfields/Cancellation_ID_in_ERP__</fullname>
        <defaultvalue>
        </defaultvalue>
        <RecordLastWrite>2022-10-25 17:07:44</RecordLastWrite>
      </db>
      <extrainfo>
        <Label>_Cancellation ID in ERP</Label>
        <Alias>AWB1652000SG7</Alias>
        <ProcessFieldVersion vartype="INT">1</ProcessFieldVersion>
      </extrainfo>
      <gdr>
        <VarType>Area</VarType>
        <DisableAutolearn>1</DisableAutolearn>
      </gdr>
      <help>
        <helpData>{"helpText":"","helpURL":"","helpFormat":"HTML Format"}</helpData>
      </help>
      <ui>
        <_type>String</_type>
        <automatic>true</automatic>
      </ui>
    </properties>
  </field>
  <field deleted="0" format="" guid="KKIK42294B48" id="XB1652000SG7" label="_GRRuidEx report" length="50" name="GRRuidEx__" originalProcessID="PHQG42294B47" precision="0" processid="UB1652000SG7" submitable="1" type="STR">
    <properties>
      <db>
        <alias>AXB1652000SG7</alias>
        <noxml>1</noxml>
        <fullname>/job/processfields/GRRuidEx__</fullname>
        <defaultvalue>
        </defaultvalue>
        <RecordLastWrite>2022-10-25 17:07:44</RecordLastWrite>
      </db>
      <extrainfo>
        <Label>_GRRuidEx report</Label>
        <Alias>AXB1652000SG7</Alias>
        <ProcessFieldVersion vartype="INT">1</ProcessFieldVersion>
      </extrainfo>
      <gdr>
        <VarType>Area</VarType>
        <DisableAutolearn>1</DisableAutolearn>
      </gdr>
      <help>
        <helpData>{"helpText":"","helpURL":"","helpFormat":"HTML Format"}</helpData>
      </help>
      <ui>
        <_type>String</_type>
        <automatic>true</automatic>
      </ui>
    </properties>
  </field>
  <type id="RJRH13130EF" name="CD">
  </type>
</process>