﻿<?xml version="1.0" encoding="UTF-8" standalone="no"?>
<process accountid="20063076" allowrepairprocess="0" builtin="0" builtinversion="0" carriesapplicationversion="0" creationdatetime="2022-10-25 17:04:07" deleted="0" eskerapplication="" global="0" id="ECW552000SG7" keepcustomization="0" keepfieldsonly="0" keepfieldsproperties="0" keepnewcontroloptions="0" migrationversion="4" name="PurchasingCompanycodes__" needvalidation="1" ootofilter="" ootoversion="0" originalProcessID="FPYU134561" ownerid="cn=admin_p2p@paragon-cc.fr,ou=DEV,ou=TrainingP2P,ou=DEMO_JULIEN,ou=05284299,ou=ESK,s=eoo" ownerpb="OnDemand AddressBook" public="1" pushnotification="0" reuseengine="0" sprintversion="5.261.0" transportname="CustomTable" upgradable="1" userid="0" version="1" visibility="0">
  <properties>
    <dbIndex>
      <AUTO_AGCW552000SG7A>&lt;Index Option="Unique"&gt;&lt;Ref Name="AGCW552000SG7" Option="ASC"/&gt;&lt;/Index&gt;</AUTO_AGCW552000SG7A>
      <AUTO_AHCW552000SG7A>&lt;Index&gt;&lt;Ref Name="AHCW552000SG7" Option="ASC"/&gt;&lt;/Index&gt;</AUTO_AHCW552000SG7A>
    </dbIndex>
    <gdr>
    </gdr>
    <lg>
      <process_de>{
	"_CompanyAddress": "Firmenandresse",
	"_CompanyAddressFormated": "Adressvorschau",
	"_CompanyInfo": "Firmeninformationen",
	"_DefaultConfiguration": "Standard-Konfiguration",
	"_DefaultConfiguration_report": "Standard-Konfiguration",
	"_DefaultExpenseReportType": "Standard-Ausgabenberichtstyp",
	"_DefaultExpenseReportType_report": "Standard-Ausgabenberichtstyp",
	"_DeliveryAddressID": "ID der Standardlieferadresse",
	"_DeliveryAddressID_report": "ID der Standardlieferadresse",
	"_DeterminationKeyword": "Schlüsselwörter für automatische Buchungskreisermittlung",
	"_DeterminationKeyword_report": "Schlüsselwörter für automatische Buchungskreisermittlung",
	"_Document data": "Dokumentdaten",
	"_ERP": "ERP",
	"_errorExistingCompanyCode": "Dieser Buchungskreis ist bereits in der Tabelle enthalten.",
	"_PurchasingGroup": "Einkäufergruppe",
	"_PurchasingGroup_report": "Einkäufergruppe",
	"_PurchasingOrganization": "Einkaufsorganisation",
	"_PurchasingOrganization_report": "Einkaufsorganisation",
	"_Sub": "Gebäude, Industriegebiet, Dienst...",
	"_Sub report": "Gebäude, Industriegebiet, Dienst...",
	"_WorkingDays": "Werktage",
	"_WorkingDays_report": "Werktage",
	"City": "Ort",
	"Company code": "Buchungskreis",
	"Company name": "Firmenname",
	"Contact email": "E-Mail-Adresse",
	"Country": "Ländercode",
	"Currency": "Währung",
	"Fax number": "Faxnummer",
	"P2P - Company codes": "Buchungskreis",
	"P2P - Company codes__": "Buchungskreis",
	"Phone number": "Telefonnummer",
	"Postal code": "PLZ",
	"PostOfficeBox": "Ort oder Postfach",
	"PurchasingCompanycodes": "P2P - Buchungskreise",
	"Region": "Bundesland/Region",
	"SIRET": "Steuernummer",
	"Street": "Straße",
	"VAT number": "Umsatzsteuernummer",
	"_EBS": "Oracle E-Business Suite",
	"_Generic": "Generisch",
	"_JDE": "JD Edwards EnterpriseOne",
	"_NAV": "Microsoft Dynamics NAV",
	"_SAP": "SAP",
	"_SAPS4CLOUD": "SAP S/4HANA Cloud"
}</process_de>
      <process_ja>{
	"_CompanyAddress": "会社住所",
	"_CompanyAddressFormated": "住所プレビュー",
	"_CompanyInfo": "会社情報",
	"_DefaultConfiguration": "既定の設定",
	"_DefaultConfiguration_report": "既定の設定",
	"_DefaultExpenseReportType": "既定の費用レポート種別",
	"_DefaultExpenseReportType_report": "既定の費用レポート種別",
	"_DeliveryAddressID": "既定の納品先住所ID",
	"_DeliveryAddressID_report": "既定の納品先住所ID",
	"_DeterminationKeyword": "自動決定用キーワード",
	"_DeterminationKeyword_report": "自動決定用キーワード",
	"_Document data": "文書データ",
	"_ERP": "ERP",
	"_errorExistingCompanyCode": "この会社カードはテーブルに存在します",
	"_PurchasingGroup": "購買グループ",
	"_PurchasingGroup_report": "購買グループ",
	"_PurchasingOrganization": "購買組織",
	"_PurchasingOrganization_report": "購買組織",
	"_Sub": "建物、IA、サービス...",
	"_Sub report": "建物、IA、サービス...",
	"_WorkingDays": "営業日",
	"_WorkingDays_report": "営業日",
	"City": "市区町村",
	"Company code": "会社コード",
	"Company name": "会社名",
	"Contact email": "電子メール",
	"Country": "国コード",
	"Currency": "通貨",
	"Fax number": "Fax番号",
	"P2P - Company codes": "会社コード",
	"P2P - Company codes__": "会社コード",
	"Phone number": "電話番号",
	"Postal code": "郵便番号",
	"PostOfficeBox": "私書箱",
	"PurchasingCompanycodes": "P2P - 会社コード",
	"Region": "都道府県/地域",
	"SIRET": "納税者識別番号",
	"Street": "番地",
	"VAT number": "付加価値税登録番号",
	"_EBS": "Oracle E-Business Suite",
	"_Generic": "汎用",
	"_JDE": "JD Edwards EnterpriseOne",
	"_NAV": "Microsoft Dynamics NAV",
	"_SAP": "SAP",
	"_SAPS4CLOUD": "SAP S/4HANAクラウド"
}</process_ja>
      <process_en>{
	"_CompanyAddress": "Company Address",
	"_CompanyAddressFormated": "Address preview",
	"_CompanyInfo": "Company Information",
	"_DefaultConfiguration": "Default configuration",
	"_DefaultConfiguration_report": "Default configuration",
	"_DefaultExpenseReportType": "Default expense report type",
	"_DefaultExpenseReportType_report": "Default expense report type",
	"_DeliveryAddressID": "ID of default delivery address",
	"_DeliveryAddressID_report": "ID of default delivery address",
	"_DeterminationKeyword": "Keywords used for automatic determination",
	"_DeterminationKeyword_report": "Keywords used for automatic determination",
	"_Document data": "Document data",
	"_ERP": "ERP",
	"_errorExistingCompanyCode": "This company code already exists in the table",
	"_PurchasingGroup": "Purchasing group",
	"_PurchasingGroup_report": "Purchasing group",
	"_PurchasingOrganization": "Purchasing organization",
	"_PurchasingOrganization_report": "Purchasing organization",
	"_Sub": "Building, IA, Service...",
	"_Sub report": "Building, IA, Service...",
	"_WorkingDays": "Working days",
	"_WorkingDays_report": "Working days",
	"City": "City",
	"Company code": "Company code",
	"Company name": "Company name",
	"Contact email": "Email",
	"Country": "Country code",
	"Currency": "Currency",
	"Fax number": "Fax number",
	"P2P - Company codes": "Company code",
	"P2P - Company codes__": "Company code",
	"Phone number": "Phone number",
	"Postal code": "Postal code",
	"PostOfficeBox": "Locality or P.O. Box",
	"PurchasingCompanycodes": "P2P - Company codes",
	"Region": "State/Region",
	"SIRET": "Tax identification number",
	"Street": "Street",
	"VAT number": "VAT number",
	"_EBS": "Oracle E-Business Suite",
	"_Generic": "Generic",
	"_JDE": "JD Edwards EnterpriseOne",
	"_NAV": "Microsoft Dynamics NAV",
	"_SAP": "SAP",
	"_SAPS4CLOUD": "SAP S/4HANA Cloud"
}</process_en>
      <process_es>{
	"_CompanyAddress": "Dirección de la empresa",
	"_CompanyAddressFormated": "Vista previa de la dirección",
	"_CompanyInfo": "Información de la empresa",
	"_DefaultConfiguration": "Configuración predeterminada",
	"_DefaultConfiguration_report": "Configuración predeterminada",
	"_DefaultExpenseReportType": "Tipo de informe de gastos predeterminado",
	"_DefaultExpenseReportType_report": "Tipo de informe de gastos predeterminado",
	"_DeliveryAddressID": "ID de dirección de entrega predeterminada",
	"_DeliveryAddressID_report": "ID de dirección de entrega predeterminada",
	"_DeterminationKeyword": "Palabras clave usadas para la determinación automática",
	"_DeterminationKeyword_report": "Palabras clave usadas para la determinación automática",
	"_Document data": "Datos del documento",
	"_ERP": "ERP",
	"_errorExistingCompanyCode": "Este código de empresa ya existe en la tabla",
	"_PurchasingGroup": "Grupo de compras",
	"_PurchasingGroup_report": "Grupo de compras",
	"_PurchasingOrganization": "Organización de compras",
	"_PurchasingOrganization_report": "Organización de compras",
	"_Sub": "Edificio, P.I., Servicio...",
	"_Sub report": "Edificio, P.I., Servicio...",
	"_WorkingDays": "Días laborables",
	"_WorkingDays_report": "Días laborables",
	"City": "Ciudad",
	"Company code": "Código de empresa",
	"Company name": "Nombre de la empresa",
	"Contact email": "Dirección de e-mail",
	"Country": "Código de país",
	"Currency": "Divisa",
	"Fax number": "Número de fax",
	"P2P - Company codes": "Código de empresa",
	"P2P - Company codes__": "Código de empresa",
	"Phone number": "Número de teléfono",
	"Postal code": "Código postal",
	"PostOfficeBox": "Localidad o apartado postal",
	"PurchasingCompanycodes": "P2P - Códigos de empresa",
	"Region": "Estado/Provincia",
	"SIRET": "N° ident. fiscal",
	"Street": "Calle",
	"VAT number": "Nº de IVA",
	"_EBS": "Oracle E-Business Suite",
	"_Generic": "Genérica",
	"_JDE": "JD Edwards EnterpriseOne",
	"_NAV": "Microsoft Dynamics NAV",
	"_SAP": "SAP",
	"_SAPS4CLOUD": "SAP S/4HANA Cloud"
}</process_es>
      <process_fr>{
	"_CompanyAddress": "Adresse de la société",
	"_CompanyAddressFormated": "Aperçu de l'adresse",
	"_CompanyInfo": "Informations sur la société",
	"_DefaultConfiguration": "Configuration par défaut",
	"_DefaultConfiguration_report": "Configuration par défaut",
	"_DefaultExpenseReportType": "Type de note de frais par défaut",
	"_DefaultExpenseReportType_report": "Type de note de frais par défaut",
	"_DeliveryAddressID": "Identifiant de l'adresse de livraison par défaut",
	"_DeliveryAddressID_report": "Identifiant de l'adresse de livraison par défaut",
	"_DeterminationKeyword": "Mots-clés utilisés pour la détermination automatique",
	"_DeterminationKeyword_report": "Mots-clés utilisés pour la détermination automatique",
	"_Document data": "Données du document",
	"_ERP": "ERP",
	"_errorExistingCompanyCode": "Ce code société existe déjà dans la table",
	"_PurchasingGroup": "Groupe d'acheteurs",
	"_PurchasingGroup_report": "Groupe d'acheteurs",
	"_PurchasingOrganization": "Organisation d'achats",
	"_PurchasingOrganization_report": "Organisation d'achats",
	"_Sub": "Bâtiment, ZI, Service...",
	"_Sub report": "Bâtiment, ZI, Service...",
	"_WorkingDays": "Jours ouvrés",
	"_WorkingDays_report": "Jours ouvrés",
	"City": "Ville",
	"Company code": "Code société",
	"Company name": "Nom de la société",
	"Contact email": "Adresse e-mail",
	"Country": "Code pays",
	"Currency": "Devise",
	"Fax number": "Numéro de fax",
	"P2P - Company codes": "Code société",
	"P2P - Company codes__": "Code société",
	"Phone number": "Numéro de téléphone",
	"Postal code": "Code postal",
	"PostOfficeBox": "Lieu-dit ou boîte postale",
	"PurchasingCompanycodes": "P2P - Codes société",
	"Region": "État/Région",
	"SIRET": "SIRET",
	"Street": "Rue",
	"VAT number": "Numéro de TVA",
	"_EBS": "Oracle E-Business Suite",
	"_Generic": "Générique",
	"_JDE": "JD Edwards EnterpriseOne",
	"_NAV": "Microsoft Dynamics NAV",
	"_SAP": "SAP",
	"_SAPS4CLOUD": "SAP S/4HANA Cloud"
}</process_fr>
      <process_nl-NL>{
	"_CompanyAddress": "Adres bedrijf",
	"_CompanyAddressFormated": "Voorbeeldweergave adres",
	"_CompanyInfo": "Informatie bedrijf",
	"_DefaultConfiguration": "Standaardconfiguratie",
	"_DefaultConfiguration_report": "Standaardconfiguratie",
	"_DefaultExpenseReportType": "Standaardtype uitgavenstaat",
	"_DefaultExpenseReportType_report": "Standaardtype uitgavenstaat",
	"_DeliveryAddressID": "ID van standaard leveringsadres",
	"_DeliveryAddressID_report": "ID van standaard leveringsadres",
	"_DeterminationKeyword": "Trefwoorden gebruikt voor automatische bepaling",
	"_DeterminationKeyword_report": "Trefwoorden gebruikt voor automatische bepaling",
	"_Document data": "Documentgegevens",
	"_ERP": "ERP",
	"_errorExistingCompanyCode": "Deze bedrijfscode bestaat al in de tabel",
	"_PurchasingGroup": "Inkoopgroep",
	"_PurchasingGroup_report": "Inkoopgroep",
	"_PurchasingOrganization": "Inkooporganisatie",
	"_PurchasingOrganization_report": "Inkooporganisatie",
	"_Sub": "Gebouw, IZ, service",
	"_Sub report": "Gebouw, IZ, service",
	"_WorkingDays": "Werkdagen",
	"_WorkingDays_report": "Werkdagen",
	"City": "Stad",
	"Company code": "Bedrijfscode",
	"Company name": "Bedrijfsnaam",
	"Contact email": "E-mail",
	"Country": "Landcode",
	"Currency": "Valuta",
	"Fax number": "Faxnummer",
	"P2P - Company codes": "Bedrijfscode",
	"P2P - Company codes__": "Bedrijfscode",
	"Phone number": "Telefoonnummer",
	"Postal code": "Postcode",
	"PostOfficeBox": "Locatie of postbus",
	"PurchasingCompanycodes": "P2P - Bedrijfscodes",
	"Region": "Staat/Regio",
	"SIRET": "Belastingnummer",
	"Street": "Straat",
	"VAT number": "Btw-nummer",
	"_EBS": "Oracle E-Business Suite",
	"_Generic": "Algemeen",
	"_JDE": "JD Edwards EnterpriseOne",
	"_NAV": "Microsoft Dynamics NAV",
	"_SAP": "SAP",
	"_SAPS4CLOUD": "SAP S/4HANA Cloud"
}</process_nl-NL>
      <process_it>{
	"_CompanyAddress": "Indirizzo società",
	"_CompanyAddressFormated": "Anteprima indirizzo",
	"_CompanyInfo": "Informazioni società",
	"_DefaultConfiguration": "Configurazione predefinita",
	"_DefaultConfiguration_report": "Configurazione predefinita",
	"_DefaultExpenseReportType": "Tipo di nota spese predefinito",
	"_DefaultExpenseReportType_report": "Tipo di nota spese predefinito",
	"_DeliveryAddressID": "ID indirizzo di spedizione predefinito",
	"_DeliveryAddressID_report": "ID indirizzo di spedizione predefinito",
	"_DeterminationKeyword": "Parole chiave per la determinazione automatica del codice società",
	"_DeterminationKeyword_report": "Parole chiave per la determinazione automatica del codice società",
	"_Document data": "Dati documento",
	"_ERP": "ERP",
	"_errorExistingCompanyCode": "Questo codice società esiste già nella tabella",
	"_PurchasingGroup": "Gruppo acquisti",
	"_PurchasingGroup_report": "Gruppo acquisti",
	"_PurchasingOrganization": "Organizzazione acquisti",
	"_PurchasingOrganization_report": "Organizzazione acquisti",
	"_Sub": "Edificio, ZI, Servizio...",
	"_Sub report": "Edificio, ZI, Servizio...",
	"_WorkingDays": "Giorni lavorativi",
	"_WorkingDays_report": "Giorni lavorativi",
	"City": "Città",
	"Company code": "Codice società",
	"Company name": "Nome società",
	"Contact email": "Indirizzo e-mail",
	"Country": "Codice paese",
	"Currency": "Valuta",
	"Fax number": "Numero fax",
	"P2P - Company codes": "Codice società",
	"P2P - Company codes__": "Codice società",
	"Phone number": "Numero di telefono",
	"Postal code": "CAP",
	"PostOfficeBox": "Località o casella postale",
	"PurchasingCompanycodes": "P2P - Codici società",
	"Region": "Stato/Regione",
	"SIRET": "Codice di identificazione fiscale",
	"Street": "Via",
	"VAT number": "Partita IVA",
	"_EBS": "Oracle E-Business Suite",
	"_Generic": "Generica",
	"_JDE": "JD Edwards EnterpriseOne",
	"_NAV": "Microsoft Dynamics NAV",
	"_SAP": "SAP",
	"_SAPS4CLOUD": "SAP S/4HANA Cloud"
}</process_it>
      <process_zh-CN>{
	"_CompanyAddress": "公司地址",
	"_CompanyAddressFormated": "地址预览",
	"_CompanyInfo": "公司信息",
	"_DefaultConfiguration": "默认配置",
	"_DefaultConfiguration_report": "默认配置",
	"_DefaultExpenseReportType": "默认费用报销单类型",
	"_DefaultExpenseReportType_report": "默认费用报销单类型",
	"_DeliveryAddressID": "默认交付地址的ID",
	"_DeliveryAddressID_report": "默认交付地址的ID",
	"_DeterminationKeyword": "自动决定使用的关键字",
	"_DeterminationKeyword_report": "自动决定使用的关键字",
	"_Document data": "文档数据",
	"_ERP": "ERP",
	"_errorExistingCompanyCode": "此公司代码已存在于表中",
	"_PurchasingGroup": "采购组",
	"_PurchasingGroup_report": "采购组",
	"_PurchasingOrganization": "采购组织",
	"_PurchasingOrganization_report": "采购组织",
	"_Sub": "楼号、工业区、部门……",
	"_Sub report": "楼号、工业区、部门……",
	"_WorkingDays": "工作日",
	"_WorkingDays_report": "工作日",
	"City": "城市",
	"Company code": "公司代码",
	"Company name": "公司名",
	"Contact email": "电子邮件",
	"Country": "国家/地区代码",
	"Currency": "货币",
	"Fax number": "传真号码",
	"P2P - Company codes": "公司代码",
	"P2P - Company codes__": "公司代码",
	"Phone number": "电话号码",
	"Postal code": "邮政编码",
	"PostOfficeBox": "地点或邮政信箱",
	"PurchasingCompanycodes": "采购到支付 - 公司代码",
	"Region": "州/省/大区",
	"SIRET": "税务识别号",
	"Street": "街道地址",
	"VAT number": "增值税号(VAT)",
	"_EBS": "甲骨文电子商务套件",
	"_Generic": "通用",
	"_JDE": "JD Edwards EnterpriseOne",
	"_NAV": "Microsoft Dynamics NAV",
	"_SAP": "SAP",
	"_SAPS4CLOUD": "SAP S/4HANA Cloud"
}</process_zh-CN>
      <process_pt-BR>{
	"_CompanyAddress": "Endereço da empresa",
	"_CompanyAddressFormated": "Visualização do endereço",
	"_CompanyInfo": "Informações sobre a empresa",
	"_DefaultConfiguration": "Configuração padrão",
	"_DefaultConfiguration_report": "Configuração padrão",
	"_DefaultExpenseReportType": "Tipo de relatório de despesas padrão",
	"_DefaultExpenseReportType_report": "Tipo de relatório de despesas padrão",
	"_DeliveryAddressID": "ID do endereço de entrega padrão",
	"_DeliveryAddressID_report": "ID do endereço de entrega padrão",
	"_DeterminationKeyword": "Palavras-chave usadas para determinação automática",
	"_DeterminationKeyword_report": "Palavras-chave usadas para determinação automática",
	"_Document data": "Informação de documento",
	"_ERP": "ERP",
	"_errorExistingCompanyCode": "Essa empresa já existe na tabela",
	"_PurchasingGroup": "Grupo de compras",
	"_PurchasingGroup_report": "Grupo de compras",
	"_PurchasingOrganization": "Organização de compras",
	"_PurchasingOrganization_report": "Organização de compras",
	"_Sub": "Edifício, IA, Serviço...",
	"_Sub report": "Edifício, IA, Serviço...",
	"_WorkingDays": "Dias úteis",
	"_WorkingDays_report": "Dias úteis",
	"City": "Cidade",
	"Company code": "Código da empresa",
	"Company name": "Nome da empresa",
	"Contact email": "E-mail",
	"Country": "Código do país",
	"Currency": "Moeda",
	"Fax number": "Número de fax",
	"P2P - Company codes": "Código da empresa",
	"P2P - Company codes__": "Código da empresa",
	"Phone number": "Número de telefone",
	"Postal code": "Código postal",
	"PostOfficeBox": "Localidade ou apartado",
	"PurchasingCompanycodes": "P2P - Códigos da empresa",
	"Region": "Estado/Região",
	"SIRET": "Número de identificação fiscal",
	"Street": "Rua",
	"VAT number": "Número de IVA",
	"_EBS": "Oracle E-Business Suite",
	"_Generic": "Genérico",
	"_JDE": "JD Edwards EnterpriseOne",
	"_NAV": "Microsoft Dynamics NAV",
	"_SAP": "SAP",
	"_SAPS4CLOUD": "SAP S/4HANA Cloud"
}</process_pt-BR>
    </lg>
    <process>
      <BUColumn>CompanyCode__</BUColumn>
      <flowtype>processing</flowtype>
      <homepagelabel>_Purchasing Company codes</homepagelabel>
      <upgradable>yes</upgradable>
      <instanciable>1</instanciable>
      <OverrideAllowedAttachmentExtensions>*</OverrideAllowedAttachmentExtensions>
      <lgpathtomerge>..\..\Application builder\lg2Merge\ERP</lgpathtomerge>
      <AllowUploadAttachment>0</AllowUploadAttachment>
      <AllowUploadReferenceDocument>0</AllowUploadReferenceDocument>
      <shouldRollbackManualRecordEdits>true</shouldRollbackManualRecordEdits>
      <BusinessUnitMainTable>1</BusinessUnitMainTable>
      <shouldShowManualEditsWarning>false</shouldShowManualEditsWarning>
      <UseCultureFormat>true</UseCultureFormat>
      <TransportName>CustomTable</TransportName>
      <LayoutVersion>1.0</LayoutVersion>
    </process>
    <ui>
      <CustomScriptDebug>false</CustomScriptDebug>
      <customscriptIncludedScripts>Lib_P2P_Address_V12.0.461.0</customscriptIncludedScripts>
      <CustomScriptReadonly>true</CustomScriptReadonly>
      <CustomScript>///#GLOBALS Lib Sys
Lib.P2P.Address.SetFormattedAddressControl(Controls.CompanyAddress__);
function OnSave() {
    var companyCode = Controls.CompanyCode__.GetValue();
    if (companyCode) {
        var options = {
            table: Process.GetName(),
            filter: "(&amp;(CompanyCode__=".concat(companyCode, ")(!(MSNEX=").concat(Data.GetValue("MSNEX"), ")))"),
            attributes: ["CompanyCode__"],
            maxRecords: 1,
            additionalOptions: {
                asAdmin: true,
                queryOptions: "FastSearch=1"
            }
        };
        Sys.GenericAPI.PromisedQuery(options).Then(function (results) {
            if (results.length &gt; 0) {
                Controls.CompanyCode__.SetError("_errorExistingCompanyCode");
                Process.ShowFirstError();
            }
            else {
                ProcessInstance.SaveAndQuit("Save");
            }
        });
    }
    else {
        Process.ShowFirstError();
    }
    return false;
}
Controls.CompanyCode__.SetRequired(true);
Controls.Sub__.OnChange = Lib.P2P.Address.ComputeFormattedAddress;
Controls.Street__.OnChange = Lib.P2P.Address.ComputeFormattedAddress;
Controls.PostalCode__.OnChange = Lib.P2P.Address.ComputeFormattedAddress;
Controls.Country__.OnChange = Lib.P2P.Address.ComputeFormattedAddress;
Controls.Region__.OnChange = Lib.P2P.Address.ComputeFormattedAddress;
Controls.City__.OnChange = Lib.P2P.Address.ComputeFormattedAddress;
Controls.PostOfficeBox__.OnChange = Lib.P2P.Address.ComputeFormattedAddress;
Controls.Save.OnClick = OnSave;
Lib.P2P.Address.ComputeFormattedAddress();
</CustomScript>
      <layout>{
	"*": {
		"Screen": {
			"type": "FlexibleFormLayout",
			"options": {
				"splitterType": "simple-v",
				"version": 0,
				"backColor": "text-backgroundcolor-default",
				"style": null,
				"processHelpId": "5086"
			},
			"*": {
				"form-header": {
					"type": "FlexibleFormHeader",
					"options": {
						"hidePanelsMenu": false,
						"version": 0
					},
					"stamp": 1,
					"data": []
				},
				"form-center": {
					"type": "FlexibleFormCenter",
					"options": {
						"version": 0
					},
					"*": {
						"form-content": {
							"type": "FlexibleFormContent",
							"options": {
								"version": 0
							},
							"*": {
								"form-content-center": {
									"type": "FlexibleFormSplitter",
									"options": {
										"version": 1,
										"box": {
											"top": "0%",
											"left": "0%",
											"width": "100%"
										},
										"hidden": false
									},
									"*": {
										"form-content-center-1": {
											"type": "FlexibleFormLine",
											"data": [],
											"options": {
												"version": 0
											},
											"stamp": 2,
											"*": {
												"CompanyInfo": {
													"type": "PanelData",
													"options": {
														"border": {},
														"version": 0,
														"labelLength": 0,
														"iconURL": "",
														"TitleFontSize": "M",
														"hideActionButtons": true,
														"hideTitleBar": false,
														"backgroundcolor": "default",
														"labelsAlignment": "right",
														"label": "_CompanyInfo",
														"hideTitle": false,
														"leftImageURL": "",
														"removeMargins": false,
														"elementsAlignment": "left",
														"sameHeightAsSiblings": false
													},
													"*": {
														"FieldsManager": {
															"type": "FieldsManager",
															"options": {
																"controlsAssociation": {
																	"CompanyName__": "LabelCompany_name__",
																	"LabelCompany_name__": "CompanyName__",
																	"CompanyCode__": "LabelCompany_code__",
																	"LabelCompany_code__": "CompanyCode__",
																	"Currency__": "LabelCurrency__",
																	"LabelCurrency__": "Currency__",
																	"PurchasingOrganization__": "LabelPurchasingOrganization__",
																	"LabelPurchasingOrganization__": "PurchasingOrganization__",
																	"PurchasingGroup__": "LabelPurchasingGroup__",
																	"LabelPurchasingGroup__": "PurchasingGroup__",
																	"DeliveryAddressID__": "LabelDeliveryAddressID__",
																	"LabelDeliveryAddressID__": "DeliveryAddressID__",
																	"ERP__": "LabelERP__",
																	"LabelERP__": "ERP__",
																	"PhoneNumber__": "LabelPhoneNumber__",
																	"LabelPhoneNumber__": "PhoneNumber__",
																	"FaxNumber__": "LabelFaxNumber__",
																	"LabelFaxNumber__": "FaxNumber__",
																	"VATNumber__": "LabelVATNumber__",
																	"LabelVATNumber__": "VATNumber__",
																	"ContactEmail__": "LabelContactEmail__",
																	"LabelContactEmail__": "ContactEmail__",
																	"SIRET__": "LabelSIRET__",
																	"LabelSIRET__": "SIRET__",
																	"DefaultConfiguration__": "LabelDefaultConfiguration__",
																	"LabelDefaultConfiguration__": "DefaultConfiguration__",
																	"DefaultExpenseReportType__": "LabelDefaultExpenseReportType__",
																	"LabelDefaultExpenseReportType__": "DefaultExpenseReportType__",
																	"DeterminationKeyword__": "LabelDeterminationKeyword__",
																	"LabelDeterminationKeyword__": "DeterminationKeyword__",
																	"WorkingDays__": "LabelWorkingDays__",
																	"LabelWorkingDays__": "WorkingDays__"
																},
																"version": 0
															},
															"*": {
																"Grid": {
																	"type": "GridLayout",
																	"options": {
																		"lines": 16,
																		"columns": 2,
																		"version": 0,
																		"ctrlsPos": {
																			"CompanyName__": {
																				"line": 2,
																				"column": 2
																			},
																			"LabelCompany_name__": {
																				"line": 2,
																				"column": 1
																			},
																			"CompanyCode__": {
																				"line": 1,
																				"column": 2
																			},
																			"LabelCompany_code__": {
																				"line": 1,
																				"column": 1
																			},
																			"Currency__": {
																				"line": 8,
																				"column": 2
																			},
																			"LabelCurrency__": {
																				"line": 8,
																				"column": 1
																			},
																			"PurchasingOrganization__": {
																				"line": 9,
																				"column": 2
																			},
																			"LabelPurchasingOrganization__": {
																				"line": 9,
																				"column": 1
																			},
																			"PurchasingGroup__": {
																				"line": 10,
																				"column": 2
																			},
																			"LabelPurchasingGroup__": {
																				"line": 10,
																				"column": 1
																			},
																			"DeliveryAddressID__": {
																				"line": 11,
																				"column": 2
																			},
																			"LabelDeliveryAddressID__": {
																				"line": 11,
																				"column": 1
																			},
																			"ERP__": {
																				"line": 12,
																				"column": 2
																			},
																			"LabelERP__": {
																				"line": 12,
																				"column": 1
																			},
																			"PhoneNumber__": {
																				"line": 4,
																				"column": 2
																			},
																			"LabelPhoneNumber__": {
																				"line": 4,
																				"column": 1
																			},
																			"FaxNumber__": {
																				"line": 5,
																				"column": 2
																			},
																			"LabelFaxNumber__": {
																				"line": 5,
																				"column": 1
																			},
																			"VATNumber__": {
																				"line": 6,
																				"column": 2
																			},
																			"LabelVATNumber__": {
																				"line": 6,
																				"column": 1
																			},
																			"ContactEmail__": {
																				"line": 7,
																				"column": 2
																			},
																			"LabelContactEmail__": {
																				"line": 7,
																				"column": 1
																			},
																			"SIRET__": {
																				"line": 3,
																				"column": 2
																			},
																			"LabelSIRET__": {
																				"line": 3,
																				"column": 1
																			},
																			"DefaultConfiguration__": {
																				"line": 13,
																				"column": 2
																			},
																			"LabelDefaultConfiguration__": {
																				"line": 13,
																				"column": 1
																			},
																			"DefaultExpenseReportType__": {
																				"line": 14,
																				"column": 2
																			},
																			"LabelDefaultExpenseReportType__": {
																				"line": 14,
																				"column": 1
																			},
																			"DeterminationKeyword__": {
																				"line": 15,
																				"column": 2
																			},
																			"LabelDeterminationKeyword__": {
																				"line": 15,
																				"column": 1
																			},
																			"WorkingDays__": {
																				"line": 16,
																				"column": 2
																			},
																			"LabelWorkingDays__": {
																				"line": 16,
																				"column": 1
																			}
																		},
																		"colspans": [
																			[],
																			[],
																			[],
																			[],
																			[],
																			[],
																			[],
																			[],
																			[],
																			[],
																			[],
																			[],
																			[],
																			[],
																			[],
																			[]
																		]
																	},
																	"data": [
																		"fields"
																	],
																	"*": {
																		"LabelCompany_code__": {
																			"type": "Label",
																			"data": [
																				"CompanyCode__"
																			],
																			"options": {
																				"label": "Company code",
																				"version": 0
																			},
																			"stamp": 3
																		},
																		"CompanyCode__": {
																			"type": "ShortText",
																			"data": [
																				"CompanyCode__"
																			],
																			"options": {
																				"textSize": "S",
																				"textAlignment": "left",
																				"textStyle": "default",
																				"textColor": "default",
																				"label": "Company code",
																				"activable": true,
																				"width": "50",
																				"version": 0,
																				"browsable": false,
																				"helpURL": "5086",
																				"helpText": "",
																				"helpFormat": "HTML Format",
																				"helpIconPosition": "Right"
																			},
																			"stamp": 4
																		},
																		"LabelCompany_name__": {
																			"type": "Label",
																			"data": [
																				"CompanyName__"
																			],
																			"options": {
																				"label": "Company name",
																				"version": 0
																			},
																			"stamp": 5
																		},
																		"CompanyName__": {
																			"type": "ShortText",
																			"data": [
																				"CompanyName__"
																			],
																			"options": {
																				"textSize": "S",
																				"textAlignment": "left",
																				"textStyle": "default",
																				"textColor": "default",
																				"label": "Company name",
																				"activable": true,
																				"width": 230,
																				"version": 0,
																				"browsable": false
																			},
																			"stamp": 6
																		},
																		"LabelSIRET__": {
																			"type": "Label",
																			"data": [
																				"SIRET__"
																			],
																			"options": {
																				"label": "SIRET",
																				"version": 0
																			},
																			"stamp": 7
																		},
																		"SIRET__": {
																			"type": "ShortText",
																			"data": [
																				"SIRET__"
																			],
																			"options": {
																				"textSize": "S",
																				"textAlignment": "left",
																				"textStyle": "default",
																				"textColor": "default",
																				"label": "SIRET",
																				"activable": true,
																				"width": 230,
																				"helpText": "",
																				"helpURL": "",
																				"helpFormat": "HTML Format",
																				"browsable": false,
																				"version": 0
																			},
																			"stamp": 8
																		},
																		"LabelCurrency__": {
																			"type": "Label",
																			"data": [
																				"Currency__"
																			],
																			"options": {
																				"label": "Currency",
																				"version": 0
																			},
																			"stamp": 9
																		},
																		"Currency__": {
																			"type": "ShortText",
																			"data": [
																				"Currency__"
																			],
																			"options": {
																				"textSize": "S",
																				"textAlignment": "left",
																				"textStyle": "default",
																				"textColor": "default",
																				"label": "Currency",
																				"activable": true,
																				"width": 230,
																				"version": 0
																			},
																			"stamp": 10
																		},
																		"LabelPurchasingOrganization__": {
																			"type": "Label",
																			"data": [
																				"PurchasingOrganization__"
																			],
																			"options": {
																				"label": "_PurchasingOrganization",
																				"version": 0
																			},
																			"stamp": 11
																		},
																		"PurchasingOrganization__": {
																			"type": "ShortText",
																			"data": [
																				"PurchasingOrganization__"
																			],
																			"options": {
																				"textSize": "S",
																				"textAlignment": "left",
																				"textStyle": "default",
																				"textColor": "default",
																				"label": "_PurchasingOrganization",
																				"activable": true,
																				"width": 230,
																				"version": 0,
																				"browsable": false
																			},
																			"stamp": 12
																		},
																		"LabelPurchasingGroup__": {
																			"type": "Label",
																			"data": [
																				"PurchasingGroup__"
																			],
																			"options": {
																				"label": "_PurchasingGroup",
																				"version": 0
																			},
																			"stamp": 13
																		},
																		"PurchasingGroup__": {
																			"type": "ShortText",
																			"data": [
																				"PurchasingGroup__"
																			],
																			"options": {
																				"textSize": "S",
																				"textAlignment": "left",
																				"textStyle": "default",
																				"textColor": "default",
																				"label": "_PurchasingGroup",
																				"activable": true,
																				"width": 230,
																				"version": 0,
																				"browsable": false
																			},
																			"stamp": 14
																		},
																		"LabelDeliveryAddressID__": {
																			"type": "Label",
																			"data": [
																				"DeliveryAddressID__"
																			],
																			"options": {
																				"label": "_DeliveryAddressID",
																				"version": 0
																			},
																			"stamp": 15
																		},
																		"DeliveryAddressID__": {
																			"type": "ShortText",
																			"data": [
																				"DeliveryAddressID__"
																			],
																			"options": {
																				"textSize": "S",
																				"textAlignment": "left",
																				"textStyle": "default",
																				"textColor": "default",
																				"label": "_DeliveryAddressID",
																				"activable": true,
																				"width": 230,
																				"browsable": false,
																				"version": 0
																			},
																			"stamp": 16
																		},
																		"LabelERP__": {
																			"type": "Label",
																			"data": [
																				"ERP__"
																			],
																			"options": {
																				"label": "_ERP",
																				"version": 0
																			},
																			"stamp": 17
																		},
																		"ERP__": {
																			"type": "ComboBox",
																			"data": [
																				"ERP__"
																			],
																			"options": {
																				"possibleValues": {
																					"0": "",
																					"1": "_SAP",
																					"2": "_Generic",
																					"3": "_EBS",
																					"4": "_NAV",
																					"5": "_JDE",
																					"6": "_SAPS4CLOUD"
																				},
																				"version": 1,
																				"keyValueMode": true,
																				"possibleKeys": {
																					"0": "",
																					"1": "SAP",
																					"2": "generic",
																					"3": "EBS",
																					"4": "NAV",
																					"5": "JDE",
																					"6": "SAPS4CLOUD"
																				},
																				"label": "_ERP",
																				"activable": true,
																				"width": 230,
																				"maxNbLinesToDisplay": 10
																			},
																			"stamp": 18
																		},
																		"PhoneNumber__": {
																			"type": "ShortText",
																			"data": [
																				"PhoneNumber__"
																			],
																			"options": {
																				"textSize": "S",
																				"textAlignment": "left",
																				"textStyle": "default",
																				"textColor": "default",
																				"label": "Phone number",
																				"activable": true,
																				"width": 230,
																				"helpText": "",
																				"helpURL": "",
																				"helpFormat": "HTML Format",
																				"browsable": false,
																				"length": 32,
																				"version": 0
																			},
																			"stamp": 19
																		},
																		"LabelPhoneNumber__": {
																			"type": "Label",
																			"data": [
																				"PhoneNumber__"
																			],
																			"options": {
																				"label": "Phone number",
																				"version": 0
																			},
																			"stamp": 20
																		},
																		"FaxNumber__": {
																			"type": "ShortText",
																			"data": [
																				"FaxNumber__"
																			],
																			"options": {
																				"textSize": "S",
																				"textAlignment": "left",
																				"textStyle": "default",
																				"textColor": "default",
																				"label": "Fax number",
																				"activable": true,
																				"width": 230,
																				"helpText": "",
																				"helpURL": "",
																				"helpFormat": "HTML Format",
																				"browsable": false,
																				"length": 32,
																				"version": 0
																			},
																			"stamp": 21
																		},
																		"LabelFaxNumber__": {
																			"type": "Label",
																			"data": [
																				"FaxNumber__"
																			],
																			"options": {
																				"label": "Fax number",
																				"version": 0
																			},
																			"stamp": 22
																		},
																		"VATNumber__": {
																			"type": "ShortText",
																			"data": [
																				"VATNumber__"
																			],
																			"options": {
																				"textSize": "S",
																				"textAlignment": "left",
																				"textStyle": "default",
																				"textColor": "default",
																				"label": "VAT number",
																				"activable": true,
																				"width": 230,
																				"helpText": "",
																				"helpURL": "",
																				"helpFormat": "HTML Format",
																				"browsable": false,
																				"length": 20,
																				"version": 0
																			},
																			"stamp": 23
																		},
																		"LabelVATNumber__": {
																			"type": "Label",
																			"data": [
																				"VATNumber__"
																			],
																			"options": {
																				"label": "VAT number",
																				"version": 0
																			},
																			"stamp": 24
																		},
																		"ContactEmail__": {
																			"type": "ShortText",
																			"data": [
																				"ContactEmail__"
																			],
																			"options": {
																				"textSize": "S",
																				"textAlignment": "left",
																				"textStyle": "default",
																				"textColor": "default",
																				"label": "Contact email",
																				"activable": true,
																				"width": 230,
																				"version": 0
																			},
																			"stamp": 25
																		},
																		"LabelContactEmail__": {
																			"type": "Label",
																			"data": [
																				"ContactEmail__"
																			],
																			"options": {
																				"label": "Contact email",
																				"version": 0
																			},
																			"stamp": 26
																		},
																		"LabelDefaultConfiguration__": {
																			"type": "Label",
																			"data": [
																				"DefaultConfiguration__"
																			],
																			"options": {
																				"label": "_DefaultConfiguration",
																				"version": 0
																			},
																			"stamp": 27
																		},
																		"DefaultConfiguration__": {
																			"type": "ShortText",
																			"data": [
																				"DefaultConfiguration__"
																			],
																			"options": {
																				"textSize": "S",
																				"textAlignment": "left",
																				"textStyle": "default",
																				"textColor": "default",
																				"label": "_DefaultConfiguration",
																				"activable": true,
																				"width": 230,
																				"helpText": "",
																				"helpURL": "",
																				"helpFormat": "HTML Format",
																				"browsable": false,
																				"version": 0
																			},
																			"stamp": 28
																		},
																		"LabelDefaultExpenseReportType__": {
																			"type": "Label",
																			"data": [
																				"DefaultExpenseReportType__"
																			],
																			"options": {
																				"label": "_DefaultExpenseReportType",
																				"version": 0
																			},
																			"stamp": 29
																		},
																		"DefaultExpenseReportType__": {
																			"type": "ShortText",
																			"data": [
																				"DefaultExpenseReportType__"
																			],
																			"options": {
																				"textSize": "S",
																				"textAlignment": "left",
																				"textStyle": "default",
																				"textColor": "default",
																				"version": 1,
																				"label": "_DefaultExpenseReportType",
																				"activable": true,
																				"width": 230,
																				"helpText": "",
																				"helpURL": "",
																				"helpFormat": "HTML Format",
																				"browsable": false
																			},
																			"stamp": 30
																		},
																		"LabelDeterminationKeyword__": {
																			"type": "Label",
																			"data": [
																				"DeterminationKeyword__"
																			],
																			"options": {
																				"label": "_DeterminationKeyword",
																				"version": 0
																			},
																			"stamp": 61
																		},
																		"DeterminationKeyword__": {
																			"type": "ShortText",
																			"data": [
																				"DeterminationKeyword__"
																			],
																			"options": {
																				"textSize": "S",
																				"textAlignment": "left",
																				"textStyle": "default",
																				"textColor": "default",
																				"version": 1,
																				"label": "_DeterminationKeyword",
																				"activable": true,
																				"width": 230,
																				"helpText": "",
																				"helpURL": "",
																				"helpFormat": "HTML Format",
																				"length": 50,
																				"browsable": false
																			},
																			"stamp": 62
																		},
																		"LabelWorkingDays__": {
																			"type": "Label",
																			"data": [
																				"WorkingDays__"
																			],
																			"options": {
																				"label": "_WorkingDays"
																			},
																			"stamp": 63
																		},
																		"WorkingDays__": {
																			"type": "DatabaseComboBox",
																			"data": [
																				"WorkingDays__"
																			],
																			"options": {
																				"version": 1,
																				"autoCompleteSearchMode": "startswith",
																				"searchMode": "matches",
																				"label": "_WorkingDays",
																				"activable": true,
																				"width": 230,
																				"helpText": "",
																				"helpURL": "",
																				"helpFormat": "HTML Format",
																				"helpIconPosition": "Right",
																				"minNbLines": 1,
																				"maxNbLines": 1,
																				"fTSmaxRecords": "20",
																				"browsable": true,
																				"length": 100,
																				"PreFillFTS": true
																			},
																			"stamp": 64
																		}
																	},
																	"stamp": 31
																}
															},
															"stamp": 32,
															"data": []
														}
													},
													"stamp": 33,
													"data": []
												},
												"CompanyAddress": {
													"type": "PanelData",
													"data": [],
													"options": {
														"border": {},
														"labelLength": 0,
														"iconURL": "",
														"TitleFontSize": "M",
														"hideActionButtons": true,
														"hideTitleBar": false,
														"hideTitle": false,
														"backgroundcolor": "default",
														"labelsAlignment": "right",
														"label": "_CompanyAddress",
														"leftImageURL": "",
														"removeMargins": false,
														"elementsAlignment": "left",
														"version": 0,
														"sameHeightAsSiblings": false
													},
													"stamp": 34,
													"*": {
														"FieldsManager": {
															"type": "FieldsManager",
															"data": [],
															"options": {
																"controlsAssociation": {
																	"LabelStreet__": "Street__",
																	"Street__": "LabelStreet__",
																	"LabelCity__": "City__",
																	"City__": "LabelCity__",
																	"LabelPostalCode__": "PostalCode__",
																	"PostalCode__": "LabelPostalCode__",
																	"LabelRegion__": "Region__",
																	"Region__": "LabelRegion__",
																	"LabelPostOfficeBox__": "PostOfficeBox__",
																	"PostOfficeBox__": "LabelPostOfficeBox__",
																	"LabelCountry__": "Country__",
																	"Country__": "LabelCountry__",
																	"CompanyAddress__": "LabelCompanyAddress__",
																	"LabelCompanyAddress__": "CompanyAddress__",
																	"Sub__": "LabelSub__",
																	"LabelSub__": "Sub__"
																},
																"version": 0
															},
															"stamp": 35,
															"*": {
																"Grid": {
																	"type": "GridLayout",
																	"data": [
																		"fields"
																	],
																	"options": {
																		"ctrlsPos": {
																			"LabelStreet__": {
																				"line": 2,
																				"column": 1
																			},
																			"Street__": {
																				"line": 2,
																				"column": 2
																			},
																			"LabelCity__": {
																				"line": 4,
																				"column": 1
																			},
																			"City__": {
																				"line": 4,
																				"column": 2
																			},
																			"LabelPostalCode__": {
																				"line": 5,
																				"column": 1
																			},
																			"PostalCode__": {
																				"line": 5,
																				"column": 2
																			},
																			"LabelRegion__": {
																				"line": 6,
																				"column": 1
																			},
																			"Region__": {
																				"line": 6,
																				"column": 2
																			},
																			"LabelPostOfficeBox__": {
																				"line": 3,
																				"column": 1
																			},
																			"PostOfficeBox__": {
																				"line": 3,
																				"column": 2
																			},
																			"LabelCountry__": {
																				"line": 7,
																				"column": 1
																			},
																			"Country__": {
																				"line": 7,
																				"column": 2
																			},
																			"CompanyAddress__": {
																				"line": 8,
																				"column": 2
																			},
																			"LabelCompanyAddress__": {
																				"line": 8,
																				"column": 1
																			},
																			"Sub__": {
																				"line": 1,
																				"column": 2
																			},
																			"LabelSub__": {
																				"line": 1,
																				"column": 1
																			}
																		},
																		"lines": 8,
																		"columns": 2,
																		"colspans": [
																			[],
																			[],
																			[],
																			[],
																			[],
																			[],
																			[],
																			[]
																		],
																		"version": 0
																	},
																	"stamp": 36,
																	"*": {
																		"LabelSub__": {
																			"type": "Label",
																			"data": [
																				"Sub__"
																			],
																			"options": {
																				"label": "_Sub",
																				"version": 0
																			},
																			"stamp": 59
																		},
																		"Sub__": {
																			"type": "ShortText",
																			"data": [
																				"Sub__"
																			],
																			"options": {
																				"textSize": "S",
																				"textAlignment": "left",
																				"textStyle": "default",
																				"textColor": "default",
																				"version": 1,
																				"label": "_Sub",
																				"activable": true,
																				"width": 230,
																				"helpText": "",
																				"helpURL": "",
																				"helpFormat": "HTML Format",
																				"browsable": false
																			},
																			"stamp": 60
																		},
																		"Country__": {
																			"type": "ShortText",
																			"data": [
																				"Country__"
																			],
																			"options": {
																				"textSize": "S",
																				"textAlignment": "left",
																				"textStyle": "default",
																				"textColor": "default",
																				"label": "Country",
																				"activable": true,
																				"width": 230,
																				"helpText": "",
																				"helpURL": "",
																				"helpFormat": "HTML Format",
																				"length": 3,
																				"browsable": false,
																				"version": 0
																			},
																			"stamp": 37
																		},
																		"LabelCountry__": {
																			"type": "Label",
																			"data": [
																				"Country__"
																			],
																			"options": {
																				"label": "Country",
																				"version": 0
																			},
																			"stamp": 38
																		},
																		"Region__": {
																			"type": "ShortText",
																			"data": [
																				"Region__"
																			],
																			"options": {
																				"textSize": "S",
																				"textAlignment": "left",
																				"textStyle": "default",
																				"textColor": "default",
																				"label": "Region",
																				"activable": true,
																				"width": 230,
																				"helpText": "",
																				"helpURL": "",
																				"helpFormat": "HTML Format",
																				"length": 3,
																				"browsable": false,
																				"version": 0
																			},
																			"stamp": 39
																		},
																		"LabelPostOfficeBox__": {
																			"type": "Label",
																			"data": [
																				"PostOfficeBox__"
																			],
																			"options": {
																				"label": "PostOfficeBox",
																				"version": 0
																			},
																			"stamp": 40
																		},
																		"LabelRegion__": {
																			"type": "Label",
																			"data": [
																				"Region__"
																			],
																			"options": {
																				"label": "Region",
																				"version": 0
																			},
																			"stamp": 41
																		},
																		"PostOfficeBox__": {
																			"type": "ShortText",
																			"data": [
																				"PostOfficeBox__"
																			],
																			"options": {
																				"textSize": "S",
																				"textAlignment": "left",
																				"textStyle": "default",
																				"textColor": "default",
																				"label": "PostOfficeBox",
																				"activable": true,
																				"width": 230,
																				"helpText": "",
																				"helpURL": "",
																				"helpFormat": "HTML Format",
																				"length": 20,
																				"browsable": false,
																				"version": 0
																			},
																			"stamp": 42
																		},
																		"PostalCode__": {
																			"type": "ShortText",
																			"data": [
																				"PostalCode__"
																			],
																			"options": {
																				"textSize": "S",
																				"textAlignment": "left",
																				"textStyle": "default",
																				"textColor": "default",
																				"label": "Postal code",
																				"activable": true,
																				"width": 230,
																				"helpText": "",
																				"helpURL": "",
																				"helpFormat": "HTML Format",
																				"length": 10,
																				"browsable": false,
																				"version": 0
																			},
																			"stamp": 43
																		},
																		"LabelPostalCode__": {
																			"type": "Label",
																			"data": [
																				"PostalCode__"
																			],
																			"options": {
																				"label": "Postal code",
																				"version": 0
																			},
																			"stamp": 44
																		},
																		"City__": {
																			"type": "ShortText",
																			"data": [
																				"City__"
																			],
																			"options": {
																				"textSize": "S",
																				"textAlignment": "left",
																				"textStyle": "default",
																				"textColor": "default",
																				"label": "City",
																				"activable": true,
																				"width": 230,
																				"helpText": "",
																				"helpURL": "",
																				"helpFormat": "HTML Format",
																				"length": 35,
																				"browsable": false,
																				"version": 0
																			},
																			"stamp": 45
																		},
																		"LabelCity__": {
																			"type": "Label",
																			"data": [
																				"City__"
																			],
																			"options": {
																				"label": "City",
																				"version": 0
																			},
																			"stamp": 46
																		},
																		"Street__": {
																			"type": "ShortText",
																			"data": [
																				"Street__"
																			],
																			"options": {
																				"textSize": "S",
																				"textAlignment": "left",
																				"textStyle": "default",
																				"textColor": "default",
																				"label": "Street",
																				"activable": true,
																				"width": 230,
																				"helpText": "",
																				"helpURL": "",
																				"helpFormat": "HTML Format",
																				"length": 50,
																				"browsable": false,
																				"version": 0
																			},
																			"stamp": 47
																		},
																		"LabelStreet__": {
																			"type": "Label",
																			"data": [
																				"Street__"
																			],
																			"options": {
																				"label": "Street",
																				"version": 0
																			},
																			"stamp": 48
																		},
																		"LabelCompanyAddress__": {
																			"type": "Label",
																			"data": [],
																			"options": {
																				"label": "_CompanyAddressFormated",
																				"version": 0
																			},
																			"stamp": 49
																		},
																		"CompanyAddress__": {
																			"type": "LongText",
																			"data": [],
																			"options": {
																				"textSize": "S",
																				"textAlignment": "left",
																				"textStyle": "default",
																				"textColor": "default",
																				"version": 1,
																				"minNbLines": 5,
																				"label": "_CompanyAddressFormated",
																				"activable": true,
																				"width": 230,
																				"helpText": "",
																				"helpURL": "",
																				"helpFormat": "HTML Format",
																				"numberOfLines": 5,
																				"readonly": true,
																				"notInDB": true,
																				"dataType": "String",
																				"browsable": false
																			},
																			"stamp": 50
																		}
																	}
																}
															}
														}
													}
												}
											}
										}
									},
									"stamp": 51,
									"data": []
								}
							},
							"stamp": 52,
							"data": []
						}
					},
					"stamp": 53,
					"data": []
				},
				"form-footer": {
					"type": "FlexibleFormFooter",
					"options": {
						"splitterType": "simple-h",
						"version": 0
					},
					"*": {
						"Save": {
							"type": "SubmitButton",
							"options": {
								"label": "_Save",
								"action": "savequit",
								"submit": true,
								"version": 0,
								"shortCut": "S"
							},
							"stamp": 54,
							"data": []
						},
						"Close": {
							"type": "SubmitButton",
							"options": {
								"label": "_Close",
								"action": "cancel",
								"submit": true,
								"version": 0,
								"shortCut": "Q"
							},
							"stamp": 55,
							"data": []
						},
						"Delete": {
							"type": "SubmitButton",
							"options": {
								"label": "_Delete",
								"action": "delete",
								"submit": true,
								"version": 0,
								"disabled": true
							},
							"stamp": 56,
							"data": []
						}
					},
					"stamp": 57,
					"data": []
				}
			},
			"stamp": 58,
			"data": []
		}
	},
	"stamps": 64,
	"data": []
}</layout>
    </ui>
  </properties>
  <field deleted="0" format="" guid="ZVSR42294CFF" id="FCW552000SG7" label="City" length="35" name="City__" originalProcessID="FPYU134561" precision="0" processid="ECW552000SG7" submitable="1" type="STR">
    <properties>
      <db>
        <alias>AFCW552000SG7</alias>
        <noxml>1</noxml>
        <fullname>/job/processfields/City__</fullname>
        <defaultvalue>
        </defaultvalue>
        <RecordLastWrite>2022-10-25 17:04:05</RecordLastWrite>
      </db>
      <extrainfo>
        <Label>City</Label>
        <Alias>AFCW552000SG7</Alias>
        <ProcessFieldVersion vartype="INT">1</ProcessFieldVersion>
      </extrainfo>
      <gdr>
        <VarType>Area</VarType>
      </gdr>
      <help>
        <helpData>{"helpText":"","helpURL":"","helpFormat":"HTML Format"}</helpData>
      </help>
      <ui>
        <_type>String</_type>
        <automatic>true</automatic>
      </ui>
    </properties>
  </field>
  <field deleted="0" format="" guid="HUME134563" id="GCW552000SG7" label="Company code" length="50" name="CompanyCode__" originalProcessID="FPYU134561" precision="0" processid="ECW552000SG7" submitable="1" type="STR">
    <properties>
      <db>
        <alias>AGCW552000SG7</alias>
        <noxml>1</noxml>
        <fullname>/job/processfields/CompanyCode__</fullname>
        <defaultvalue>
        </defaultvalue>
        <RecordLastWrite>2022-10-25 17:04:05</RecordLastWrite>
        <uniqueindex vartype="INT">1</uniqueindex>
      </db>
      <extrainfo>
        <Label>Company code</Label>
        <Alias>AGCW552000SG7</Alias>
        <ProcessFieldVersion vartype="INT">1</ProcessFieldVersion>
      </extrainfo>
      <gdr>
        <VarType>Area</VarType>
      </gdr>
      <help>
        <helpData>{"helpText":"","helpURL":"5086","helpFormat":"HTML Format"}</helpData>
      </help>
      <ui>
        <_type>String</_type>
        <automatic>true</automatic>
      </ui>
    </properties>
  </field>
  <field deleted="0" format="" guid="PHQG134562" id="HCW552000SG7" label="Company name" length="50" name="CompanyName__" originalProcessID="FPYU134561" precision="0" processid="ECW552000SG7" submitable="1" type="STR">
    <properties>
      <db>
        <alias>AHCW552000SG7</alias>
        <index vartype="INT">1</index>
        <noxml>1</noxml>
        <fullname>/job/processfields/CompanyName__</fullname>
        <defaultvalue>
        </defaultvalue>
        <RecordLastWrite>2022-10-25 17:04:05</RecordLastWrite>
      </db>
      <extrainfo>
        <Label>Company name</Label>
        <Alias>AHCW552000SG7</Alias>
        <ProcessFieldVersion vartype="INT">1</ProcessFieldVersion>
      </extrainfo>
      <gdr>
        <VarType>Area</VarType>
      </gdr>
      <ui>
        <_type>String</_type>
        <automatic>true</automatic>
      </ui>
    </properties>
  </field>
  <field deleted="0" format="" guid="LFDX42294CFC" id="ICW552000SG7" label="Contact email" length="50" name="ContactEmail__" originalProcessID="FPYU134561" precision="0" processid="ECW552000SG7" submitable="1" type="STR">
    <properties>
      <db>
        <alias>AICW552000SG7</alias>
        <noxml>1</noxml>
        <fullname>/job/processfields/ContactEmail__</fullname>
        <defaultvalue>
        </defaultvalue>
        <RecordLastWrite>2022-10-25 17:04:05</RecordLastWrite>
      </db>
      <extrainfo>
        <Label>Contact email</Label>
        <Alias>AICW552000SG7</Alias>
        <ProcessFieldVersion vartype="INT">1</ProcessFieldVersion>
      </extrainfo>
      <gdr>
        <VarType>Area</VarType>
      </gdr>
      <help>
        <helpData>{"helpText":"","helpURL":"","helpFormat":"HTML Format"}</helpData>
      </help>
      <ui>
        <_type>String</_type>
        <automatic>true</automatic>
      </ui>
    </properties>
  </field>
  <field deleted="0" format="" guid="GXRP42294D02" id="JCW552000SG7" label="Country" length="3" name="Country__" originalProcessID="FPYU134561" precision="0" processid="ECW552000SG7" submitable="1" type="STR">
    <properties>
      <db>
        <alias>AJCW552000SG7</alias>
        <noxml>1</noxml>
        <fullname>/job/processfields/Country__</fullname>
        <defaultvalue>
        </defaultvalue>
        <RecordLastWrite>2022-10-25 17:04:05</RecordLastWrite>
      </db>
      <extrainfo>
        <Label>Country</Label>
        <Alias>AJCW552000SG7</Alias>
        <ProcessFieldVersion vartype="INT">1</ProcessFieldVersion>
      </extrainfo>
      <gdr>
        <VarType>Area</VarType>
      </gdr>
      <help>
        <helpData>{"helpText":"","helpURL":"","helpFormat":"HTML Format"}</helpData>
      </help>
      <ui>
        <_type>String</_type>
        <automatic>true</automatic>
      </ui>
    </properties>
  </field>
  <field deleted="0" format="" guid="ZBWI176042" id="KCW552000SG7" label="Currency" length="50" name="Currency__" originalProcessID="FPYU134561" precision="0" processid="ECW552000SG7" submitable="1" type="STR">
    <properties>
      <db>
        <alias>AKCW552000SG7</alias>
        <noxml>1</noxml>
        <fullname>/job/processfields/Currency__</fullname>
        <defaultvalue>
        </defaultvalue>
        <RecordLastWrite>2022-10-25 17:04:05</RecordLastWrite>
      </db>
      <extrainfo>
        <Label>Currency</Label>
        <Alias>AKCW552000SG7</Alias>
        <ProcessFieldVersion vartype="INT">1</ProcessFieldVersion>
      </extrainfo>
      <gdr>
        <VarType>Area</VarType>
      </gdr>
      <ui>
        <_type>String</_type>
        <automatic>true</automatic>
      </ui>
    </properties>
  </field>
  <field deleted="0" format="" guid="SWT1FP000FSX" id="LCW552000SG7" label="_DefaultConfiguration_report" length="50" name="DefaultConfiguration__" originalProcessID="FPYU134561" precision="0" processid="ECW552000SG7" submitable="1" type="STR">
    <properties>
      <db>
        <alias>ALCW552000SG7</alias>
        <noxml>1</noxml>
        <fullname>/job/processfields/DefaultConfiguration__</fullname>
        <defaultvalue>
        </defaultvalue>
        <RecordLastWrite>2022-10-25 17:04:05</RecordLastWrite>
      </db>
      <extrainfo>
        <Label>_DefaultConfiguration_report</Label>
        <Alias>ALCW552000SG7</Alias>
        <ProcessFieldVersion vartype="INT">1</ProcessFieldVersion>
      </extrainfo>
      <gdr>
        <VarType>Area</VarType>
        <DisableAutolearn>1</DisableAutolearn>
      </gdr>
      <help>
        <helpData>{"helpText":"","helpURL":"","helpFormat":"HTML Format"}</helpData>
      </help>
      <ui>
        <_type>String</_type>
        <automatic>true</automatic>
      </ui>
    </properties>
  </field>
  <field deleted="0" format="" guid="EJJ2FP000FSX" id="MCW552000SG7" label="_DefaultExpenseReportType_report" length="50" name="DefaultExpenseReportType__" originalProcessID="FPYU134561" precision="0" processid="ECW552000SG7" submitable="1" type="STR">
    <properties>
      <db>
        <alias>AMCW552000SG7</alias>
        <noxml>1</noxml>
        <fullname>/job/processfields/DefaultExpenseReportType__</fullname>
        <defaultvalue>
        </defaultvalue>
        <RecordLastWrite>2022-10-25 17:04:05</RecordLastWrite>
      </db>
      <extrainfo>
        <Label>_DefaultExpenseReportType_report</Label>
        <Alias>AMCW552000SG7</Alias>
        <ProcessFieldVersion vartype="INT">1</ProcessFieldVersion>
      </extrainfo>
      <gdr>
        <VarType>Area</VarType>
        <DisableAutolearn>1</DisableAutolearn>
      </gdr>
      <help>
        <helpData>{"helpText":"","helpURL":"","helpFormat":"HTML Format"}</helpData>
      </help>
      <ui>
        <_type>String</_type>
        <automatic>true</automatic>
      </ui>
    </properties>
  </field>
  <field deleted="0" format="" guid="KHSR10000591" id="NCW552000SG7" label="_DeliveryAddressID" length="50" name="DeliveryAddressID__" originalProcessID="FPYU134561" precision="0" processid="ECW552000SG7" submitable="1" type="STR">
    <properties>
      <db>
        <alias>ANCW552000SG7</alias>
        <noxml>1</noxml>
        <fullname>/job/processfields/DeliveryAddressID__</fullname>
        <defaultvalue>
        </defaultvalue>
        <RecordLastWrite>2022-10-25 17:04:05</RecordLastWrite>
      </db>
      <extrainfo>
        <Label>_DeliveryAddressID</Label>
        <Alias>ANCW552000SG7</Alias>
        <ProcessFieldVersion vartype="INT">1</ProcessFieldVersion>
      </extrainfo>
      <gdr>
        <VarType>Area</VarType>
      </gdr>
      <ui>
        <_type>String</_type>
        <automatic>true</automatic>
      </ui>
    </properties>
  </field>
  <field deleted="0" format="" guid="D9YV00000M4H" id="ADW552000SG7" label="_DeterminationKeyword_report" length="50" name="DeterminationKeyword__" originalProcessID="FPYU134561" precision="0" processid="ECW552000SG7" submitable="1" type="STR">
    <properties>
      <db>
        <alias>AADW552000SG7</alias>
        <noxml>1</noxml>
        <fullname>/job/processfields/DeterminationKeyword__</fullname>
        <defaultvalue>
        </defaultvalue>
        <RecordLastWrite>2022-10-25 17:04:06</RecordLastWrite>
      </db>
      <extrainfo>
        <Label>_DeterminationKeyword_report</Label>
        <Alias>AADW552000SG7</Alias>
        <ProcessFieldVersion vartype="INT">1</ProcessFieldVersion>
      </extrainfo>
      <gdr>
        <VarType>Area</VarType>
        <DisableAutolearn>1</DisableAutolearn>
      </gdr>
      <help>
        <helpData>{"helpText":"","helpURL":"","helpFormat":"HTML Format"}</helpData>
      </help>
      <ui>
        <_type>String</_type>
        <automatic>true</automatic>
      </ui>
    </properties>
  </field>
  <field deleted="0" format="" guid="OCAF10007057" id="OCW552000SG7" label="_ERP" length="50" name="ERP__" originalProcessID="FPYU134561" precision="0" processid="ECW552000SG7" submitable="1" type="STR">
    <properties>
      <db>
        <alias>AOCW552000SG7</alias>
        <noxml>1</noxml>
        <fullname>/job/processfields/ERP__</fullname>
        <defaultvalue>
        </defaultvalue>
        <RecordLastWrite>2022-10-25 17:04:05</RecordLastWrite>
      </db>
      <extrainfo>
        <Type>webaccess.Process.Columns.WithPossibleValues</Type>
        <Label>_ERP</Label>
        <Alias>AOCW552000SG7</Alias>
        <ProcessFieldVersion vartype="INT">1</ProcessFieldVersion>
      </extrainfo>
      <field>
        <possibleKeys>
SAP
generic
EBS
NAV
JDE
SAPS4CLOUD</possibleKeys>
        <possibleValues>
_SAP
_Generic
_EBS
_NAV
_JDE
_SAPS4CLOUD</possibleValues>
      </field>
      <ui>
        <_type>String</_type>
        <automatic>true</automatic>
      </ui>
    </properties>
  </field>
  <field deleted="0" format="" guid="PHQG42294CF9" id="PCW552000SG7" label="Fax number" length="32" name="FaxNumber__" originalProcessID="FPYU134561" precision="0" processid="ECW552000SG7" submitable="1" type="STR">
    <properties>
      <db>
        <alias>APCW552000SG7</alias>
        <noxml>1</noxml>
        <fullname>/job/processfields/FaxNumber__</fullname>
        <defaultvalue>
        </defaultvalue>
        <RecordLastWrite>2022-10-25 17:04:06</RecordLastWrite>
      </db>
      <extrainfo>
        <Label>Fax number</Label>
        <Alias>APCW552000SG7</Alias>
        <ProcessFieldVersion vartype="INT">1</ProcessFieldVersion>
      </extrainfo>
      <gdr>
        <VarType>Area</VarType>
      </gdr>
      <help>
        <helpData>{"helpText":"","helpURL":"","helpFormat":"HTML Format"}</helpData>
      </help>
      <ui>
        <_type>String</_type>
        <automatic>true</automatic>
      </ui>
    </properties>
  </field>
  <field deleted="0" format="" guid="AYLN42294CFB" id="QCW552000SG7" label="Phone number" length="32" name="PhoneNumber__" originalProcessID="FPYU134561" precision="0" processid="ECW552000SG7" submitable="1" type="STR">
    <properties>
      <db>
        <alias>AQCW552000SG7</alias>
        <noxml>1</noxml>
        <fullname>/job/processfields/PhoneNumber__</fullname>
        <defaultvalue>
        </defaultvalue>
        <RecordLastWrite>2022-10-25 17:04:06</RecordLastWrite>
      </db>
      <extrainfo>
        <Label>Phone number</Label>
        <Alias>AQCW552000SG7</Alias>
        <ProcessFieldVersion vartype="INT">1</ProcessFieldVersion>
      </extrainfo>
      <gdr>
        <VarType>Area</VarType>
      </gdr>
      <help>
        <helpData>{"helpText":"","helpURL":"","helpFormat":"HTML Format"}</helpData>
      </help>
      <ui>
        <_type>String</_type>
        <automatic>true</automatic>
      </ui>
    </properties>
  </field>
  <field deleted="0" format="" guid="TKJP42294D00" id="RCW552000SG7" label="Postal code" length="10" name="PostalCode__" originalProcessID="FPYU134561" precision="0" processid="ECW552000SG7" submitable="1" type="STR">
    <properties>
      <db>
        <alias>ARCW552000SG7</alias>
        <noxml>1</noxml>
        <fullname>/job/processfields/PostalCode__</fullname>
        <defaultvalue>
        </defaultvalue>
        <RecordLastWrite>2022-10-25 17:04:06</RecordLastWrite>
      </db>
      <extrainfo>
        <Label>Postal code</Label>
        <Alias>ARCW552000SG7</Alias>
        <ProcessFieldVersion vartype="INT">1</ProcessFieldVersion>
      </extrainfo>
      <gdr>
        <VarType>Area</VarType>
      </gdr>
      <help>
        <helpData>{"helpText":"","helpURL":"","helpFormat":"HTML Format"}</helpData>
      </help>
      <ui>
        <_type>String</_type>
        <automatic>true</automatic>
      </ui>
    </properties>
  </field>
  <field deleted="0" format="" guid="FNFO42294CFE" id="SCW552000SG7" label="PostOfficeBox" length="20" name="PostOfficeBox__" originalProcessID="FPYU134561" precision="0" processid="ECW552000SG7" submitable="1" type="STR">
    <properties>
      <db>
        <alias>ASCW552000SG7</alias>
        <noxml>1</noxml>
        <fullname>/job/processfields/PostOfficeBox__</fullname>
        <defaultvalue>
        </defaultvalue>
        <RecordLastWrite>2022-10-25 17:04:06</RecordLastWrite>
      </db>
      <extrainfo>
        <Label>PostOfficeBox</Label>
        <Alias>ASCW552000SG7</Alias>
        <ProcessFieldVersion vartype="INT">1</ProcessFieldVersion>
      </extrainfo>
      <gdr>
        <VarType>Area</VarType>
      </gdr>
      <help>
        <helpData>{"helpText":"","helpURL":"","helpFormat":"HTML Format"}</helpData>
      </help>
      <ui>
        <_type>String</_type>
        <automatic>true</automatic>
      </ui>
    </properties>
  </field>
  <field deleted="0" format="" guid="FPMU138657" id="TCW552000SG7" label="_PurchasingGroup_report" length="50" name="PurchasingGroup__" originalProcessID="FPYU134561" precision="0" processid="ECW552000SG7" submitable="1" type="STR">
    <properties>
      <db>
        <alias>ATCW552000SG7</alias>
        <noxml>1</noxml>
        <fullname>/job/processfields/PurchasingGroup__</fullname>
        <defaultvalue>
        </defaultvalue>
        <RecordLastWrite>2022-10-25 17:04:06</RecordLastWrite>
      </db>
      <extrainfo>
        <Label>_PurchasingGroup_report</Label>
        <Alias>ATCW552000SG7</Alias>
        <ProcessFieldVersion vartype="INT">1</ProcessFieldVersion>
      </extrainfo>
      <gdr>
        <VarType>Area</VarType>
      </gdr>
      <ui>
        <_type>String</_type>
        <automatic>true</automatic>
      </ui>
    </properties>
  </field>
  <field deleted="0" format="" guid="QDFY138656" id="UCW552000SG7" label="_PurchasingOrganization_report" length="50" name="PurchasingOrganization__" originalProcessID="FPYU134561" precision="0" processid="ECW552000SG7" submitable="1" type="STR">
    <properties>
      <db>
        <alias>AUCW552000SG7</alias>
        <noxml>1</noxml>
        <fullname>/job/processfields/PurchasingOrganization__</fullname>
        <defaultvalue>
        </defaultvalue>
        <RecordLastWrite>2022-10-25 17:04:06</RecordLastWrite>
      </db>
      <extrainfo>
        <Label>_PurchasingOrganization_report</Label>
        <Alias>AUCW552000SG7</Alias>
        <ProcessFieldVersion vartype="INT">1</ProcessFieldVersion>
      </extrainfo>
      <gdr>
        <VarType>Area</VarType>
      </gdr>
      <ui>
        <_type>String</_type>
        <automatic>true</automatic>
      </ui>
    </properties>
  </field>
  <field deleted="0" format="" guid="REPG42294D01" id="VCW552000SG7" label="Region" length="3" name="Region__" originalProcessID="FPYU134561" precision="0" processid="ECW552000SG7" submitable="1" type="STR">
    <properties>
      <db>
        <alias>AVCW552000SG7</alias>
        <noxml>1</noxml>
        <fullname>/job/processfields/Region__</fullname>
        <defaultvalue>
        </defaultvalue>
        <RecordLastWrite>2022-10-25 17:04:06</RecordLastWrite>
      </db>
      <extrainfo>
        <Label>Region</Label>
        <Alias>AVCW552000SG7</Alias>
        <ProcessFieldVersion vartype="INT">1</ProcessFieldVersion>
      </extrainfo>
      <gdr>
        <VarType>Area</VarType>
        <DisableAutolearn>1</DisableAutolearn>
      </gdr>
      <help>
        <helpData>{"helpText":"","helpURL":"","helpFormat":"HTML Format"}</helpData>
      </help>
      <ui>
        <_type>String</_type>
        <automatic>true</automatic>
      </ui>
    </properties>
  </field>
  <field deleted="0" format="" guid="PHQG422950EB" id="WCW552000SG7" label="SIRET" length="50" name="SIRET__" originalProcessID="FPYU134561" precision="0" processid="ECW552000SG7" submitable="1" type="STR">
    <properties>
      <db>
        <alias>AWCW552000SG7</alias>
        <noxml>1</noxml>
        <fullname>/job/processfields/SIRET__</fullname>
        <defaultvalue>
        </defaultvalue>
        <RecordLastWrite>2022-10-25 17:04:06</RecordLastWrite>
      </db>
      <extrainfo>
        <Label>SIRET</Label>
        <Alias>AWCW552000SG7</Alias>
        <ProcessFieldVersion vartype="INT">1</ProcessFieldVersion>
      </extrainfo>
      <gdr>
        <VarType>Area</VarType>
      </gdr>
      <help>
        <helpData>{"helpText":"","helpURL":"","helpFormat":"HTML Format"}</helpData>
      </help>
      <ui>
        <_type>String</_type>
        <automatic>true</automatic>
      </ui>
    </properties>
  </field>
  <field deleted="0" format="" guid="DUXW42294CFD" id="XCW552000SG7" label="Street" length="50" name="Street__" originalProcessID="FPYU134561" precision="0" processid="ECW552000SG7" submitable="1" type="STR">
    <properties>
      <db>
        <alias>AXCW552000SG7</alias>
        <noxml>1</noxml>
        <fullname>/job/processfields/Street__</fullname>
        <defaultvalue>
        </defaultvalue>
        <RecordLastWrite>2022-10-25 17:04:06</RecordLastWrite>
      </db>
      <extrainfo>
        <Label>Street</Label>
        <Alias>AXCW552000SG7</Alias>
        <ProcessFieldVersion vartype="INT">1</ProcessFieldVersion>
      </extrainfo>
      <gdr>
        <VarType>Area</VarType>
      </gdr>
      <help>
        <helpData>{"helpText":"","helpURL":"","helpFormat":"HTML Format"}</helpData>
      </help>
      <ui>
        <_type>String</_type>
        <automatic>true</automatic>
      </ui>
    </properties>
  </field>
  <field deleted="0" format="" guid="PZK2FP000IYP" id="YCW552000SG7" label="_Sub report" length="50" name="Sub__" originalProcessID="FPYU134561" precision="0" processid="ECW552000SG7" submitable="1" type="STR">
    <properties>
      <db>
        <alias>AYCW552000SG7</alias>
        <noxml>1</noxml>
        <fullname>/job/processfields/Sub__</fullname>
        <defaultvalue>
        </defaultvalue>
        <RecordLastWrite>2022-10-25 17:04:06</RecordLastWrite>
      </db>
      <extrainfo>
        <Label>_Sub report</Label>
        <Alias>AYCW552000SG7</Alias>
        <ProcessFieldVersion vartype="INT">1</ProcessFieldVersion>
      </extrainfo>
      <gdr>
        <VarType>Area</VarType>
        <DisableAutolearn>1</DisableAutolearn>
      </gdr>
      <help>
        <helpData>{"helpText":"","helpURL":"","helpFormat":"HTML Format"}</helpData>
      </help>
      <ui>
        <_type>String</_type>
        <automatic>true</automatic>
      </ui>
    </properties>
  </field>
  <field deleted="0" format="" guid="HUME42294CFA" id="ZCW552000SG7" label="VAT number" length="20" name="VATNumber__" originalProcessID="FPYU134561" precision="0" processid="ECW552000SG7" submitable="1" type="STR">
    <properties>
      <db>
        <alias>AZCW552000SG7</alias>
        <noxml>1</noxml>
        <fullname>/job/processfields/VATNumber__</fullname>
        <defaultvalue>
        </defaultvalue>
        <RecordLastWrite>2022-10-25 17:04:06</RecordLastWrite>
      </db>
      <extrainfo>
        <Label>VAT number</Label>
        <Alias>AZCW552000SG7</Alias>
        <ProcessFieldVersion vartype="INT">1</ProcessFieldVersion>
      </extrainfo>
      <gdr>
        <VarType>Area</VarType>
      </gdr>
      <help>
        <helpData>{"helpText":"","helpURL":"","helpFormat":"HTML Format"}</helpData>
      </help>
      <ui>
        <_type>String</_type>
        <automatic>true</automatic>
      </ui>
    </properties>
  </field>
  <field deleted="0" format="" guid="XOOIWM000M4H" id="DCW552000SG7" label="_WorkingDays_report" length="100" name="WorkingDays__" originalProcessID="FPYU134561" precision="0" processid="ECW552000SG7" submitable="1" type="STR">
    <properties>
      <db>
        <alias>ADCW552000SG7</alias>
        <noxml>1</noxml>
        <fullname>/job/processfields/WorkingDays__</fullname>
        <defaultvalue>
        </defaultvalue>
        <RecordLastWrite>2020-12-07 14:55:33</RecordLastWrite>
      </db>
      <extrainfo>
        <Label>_WorkingDays_report</Label>
        <Alias>ADCW552000SG7</Alias>
        <ProcessFieldVersion vartype="INT">1</ProcessFieldVersion>
      </extrainfo>
      <field>
        <Editable>false</Editable>
        <SortOrder>
        </SortOrder>
        <DisplayedColumns>ConfigName__|ConfigDescription__</DisplayedColumns>
        <DisplayedColumnsIds>
        </DisplayedColumnsIds>
        <UseTableForAutolearn>false</UseTableForAutolearn>
        <SavedColumn>ConfigName__</SavedColumn>
        <SavedColumnId>
        </SavedColumnId>
        <ExposedColumns>
        </ExposedColumns>
        <ProcessName>WorkingDays__</ProcessName>
        <KeyColumnId>
        </KeyColumnId>
        <KeyAttribute>
        </KeyAttribute>
        <CustomFilter>
        </CustomFilter>
      </field>
      <gdr>
        <DisableAutolearn>1</DisableAutolearn>
      </gdr>
      <help>
        <helpData>{"helpText":"","helpURL":"","helpFormat":"HTML Format","helpIconPosition":"Right"}</helpData>
      </help>
      <ui>
        <_type>String</_type>
        <automatic>true</automatic>
      </ui>
    </properties>
  </field>
  <type id="JLLP13130F1" name="CT">
  </type>
</process>