﻿<?xml version="1.0" encoding="UTF-8" standalone="no"?>
<process accountid="20063076" allowrepairprocess="0" builtin="0" builtinversion="0" carriesapplicationversion="0" creationdatetime="2022-10-25 17:08:27" deleted="0" eskerapplication="" global="0" id="UV1652000SG7" keepcustomization="0" keepfieldsonly="0" keepfieldsproperties="0" keepnewcontroloptions="0" migrationversion="4" name="P2P - Mileage__" needvalidation="0" ootofilter="" ootoversion="1" originalProcessID="XSB2FP000FSX" ownerid="cn=admin_p2p@paragon-cc.fr,ou=DEV,ou=TrainingP2P,ou=DEMO_JULIEN,ou=05284299,ou=ESK,s=eoo" ownerpb="OnDemand AddressBook" public="1" pushnotification="0" reuseengine="0" sprintversion="5.261.0" transportname="CustomTable" upgradable="1" userid="0" version="1" visibility="0">
  <properties>
    <dataConditions>
      <listDataConditions>
				&lt;dataCondition&gt;
				&lt;tableName&gt;P2P - Global Application Settings__&lt;/tableName&gt;
				&lt;filter&gt;msnex=*&lt;/filter&gt;
				&lt;labelKey&gt;_Expense claims disabled&lt;/labelKey&gt;
				&lt;conditions&gt;
				&lt;allowCondition&gt;
				&lt;fieldName&gt;EnableExpenseClaimsGlobalSetting__&lt;/fieldName&gt;
				&lt;fieldValue&gt;1&lt;/fieldValue&gt;
				&lt;/allowCondition&gt;
				&lt;/conditions&gt;
				&lt;/dataCondition&gt;
			</listDataConditions>
    </dataConditions>
    <dbIndex>
      <AUTO_AVV1652000SG7A>&lt;Index&gt;&lt;Ref Name="AVV1652000SG7" Option="ASC"/&gt;&lt;/Index&gt;</AUTO_AVV1652000SG7A>
      <AUTO_AXV1652000SG7A>&lt;Index&gt;&lt;Ref Name="AXV1652000SG7" Option="ASC"/&gt;&lt;/Index&gt;</AUTO_AXV1652000SG7A>
    </dbIndex>
    <gdr>
    </gdr>
    <lg>
      <process_DE>{
	"_CompanyCode": "Buchungskreis",
	"_CompanyCode_report": "Buchungskreis",
	"_EffectiveDate": "Wirksamkeitsdatum",
	"_EffectiveDate_report": "Wirksamkeitsdatum",
	"_ExpenseMileageID": "ID der Kilometerpauschale",
	"_ExpenseMileageID_report": "ID der Kilometerpauschale",
	"_ReimbursmentRate1": "Kilometerpauschale",
	"_ReimbursmentRate1_report": "Kilometerpauschale",
	"_VehicleType": "Fahrzeugtyp",
	"_VehicleType_report": "Fahrzeugtyp",
	"P2P - Mileage": "P2P - Kilometerpauschalen"
}</process_DE>
      <process_ja>{
	"_CompanyCode": "会社コード",
	"_CompanyCode_report": "会社コード",
	"_EffectiveDate": "発効日",
	"_EffectiveDate_report": "発効日",
	"_ExpenseMileageID": "マイレージ率ID",
	"_ExpenseMileageID_report": "マイレージ率ID",
	"_ReimbursmentRate1": "マイレージ率",
	"_ReimbursmentRate1_report": "マイレージ率",
	"_VehicleType": "車両種別",
	"_VehicleType_report": "車両種別",
	"P2P - Mileage": "P2P - マイレージ率"
}</process_ja>
      <process_en>{
	"_CompanyCode": "Company code",
	"_CompanyCode_report": "Company code",
	"_EffectiveDate": "Effective date",
	"_EffectiveDate_report": "Effective date",
	"_ExpenseMileageID": "Mileage rate ID",
	"_ExpenseMileageID_report": "Mileage rate ID",
	"_ReimbursmentRate1": "Mileage rate",
	"_ReimbursmentRate1_report": "Mileage rate",
	"_VehicleType": "Vehicle type",
	"_VehicleType_report": "Vehicle type",
	"P2P - Mileage": "P2P - Mileage rates"
}</process_en>
      <process_ES>{
	"_CompanyCode": "Código de empresa",
	"_CompanyCode_report": "Código de empresa",
	"_EffectiveDate": "Fecha de efectividad",
	"_EffectiveDate_report": "Fecha de efectividad",
	"_ExpenseMileageID": "ID de la tarifa de kilometraje",
	"_ExpenseMileageID_report": "ID de la tarifa de kilometraje",
	"_ReimbursmentRate1": "Tarifa de kilometraje",
	"_ReimbursmentRate1_report": "Tarifa de kilometraje",
	"_VehicleType": "Tipo de vehículo",
	"_VehicleType_report": "Tipo de vehículo",
	"P2P - Mileage": "P2P - Tarifas de kilometraje"
}</process_ES>
      <process_FR>{
	"_CompanyCode": "Code société",
	"_CompanyCode_report": "Code société",
	"_EffectiveDate": "Date d'effet",
	"_EffectiveDate_report": "Date d'effet",
	"_ExpenseMileageID": "Identifiant du taux kilométrique",
	"_ExpenseMileageID_report": "Identifiant du taux kilométrique",
	"_ReimbursmentRate1": "Taux kilométrique",
	"_ReimbursmentRate1_report": "Taux kilométrique",
	"_VehicleType": "Type de véhicule",
	"_VehicleType_report": "Type de véhicule",
	"P2P - Mileage": "P2P - Taux kilométriques"
}</process_FR>
      <process_nl-NL>{
	"_CompanyCode": "Bedrijfscode",
	"_CompanyCode_report": "Bedrijfscode",
	"_EffectiveDate": "Effectieve datum",
	"_EffectiveDate_report": "Effectieve datum",
	"_ExpenseMileageID": "ID tarief kilometerstand",
	"_ExpenseMileageID_report": "ID tarief kilometerstand",
	"_ReimbursmentRate1": "Tarief kilometerstand",
	"_ReimbursmentRate1_report": "Tarief kilometerstand",
	"_VehicleType": "Voertuigtype",
	"_VehicleType_report": "Voertuigtype",
	"P2P - Mileage": "P2P - Tarieven kilometerstanden"
}</process_nl-NL>
      <process_IT>{
	"_CompanyCode": "Codice società",
	"_CompanyCode_report": "Codice società",
	"_EffectiveDate": "Data effettiva",
	"_EffectiveDate_report": "Data effettiva",
	"_ExpenseMileageID": "ID tasso chilometraggio",
	"_ExpenseMileageID_report": "ID tasso chilometraggio",
	"_ReimbursmentRate1": "Tasso chilometraggio",
	"_ReimbursmentRate1_report": "Tasso chilometraggio",
	"_VehicleType": "Tipo di veicolo",
	"_VehicleType_report": "Tipo di veicolo",
	"P2P - Mileage": "P2P - Tassi chilometraggio"
}</process_IT>
      <process_ZH-CN>{
	"_CompanyCode": "公司代码",
	"_CompanyCode_report": "公司代码",
	"_EffectiveDate": "里程费率生效日期",
	"_EffectiveDate_report": "里程费率生效日期",
	"_ExpenseMileageID": "里程费率ID",
	"_ExpenseMileageID_report": "里程费率ID",
	"_ReimbursmentRate1": "里程费率",
	"_ReimbursmentRate1_report": "里程费率",
	"_VehicleType": "车辆类型",
	"_VehicleType_report": "车辆类型",
	"P2P - Mileage": "采购到支付 - 里程费率"
}</process_ZH-CN>
      <process_pt-BR>{
	"_CompanyCode": "Código da empresa",
	"_CompanyCode_report": "Código da empresa",
	"_EffectiveDate": "Data efetiva",
	"_EffectiveDate_report": "Data efetiva",
	"_ExpenseMileageID": "ID da taxa de quilometragem",
	"_ExpenseMileageID_report": "ID da taxa de quilometragem",
	"_ReimbursmentRate1": "Taxa de quilometragem",
	"_ReimbursmentRate1_report": "Taxa de quilometragem",
	"_VehicleType": "Tipo de veículo",
	"_VehicleType_report": "Tipo de veículo",
	"P2P - Mileage": "P2P - Taxas de quilometragem"
}</process_pt-BR>
    </lg>
    <process>
      <flowtype>processing</flowtype>
      <homepagelabel>P2P - Mileage</homepagelabel>
      <instanciable>1</instanciable>
      <enablerounddecimal>true</enablerounddecimal>
      <OverrideAllowedAttachmentExtensions>*</OverrideAllowedAttachmentExtensions>
      <UseActionNameWithScriptApproval>true</UseActionNameWithScriptApproval>
      <AllowUploadAttachment>0</AllowUploadAttachment>
      <AllowUploadReferenceDocument>0</AllowUploadReferenceDocument>
      <isImportedInDiffMode>
      </isImportedInDiffMode>
      <shouldRollbackManualRecordEdits>true</shouldRollbackManualRecordEdits>
      <UseCultureFormat>true</UseCultureFormat>
      <TransportName>CustomTable</TransportName>
      <LayoutVersion>1.0</LayoutVersion>
    </process>
    <ui>
      <layout>{
	"*": {
		"Screen": {
			"type": "FlexibleFormLayout",
			"options": {
				"splitterType": "simple-v",
				"version": 0,
				"processHelpId": "5038"
			},
			"*": {
				"form-header": {
					"type": "FlexibleFormHeader",
					"options": {
						"hidePanelsMenu": false,
						"version": 0
					},
					"stamp": 2,
					"data": []
				},
				"form-center": {
					"type": "FlexibleFormCenter",
					"options": {
						"version": 0
					},
					"*": {
						"form-content": {
							"type": "FlexibleFormContent",
							"options": {
								"version": 0
							},
							"*": {
								"form-content-center": {
									"type": "FlexibleFormSplitter",
									"options": {
										"version": 1,
										"box": {
											"top": "0%",
											"left": "0%",
											"width": "100%"
										},
										"hidden": false
									},
									"*": {
										"form-content-center-1": {
											"type": "FlexibleFormLine",
											"data": [],
											"options": {
												"version": 0
											},
											"stamp": 9,
											"*": {
												"DataPanel": {
													"type": "PanelData",
													"options": {
														"border": {},
														"version": 0,
														"labelLength": 0,
														"iconURL": "",
														"TitleFontSize": "S",
														"hideActionButtons": false,
														"hideTitleBar": false,
														"hideTitle": false,
														"backgroundcolor": "default",
														"labelsAlignment": "right",
														"label": "_Document data"
													},
													"*": {
														"FieldsManager": {
															"type": "FieldsManager",
															"options": {
																"controlsAssociation": {
																	"CompanyCode__": "LabelCompanyCode__",
																	"LabelCompanyCode__": "CompanyCode__",
																	"ID__": "LabelID__",
																	"LabelID__": "ID__",
																	"VehicleType__": "LabelVehicleType__",
																	"LabelVehicleType__": "VehicleType__",
																	"ReimbursmentRate1__": "LabelReimbursmentRate1__",
																	"LabelReimbursmentRate1__": "ReimbursmentRate1__",
																	"EffectiveDate__": "LabelEffectiveDate__",
																	"LabelEffectiveDate__": "EffectiveDate__"
																},
																"version": 0
															},
															"*": {
																"Grid": {
																	"type": "GridLayout",
																	"options": {
																		"lines": 5,
																		"columns": 2,
																		"version": 0,
																		"ctrlsPos": {
																			"CompanyCode__": {
																				"line": 1,
																				"column": 2
																			},
																			"LabelCompanyCode__": {
																				"line": 1,
																				"column": 1
																			},
																			"ID__": {
																				"line": 2,
																				"column": 2
																			},
																			"LabelID__": {
																				"line": 2,
																				"column": 1
																			},
																			"VehicleType__": {
																				"line": 3,
																				"column": 2
																			},
																			"LabelVehicleType__": {
																				"line": 3,
																				"column": 1
																			},
																			"ReimbursmentRate1__": {
																				"line": 4,
																				"column": 2
																			},
																			"LabelReimbursmentRate1__": {
																				"line": 4,
																				"column": 1
																			},
																			"EffectiveDate__": {
																				"line": 5,
																				"column": 2
																			},
																			"LabelEffectiveDate__": {
																				"line": 5,
																				"column": 1
																			}
																		},
																		"colspans": [
																			[],
																			[],
																			[],
																			[],
																			[]
																		]
																	},
																	"data": [
																		"fields"
																	],
																	"*": {
																		"LabelCompanyCode__": {
																			"type": "Label",
																			"data": [
																				"CompanyCode__"
																			],
																			"options": {
																				"label": "_CompanyCode",
																				"version": 0
																			},
																			"stamp": 14
																		},
																		"CompanyCode__": {
																			"type": "DatabaseComboBox",
																			"data": [
																				"CompanyCode__"
																			],
																			"options": {
																				"version": 1,
																				"label": "_CompanyCode",
																				"activable": true,
																				"width": 230,
																				"helpText": "",
																				"helpURL": "",
																				"helpFormat": "HTML Format",
																				"minNbLines": 1,
																				"maxNbLines": 1,
																				"fTSmaxRecords": "20",
																				"browsable": true,
																				"PreFillFTS": true
																			},
																			"stamp": 15
																		},
																		"LabelID__": {
																			"type": "Label",
																			"data": [
																				"ID__"
																			],
																			"options": {
																				"label": "_ExpenseMileageID",
																				"version": 0
																			},
																			"stamp": 16
																		},
																		"ID__": {
																			"type": "ShortText",
																			"data": [
																				"ID__"
																			],
																			"options": {
																				"textSize": "S",
																				"textAlignment": "left",
																				"textStyle": "default",
																				"textColor": "default",
																				"version": 1,
																				"label": "_ExpenseMileageID",
																				"activable": true,
																				"width": 230,
																				"helpText": "",
																				"helpURL": "",
																				"helpFormat": "HTML Format",
																				"browsable": false
																			},
																			"stamp": 17
																		},
																		"LabelVehicleType__": {
																			"type": "Label",
																			"data": [
																				"VehicleType__"
																			],
																			"options": {
																				"label": "_VehicleType",
																				"version": 0
																			},
																			"stamp": 18
																		},
																		"VehicleType__": {
																			"type": "ShortText",
																			"data": [
																				"VehicleType__"
																			],
																			"options": {
																				"textSize": "S",
																				"textAlignment": "left",
																				"textStyle": "default",
																				"textColor": "default",
																				"version": 1,
																				"label": "_VehicleType",
																				"activable": true,
																				"width": 230,
																				"helpText": "",
																				"helpURL": "",
																				"helpFormat": "HTML Format",
																				"browsable": false
																			},
																			"stamp": 19
																		},
																		"LabelReimbursmentRate1__": {
																			"type": "Label",
																			"data": [
																				"ReimbursmentRate1__"
																			],
																			"options": {
																				"label": "_ReimbursmentRate1",
																				"version": 0
																			},
																			"stamp": 22
																		},
																		"ReimbursmentRate1__": {
																			"type": "Decimal",
																			"data": [
																				"ReimbursmentRate1__"
																			],
																			"options": {
																				"version": 2,
																				"textSize": "S",
																				"textAlignment": "right",
																				"textStyle": "default",
																				"textColor": "default",
																				"integer": false,
																				"label": "_ReimbursmentRate1",
																				"precision_internal": 3,
																				"precision_current": 3,
																				"activable": true,
																				"width": 230,
																				"helpText": "",
																				"helpURL": "",
																				"helpFormat": "HTML Format"
																			},
																			"stamp": 23
																		},
																		"LabelEffectiveDate__": {
																			"type": "Label",
																			"data": [
																				"EffectiveDate__"
																			],
																			"options": {
																				"label": "_EffectiveDate",
																				"version": 0
																			},
																			"stamp": 24
																		},
																		"EffectiveDate__": {
																			"type": "DateTime",
																			"data": [
																				"EffectiveDate__"
																			],
																			"options": {
																				"displayLongFormat": false,
																				"label": "_EffectiveDate",
																				"activable": true,
																				"width": 230,
																				"helpText": "",
																				"helpURL": "",
																				"helpFormat": "HTML Format",
																				"version": 0
																			},
																			"stamp": 25
																		}
																	},
																	"stamp": 8
																}
															},
															"stamp": 7,
															"data": []
														}
													},
													"stamp": 6,
													"data": []
												}
											}
										}
									},
									"stamp": 5,
									"data": []
								}
							},
							"stamp": 4,
							"data": []
						}
					},
					"stamp": 3,
					"data": []
				},
				"form-footer": {
					"type": "FlexibleFormFooter",
					"options": {
						"splitterType": "simple-h",
						"version": 0
					},
					"*": {
						"Save": {
							"type": "SubmitButton",
							"options": {
								"label": "_Save",
								"action": "savequit",
								"submit": true,
								"version": 0,
								"shortCut": "S"
							},
							"stamp": 11,
							"data": []
						},
						"Close": {
							"type": "SubmitButton",
							"options": {
								"label": "_Close",
								"action": "cancel",
								"submit": true,
								"version": 0,
								"shortCut": "Q"
							},
							"stamp": 12,
							"data": []
						},
						"Delete": {
							"type": "SubmitButton",
							"options": {
								"label": "_Delete",
								"action": "delete",
								"submit": true,
								"version": 0,
								"disabled": true
							},
							"stamp": 13,
							"data": []
						}
					},
					"stamp": 10,
					"data": []
				}
			},
			"stamp": 1,
			"data": []
		}
	},
	"stamps": 25,
	"data": []
}</layout>
    </ui>
  </properties>
  <field deleted="0" format="" guid="YSB2FP000FSX" id="VV1652000SG7" label="_CompanyCode_report" length="50" name="CompanyCode__" originalProcessID="XSB2FP000FSX" precision="0" processid="UV1652000SG7" submitable="1" type="STR">
    <properties>
      <db>
        <alias>AVV1652000SG7</alias>
        <index vartype="INT">1</index>
        <noxml>1</noxml>
        <fullname>/job/processfields/CompanyCode__</fullname>
        <defaultvalue>
        </defaultvalue>
        <RecordLastWrite>2022-10-25 17:08:26</RecordLastWrite>
      </db>
      <extrainfo>
        <Label>_CompanyCode_report</Label>
        <Alias>AVV1652000SG7</Alias>
        <ProcessFieldVersion vartype="INT">1</ProcessFieldVersion>
      </extrainfo>
      <field>
        <Editable>false</Editable>
        <TableName>CT#ECW552000SG7</TableName>
        <SortOrder>ASC</SortOrder>
        <DisplayedColumns>CompanyCode__|CompanyName__</DisplayedColumns>
        <DisplayedColumnsIds>
        </DisplayedColumnsIds>
        <UseTableForAutolearn>false</UseTableForAutolearn>
        <SavedColumn>CompanyCode__</SavedColumn>
        <SavedColumnId>
        </SavedColumnId>
        <ProcessName>PurchasingCompanycodes__</ProcessName>
        <KeyColumnId>
        </KeyColumnId>
        <KeyAttribute>
        </KeyAttribute>
        <CustomFilter>
        </CustomFilter>
      </field>
      <gdr>
        <DisableAutolearn>1</DisableAutolearn>
      </gdr>
      <help>
        <helpData>{"helpText":"","helpURL":"","helpFormat":"HTML Format"}</helpData>
      </help>
      <ui>
        <_type>String</_type>
        <automatic>true</automatic>
      </ui>
    </properties>
  </field>
  <field deleted="0" format="" guid="CTB2FP000FSX" id="WV1652000SG7" label="_EffectiveDate_report" length="0" name="EffectiveDate__" originalProcessID="XSB2FP000FSX" precision="0" processid="UV1652000SG7" submitable="1" type="DATE">
    <properties>
      <db>
        <alias>AWV1652000SG7</alias>
        <noxml>1</noxml>
        <fullname>/job/processfields/EffectiveDate__</fullname>
        <defaultvalue>
        </defaultvalue>
        <RecordLastWrite>2022-10-25 17:08:26</RecordLastWrite>
      </db>
      <extrainfo>
        <Label>_EffectiveDate_report</Label>
        <Alias>AWV1652000SG7</Alias>
        <ProcessFieldVersion vartype="INT">1</ProcessFieldVersion>
      </extrainfo>
      <gdr>
        <VarType>Area</VarType>
        <DisableAutolearn>1</DisableAutolearn>
      </gdr>
      <help>
        <helpData>{"helpText":"","helpURL":"","helpFormat":"HTML Format"}</helpData>
      </help>
      <ui>
        <_type>Date</_type>
        <automatic>true</automatic>
      </ui>
    </properties>
  </field>
  <field deleted="0" format="" guid="ZSB2FP000FSX" id="XV1652000SG7" label="_ExpenseMileageID_report" length="50" name="ID__" originalProcessID="XSB2FP000FSX" precision="0" processid="UV1652000SG7" submitable="1" type="STR">
    <properties>
      <db>
        <alias>AXV1652000SG7</alias>
        <index vartype="INT">1</index>
        <noxml>1</noxml>
        <fullname>/job/processfields/ID__</fullname>
        <defaultvalue>
        </defaultvalue>
        <RecordLastWrite>2022-10-25 17:08:26</RecordLastWrite>
      </db>
      <extrainfo>
        <Label>_ExpenseMileageID_report</Label>
        <Alias>AXV1652000SG7</Alias>
        <ProcessFieldVersion vartype="INT">1</ProcessFieldVersion>
      </extrainfo>
      <gdr>
        <VarType>Area</VarType>
        <DisableAutolearn>1</DisableAutolearn>
      </gdr>
      <help>
        <helpData>{"helpText":"","helpURL":"","helpFormat":"HTML Format"}</helpData>
      </help>
      <ui>
        <_type>String</_type>
        <automatic>true</automatic>
      </ui>
    </properties>
  </field>
  <field deleted="0" format="" guid="BTB2FP000FSX" id="YV1652000SG7" label="_ReimbursmentRate1_report" length="17" name="ReimbursmentRate1__" originalProcessID="XSB2FP000FSX" precision="3" processid="UV1652000SG7" submitable="1" type="DECIMAL">
    <properties>
      <db>
        <alias>AYV1652000SG7</alias>
        <noxml>1</noxml>
        <fullname>/job/processfields/ReimbursmentRate1__</fullname>
        <defaultvalue>
        </defaultvalue>
        <RecordLastWrite>2022-10-25 17:08:26</RecordLastWrite>
      </db>
      <extrainfo>
        <Label>_ReimbursmentRate1_report</Label>
        <Alias>AYV1652000SG7</Alias>
        <DecimalPrecision vartype="INT">3</DecimalPrecision>
        <ProcessFieldVersion vartype="INT">1</ProcessFieldVersion>
      </extrainfo>
      <gdr>
        <VarType>Area</VarType>
        <DisableAutolearn>1</DisableAutolearn>
      </gdr>
      <help>
        <helpData>{"helpText":"","helpURL":"","helpFormat":"HTML Format"}</helpData>
      </help>
      <ui>
        <_type>Number</_type>
        <automatic>true</automatic>
      </ui>
    </properties>
  </field>
  <field deleted="0" format="" guid="ATB2FP000FSX" id="ZV1652000SG7" label="_VehicleType_report" length="50" name="VehicleType__" originalProcessID="XSB2FP000FSX" precision="0" processid="UV1652000SG7" submitable="1" type="STR">
    <properties>
      <db>
        <alias>AZV1652000SG7</alias>
        <noxml>1</noxml>
        <fullname>/job/processfields/VehicleType__</fullname>
        <defaultvalue>
        </defaultvalue>
        <RecordLastWrite>2022-10-25 17:08:26</RecordLastWrite>
      </db>
      <extrainfo>
        <Label>_VehicleType_report</Label>
        <Alias>AZV1652000SG7</Alias>
        <ProcessFieldVersion vartype="INT">1</ProcessFieldVersion>
      </extrainfo>
      <gdr>
        <VarType>Area</VarType>
        <DisableAutolearn>1</DisableAutolearn>
      </gdr>
      <help>
        <helpData>{"helpText":"","helpURL":"","helpFormat":"HTML Format"}</helpData>
      </help>
      <ui>
        <_type>String</_type>
        <automatic>true</automatic>
      </ui>
    </properties>
  </field>
  <type id="JLLP13130F1" name="CT">
  </type>
</process>