﻿<?xml version="1.0" encoding="UTF-8" standalone="no"?>
<process accountid="20063076" allowrepairprocess="0" builtin="0" builtinversion="0" carriesapplicationversion="0" creationdatetime="2022-10-25 17:06:12" deleted="0" eskerapplication="" global="0" id="L1Z552000SG7" keepcustomization="0" keepfieldsonly="0" keepfieldsproperties="0" keepnewcontroloptions="0" migrationversion="4" name="Call Scheduled Action" needvalidation="0" ootofilter="" ootoversion="0" originalProcessID="ECHO15249" ownerid="cn=admin_p2p@paragon-cc.fr,ou=DEV,ou=TrainingP2P,ou=DEMO_JULIEN,ou=05284299,ou=ESK,s=eoo" ownerpb="OnDemand AddressBook" public="1" pushnotification="0" reuseengine="0" sprintversion="5.261.0" transportname="CustomData" upgradable="1" userid="0" version="1" visibility="0">
  <properties>
    <gdr>
      <FinalizationScriptAllowRetry>
      </FinalizationScriptAllowRetry>
      <finalizationscriptIncludedScripts>Sys/Sys_Helpers_Date</finalizationscriptIncludedScripts>
      <finalizationscriptIncludedScripts>Sys/Sys_Helpers_String</finalizationscriptIncludedScripts>
      <finalizationscriptIncludedScripts>Sys/Sys_Helpers_CSVReader</finalizationscriptIncludedScripts>
      <finalizationscriptIncludedScripts>Sys/Sys_Parameters</finalizationscriptIncludedScripts>
      <finalizationscriptIncludedScripts>Lib_V12.0.461.0</finalizationscriptIncludedScripts>
      <finalizationscriptIncludedScripts>Lib_CallScheduledAction_V12.0.461.0</finalizationscriptIncludedScripts>
      <FinalizationScript>///#GLOBALS Lib
var options = {
	maxElementsPerRecall: 50,
	maxRetriesPerRecord: 10
};
Process.SetTimeOut(3600);
var NOT_FINISHED = 0;
if (Lib.CallScheduledAction.callActionOnDocumentsFromCSV(options) === NOT_FINISHED)
{
	Process.Sleep(10);
	Process.RecallScript("call_scheduled_action_in_progress", true);
}</FinalizationScript>
      <ValidationScriptAllowRetry>
      </ValidationScriptAllowRetry>
      <ValidationScript>
      </ValidationScript>
      <AllowTagCoverPages>true</AllowTagCoverPages>
      <AllowTagNewDocuments>true</AllowTagNewDocuments>
      <AllowTagAttachments>true</AllowTagAttachments>
      <ExtractionScriptAllowRetry>
      </ExtractionScriptAllowRetry>
      <ExtractionScript>
      </ExtractionScript>
      <AllowRemovePages>true</AllowRemovePages>
      <AllowSwapPages>true</AllowSwapPages>
      <PostProcessingScriptAllowRetry>
      </PostProcessingScriptAllowRetry>
      <PostProcessingScript>
      </PostProcessingScript>
    </gdr>
    <lg>
      <process_de>{
	"Call Scheduled Action": "Anwendung einer geplanten Aktion"
}</process_de>
      <process_JA>{
	"Call Scheduled Action": "スケジュールされたアクションを適用"
}</process_JA>
      <process_en>{
	"Call Scheduled Action": "Apply scheduled action"
}</process_en>
      <process_es>{
	"Call Scheduled Action": "Aplicación de una acción programada"
}</process_es>
      <process_fr>{
	"Call Scheduled Action": "Application d'une action planifiée"
}</process_fr>
      <process_nl-NL>{
	"Call Scheduled Action": "Geplande actie toepassen"
}</process_nl-NL>
      <process_it>{
	"Call Scheduled Action": "Applicazione azione pianificata"
}</process_it>
      <process_zh-CN>{
	"Call Scheduled Action": "应用计划操作"
}</process_zh-CN>
      <process_pt-BR>{
	"Call Scheduled Action": "Aplicar ação agendada"
}</process_pt-BR>
    </lg>
    <ocr>
      <trade-off>accurate</trade-off>
      <image-binarization>no</image-binarization>
      <image-draft-fax>no</image-draft-fax>
      <image-despeckle>no</image-despeckle>
      <allowed-language>0</allowed-language>
      <image-resolution-enhancement>auto</image-resolution-enhancement>
      <ocr_engine>Nuance190</ocr_engine>
      <extractionAdditionalOptions>
      </extractionAdditionalOptions>
    </ocr>
    <process>
      <flowtype>processing</flowtype>
      <ocrpreset>scan</ocrpreset>
      <homepagelabel>_Call Scheduled Action</homepagelabel>
      <enableflexibleauditing>
      </enableflexibleauditing>
      <enableflexibleediting>
      </enableflexibleediting>
      <enableflexibleteaching>
      </enableflexibleteaching>
      <upgradable>yes</upgradable>
      <disableocr>
      </disableocr>
      <instanciable>1</instanciable>
      <disableautolearning>true</disableautolearning>
      <backgroundprocessingthreshold>
      </backgroundprocessingthreshold>
      <EnablePreviewPrecomputation>
      </EnablePreviewPrecomputation>
      <archiveDuration>0</archiveDuration>
      <OverrideAllowedDocumentExtensions>CSV</OverrideAllowedDocumentExtensions>
      <ownhomepage>
      </ownhomepage>
      <ocrpagestoprocess>
      </ocrpagestoprocess>
      <ScriptEngineType>2</ScriptEngineType>
      <displayWidth>
      </displayWidth>
      <AllowUploadAttachment>1</AllowUploadAttachment>
      <AllowUploadReferenceDocument>1</AllowUploadReferenceDocument>
      <UseCultureFormat>true</UseCultureFormat>
      <AllowRetryExtractCD>true</AllowRetryExtractCD>
      <TransportName>CustomData</TransportName>
      <LayoutVersion>1.0</LayoutVersion>
    </process>
    <ui>
      <CustomScriptDebug>false</CustomScriptDebug>
      <CustomScriptReadonly>false</CustomScriptReadonly>
      <CustomScript>
      </CustomScript>
      <layout>{
	"*": {
		"GDRData": {
			"type": "GDRData",
			"options": {
				"version": 0
			},
			"stamp": 1,
			"data": []
		},
		"OCRParams": {
			"type": "OCRParams",
			"options": {
				"version": 0
			},
			"stamp": 2,
			"data": []
		},
		"Screen": {
			"type": "FlexibleFormLayout",
			"options": {
				"splitterType": "complex",
				"version": 0,
				"maxwidth": ""
			},
			"*": {
				"form-header": {
					"type": "FlexibleFormHeader",
					"options": {
						"version": 0,
						"maxwidth": ""
					},
					"stamp": 3,
					"data": []
				},
				"form-center": {
					"type": "FlexibleFormCenter",
					"options": {
						"version": 0,
						"maxwidth": ""
					},
					"*": {
						"form-content": {
							"type": "FlexibleFormContent",
							"options": {
								"version": 0
							},
							"*": {
								"form-content-top": {
									"type": "FlexibleFormSplitter",
									"options": {
										"autosize": true,
										"version": 1,
										"box": {
											"top": 0,
											"left": 0,
											"width": 100,
											"height": 17
										},
										"hidden": false
									},
									"*": {
										"form-content-top-1": {
											"type": "FlexibleFormLine",
											"options": {
												"version": 0
											},
											"*": {
												"DocumentsPanel": {
													"type": "PanelDocument",
													"options": {
														"version": 0,
														"border": {},
														"labelLength": 0,
														"iconURL": "",
														"TitleFontSize": "S",
														"hideActionButtons": false,
														"hideTitleBar": false,
														"label": "_Documents"
													},
													"*": {
														"Document": {
															"data": [
																"documentscontroldata"
															],
															"type": "Documents",
															"options": {
																"version": 1,
																"previewButton": false,
																"downloadButton": true
															},
															"stamp": 4
														}
													},
													"stamp": 5,
													"data": []
												}
											},
											"stamp": 6,
											"data": []
										}
									},
									"stamp": 7,
									"data": []
								},
								"form-content-bottom": {
									"type": "FlexibleFormSplitter",
									"options": {
										"version": 1,
										"box": {
											"top": "17%",
											"left": "0%",
											"width": null,
											"height": "83%"
										},
										"hidden": false
									},
									"*": {
										"form-content-left": {
											"type": "FlexibleFormSplitter",
											"options": {
												"version": 1,
												"box": {
													"top": "0%",
													"left": "0%",
													"width": "45%",
													"height": null
												},
												"hidden": false
											},
											"*": {
												"form-content-left-1": {
													"type": "FlexibleFormLine",
													"options": {
														"version": 0
													},
													"*": {
														"DataPanel": {
															"type": "PanelData",
															"options": {
																"border": {},
																"version": 0,
																"labelLength": 0,
																"iconURL": "",
																"TitleFontSize": "S",
																"hideActionButtons": false,
																"hideTitleBar": false,
																"backgroundcolor": "default",
																"labelsAlignment": "right",
																"label": "_Document data"
															},
															"*": {
																"FieldsManager": {
																	"type": "FieldsManager",
																	"options": {
																		"controlsAssociation": {},
																		"version": 0
																	},
																	"*": {
																		"Grid": {
																			"type": "GridLayout",
																			"options": {
																				"lines": 0,
																				"columns": 2,
																				"version": 0,
																				"ctrlsPos": {},
																				"colspans": []
																			},
																			"data": [
																				"fields"
																			],
																			"*": {},
																			"stamp": 8
																		}
																	},
																	"stamp": 9,
																	"data": []
																}
															},
															"stamp": 10,
															"data": []
														}
													},
													"stamp": 11,
													"data": []
												},
												"form-content-left-2": {
													"type": "FlexibleFormLine",
													"options": {
														"version": 0
													},
													"*": {
														"SystemData": {
															"type": "PanelSystemData",
															"options": {
																"multicolumn": false,
																"version": 0,
																"border": {},
																"labelLength": 0,
																"iconURL": "",
																"TitleFontSize": "S",
																"hideActionButtons": false,
																"hideTitleBar": false,
																"label": "_System data"
															},
															"stamp": 12,
															"data": []
														}
													},
													"stamp": 13,
													"data": []
												},
												"form-content-left-3": {
													"type": "FlexibleFormLine",
													"options": {
														"version": 0
													},
													"*": {
														"NextProcess": {
															"type": "PanelNextProcess",
															"options": {
																"hidden": true,
																"version": 0,
																"border": {},
																"labelLength": 0,
																"iconURL": "",
																"TitleFontSize": "S",
																"hideActionButtons": false,
																"hideTitleBar": false,
																"label": "_Next Process"
															},
															"stamp": 14,
															"data": []
														}
													},
													"stamp": 15,
													"data": []
												}
											},
											"stamp": 16,
											"data": []
										},
										"form-content-right": {
											"type": "FlexibleFormSplitter",
											"options": {
												"version": 1,
												"box": {
													"top": "0%",
													"left": "45%",
													"width": "55%",
													"height": null
												},
												"hidden": false
											},
											"*": {
												"form-content-right-1": {
													"type": "FlexibleFormLine",
													"options": {
														"version": 0
													},
													"*": {
														"PreviewPanel": {
															"type": "PanelPreview",
															"options": {
																"border": {},
																"version": 0,
																"labelLength": 0,
																"iconURL": "",
																"TitleFontSize": "S",
																"hideActionButtons": false,
																"hideTitleBar": false,
																"label": "_Document Preview"
															},
															"*": {
																"Preview": {
																	"data": [
																		"previewdata"
																	],
																	"type": "Preview",
																	"options": {
																		"version": 0
																	},
																	"stamp": 17
																}
															},
															"stamp": 18,
															"data": []
														}
													},
													"stamp": 19,
													"data": []
												}
											},
											"stamp": 20,
											"data": []
										}
									},
									"stamp": 21,
									"data": []
								}
							},
							"stamp": 22,
							"data": []
						}
					},
					"stamp": 23,
					"data": []
				},
				"form-footer": {
					"type": "FlexibleFormFooter",
					"options": {
						"splitterType": "simple-h",
						"version": 0,
						"maxwidth": ""
					},
					"*": {
						"Save": {
							"type": "SubmitButton",
							"options": {
								"label": "_Save",
								"action": "save",
								"submit": true,
								"version": 0
							},
							"stamp": 24,
							"data": []
						},
						"Approve": {
							"type": "SubmitButton",
							"options": {
								"label": "_Approve",
								"action": "approve",
								"submit": true,
								"version": 0
							},
							"stamp": 25,
							"data": []
						},
						"Reject": {
							"type": "SubmitButton",
							"options": {
								"label": "_Reject",
								"action": "reject",
								"submit": true,
								"version": 0
							},
							"stamp": 26,
							"data": []
						},
						"Reprocess": {
							"type": "SubmitButton",
							"options": {
								"label": "_Reprocess",
								"action": "reprocess",
								"submit": true,
								"version": 0
							},
							"stamp": 27,
							"data": []
						},
						"Close": {
							"type": "SubmitButton",
							"options": {
								"label": "_Close",
								"action": "cancel",
								"submit": true,
								"version": 0
							},
							"stamp": 28,
							"data": []
						}
					},
					"stamp": 29,
					"data": []
				}
			},
			"stamp": 30,
			"data": []
		}
	},
	"stamps": 30,
	"data": []
}</layout>
    </ui>
  </properties>
  <type id="RJRH13130EF" name="CD">
  </type>
</process>