﻿<?xml version="1.0" encoding="UTF-8" standalone="no"?>
<process accountid="20063076" allowrepairprocess="0" builtin="0" builtinversion="0" carriesapplicationversion="0" creationdatetime="2022-10-25 17:04:39" deleted="0" eskerapplication="" global="0" id="NRW552000SG7" keepcustomization="0" keepfieldsonly="0" keepfieldsproperties="0" keepnewcontroloptions="0" migrationversion="4" name="AP - Templates__" needvalidation="1" ootofilter="" ootoversion="0" originalProcessID="SLKN667744" ownerid="cn=admin_p2p@paragon-cc.fr,ou=DEV,ou=TrainingP2P,ou=DEMO_JULIEN,ou=05284299,ou=ESK,s=eoo" ownerpb="OnDemand AddressBook" public="1" pushnotification="0" reuseengine="0" sprintversion="5.261.0" transportname="CustomTable" upgradable="1" userid="0" version="1" visibility="0">
  <properties>
    <dataConditions>
      <listDataConditions>
				&lt;dataCondition&gt;
					&lt;tableName&gt;P2P - Global Application Settings__&lt;/tableName&gt;
					&lt;filter&gt;msnex=*&lt;/filter&gt;
					&lt;labelKey&gt;_AP disabled&lt;/labelKey&gt;
					&lt;conditions&gt;
						&lt;allowCondition&gt;
							&lt;fieldName&gt;EnableAccountPayableGlobalSetting__&lt;/fieldName&gt;
							&lt;fieldValue&gt;1&lt;/fieldValue&gt;
						&lt;/allowCondition&gt;
					&lt;/conditions&gt;
				&lt;/dataCondition&gt;
			</listDataConditions>
    </dataConditions>
    <dbIndex>
      <AUTO_APRW552000SG7A>&lt;Index&gt;&lt;Ref Name="APRW552000SG7" Option="ASC"/&gt;&lt;/Index&gt;</AUTO_APRW552000SG7A>
      <AUTO_ATRW552000SG7A>&lt;Index&gt;&lt;Ref Name="ATRW552000SG7" Option="ASC"/&gt;&lt;/Index&gt;</AUTO_ATRW552000SG7A>
      <AUTO_AVRW552000SG7A>&lt;Index&gt;&lt;Ref Name="AVRW552000SG7" Option="ASC"/&gt;&lt;/Index&gt;</AUTO_AVRW552000SG7A>
    </dbIndex>
    <gdr>
    </gdr>
    <lg>
      <process_de>{
	"_CompanyCode": "Buchungskreis",
	"_CompanyCode_report": "Buchungskreis",
	"_CostCenter": "Kostenstelle",
	"_CostCenter_report": "Kostenstelle",
	"_Description": "Beschreibung",
	"_Description_report": "Beschreibung",
	"_GLAccount": "Sachkonto",
	"_GLAccount_report": "Sachkonto",
	"_LineNumber": "Zeilennummer",
	"_LineNumber_report": "Zeilennummer",
	"_PercentageAmount": "Betrag (%)",
	"_PercentageAmount_report": "Betrag (%)",
	"_TaxCode": "Steuerkennzeichen",
	"_TaxCode_report": "Steuerkennzeichen",
	"_Template": "Name der Kontiervorlage",
	"_Template_report": "Name der Kontiervorlage",
	"AP - Templates": "P2P - Kontiervorlagen"
}</process_de>
      <process_JA>{
	"_CompanyCode": "会社コード",
	"_CompanyCode_report": "会社コード",
	"_CostCenter": "コストセンター",
	"_CostCenter_report": "コストセンター",
	"_Description": "説明",
	"_Description_report": "説明",
	"_GLAccount": "勘定科目",
	"_GLAccount_report": "勘定科目",
	"_LineNumber": "明細番号",
	"_LineNumber_report": "明細番号",
	"_PercentageAmount": "金額 (%)",
	"_PercentageAmount_report": "金額 (%)",
	"_TaxCode": "税コード",
	"_TaxCode_report": "税コード",
	"_Template": "割当テンプレート名",
	"_Template_report": "割当テンプレート名",
	"AP - Templates": "P2P - 割当テンプレート"
}</process_JA>
      <process_en>{
	"_CompanyCode": "Company code",
	"_CompanyCode_report": "Company code",
	"_CostCenter": "Cost center",
	"_CostCenter_report": "Cost center",
	"_Description": "Description",
	"_Description_report": "Description",
	"_GLAccount": "G/L account",
	"_GLAccount_report": "G/L account",
	"_LineNumber": "Line number",
	"_LineNumber_report": "Line number",
	"_PercentageAmount": "Amount (%)",
	"_PercentageAmount_report": "Amount (%)",
	"_TaxCode": "Tax code",
	"_TaxCode_report": "Tax code",
	"_Template": "Assignment template name",
	"_Template_report": "Assignment template name",
	"AP - Templates": "P2P - Assignment templates"
}</process_en>
      <process_es>{
	"_CompanyCode": "Código de empresa",
	"_CompanyCode_report": "Código de empresa",
	"_CostCenter": "Centro de costes",
	"_CostCenter_report": "Centro de costes",
	"_Description": "Descripción",
	"_Description_report": "Descripción",
	"_GLAccount": "Cuenta de mayor",
	"_GLAccount_report": "Cuenta de mayor",
	"_LineNumber": "Número de línea",
	"_LineNumber_report": "Número de línea",
	"_PercentageAmount": "Importe (%)",
	"_PercentageAmount_report": "Importe (%)",
	"_TaxCode": "Código de impuesto",
	"_TaxCode_report": "Código de impuesto",
	"_Template": "Nombre del modelo de imputación",
	"_Template_report": "Nombre del modelo de imputación",
	"AP - Templates": "P2P - Modelos de imputación"
}</process_es>
      <process_fr>{
	"_CompanyCode": "Code société",
	"_CompanyCode_report": "Code société",
	"_CostCenter": "Centre de coût",
	"_CostCenter_report": "Centre de coût",
	"_Description": "Description",
	"_Description_report": "Description",
	"_GLAccount": "Compte général",
	"_GLAccount_report": "Compte général",
	"_LineNumber": "Numéro de ligne",
	"_LineNumber_report": "Numéro de ligne",
	"_PercentageAmount": "Montant (%)",
	"_PercentageAmount_report": "Montant (%)",
	"_TaxCode": "Code TVA",
	"_TaxCode_report": "Code TVA",
	"_Template": "Nom du modèle d'imputation",
	"_Template_report": "Nom du modèle d'imputation",
	"AP - Templates": "P2P - Modèles d'imputation"
}</process_fr>
      <process_nl-NL>{
	"_CompanyCode": "Bedrijfscode",
	"_CompanyCode_report": "Bedrijfscode",
	"_CostCenter": "Kostenplaats",
	"_CostCenter_report": "Kostenplaats",
	"_Description": "Beschrijving",
	"_Description_report": "Beschrijving",
	"_GLAccount": "Grootboekrekening",
	"_GLAccount_report": "Grootboekrekening",
	"_LineNumber": "Regelnummer",
	"_LineNumber_report": "Regelnummer",
	"_PercentageAmount": "Bedrag (%)",
	"_PercentageAmount_report": "Bedrag (%)",
	"_TaxCode": "Belastingcode",
	"_TaxCode_report": "Belastingcode",
	"_Template": "Naam sjabloon toewijzing",
	"_Template_report": "Naam sjabloon toewijzing",
	"AP - Templates": "P2P - Sjablonen toewijzing"
}</process_nl-NL>
      <process_it>{
	"_CompanyCode": "Codice società",
	"_CompanyCode_report": "Codice società",
	"_CostCenter": "Centro di costo",
	"_CostCenter_report": "Centro di costo",
	"_Description": "Descrizione",
	"_Description_report": "Descrizione",
	"_GLAccount": "Conto generale",
	"_GLAccount_report": "Conto generale",
	"_LineNumber": "Numero di riga",
	"_LineNumber_report": "Numero di riga",
	"_PercentageAmount": "Importo (%)",
	"_PercentageAmount_report": "Importo (%)",
	"_TaxCode": "Codice IVA",
	"_TaxCode_report": "Codice IVA",
	"_Template": "Nome del modello di contabilizzazione",
	"_Template_report": "Nome del modello di contabilizzazione",
	"AP - Templates": "P2P - Modelli di contabilizzazione"
}</process_it>
      <process_zh-CN>{
	"_CompanyCode": "公司代码",
	"_CompanyCode_report": "公司代码",
	"_CostCenter": "成本中心",
	"_CostCenter_report": "成本中心",
	"_Description": "说明",
	"_Description_report": "说明",
	"_GLAccount": "总账科目",
	"_GLAccount_report": "总账科目",
	"_LineNumber": "行数",
	"_LineNumber_report": "行数",
	"_PercentageAmount": "金额（%）",
	"_PercentageAmount_report": "金额（%）",
	"_TaxCode": "税码",
	"_TaxCode_report": "税码",
	"_Template": "分配模板名称",
	"_Template_report": "分配模板名称",
	"AP - Templates": "采购到支付 - 分配模板"
}</process_zh-CN>
      <process_pt-BR>{
	"_CompanyCode": "Código da empresa",
	"_CompanyCode_report": "Código da empresa",
	"_CostCenter": "Centro de custo",
	"_CostCenter_report": "Centro de custo",
	"_Description": "Descrição",
	"_Description_report": "Descrição",
	"_GLAccount": "Conta do Razão",
	"_GLAccount_report": "Conta do Razão",
	"_LineNumber": "Número de linha",
	"_LineNumber_report": "Número de linha",
	"_PercentageAmount": "Valor (%)",
	"_PercentageAmount_report": "Valor (%)",
	"_TaxCode": "Código de imposto",
	"_TaxCode_report": "Código de imposto",
	"_Template": "Nome do modelo de atribuição",
	"_Template_report": "Nome do modelo de atribuição",
	"AP - Templates": "P2P - Modelos de atribuição"
}</process_pt-BR>
    </lg>
    <process>
      <BUColumn>CompanyCode__</BUColumn>
      <flowtype>processing</flowtype>
      <homepagelabel>AP - Templates</homepagelabel>
      <upgradable>yes</upgradable>
      <instanciable>1</instanciable>
      <OverrideAllowedAttachmentExtensions>*</OverrideAllowedAttachmentExtensions>
      <AllowUploadAttachment>0</AllowUploadAttachment>
      <AllowUploadReferenceDocument>0</AllowUploadReferenceDocument>
      <shouldRollbackManualRecordEdits>true</shouldRollbackManualRecordEdits>
      <UseCultureFormat>true</UseCultureFormat>
      <TransportName>CustomTable</TransportName>
      <LayoutVersion>1.0</LayoutVersion>
    </process>
    <ui>
      <layout>{
	"*": {
		"Screen": {
			"type": "FlexibleFormLayout",
			"options": {
				"splitterType": "simple-v",
				"version": 0
			},
			"*": {
				"form-header": {
					"type": "FlexibleFormHeader",
					"options": {
						"hidePanelsMenu": false,
						"version": 0
					},
					"stamp": 2,
					"data": []
				},
				"form-center": {
					"type": "FlexibleFormCenter",
					"options": {
						"version": 0
					},
					"*": {
						"form-content": {
							"type": "FlexibleFormContent",
							"options": {
								"version": 0
							},
							"*": {
								"form-content-center": {
									"type": "FlexibleFormSplitter",
									"options": {
										"version": 1,
										"box": {
											"top": "0%",
											"left": "0%",
											"width": "100%"
										},
										"hidden": false
									},
									"*": {
										"form-content-center-1": {
											"type": "FlexibleFormLine",
											"data": [],
											"options": {
												"version": 0
											},
											"stamp": 9,
											"*": {
												"DataPanel": {
													"type": "PanelData",
													"options": {
														"border": {},
														"version": 0,
														"labelLength": 0,
														"iconURL": "",
														"TitleFontSize": "S",
														"hideActionButtons": true,
														"hideTitleBar": true,
														"hideTitle": true,
														"backgroundcolor": "default",
														"labelsAlignment": "right",
														"label": "_Document data",
														"leftImageURL": ""
													},
													"*": {
														"FieldsManager": {
															"type": "FieldsManager",
															"options": {
																"controlsAssociation": {
																	"CompanyCode__": "LabelCompanyCode__",
																	"LabelCompanyCode__": "CompanyCode__",
																	"Template__": "LabelTemplate__",
																	"LabelTemplate__": "Template__",
																	"LineNumber__": "LabelLineNumber__",
																	"LabelLineNumber__": "LineNumber__",
																	"Description__": "LabelDescription__",
																	"LabelDescription__": "Description__",
																	"GLAccount__": "LabelGLAccount__",
																	"LabelGLAccount__": "GLAccount__",
																	"TaxCode__": "LabelTaxCode__",
																	"LabelTaxCode__": "TaxCode__",
																	"CostCenter__": "LabelCostCenter__",
																	"LabelCostCenter__": "CostCenter__",
																	"AmountPercent__": "LabelAmountPercent__",
																	"LabelAmountPercent__": "AmountPercent__"
																},
																"version": 0
															},
															"*": {
																"Grid": {
																	"type": "GridLayout",
																	"options": {
																		"lines": 8,
																		"columns": 2,
																		"version": 0,
																		"ctrlsPos": {
																			"CompanyCode__": {
																				"line": 1,
																				"column": 2
																			},
																			"LabelCompanyCode__": {
																				"line": 1,
																				"column": 1
																			},
																			"Template__": {
																				"line": 2,
																				"column": 2
																			},
																			"LabelTemplate__": {
																				"line": 2,
																				"column": 1
																			},
																			"LineNumber__": {
																				"line": 3,
																				"column": 2
																			},
																			"LabelLineNumber__": {
																				"line": 3,
																				"column": 1
																			},
																			"Description__": {
																				"line": 4,
																				"column": 2
																			},
																			"LabelDescription__": {
																				"line": 4,
																				"column": 1
																			},
																			"GLAccount__": {
																				"line": 5,
																				"column": 2
																			},
																			"LabelGLAccount__": {
																				"line": 5,
																				"column": 1
																			},
																			"TaxCode__": {
																				"line": 7,
																				"column": 2
																			},
																			"LabelTaxCode__": {
																				"line": 7,
																				"column": 1
																			},
																			"CostCenter__": {
																				"line": 6,
																				"column": 2
																			},
																			"LabelCostCenter__": {
																				"line": 6,
																				"column": 1
																			},
																			"AmountPercent__": {
																				"line": 8,
																				"column": 2
																			},
																			"LabelAmountPercent__": {
																				"line": 8,
																				"column": 1
																			}
																		},
																		"colspans": [
																			[],
																			[],
																			[],
																			[],
																			[],
																			[],
																			[],
																			[]
																		]
																	},
																	"data": [
																		"fields"
																	],
																	"*": {
																		"LabelCompanyCode__": {
																			"type": "Label",
																			"data": [
																				"CompanyCode__"
																			],
																			"options": {
																				"label": "_CompanyCode",
																				"version": 0
																			},
																			"stamp": 16
																		},
																		"CompanyCode__": {
																			"type": "DatabaseComboBox",
																			"data": [
																				"CompanyCode__"
																			],
																			"options": {
																				"label": "_CompanyCode",
																				"activable": true,
																				"width": 500,
																				"fTSmaxRecords": "20",
																				"browsable": true,
																				"PreFillFTS": true,
																				"version": 0,
																				"length": 20
																			},
																			"stamp": 17
																		},
																		"LabelTemplate__": {
																			"type": "Label",
																			"data": [
																				"Template__"
																			],
																			"options": {
																				"label": "_Template",
																				"version": 0
																			},
																			"stamp": 18
																		},
																		"Template__": {
																			"type": "ShortText",
																			"data": [
																				"Template__"
																			],
																			"options": {
																				"textSize": "S",
																				"textAlignment": "left",
																				"textStyle": "default",
																				"textColor": "default",
																				"label": "_Template",
																				"activable": true,
																				"width": 500,
																				"browsable": false,
																				"version": 0
																			},
																			"stamp": 19
																		},
																		"LabelLineNumber__": {
																			"type": "Label",
																			"data": [
																				"LineNumber__"
																			],
																			"options": {
																				"label": "_LineNumber",
																				"version": 0
																			},
																			"stamp": 20
																		},
																		"LineNumber__": {
																			"type": "Integer",
																			"data": [
																				"LineNumber__"
																			],
																			"options": {
																				"version": 1,
																				"textSize": "S",
																				"textAlignment": "left",
																				"textStyle": "default",
																				"textColor": "default",
																				"integer": true,
																				"label": "_LineNumber",
																				"precision_internal": 0,
																				"activable": true,
																				"width": 500,
																				"browsable": false
																			},
																			"stamp": 21
																		},
																		"LabelDescription__": {
																			"type": "Label",
																			"data": [
																				"Description__"
																			],
																			"options": {
																				"label": "_Description",
																				"version": 0
																			},
																			"stamp": 22
																		},
																		"Description__": {
																			"type": "ShortText",
																			"data": [
																				"Description__"
																			],
																			"options": {
																				"textSize": "S",
																				"textAlignment": "left",
																				"textStyle": "default",
																				"textColor": "default",
																				"label": "_Description",
																				"activable": true,
																				"width": 500,
																				"browsable": false,
																				"version": 0
																			},
																			"stamp": 23
																		},
																		"LabelGLAccount__": {
																			"type": "Label",
																			"data": [
																				"GLAccount__"
																			],
																			"options": {
																				"label": "_GLAccount",
																				"version": 0
																			},
																			"stamp": 24
																		},
																		"GLAccount__": {
																			"type": "DatabaseComboBox",
																			"data": [
																				"GLAccount__"
																			],
																			"options": {
																				"label": "_GLAccount",
																				"activable": true,
																				"width": 500,
																				"fTSmaxRecords": "20",
																				"browsable": true,
																				"version": 0,
																				"length": 30
																			},
																			"stamp": 25
																		},
																		"LabelCostCenter__": {
																			"type": "Label",
																			"data": [
																				"CostCenter__"
																			],
																			"options": {
																				"label": "_CostCenter",
																				"version": 0
																			},
																			"stamp": 28
																		},
																		"CostCenter__": {
																			"type": "DatabaseComboBox",
																			"data": [
																				"CostCenter__"
																			],
																			"options": {
																				"label": "_CostCenter",
																				"activable": true,
																				"width": 500,
																				"fTSmaxRecords": "20",
																				"browsable": true,
																				"version": 0,
																				"length": 20
																			},
																			"stamp": 29
																		},
																		"LabelTaxCode__": {
																			"type": "Label",
																			"data": [
																				"TaxCode__"
																			],
																			"options": {
																				"label": "_TaxCode",
																				"version": 0
																			},
																			"stamp": 26
																		},
																		"TaxCode__": {
																			"type": "DatabaseComboBox",
																			"data": [
																				"TaxCode__"
																			],
																			"options": {
																				"label": "_TaxCode",
																				"activable": true,
																				"width": 500,
																				"fTSmaxRecords": "20",
																				"browsable": true,
																				"version": 0,
																				"length": 10
																			},
																			"stamp": 27
																		},
																		"LabelAmountPercent__": {
																			"type": "Label",
																			"data": [
																				"AmountPercent__"
																			],
																			"options": {
																				"label": "_PercentageAmount",
																				"version": 0
																			},
																			"stamp": 30
																		},
																		"AmountPercent__": {
																			"type": "Decimal",
																			"data": [
																				"AmountPercent__"
																			],
																			"options": {
																				"version": 1,
																				"textSize": "S",
																				"textAlignment": "left",
																				"textStyle": "default",
																				"textColor": "default",
																				"integer": false,
																				"label": "_PercentageAmount",
																				"precision_internal": 5,
																				"activable": true,
																				"width": 500
																			},
																			"stamp": 31
																		}
																	},
																	"stamp": 8
																}
															},
															"stamp": 7,
															"data": []
														}
													},
													"stamp": 6,
													"data": []
												}
											}
										}
									},
									"stamp": 5,
									"data": []
								}
							},
							"stamp": 4,
							"data": []
						}
					},
					"stamp": 3,
					"data": []
				},
				"form-footer": {
					"type": "FlexibleFormFooter",
					"options": {
						"splitterType": "simple-h",
						"version": 0
					},
					"*": {
						"Save": {
							"type": "SubmitButton",
							"options": {
								"label": "_Save",
								"action": "savequit",
								"submit": true,
								"version": 0
							},
							"stamp": 11,
							"data": []
						},
						"Close": {
							"type": "SubmitButton",
							"options": {
								"label": "_Close",
								"action": "cancel",
								"submit": true,
								"version": 0
							},
							"stamp": 12,
							"data": []
						},
						"Delete": {
							"type": "SubmitButton",
							"options": {
								"label": "_Delete",
								"action": "delete",
								"submit": true,
								"version": 0,
								"disabled": true
							},
							"stamp": 13,
							"data": []
						}
					},
					"stamp": 10,
					"data": []
				}
			},
			"stamp": 1,
			"data": []
		}
	},
	"stamps": 31,
	"data": []
}</layout>
    </ui>
  </properties>
  <field deleted="0" format="" guid="DUXW667752" id="ORW552000SG7" label="_PercentageAmount_report" length="17" name="AmountPercent__" originalProcessID="SLKN667744" precision="5" processid="NRW552000SG7" submitable="1" type="DECIMAL">
    <properties>
      <db>
        <alias>AORW552000SG7</alias>
        <noxml>1</noxml>
        <fullname>/job/processfields/AmountPercent__</fullname>
        <defaultvalue>
        </defaultvalue>
        <RecordLastWrite>1899-12-30 00:00:00</RecordLastWrite>
      </db>
      <extrainfo>
        <Label>_PercentageAmount_report</Label>
        <alias>AORW552000SG7</alias>
        <DecimalPrecision vartype="INT">5</DecimalPrecision>
        <ProcessFieldVersion vartype="INT">1</ProcessFieldVersion>
      </extrainfo>
      <gdr>
        <VarType>Area</VarType>
      </gdr>
      <ui>
        <_type>Number</_type>
        <automatic>true</automatic>
      </ui>
    </properties>
  </field>
  <field deleted="0" format="" guid="HUME667745" id="PRW552000SG7" label="_CompanyCode_report" length="50" name="CompanyCode__" originalProcessID="SLKN667744" precision="0" processid="NRW552000SG7" submitable="1" type="STR">
    <properties>
      <db>
        <alias>APRW552000SG7</alias>
        <index vartype="INT">1</index>
        <noxml>1</noxml>
        <fullname>/job/processfields/CompanyCode__</fullname>
        <defaultvalue>
        </defaultvalue>
        <RecordLastWrite>1899-12-30 00:00:00</RecordLastWrite>
      </db>
      <extrainfo>
        <Label>_CompanyCode_report</Label>
        <alias>APRW552000SG7</alias>
        <ProcessFieldVersion vartype="INT">1</ProcessFieldVersion>
      </extrainfo>
      <field>
        <Editable>true</Editable>
        <required>true</required>
        <TableName>CT#ECW552000SG7</TableName>
        <SortOrder>ASC</SortOrder>
        <DisplayedColumns>CompanyCode__|CompanyName__</DisplayedColumns>
        <DisplayedColumnsIds>
        </DisplayedColumnsIds>
        <SavedColumn>CompanyCode__</SavedColumn>
        <SavedColumnId>HUME134563</SavedColumnId>
        <ProcessName>PurchasingCompanycodes__</ProcessName>
        <CustomFilter>
        </CustomFilter>
      </field>
      <ui>
        <_type>String</_type>
        <automatic>true</automatic>
      </ui>
    </properties>
  </field>
  <field deleted="0" format="" guid="KFNQ667751" id="QRW552000SG7" label="_CostCenter_report" length="20" name="CostCenter__" originalProcessID="SLKN667744" precision="0" processid="NRW552000SG7" submitable="1" type="STR">
    <properties>
      <db>
        <alias>AQRW552000SG7</alias>
        <noxml>1</noxml>
        <fullname>/job/processfields/CostCenter__</fullname>
        <defaultvalue>
        </defaultvalue>
        <RecordLastWrite>1899-12-30 00:00:00</RecordLastWrite>
      </db>
      <extrainfo>
        <Label>_CostCenter_report</Label>
        <alias>AQRW552000SG7</alias>
        <ProcessFieldVersion vartype="INT">1</ProcessFieldVersion>
      </extrainfo>
      <field>
        <Editable>true</Editable>
        <TableName>CT#CFW552000SG7</TableName>
        <SortOrder>ASC</SortOrder>
        <DisplayedColumns>CostCenter__|Description__|CompanyCode__</DisplayedColumns>
        <DisplayedColumnsIds>
        </DisplayedColumnsIds>
        <SavedColumn>CostCenter__</SavedColumn>
        <SavedColumnId>HUME13697</SavedColumnId>
        <ProcessName>AP - Cost centers__</ProcessName>
        <CustomFilter>(|(CompanyCode__=%[CompanyCode__])(CompanyCode__=)(!(CompanyCode__=*)))</CustomFilter>
      </field>
      <ui>
        <_type>String</_type>
        <automatic>true</automatic>
      </ui>
    </properties>
  </field>
  <field deleted="0" format="" guid="FIRC667748" id="RRW552000SG7" label="_Description_report" length="50" name="Description__" originalProcessID="SLKN667744" precision="0" processid="NRW552000SG7" submitable="1" type="STR">
    <properties>
      <db>
        <alias>ARRW552000SG7</alias>
        <noxml>1</noxml>
        <fullname>/job/processfields/Description__</fullname>
        <defaultvalue>
        </defaultvalue>
        <RecordLastWrite>1899-12-30 00:00:00</RecordLastWrite>
      </db>
      <extrainfo>
        <Label>_Description_report</Label>
        <alias>ARRW552000SG7</alias>
        <ProcessFieldVersion vartype="INT">1</ProcessFieldVersion>
      </extrainfo>
      <gdr>
        <VarType>Area</VarType>
      </gdr>
      <ui>
        <_type>String</_type>
        <automatic>true</automatic>
      </ui>
    </properties>
  </field>
  <field deleted="0" format="" guid="VSCX667749" id="SRW552000SG7" label="_GLAccount_report" length="30" name="GLAccount__" originalProcessID="SLKN667744" precision="0" processid="NRW552000SG7" submitable="1" type="STR">
    <properties>
      <db>
        <alias>ASRW552000SG7</alias>
        <noxml>1</noxml>
        <fullname>/job/processfields/GLAccount__</fullname>
        <defaultvalue>
        </defaultvalue>
        <RecordLastWrite>1899-12-30 00:00:00</RecordLastWrite>
      </db>
      <extrainfo>
        <Label>_GLAccount_report</Label>
        <alias>ASRW552000SG7</alias>
        <ProcessFieldVersion vartype="INT">1</ProcessFieldVersion>
      </extrainfo>
      <field>
        <Editable>true</Editable>
        <TableName>CT#UHW552000SG7</TableName>
        <SortOrder>ASC</SortOrder>
        <DisplayedColumns>Account__|Description__|CompanyCode__</DisplayedColumns>
        <DisplayedColumnsIds>
        </DisplayedColumnsIds>
        <SavedColumn>Account__</SavedColumn>
        <SavedColumnId>IENM780</SavedColumnId>
        <ProcessName>AP - G/L accounts__</ProcessName>
        <CustomFilter>(|(CompanyCode__=%[CompanyCode__])(CompanyCode__=)(!(CompanyCode__=*)))</CustomFilter>
      </field>
      <ui>
        <_type>String</_type>
        <automatic>true</automatic>
      </ui>
    </properties>
  </field>
  <field deleted="0" format="" guid="LFDX667747" id="TRW552000SG7" label="_LineNumber_report" length="0" name="LineNumber__" originalProcessID="SLKN667744" precision="0" processid="NRW552000SG7" submitable="1" type="INT">
    <properties>
      <db>
        <alias>ATRW552000SG7</alias>
        <index vartype="INT">1</index>
        <noxml>1</noxml>
        <fullname>/job/processfields/LineNumber__</fullname>
        <defaultvalue>
        </defaultvalue>
        <RecordLastWrite>1899-12-30 00:00:00</RecordLastWrite>
      </db>
      <extrainfo>
        <Label>_LineNumber_report</Label>
        <Alias>ATRW552000SG7</Alias>
        <ProcessFieldVersion vartype="INT">1</ProcessFieldVersion>
      </extrainfo>
      <field>
        <required>true</required>
      </field>
      <gdr>
        <VarType>Area</VarType>
      </gdr>
      <ui>
        <_type>Number</_type>
        <automatic>true</automatic>
      </ui>
    </properties>
  </field>
  <field deleted="0" format="" guid="GGBW667750" id="URW552000SG7" label="_TaxCode_report" length="115" name="TaxCode__" originalProcessID="SLKN667744" precision="0" processid="NRW552000SG7" submitable="1" type="STR">
    <properties>
      <db>
        <alias>AURW552000SG7</alias>
        <noxml>1</noxml>
        <fullname>/job/processfields/TaxCode__</fullname>
        <defaultvalue>
        </defaultvalue>
        <RecordLastWrite>1899-12-30 00:00:00</RecordLastWrite>
      </db>
      <extrainfo>
        <Label>_TaxCode_report</Label>
        <alias>AURW552000SG7</alias>
        <ProcessFieldVersion vartype="INT">1</ProcessFieldVersion>
      </extrainfo>
      <field>
        <Editable>true</Editable>
        <TableName>CT#DLW552000SG7</TableName>
        <SortOrder>ASC</SortOrder>
        <DisplayedColumns>TaxCode__|Description__|TaxRate__|CompanyCode__</DisplayedColumns>
        <DisplayedColumnsIds>
        </DisplayedColumnsIds>
        <SavedColumn>TaxCode__</SavedColumn>
        <SavedColumnId>KDAU667268</SavedColumnId>
        <ProcessName>AP - Tax codes__</ProcessName>
        <CustomFilter>(|(CompanyCode__=%[CompanyCode__])(CompanyCode__=)(!(CompanyCode__=*)))</CustomFilter>
      </field>
      <ui>
        <_type>String</_type>
        <automatic>true</automatic>
      </ui>
    </properties>
  </field>
  <field deleted="0" format="" guid="AYLN667746" id="VRW552000SG7" label="_Template_report" length="50" name="Template__" originalProcessID="SLKN667744" precision="0" processid="NRW552000SG7" submitable="1" type="STR">
    <properties>
      <db>
        <alias>AVRW552000SG7</alias>
        <index vartype="INT">1</index>
        <noxml>1</noxml>
        <fullname>/job/processfields/Template__</fullname>
        <defaultvalue>
        </defaultvalue>
        <RecordLastWrite>1899-12-30 00:00:00</RecordLastWrite>
      </db>
      <extrainfo>
        <Label>_Template_report</Label>
        <alias>AVRW552000SG7</alias>
        <ProcessFieldVersion vartype="INT">1</ProcessFieldVersion>
      </extrainfo>
      <field>
        <required>true</required>
      </field>
      <gdr>
        <VarType>Area</VarType>
      </gdr>
      <ui>
        <_type>String</_type>
        <automatic>true</automatic>
      </ui>
    </properties>
  </field>
  <type id="JLLP13130F1" name="CT">
  </type>
</process>