﻿<?xml version="1.0" encoding="UTF-8" standalone="no"?>
<process accountid="20063076" allowrepairprocess="0" builtin="0" builtinversion="0" carriesapplicationversion="0" creationdatetime="2022-10-25 17:04:11" deleted="0" eskerapplication="" global="0" id="OEW552000SG7" keepcustomization="0" keepfieldsonly="0" keepfieldsproperties="0" keepnewcontroloptions="0" migrationversion="4" name="P2P - Expense category__" needvalidation="1" ootofilter="" ootoversion="1" originalProcessID="LFDX4229483B" ownerid="cn=admin_p2p@paragon-cc.fr,ou=DEV,ou=TrainingP2P,ou=DEMO_JULIEN,ou=05284299,ou=ESK,s=eoo" ownerpb="OnDemand AddressBook" public="1" pushnotification="0" reuseengine="0" sprintversion="5.261.0" transportname="CustomTable" upgradable="1" userid="0" version="1" visibility="0">
  <properties>
    <dbIndex>
      <AUTO_APEW552000SG7A>&lt;Index&gt;&lt;Ref Name="APEW552000SG7" Option="ASC"/&gt;&lt;/Index&gt;</AUTO_APEW552000SG7A>
      <AUTO_AQEW552000SG7A>&lt;Index&gt;&lt;Ref Name="AQEW552000SG7" Option="ASC"/&gt;&lt;/Index&gt;</AUTO_AQEW552000SG7A>
    </dbIndex>
    <gdr>
    </gdr>
    <lg>
      <process_DE>{
	"Company code": "Buchungskreis",
	"ID": "Spesenkategorie",
	"Name": "Beschreibung",
	"P2P - Expense category": "P2P - Spesenkategorien",
	"P2P - Expense category__": "P2P - Spesenkategorien"
}</process_DE>
      <process_JA>{
	"Company code": "会社コード",
	"ID": "費用分類",
	"Name": "説明",
	"P2P - Expense category": "P2P - 費用分類",
	"P2P - Expense category__": "P2P - 費用分類"
}</process_JA>
      <process_en>{
	"Company code": "Company code",
	"ID": "Expense category",
	"Name": "Description",
	"P2P - Expense category": "P2P - Expense categories",
	"P2P - Expense category__": "P2P - Expense categories"
}</process_en>
      <process_ES>{
	"Company code": "Código de empresa",
	"ID": "Categoría de gastos",
	"Name": "Descripción",
	"P2P - Expense category": "P2P - Categorías de gastos",
	"P2P - Expense category__": "P2P - Categorías de gastos"
}</process_ES>
      <process_FR>{
	"Company code": "Code société",
	"ID": "Catégorie de dépenses",
	"Name": "Description",
	"P2P - Expense category": "P2P - Catégories de dépenses",
	"P2P - Expense category__": "P2P - Catégories de dépenses"
}</process_FR>
      <process_nl-NL>{
	"Company code": "Bedrijfscode",
	"ID": "Uitgavencategorie",
	"Name": "Beschrijving",
	"P2P - Expense category": "P2P - Uitgavencategorieën",
	"P2P - Expense category__": "P2P - Uitgavencategorieën"
}</process_nl-NL>
      <process_IT>{
	"Company code": "Codice società",
	"ID": "Categoria di spesa",
	"Name": "Descrizione",
	"P2P - Expense category": "P2P - Categorie di spese",
	"P2P - Expense category__": "P2P - Categorie di spese"
}</process_IT>
      <process_zh-CN>{
	"Company code": "公司代码",
	"ID": "费用类别",
	"Name": "名称/描述",
	"P2P - Expense category": "采购到支付 - 费用类别",
	"P2P - Expense category__": "采购到支付 - 费用类别"
}</process_zh-CN>
      <process_pt-BR>{
	"Company code": "Código da empresa",
	"ID": "Categoria de despesa",
	"Name": "Descrição",
	"P2P - Expense category": "P2P - Categorias de despesas",
	"P2P - Expense category__": "P2P - Categorias de despesas"
}</process_pt-BR>
    </lg>
    <process>
      <BUColumn>CompanyCode__</BUColumn>
      <flowtype>processing</flowtype>
      <homepagelabel>P2P - Expense category</homepagelabel>
      <instanciable>1</instanciable>
      <enablerounddecimal>true</enablerounddecimal>
      <OverrideAllowedAttachmentExtensions>*</OverrideAllowedAttachmentExtensions>
      <UseActionNameWithScriptApproval>true</UseActionNameWithScriptApproval>
      <AllowUploadAttachment>0</AllowUploadAttachment>
      <AllowUploadReferenceDocument>0</AllowUploadReferenceDocument>
      <shouldRollbackManualRecordEdits>true</shouldRollbackManualRecordEdits>
      <UseCultureFormat>true</UseCultureFormat>
      <TransportName>CustomTable</TransportName>
      <LayoutVersion>1.0</LayoutVersion>
    </process>
    <ui>
      <layout>{
	"*": {
		"Screen": {
			"type": "FlexibleFormLayout",
			"options": {
				"splitterType": "simple-v",
				"version": 0,
				"processHelpId": "5090"
			},
			"*": {
				"form-header": {
					"type": "FlexibleFormHeader",
					"options": {
						"hidePanelsMenu": false,
						"version": 0
					},
					"stamp": 2,
					"data": []
				},
				"form-center": {
					"type": "FlexibleFormCenter",
					"options": {
						"version": 0
					},
					"*": {
						"form-content": {
							"type": "FlexibleFormContent",
							"options": {
								"version": 0
							},
							"*": {
								"form-content-center": {
									"type": "FlexibleFormSplitter",
									"options": {
										"version": 1,
										"box": {
											"top": "0%",
											"left": "0%",
											"width": "100%"
										},
										"hidden": false
									},
									"*": {
										"form-content-center-1": {
											"type": "FlexibleFormLine",
											"data": [],
											"options": {
												"version": 0
											},
											"stamp": 9,
											"*": {
												"DataPanel": {
													"type": "PanelData",
													"options": {
														"border": {},
														"version": 0,
														"labelLength": 0,
														"iconURL": "",
														"TitleFontSize": "S",
														"hideActionButtons": false,
														"hideTitleBar": false,
														"hideTitle": false,
														"backgroundcolor": "default",
														"labelsAlignment": "right",
														"label": "_Document data"
													},
													"*": {
														"FieldsManager": {
															"type": "FieldsManager",
															"options": {
																"controlsAssociation": {
																	"CompanyCode__": "LabelCompanyCode__",
																	"LabelCompanyCode__": "CompanyCode__",
																	"ExpenseCategory__": "LabelExpenseCategory__",
																	"LabelExpenseCategory__": "ExpenseCategory__",
																	"Description__": "LabelDescription__",
																	"LabelDescription__": "Description__"
																},
																"version": 0
															},
															"*": {
																"Grid": {
																	"type": "GridLayout",
																	"options": {
																		"lines": 3,
																		"columns": 2,
																		"version": 0,
																		"ctrlsPos": {
																			"CompanyCode__": {
																				"line": 1,
																				"column": 2
																			},
																			"LabelCompanyCode__": {
																				"line": 1,
																				"column": 1
																			},
																			"ExpenseCategory__": {
																				"line": 2,
																				"column": 2
																			},
																			"LabelExpenseCategory__": {
																				"line": 2,
																				"column": 1
																			},
																			"Description__": {
																				"line": 3,
																				"column": 2
																			},
																			"LabelDescription__": {
																				"line": 3,
																				"column": 1
																			}
																		},
																		"colspans": [
																			[],
																			[],
																			[]
																		]
																	},
																	"data": [
																		"fields"
																	],
																	"*": {
																		"LabelCompanyCode__": {
																			"type": "Label",
																			"data": [
																				"CompanyCode__"
																			],
																			"options": {
																				"label": "Company code",
																				"version": 0
																			},
																			"stamp": 14
																		},
																		"CompanyCode__": {
																			"type": "DatabaseComboBox",
																			"data": [
																				"CompanyCode__"
																			],
																			"options": {
																				"version": 1,
																				"label": "Company code",
																				"activable": true,
																				"width": "500",
																				"helpText": "",
																				"helpURL": "",
																				"helpFormat": "HTML Format",
																				"PreFillFTS": true,
																				"fTSmaxRecords": "20",
																				"browsable": true
																			},
																			"stamp": 15
																		},
																		"LabelExpenseCategory__": {
																			"type": "Label",
																			"data": [
																				"ExpenseCategory__"
																			],
																			"options": {
																				"label": "ID",
																				"version": 0
																			},
																			"stamp": 16
																		},
																		"ExpenseCategory__": {
																			"type": "ShortText",
																			"data": [
																				"ExpenseCategory__"
																			],
																			"options": {
																				"textSize": "S",
																				"textAlignment": "left",
																				"textStyle": "default",
																				"textColor": "default",
																				"label": "ID",
																				"activable": true,
																				"width": "500",
																				"helpText": "",
																				"helpURL": "",
																				"helpFormat": "HTML Format",
																				"browsable": false,
																				"version": 0
																			},
																			"stamp": 17
																		},
																		"LabelDescription__": {
																			"type": "Label",
																			"data": [
																				"Description__"
																			],
																			"options": {
																				"label": "Name",
																				"version": 0
																			},
																			"stamp": 18
																		},
																		"Description__": {
																			"type": "ShortText",
																			"data": [
																				"Description__"
																			],
																			"options": {
																				"textSize": "S",
																				"textAlignment": "left",
																				"textStyle": "default",
																				"textColor": "default",
																				"label": "Name",
																				"activable": true,
																				"width": "500",
																				"helpText": "",
																				"helpURL": "",
																				"helpFormat": "HTML Format",
																				"browsable": false,
																				"length": 120,
																				"version": 0
																			},
																			"stamp": 19
																		}
																	},
																	"stamp": 8
																}
															},
															"stamp": 7,
															"data": []
														}
													},
													"stamp": 6,
													"data": []
												}
											}
										}
									},
									"stamp": 5,
									"data": []
								}
							},
							"stamp": 4,
							"data": []
						}
					},
					"stamp": 3,
					"data": []
				},
				"form-footer": {
					"type": "FlexibleFormFooter",
					"options": {
						"splitterType": "simple-h",
						"version": 0
					},
					"*": {
						"Save": {
							"type": "SubmitButton",
							"options": {
								"label": "_Save",
								"action": "savequit",
								"submit": true,
								"version": 0,
								"shortCut": "S"
							},
							"stamp": 11,
							"data": []
						},
						"Close": {
							"type": "SubmitButton",
							"options": {
								"label": "_Close",
								"action": "cancel",
								"submit": true,
								"version": 0,
								"shortCut": "Q"
							},
							"stamp": 12,
							"data": []
						},
						"Delete": {
							"type": "SubmitButton",
							"options": {
								"label": "_Delete",
								"action": "delete",
								"submit": true,
								"version": 0,
								"disabled": true
							},
							"stamp": 13,
							"data": []
						}
					},
					"stamp": 10,
					"data": []
				}
			},
			"stamp": 1,
			"data": []
		}
	},
	"stamps": 19,
	"data": []
}</layout>
    </ui>
  </properties>
  <field deleted="0" format="" guid="PHQG42294838" id="PEW552000SG7" label="Company code" length="50" name="CompanyCode__" originalProcessID="LFDX4229483B" precision="0" processid="OEW552000SG7" submitable="1" type="STR">
    <properties>
      <db>
        <alias>APEW552000SG7</alias>
        <index vartype="INT">1</index>
        <noxml>1</noxml>
        <fullname>/job/processfields/CompanyCode__</fullname>
        <jointable>PurchasingCompanycodes__</jointable>
        <jointableid>CT#ECW552000SG7</jointableid>
        <defaultvalue>
        </defaultvalue>
        <joincondition>(source.CompanyCode__=dest.CompanyCode__)</joincondition>
        <RecordLastWrite>2022-10-25 17:04:10</RecordLastWrite>
      </db>
      <extrainfo>
        <Label>Company code</Label>
        <Alias>APEW552000SG7</Alias>
        <ProcessFieldVersion vartype="INT">1</ProcessFieldVersion>
      </extrainfo>
      <field>
        <Editable>true</Editable>
        <TableName>CT#ECW552000SG7</TableName>
        <SortOrder>
        </SortOrder>
        <DisplayedColumns>CompanyCode__|CompanyName__</DisplayedColumns>
        <DisplayedColumnsIds>
        </DisplayedColumnsIds>
        <UseTableForAutolearn>false</UseTableForAutolearn>
        <SavedColumn>CompanyCode__</SavedColumn>
        <SavedColumnId>
        </SavedColumnId>
        <ProcessName>PurchasingCompanycodes__</ProcessName>
        <CustomFilter>
        </CustomFilter>
      </field>
      <help>
        <helpData>{"helpText":"","helpURL":"","helpFormat":"HTML Format"}</helpData>
      </help>
      <ui>
        <_type>String</_type>
        <automatic>true</automatic>
      </ui>
    </properties>
  </field>
  <field deleted="0" format="" guid="AYLN4229483A" id="REW552000SG7" label="Name" length="120" name="Description__" originalProcessID="LFDX4229483B" precision="0" processid="OEW552000SG7" submitable="1" type="STR">
    <properties>
      <db>
        <alias>AREW552000SG7</alias>
        <noxml>1</noxml>
        <fullname>/job/processfields/Description__</fullname>
        <defaultvalue>
        </defaultvalue>
        <RecordLastWrite>2022-10-25 17:04:10</RecordLastWrite>
      </db>
      <extrainfo>
        <Label>Name</Label>
        <Alias>AREW552000SG7</Alias>
        <ProcessFieldVersion vartype="INT">1</ProcessFieldVersion>
      </extrainfo>
      <gdr>
        <VarType>Area</VarType>
      </gdr>
      <help>
        <helpData>{"helpText":"","helpURL":"","helpFormat":"HTML Format"}</helpData>
      </help>
      <ui>
        <_type>String</_type>
        <automatic>true</automatic>
      </ui>
    </properties>
  </field>
  <field deleted="0" format="" guid="HUME42294839" id="QEW552000SG7" label="ID" length="50" name="ExpenseCategory__" originalProcessID="LFDX4229483B" precision="0" processid="OEW552000SG7" submitable="1" type="STR">
    <properties>
      <db>
        <alias>AQEW552000SG7</alias>
        <index vartype="INT">1</index>
        <noxml>1</noxml>
        <fullname>/job/processfields/ExpenseCategory__</fullname>
        <defaultvalue>
        </defaultvalue>
        <RecordLastWrite>2022-10-25 17:04:10</RecordLastWrite>
      </db>
      <extrainfo>
        <Label>ID</Label>
        <Alias>AQEW552000SG7</Alias>
        <ProcessFieldVersion vartype="INT">1</ProcessFieldVersion>
      </extrainfo>
      <gdr>
        <VarType>Area</VarType>
      </gdr>
      <help>
        <helpData>{"helpText":"","helpURL":"","helpFormat":"HTML Format"}</helpData>
      </help>
      <ui>
        <_type>String</_type>
        <automatic>true</automatic>
      </ui>
    </properties>
  </field>
  <type id="JLLP13130F1" name="CT">
  </type>
</process>