﻿<?xml version="1.0" encoding="UTF-8" standalone="no"?>
<process accountid="20063076" allowrepairprocess="0" builtin="0" builtinversion="0" carriesapplicationversion="0" creationdatetime="2022-10-25 17:08:59" deleted="0" eskerapplication="" global="0" id="KC2652000SG7" keepcustomization="0" keepfieldsonly="0" keepfieldsproperties="0" keepnewcontroloptions="0" migrationversion="4" name="ERP Notifier Vendor" needvalidation="0" ootofilter="" ootoversion="0" originalProcessID="EFFM1275194" ownerid="cn=admin_p2p@paragon-cc.fr,ou=DEV,ou=TrainingP2P,ou=DEMO_JULIEN,ou=05284299,ou=ESK,s=eoo" ownerpb="OnDemand AddressBook" public="1" pushnotification="0" reuseengine="0" sprintversion="5.261.0" transportname="CustomData" upgradable="1" userid="0" version="1" visibility="0">
  <properties>
    <dbIndex>
      <AUTO_ALC2652000SG7A>&lt;Index&gt;&lt;Ref Name="ALC2652000SG7" Option="ASC"/&gt;&lt;/Index&gt;</AUTO_ALC2652000SG7A>
    </dbIndex>
    <gdr>
      <FinalizationScriptAllowRetry>
      </FinalizationScriptAllowRetry>
      <FinalizationScript>
      </FinalizationScript>
      <ValidationScriptAllowRetry>
      </ValidationScriptAllowRetry>
      <ValidationScript>
      </ValidationScript>
      <AllowTagCoverPages>true</AllowTagCoverPages>
      <AllowTagNewDocuments>true</AllowTagNewDocuments>
      <AllowTagAttachments>true</AllowTagAttachments>
      <ExtractionScriptAllowRetry>
      </ExtractionScriptAllowRetry>
      <ExtractionScript>
      </ExtractionScript>
      <AllowRemovePages>true</AllowRemovePages>
      <AllowSwapPages>true</AllowSwapPages>
      <PostProcessingScriptAllowRetry>
      </PostProcessingScriptAllowRetry>
      <PostProcessingScript>
      </PostProcessingScript>
    </gdr>
    <lg>
      <process_de>{
	"_Company": "Firma des Lieferanten",
	"_Company_report": "Firma des Lieferanten",
	"ERP Notifier Vendor": "Lieferantenerstellung im ERP"
}</process_de>
      <process_ja>{
	"_Company": "仕入先企業",
	"_Company_report": "仕入先企業",
	"ERP Notifier Vendor": "ERPの仕入先作成"
}</process_ja>
      <process_en>{
	"_Company": "Vendor company",
	"_Company_report": "Vendor company",
	"ERP Notifier Vendor": "Vendor creation in ERP"
}</process_en>
      <process_es>{
	"_Company": "Empresa del proveedor",
	"_Company_report": "Empresa del proveedor",
	"ERP Notifier Vendor": "Creación del proveedor en el ERP"
}</process_es>
      <process_fr>{
	"_Company": "Société du fournisseur",
	"_Company_report": "Société du fournisseur",
	"ERP Notifier Vendor": "Création du fournisseur dans l'ERP"
}</process_fr>
      <process_nl-NL>{
	"_Company": "Bedrijf leverancier",
	"_Company_report": "Bedrijf leverancier",
	"ERP Notifier Vendor": "Aanmaak leverancier in ERP"
}</process_nl-NL>
      <process_it>{
	"_Company": "Società fornitore",
	"_Company_report": "Società fornitore",
	"ERP Notifier Vendor": "Creazione fornitore nell'ERP"
}</process_it>
      <process_zh-CN>{
	"_Company": "供应商公司",
	"_Company_report": "供应商公司",
	"ERP Notifier Vendor": "ERP 中的供应商创建"
}</process_zh-CN>
      <process_pt-BR>{
	"_Company": "Empresa fornecedora",
	"_Company_report": "Empresa fornecedora",
	"ERP Notifier Vendor": "Criação de fornecedor em ERP"
}</process_pt-BR>
    </lg>
    <ocr>
      <trade-off>accurate</trade-off>
      <image-ocr-timeout>
      </image-ocr-timeout>
      <image-binarization>no</image-binarization>
      <image-draft-fax>no</image-draft-fax>
      <image-despeckle>no</image-despeckle>
      <allowed-language>0</allowed-language>
      <image-resolution-enhancement>auto</image-resolution-enhancement>
      <ocrpagestoprocess>0</ocrpagestoprocess>
      <extractionAdditionalOptions>
      </extractionAdditionalOptions>
    </ocr>
    <process>
      <flowtype>processing</flowtype>
      <ocrpreset>scan</ocrpreset>
      <homepagelabel>ERP Notifier Vendor</homepagelabel>
      <enableflexibleauditing>
      </enableflexibleauditing>
      <enableflexibleediting>
      </enableflexibleediting>
      <enableflexibleteaching>
      </enableflexibleteaching>
      <upgradable>yes</upgradable>
      <disableocr>
      </disableocr>
      <instanciable>1</instanciable>
      <disableautolearning>true</disableautolearning>
      <backgroundprocessingthreshold>
      </backgroundprocessingthreshold>
      <EnablePreviewPrecomputation>
      </EnablePreviewPrecomputation>
      <pdfNormalizeFilter>
      </pdfNormalizeFilter>
      <archiveDuration>0</archiveDuration>
      <ownhomepage>
      </ownhomepage>
      <ocrpagestoprocess>
      </ocrpagestoprocess>
      <ScriptEngineType>2</ScriptEngineType>
      <displayWidth>
      </displayWidth>
      <AllowUploadAttachment>1</AllowUploadAttachment>
      <AllowUploadReferenceDocument>1</AllowUploadReferenceDocument>
      <AllowRetryExtractCD>true</AllowRetryExtractCD>
      <TransportName>CustomData</TransportName>
      <LayoutVersion>1.0</LayoutVersion>
      <printToProcess>
      </printToProcess>
    </process>
    <ui>
      <layout>{
	"*": {
		"GDRData": {
			"type": "GDRData",
			"options": {
				"version": 0
			},
			"stamp": 1,
			"data": []
		},
		"OCRParams": {
			"type": "OCRParams",
			"options": {
				"version": 0
			},
			"stamp": 2,
			"data": []
		},
		"Screen": {
			"type": "FlexibleFormLayout",
			"options": {
				"splitterType": "complex",
				"version": 0,
				"maxwidth": "",
				"backColor": "text-backgroundcolor-default",
				"style": null
			},
			"*": {
				"form-header": {
					"type": "FlexibleFormHeader",
					"options": {
						"version": 0,
						"maxwidth": ""
					},
					"stamp": 4,
					"data": []
				},
				"form-center": {
					"type": "FlexibleFormCenter",
					"options": {
						"version": 0,
						"maxwidth": ""
					},
					"*": {
						"form-content": {
							"type": "FlexibleFormContent",
							"options": {
								"version": 0
							},
							"*": {
								"form-content-top": {
									"type": "FlexibleFormSplitter",
									"options": {
										"autosize": true,
										"version": 1,
										"box": {
											"top": "0%",
											"left": "0%",
											"width": null,
											"height": "16%"
										},
										"hidden": false,
										"hideSeparator": true
									},
									"*": {
										"form-content-top-1": {
											"type": "FlexibleFormLine",
											"options": {
												"version": 0
											},
											"*": {
												"DocumentsPanel": {
													"type": "PanelDocument",
													"options": {
														"version": 0,
														"border": {},
														"labelLength": 0,
														"label": "_Documents",
														"iconURL": "",
														"TitleFontSize": "S",
														"hideActionButtons": false,
														"hideTitleBar": false,
														"hideTitle": false,
														"sameHeightAsSiblings": false
													},
													"*": {
														"Document": {
															"data": [
																"documentscontroldata"
															],
															"type": "Documents",
															"options": {
																"version": 0,
																"downloadButton": true
															},
															"stamp": 10
														}
													},
													"stamp": 9,
													"data": []
												}
											},
											"stamp": 8,
											"data": []
										}
									},
									"stamp": 7,
									"data": []
								},
								"form-content-bottom": {
									"type": "FlexibleFormSplitter",
									"options": {
										"version": 1,
										"box": {
											"top": "16%",
											"left": "0%",
											"width": null,
											"height": "84%"
										},
										"hidden": false
									},
									"*": {
										"form-content-left": {
											"type": "FlexibleFormSplitter",
											"options": {
												"version": 1,
												"box": {
													"top": "0%",
													"left": "0%",
													"width": "49%",
													"height": null
												},
												"hidden": false,
												"hideSeparator": true
											},
											"*": {
												"form-content-left-1": {
													"type": "FlexibleFormLine",
													"options": {
														"version": 0
													},
													"*": {
														"DataPanel": {
															"type": "PanelData",
															"options": {
																"border": {},
																"version": 0,
																"labelLength": 0,
																"label": "_Document data",
																"iconURL": "",
																"TitleFontSize": "S",
																"hideActionButtons": false,
																"hideTitleBar": false,
																"backgroundcolor": "default",
																"labelsAlignment": "right",
																"hideTitle": false,
																"sameHeightAsSiblings": false
															},
															"*": {
																"FieldsManager": {
																	"type": "FieldsManager",
																	"options": {
																		"controlsAssociation": {
																			"Company__": "LabelCompany__",
																			"LabelCompany__": "Company__"
																		},
																		"version": 0
																	},
																	"*": {
																		"Grid": {
																			"type": "GridLayout",
																			"options": {
																				"lines": 1,
																				"columns": 2,
																				"version": 0,
																				"ctrlsPos": {
																					"Company__": {
																						"line": 1,
																						"column": 2
																					},
																					"LabelCompany__": {
																						"line": 1,
																						"column": 1
																					}
																				},
																				"colspans": [
																					[]
																				]
																			},
																			"data": [
																				"fields"
																			],
																			"*": {
																				"LabelCompany__": {
																					"type": "Label",
																					"data": [
																						"Company__"
																					],
																					"options": {
																						"label": "_Company",
																						"version": 0
																					},
																					"stamp": 43
																				},
																				"Company__": {
																					"type": "ShortText",
																					"data": [
																						"Company__"
																					],
																					"options": {
																						"label": "_Company",
																						"activable": true,
																						"width": "180",
																						"version": 0,
																						"textSize": "S",
																						"textAlignment": "left",
																						"textStyle": "default",
																						"textColor": "default",
																						"browsable": false,
																						"autocompletable": true,
																						"helpText": "",
																						"helpURL": "",
																						"helpFormat": "HTML Format",
																						"helpIconPosition": "Right"
																					},
																					"stamp": 44
																				}
																			},
																			"stamp": 16
																		}
																	},
																	"stamp": 15,
																	"data": []
																}
															},
															"stamp": 14,
															"data": []
														}
													},
													"stamp": 13,
													"data": []
												},
												"form-content-left-3": {
													"type": "FlexibleFormLine",
													"options": {
														"version": 0
													},
													"*": {
														"NextProcess": {
															"type": "PanelNextProcess",
															"options": {
																"hidden": true,
																"version": 0,
																"border": {},
																"labelLength": 0,
																"label": "_Next Process",
																"iconURL": "",
																"TitleFontSize": "S",
																"hideActionButtons": false,
																"hideTitleBar": false,
																"hideTitle": false,
																"sameHeightAsSiblings": false
															},
															"stamp": 20,
															"data": []
														}
													},
													"stamp": 19,
													"data": []
												},
												"form-content-left-5": {
													"type": "FlexibleFormLine",
													"data": [],
													"options": {},
													"stamp": 45,
													"*": {
														"SystemData": {
															"type": "PanelSystemData",
															"options": {
																"multicolumn": false,
																"version": 0,
																"border": {},
																"labelLength": 0,
																"label": "_System data",
																"iconURL": "",
																"TitleFontSize": "S",
																"hideActionButtons": false,
																"hideTitleBar": false,
																"hideTitle": false,
																"sameHeightAsSiblings": false
															},
															"stamp": 18,
															"data": []
														}
													}
												}
											},
											"stamp": 12,
											"data": []
										},
										"form-content-right": {
											"type": "FlexibleFormSplitter",
											"options": {
												"version": 1,
												"box": {
													"top": "0%",
													"left": "49%",
													"width": "51%",
													"height": null
												},
												"hidden": false
											},
											"*": {
												"form-content-right-1": {
													"type": "FlexibleFormLine",
													"options": {
														"version": 0
													},
													"*": {
														"PreviewPanel": {
															"type": "PanelPreview",
															"options": {
																"border": {},
																"version": 0,
																"labelLength": 0,
																"label": "_Document Preview",
																"iconURL": "",
																"TitleFontSize": "S",
																"hideActionButtons": false,
																"hideTitleBar": false,
																"hideTitle": false,
																"sameHeightAsSiblings": false
															},
															"*": {
																"Preview": {
																	"data": [
																		"previewdata"
																	],
																	"type": "Preview",
																	"options": {
																		"version": 0
																	},
																	"stamp": 24
																}
															},
															"stamp": 23,
															"data": []
														}
													},
													"stamp": 22,
													"data": []
												}
											},
											"stamp": 21,
											"data": []
										}
									},
									"stamp": 11,
									"data": []
								}
							},
							"stamp": 6,
							"data": []
						}
					},
					"stamp": 5,
					"data": []
				},
				"form-footer": {
					"type": "FlexibleFormFooter",
					"options": {
						"splitterType": "simple-h",
						"version": 0,
						"maxwidth": ""
					},
					"*": {
						"Save": {
							"type": "SubmitButton",
							"options": {
								"label": "_Save",
								"action": "save",
								"submit": true,
								"version": 0
							},
							"stamp": 26,
							"data": []
						},
						"Approve": {
							"type": "SubmitButton",
							"options": {
								"label": "_Approve",
								"action": "approve",
								"submit": true,
								"version": 0
							},
							"stamp": 27,
							"data": []
						},
						"Reject": {
							"type": "SubmitButton",
							"options": {
								"label": "_Reject",
								"action": "reject",
								"submit": true,
								"version": 0
							},
							"stamp": 28,
							"data": []
						},
						"Reprocess": {
							"type": "SubmitButton",
							"options": {
								"label": "_Reprocess",
								"action": "reprocess",
								"submit": true,
								"version": 0
							},
							"stamp": 29,
							"data": []
						},
						"Close": {
							"type": "SubmitButton",
							"options": {
								"label": "_Close",
								"action": "cancel",
								"submit": true,
								"version": 0
							},
							"stamp": 30,
							"data": []
						}
					},
					"stamp": 25,
					"data": []
				}
			},
			"stamp": 3,
			"data": []
		}
	},
	"stamps": 45,
	"data": []
}</layout>
    </ui>
  </properties>
  <field deleted="0" format="" guid="PHQG1267785" id="LC2652000SG7" label="_Company_report" length="180" name="Company__" originalProcessID="EFFM1275194" precision="0" processid="KC2652000SG7" submitable="1" type="STR">
    <properties>
      <db>
        <alias>ALC2652000SG7</alias>
        <index vartype="INT">1</index>
        <noxml>1</noxml>
        <fullname>/job/processfields/Company__</fullname>
        <defaultvalue>
        </defaultvalue>
        <RecordLastWrite>2014-03-25 19:12:58</RecordLastWrite>
      </db>
      <extraction>
        <extractionData>{"method":"none","pageOrigin":"first","area":"","after":"","before":"","valueToSearch":"","useRegexpMode":false,"matchCase":false,"replacements":[]}</extractionData>
      </extraction>
      <extrainfo>
        <Label>_Company_report</Label>
        <Alias>ALC2652000SG7</Alias>
        <ProcessFieldVersion vartype="INT">1</ProcessFieldVersion>
      </extrainfo>
      <field>
        <required>false</required>
      </field>
      <gdr>
        <VarType>Area</VarType>
        <DisableAutolearn>
        </DisableAutolearn>
      </gdr>
      <ui>
        <_type>String</_type>
        <automatic>true</automatic>
      </ui>
    </properties>
  </field>
  <type id="RJRH13130EF" name="CD">
  </type>
</process>