﻿<?xml version="1.0" encoding="UTF-8" standalone="no"?>
<process accountid="20063076" allowrepairprocess="0" builtin="0" builtinversion="0" carriesapplicationversion="0" creationdatetime="2022-10-25 17:08:28" deleted="0" eskerapplication="" global="0" id="KW1652000SG7" keepcustomization="0" keepfieldsonly="0" keepfieldsproperties="0" keepnewcontroloptions="0" migrationversion="4" name="P2P - MerchantCategoryCodeToExpenseType__" needvalidation="0" ootofilter="" ootoversion="1" originalProcessID="K585FP000PA9" ownerid="cn=admin_p2p@paragon-cc.fr,ou=DEV,ou=TrainingP2P,ou=DEMO_JULIEN,ou=05284299,ou=ESK,s=eoo" ownerpb="OnDemand AddressBook" public="1" pushnotification="0" reuseengine="0" sprintversion="5.261.0" transportname="CustomTable" upgradable="1" userid="0" version="1" visibility="0">
  <properties>
    <dataConditions>
      <listDataConditions>
				&lt;dataCondition&gt;
					&lt;tableName&gt;P2P - Global Application Settings__&lt;/tableName&gt;
					&lt;filter&gt;msnex=*&lt;/filter&gt;
					&lt;labelKey&gt;_Expense claims disabled&lt;/labelKey&gt;
					&lt;conditions&gt;
						&lt;allowCondition&gt;
							&lt;fieldName&gt;EnableExpenseClaimsGlobalSetting__&lt;/fieldName&gt;
							&lt;fieldValue&gt;1&lt;/fieldValue&gt;
						&lt;/allowCondition&gt;
					&lt;/conditions&gt;
				&lt;/dataCondition&gt;
			</listDataConditions>
    </dataConditions>
    <gdr>
    </gdr>
    <lg>
      <process_DE>{
	"_CompanyCode": "Buchungskreis",
	"_CompanyCode_report": "Buchungskreis",
	"_ExpenseType": "Ausgabenart",
	"_ExpenseType_report": "Ausgabenart",
	"_GeneralPanel": "Allgemeine Informationen",
	"_MerchantCodeCategory": "Händlerkategoriencode",
	"_MerchantCodeCategory_report": "Händlerkategoriencode",
	"P2P - MerchantCategoryCodeToExpenseType": "P2P - Zuordnung Händlerkategoriencodes/Ausgabenarten",
	"P2P - MerchantCategoryCodeToExpenseType__": "P2P - Zuordnung Händlerkategoriencodes/Ausgabenarten",
	"_Date": "Datum der Ausgabe",
	"_Date_report": "Datum der Ausgabe",
	"_Distance": "Kilometer",
	"_Fuel/Gas": "Kraftstoff",
	"_Hotel": "Unterkunft",
	"_Restaurant": "Bewirtung",
	"_Standard": "Standard",
	"_Template": "Ausgabenformularvorlage",
	"_Template_report": "Ausgabenformularvorlage",
	"_TotalAmount": "Gesamtbetrag",
	"_TotalAmount_report": "Gesamtbetrag",
	"_TotalAmountCurrency": "Währung",
	"_TotalAmountCurrency_report": "Währung"
}</process_DE>
      <process_ja>{
	"_CompanyCode": "会社コード",
	"_CompanyCode_report": "会社コード",
	"_ExpenseType": "費用種別",
	"_ExpenseType_report": "費用種別",
	"_GeneralPanel": "全般情報",
	"_MerchantCodeCategory": "マーチャントカテゴリーコード",
	"_MerchantCodeCategory_report": "マーチャントカテゴリーコード",
	"P2P - MerchantCategoryCodeToExpenseType": "P2P - マーチャントカテゴリーコード/費用タイプのマッピング",
	"P2P - MerchantCategoryCodeToExpenseType__": "P2P - マーチャントカテゴリーコード/費用タイプのマッピング",
	"_Date": "費用使用日",
	"_Date_report": "費用使用日",
	"_Distance": "マイレージ",
	"_Fuel/Gas": "燃料/ガス",
	"_Hotel": "宿泊",
	"_Restaurant": "食事",
	"_Standard": "標準",
	"_Template": "費用フォームのテンプレート",
	"_Template_report": "費用フォームのテンプレート",
	"_TotalAmount": "合計金額",
	"_TotalAmount_report": "合計金額",
	"_TotalAmountCurrency": "通貨",
	"_TotalAmountCurrency_report": "通貨"
}</process_ja>
      <process_en>{
	"_CompanyCode": "Company code",
	"_CompanyCode_report": "Company code",
	"_ExpenseType": "Expense type",
	"_ExpenseType_report": "Expense type",
	"_GeneralPanel": "General Information",
	"_MerchantCodeCategory": "Merchant category code",
	"_MerchantCodeCategory_report": "Merchant category code",
	"P2P - MerchantCategoryCodeToExpenseType": "P2P - Merchant category codes/expense types mapping",
	"P2P - MerchantCategoryCodeToExpenseType__": "P2P - Merchant category codes/expense types mapping",
	"_Date": "Expense date",
	"_Date_report": "Expense date",
	"_Distance": "Mileage",
	"_Fuel/Gas": "Fuel/Gas",
	"_Hotel": "Accommodation",
	"_Restaurant": "Meals",
	"_Standard": "Standard",
	"_Template": "Expense form template",
	"_Template_report": "Expense form template",
	"_TotalAmount": "Total amount",
	"_TotalAmount_report": "Total amount",
	"_TotalAmountCurrency": "Currency",
	"_TotalAmountCurrency_report": "Currency"
}</process_en>
      <process_ES>{
	"_CompanyCode": "Código de empresa",
	"_CompanyCode_report": "Código de empresa",
	"_ExpenseType": "Tipo de gasto",
	"_ExpenseType_report": "Tipo de gasto",
	"_GeneralPanel": "Información general",
	"_MerchantCodeCategory": "Código de categoría de comercio",
	"_MerchantCodeCategory_report": "Código de categoría de comercio",
	"P2P - MerchantCategoryCodeToExpenseType": "P2P - Correspondencias de códigos de categoría de comercio/tipos de gasto",
	"P2P - MerchantCategoryCodeToExpenseType__": "P2P - Correspondencias de códigos de categoría de comercio/tipos de gasto",
	"_Date": "Fecha del gasto",
	"_Date_report": "Fecha del gasto",
	"_Distance": "Kilometraje",
	"_Fuel/Gas": "Combustible",
	"_Hotel": "Alojamiento",
	"_Restaurant": "Alimentación",
	"_Standard": "Estándar",
	"_Template": "Plantilla del formulario de gasto",
	"_Template_report": "Plantilla del formulario de gasto",
	"_TotalAmount": "Importe total",
	"_TotalAmount_report": "Importe total",
	"_TotalAmountCurrency": "Divisa",
	"_TotalAmountCurrency_report": "Divisa"
}</process_ES>
      <process_FR>{
	"_CompanyCode": "Code société",
	"_CompanyCode_report": "Code société",
	"_ExpenseType": "Type de dépense",
	"_ExpenseType_report": "Type de dépense",
	"_GeneralPanel": "Informations générales",
	"_MerchantCodeCategory": "Code de catégorie commerçant",
	"_MerchantCodeCategory_report": "Code de catégorie commerçant",
	"P2P - MerchantCategoryCodeToExpenseType": "P2P - Correspondances des codes de catégorie commerçant/types de dépense",
	"P2P - MerchantCategoryCodeToExpenseType__": "P2P - Correspondances des codes de catégorie commerçant/types de dépense",
	"_Date": "Date de la dépense",
	"_Date_report": "Date de la dépense",
	"_Distance": "Kilométrage",
	"_Fuel/Gas": "Carburant",
	"_Hotel": "Hébergement",
	"_Restaurant": "Repas",
	"_Standard": "Standard",
	"_Template": "Modèle du formulaire de dépense",
	"_Template_report": "Modèle du formulaire de dépense",
	"_TotalAmount": "Montant total",
	"_TotalAmount_report": "Montant total",
	"_TotalAmountCurrency": "Devise",
	"_TotalAmountCurrency_report": "Devise"
}</process_FR>
      <process_nl-NL>{
	"_CompanyCode": "Bedrijfscode",
	"_CompanyCode_report": "Bedrijfscode",
	"_ExpenseType": "Type uitgaven",
	"_ExpenseType_report": "Type uitgaven",
	"_GeneralPanel": "Algemene informatie",
	"_MerchantCodeCategory": "Categoriecode handelaar",
	"_MerchantCodeCategory_report": "Categoriecode handelaar",
	"P2P - MerchantCategoryCodeToExpenseType": "P2P - Categoriecodes/types uitgaven handelaar koppelen",
	"P2P - MerchantCategoryCodeToExpenseType__": "P2P - Categoriecodes/types uitgaven handelaar koppelen",
	"_Date": "Datum uitgave",
	"_Date_report": "Datum uitgave",
	"_Distance": "Kilometerstand",
	"_Fuel/Gas": "Brandstof/benzine",
	"_Hotel": "Accommodatie",
	"_Restaurant": "Maaltijden",
	"_Standard": "Standaard",
	"_Template": "Sjabloon uitgavenformulier",
	"_Template_report": "Sjabloon uitgavenformulier",
	"_TotalAmount": "Totaalbedrag",
	"_TotalAmount_report": "Totaalbedrag",
	"_TotalAmountCurrency": "Valuta",
	"_TotalAmountCurrency_report": "Valuta"
}</process_nl-NL>
      <process_IT>{
	"_CompanyCode": "Codice società",
	"_CompanyCode_report": "Codice società",
	"_ExpenseType": "Tipo di spesa",
	"_ExpenseType_report": "Tipo di spesa",
	"_GeneralPanel": "Informazioni generali",
	"_MerchantCodeCategory": "Codice categoria commerciante",
	"_MerchantCodeCategory_report": "Codice categoria commerciante",
	"P2P - MerchantCategoryCodeToExpenseType": "P2P - Mapping codici categoria commerciante/tipi di spese",
	"P2P - MerchantCategoryCodeToExpenseType__": "P2P - Mapping codici categoria commerciante/tipi di spese",
	"_Date": "Data spesa",
	"_Date_report": "Data spesa",
	"_Distance": "Chilometraggio",
	"_Fuel/Gas": "Alloggio",
	"_Hotel": "Carburante",
	"_Restaurant": "Pasto",
	"_Standard": "Standard",
	"_Template": "Modello del modulo spesa",
	"_Template_report": "Modello del modulo spesa",
	"_TotalAmount": "Importo totale",
	"_TotalAmount_report": "Importo totale",
	"_TotalAmountCurrency": "Valuta",
	"_TotalAmountCurrency_report": "Valuta"
}</process_IT>
      <process_zh-CN>{
	"_CompanyCode": "公司代码",
	"_CompanyCode_report": "公司代码",
	"_ExpenseType": "费用类型",
	"_ExpenseType_report": "费用类型",
	"_GeneralPanel": "常规信息",
	"_MerchantCodeCategory": "商户类别代码",
	"_MerchantCodeCategory_report": "商户类别代码",
	"P2P - MerchantCategoryCodeToExpenseType": "采购到支付 - 商户类别代码/费用类型映射",
	"P2P - MerchantCategoryCodeToExpenseType__": "采购到支付 - 商户类别代码/费用类型映射",
	"_Date": "费用日期",
	"_Date_report": "费用日期",
	"_Distance": "里程",
	"_Fuel/Gas": "燃料/汽油",
	"_Hotel": "住宿",
	"_Restaurant": "餐饮",
	"_Standard": "标准",
	"_Template": "费用表单模板",
	"_Template_report": "费用表单模板",
	"_TotalAmount": "总额",
	"_TotalAmount_report": "总额",
	"_TotalAmountCurrency": "货币",
	"_TotalAmountCurrency_report": "货币"
}</process_zh-CN>
      <process_pt-BR>{
	"_CompanyCode": "Código da empresa",
	"_CompanyCode_report": "Código da empresa",
	"_ExpenseType": "Tipo de despesa",
	"_ExpenseType_report": "Tipo de despesa",
	"_GeneralPanel": "Informação geral",
	"_MerchantCodeCategory": "Código de categoria de comerciante",
	"_MerchantCodeCategory_report": "Código de categoria de comerciante",
	"P2P - MerchantCategoryCodeToExpenseType": "P2P - Códigos de categorias de comerciantes/mapeamento de tipos de despesas",
	"P2P - MerchantCategoryCodeToExpenseType__": "P2P - Códigos de categorias de comerciantes/mapeamento de tipos de despesas",
	"_Date": "Data da despesa",
	"_Date_report": "Data da despesa",
	"_Distance": "Quilometragem",
	"_Fuel/Gas": "Combustível/Gasolina",
	"_Hotel": "Alojamento",
	"_Restaurant": "Refeições",
	"_Standard": "Padrão",
	"_Template": "Modelo do formulário de despesa",
	"_Template_report": "Modelo do formulário de despesa",
	"_TotalAmount": "Valor total",
	"_TotalAmount_report": "Valor total",
	"_TotalAmountCurrency": "Moeda",
	"_TotalAmountCurrency_report": "Moeda"
}</process_pt-BR>
    </lg>
    <process>
      <flowtype>processing</flowtype>
      <EnableNegativeNumbersBetweenBrackets>true</EnableNegativeNumbersBetweenBrackets>
      <homepagelabel>P2P - MerchantCategoryCodeToExpenseType</homepagelabel>
      <instanciable>1</instanciable>
      <ESDirectIndexing>1</ESDirectIndexing>
      <enablerounddecimal>true</enablerounddecimal>
      <OverrideAllowedAttachmentExtensions>*</OverrideAllowedAttachmentExtensions>
      <lgpathtomerge>..\..\Application builder\lg2Merge\Expense</lgpathtomerge>
      <UseActionNameWithScriptApproval>true</UseActionNameWithScriptApproval>
      <AllowUploadAttachment>0</AllowUploadAttachment>
      <AllowUploadReferenceDocument>0</AllowUploadReferenceDocument>
      <RemovePointWhenCastingIntToString>true</RemovePointWhenCastingIntToString>
      <shouldRollbackManualRecordEdits>true</shouldRollbackManualRecordEdits>
      <shouldShowManualEditsWarning>false</shouldShowManualEditsWarning>
      <UseCultureFormat>true</UseCultureFormat>
      <TransportName>CustomTable</TransportName>
      <LayoutVersion>1.0</LayoutVersion>
    </process>
    <ui>
      <layout>{
	"*": {
		"Screen": {
			"type": "FlexibleFormLayout",
			"options": {
				"splitterType": "simple-v",
				"style": "FlexibleFormLight",
				"version": 0,
				"backColor": "text-backgroundcolor-default"
			},
			"*": {
				"form-header": {
					"type": "FlexibleFormHeader",
					"options": {
						"hidePanelsMenu": false,
						"version": 0
					},
					"stamp": 2,
					"data": []
				},
				"form-center": {
					"type": "FlexibleFormCenter",
					"options": {
						"version": 0
					},
					"*": {
						"form-content": {
							"type": "FlexibleFormContent",
							"options": {
								"version": 0
							},
							"*": {
								"form-content-center": {
									"type": "FlexibleFormSplitter",
									"options": {
										"version": 1,
										"box": {
											"top": "0%",
											"left": "0%",
											"width": "100%"
										},
										"hidden": false,
										"hideSeparator": true
									},
									"*": {
										"form-content-center-1": {
											"type": "FlexibleFormLine",
											"data": [],
											"options": {
												"version": 0
											},
											"stamp": 9,
											"*": {
												"DataPanel": {
													"type": "PanelData",
													"options": {
														"border": {},
														"version": 0,
														"labelLength": 0,
														"iconURL": "",
														"TitleFontSize": "S",
														"hideActionButtons": false,
														"hideTitleBar": false,
														"hideTitle": false,
														"sameHeightAsSiblings": false,
														"backgroundcolor": "default",
														"labelsAlignment": "right",
														"label": "_GeneralPanel"
													},
													"*": {
														"FieldsManager": {
															"type": "FieldsManager",
															"options": {
																"controlsAssociation": {
																	"CompanyCode__": "LabelCompanyCode__",
																	"LabelCompanyCode__": "CompanyCode__",
																	"MerchantCodeCategory__": "LabelMerchantCodeCategory__",
																	"LabelMerchantCodeCategory__": "MerchantCodeCategory__",
																	"ExpenseType__": "LabelExpenseType__",
																	"LabelExpenseType__": "ExpenseType__",
																	"Template__": "LabelTemplate__",
																	"LabelTemplate__": "Template__"
																},
																"version": 0
															},
															"*": {
																"Grid": {
																	"type": "GridLayout",
																	"options": {
																		"lines": 5,
																		"columns": 2,
																		"version": 0,
																		"ctrlsPos": {
																			"CompanyCode__": {
																				"line": 1,
																				"column": 2
																			},
																			"LabelCompanyCode__": {
																				"line": 1,
																				"column": 1
																			},
																			"MerchantCodeCategory__": {
																				"line": 2,
																				"column": 2
																			},
																			"LabelMerchantCodeCategory__": {
																				"line": 2,
																				"column": 1
																			},
																			"ExpenseType__": {
																				"line": 4,
																				"column": 2
																			},
																			"LabelExpenseType__": {
																				"line": 4,
																				"column": 1
																			},
																			"Template__": {
																				"line": 5,
																				"column": 2
																			},
																			"LabelTemplate__": {
																				"line": 5,
																				"column": 1
																			}
																		},
																		"colspans": [
																			[],
																			[],
																			[],
																			[],
																			[]
																		]
																	},
																	"data": [
																		"fields"
																	],
																	"*": {
																		"LabelCompanyCode__": {
																			"type": "Label",
																			"data": [
																				"CompanyCode__"
																			],
																			"options": {
																				"label": "_CompanyCode",
																				"version": 0
																			},
																			"stamp": 14
																		},
																		"CompanyCode__": {
																			"type": "DatabaseComboBox",
																			"data": [
																				"CompanyCode__"
																			],
																			"options": {
																				"version": 1,
																				"autoCompleteSearchMode": "startswith",
																				"searchMode": "contains",
																				"label": "_CompanyCode",
																				"activable": true,
																				"width": 230,
																				"helpText": "",
																				"helpURL": "",
																				"helpFormat": "HTML Format",
																				"helpIconPosition": "Right",
																				"minNbLines": 1,
																				"maxNbLines": 1,
																				"fTSmaxRecords": "20",
																				"browsable": true
																			},
																			"stamp": 15
																		},
																		"LabelMerchantCodeCategory__": {
																			"type": "Label",
																			"data": [
																				"MerchantCodeCategory__"
																			],
																			"options": {
																				"label": "_MerchantCodeCategory",
																				"version": 0
																			},
																			"stamp": 16
																		},
																		"MerchantCodeCategory__": {
																			"type": "Integer",
																			"data": [
																				"MerchantCodeCategory__"
																			],
																			"options": {
																				"version": 2,
																				"textSize": "S",
																				"textAlignment": "right",
																				"textStyle": "default",
																				"textColor": "default",
																				"integer": true,
																				"label": "_MerchantCodeCategory",
																				"precision_internal": 0,
																				"precision_current": 0,
																				"activable": true,
																				"width": 230,
																				"helpText": "",
																				"helpURL": "",
																				"helpFormat": "HTML Format",
																				"helpIconPosition": "Right",
																				"enablePlusMinus": false,
																				"browsable": false
																			},
																			"stamp": 17
																		},
																		"LabelExpenseType__": {
																			"type": "Label",
																			"data": [
																				"ExpenseType__"
																			],
																			"options": {
																				"label": "_ExpenseType",
																				"version": 0
																			},
																			"stamp": 20
																		},
																		"ExpenseType__": {
																			"type": "DatabaseComboBox",
																			"data": [
																				"ExpenseType__"
																			],
																			"options": {
																				"version": 1,
																				"autoCompleteSearchMode": "startswith",
																				"searchMode": "contains",
																				"label": "_ExpenseType",
																				"activable": true,
																				"width": 230,
																				"helpText": "",
																				"helpURL": "",
																				"helpFormat": "HTML Format",
																				"helpIconPosition": "Right",
																				"minNbLines": 1,
																				"maxNbLines": 1,
																				"PreFillFTS": true,
																				"RestrictSearch": true,
																				"fTSmaxRecords": "20",
																				"browsable": true
																			},
																			"stamp": 21
																		},
																		"LabelTemplate__": {
																			"type": "Label",
																			"data": [
																				"Template__"
																			],
																			"options": {
																				"label": "_Template",
																				"version": 0
																			},
																			"stamp": 28
																		},
																		"Template__": {
																			"type": "ComboBox",
																			"data": [
																				"Template__"
																			],
																			"options": {
																				"possibleValues": {
																					"0": "_Standard",
																					"1": "_Distance",
																					"2": "_Restaurant",
																					"3": "_Hotel",
																					"4": "_Fuel/Gas"
																				},
																				"maxNbLinesToDisplay": 10,
																				"version": 1,
																				"keyValueMode": true,
																				"possibleKeys": {
																					"0": "Standard",
																					"1": "Distance",
																					"2": "Restaurant",
																					"3": "Hotel",
																					"4": "Fuel/Gas"
																				},
																				"label": "_Template",
																				"activable": true,
																				"width": 230,
																				"helpText": "",
																				"helpURL": "",
																				"helpFormat": "HTML Format",
																				"helpIconPosition": "Right",
																				"DataSourceOrigin": "Standalone",
																				"DisplayedColumns": ""
																			},
																			"stamp": 29
																		}
																	},
																	"stamp": 8
																}
															},
															"stamp": 7,
															"data": []
														}
													},
													"stamp": 6,
													"data": []
												}
											}
										}
									},
									"stamp": 5,
									"data": []
								}
							},
							"stamp": 4,
							"data": []
						}
					},
					"stamp": 3,
					"data": []
				},
				"form-footer": {
					"type": "FlexibleFormFooter",
					"options": {
						"splitterType": "simple-h",
						"version": 0
					},
					"*": {
						"Save": {
							"type": "SubmitButton",
							"options": {
								"label": "_Save",
								"action": "savequit",
								"submit": true,
								"version": 0,
								"shortCut": "S"
							},
							"stamp": 11,
							"data": []
						},
						"Close": {
							"type": "SubmitButton",
							"options": {
								"label": "_Close",
								"action": "cancel",
								"submit": true,
								"version": 0,
								"shortCut": "Q"
							},
							"stamp": 12,
							"data": []
						},
						"Delete": {
							"type": "SubmitButton",
							"options": {
								"label": "_Delete",
								"action": "delete",
								"submit": true,
								"version": 0,
								"disabled": true
							},
							"stamp": 13,
							"data": []
						}
					},
					"stamp": 10,
					"data": []
				}
			},
			"stamp": 1,
			"data": []
		}
	},
	"stamps": 29,
	"data": []
}</layout>
    </ui>
  </properties>
  <field deleted="0" format="" guid="ZQC5FP000PA9" id="LW1652000SG7" label="_CompanyCode_report" length="50" name="CompanyCode__" originalProcessID="K585FP000PA9" precision="0" processid="KW1652000SG7" submitable="1" type="STR">
    <properties>
      <db>
        <alias>ALW1652000SG7</alias>
        <noxml>1</noxml>
        <fullname>/job/processfields/CompanyCode__</fullname>
        <defaultvalue>
        </defaultvalue>
        <RecordLastWrite>2022-10-25 17:08:27</RecordLastWrite>
      </db>
      <extrainfo>
        <Label>_CompanyCode_report</Label>
        <Alias>ALW1652000SG7</Alias>
        <ProcessFieldVersion vartype="INT">1</ProcessFieldVersion>
      </extrainfo>
      <field>
        <Editable>false</Editable>
        <TableName>CT#ECW552000SG7</TableName>
        <SortOrder>ASC</SortOrder>
        <DisplayedColumns>CompanyCode__|CompanyName__</DisplayedColumns>
        <DisplayedColumnsIds>
        </DisplayedColumnsIds>
        <UseTableForAutolearn>false</UseTableForAutolearn>
        <SavedColumn>CompanyCode__</SavedColumn>
        <SavedColumnId>
        </SavedColumnId>
        <ExposedColumns>
        </ExposedColumns>
        <ProcessName>PurchasingCompanycodes__</ProcessName>
        <KeyColumnId>
        </KeyColumnId>
        <KeyAttribute>
        </KeyAttribute>
        <CustomFilter>
        </CustomFilter>
      </field>
      <gdr>
        <DisableAutolearn>1</DisableAutolearn>
      </gdr>
      <help>
        <helpData>{"helpText":"","helpURL":"","helpFormat":"HTML Format","helpIconPosition":"Right"}</helpData>
      </help>
      <ui>
        <_type>String</_type>
        <automatic>true</automatic>
      </ui>
    </properties>
  </field>
  <field deleted="0" format="" guid="D0D5FP000PA9" id="MW1652000SG7" label="_ExpenseType_report" length="50" name="ExpenseType__" originalProcessID="K585FP000PA9" precision="0" processid="KW1652000SG7" submitable="1" type="STR">
    <properties>
      <db>
        <alias>AMW1652000SG7</alias>
        <noxml>1</noxml>
        <fullname>/job/processfields/ExpenseType__</fullname>
        <defaultvalue>
        </defaultvalue>
        <RecordLastWrite>2022-10-25 17:08:27</RecordLastWrite>
      </db>
      <extrainfo>
        <Label>_ExpenseType_report</Label>
        <Alias>AMW1652000SG7</Alias>
        <ProcessFieldVersion vartype="INT">1</ProcessFieldVersion>
      </extrainfo>
      <field>
        <Editable>false</Editable>
        <TableName>CT#ZT1652000SG7</TableName>
        <SortOrder>ASC</SortOrder>
        <DisplayedColumns>Name__|Description__</DisplayedColumns>
        <DisplayedColumnsIds>
        </DisplayedColumnsIds>
        <UseTableForAutolearn>false</UseTableForAutolearn>
        <SavedColumn>Name__</SavedColumn>
        <SavedColumnId>
        </SavedColumnId>
        <ExposedColumns>
        </ExposedColumns>
        <ProcessName>P2P - Expense type__</ProcessName>
        <KeyColumnId>
        </KeyColumnId>
        <KeyAttribute>
        </KeyAttribute>
        <CustomFilter>(|(CompanyCode__=%[CompanyCode__])(CompanyCode__=))</CustomFilter>
      </field>
      <gdr>
        <DisableAutolearn>1</DisableAutolearn>
      </gdr>
      <help>
        <helpData>{"helpText":"","helpURL":"","helpFormat":"HTML Format","helpIconPosition":"Right"}</helpData>
      </help>
      <ui>
        <_type>String</_type>
        <automatic>true</automatic>
      </ui>
    </properties>
  </field>
  <field deleted="0" format="" guid="VYC5FP000PA9" id="NW1652000SG7" label="_MerchantCodeCategory_report" length="0" name="MerchantCodeCategory__" originalProcessID="K585FP000PA9" precision="0" processid="KW1652000SG7" submitable="1" type="INT">
    <properties>
      <db>
        <alias>ANW1652000SG7</alias>
        <noxml>1</noxml>
        <fullname>/job/processfields/MerchantCodeCategory__</fullname>
        <defaultvalue>
        </defaultvalue>
        <RecordLastWrite>2022-10-25 17:08:27</RecordLastWrite>
      </db>
      <extrainfo>
        <Label>_MerchantCodeCategory_report</Label>
        <Alias>ANW1652000SG7</Alias>
        <ProcessFieldVersion vartype="INT">1</ProcessFieldVersion>
      </extrainfo>
      <field>
        <required>true</required>
      </field>
      <gdr>
        <VarType>Area</VarType>
        <DisableAutolearn>1</DisableAutolearn>
      </gdr>
      <help>
        <helpData>{"helpText":"","helpURL":"","helpFormat":"HTML Format","helpIconPosition":"Right"}</helpData>
      </help>
      <ui>
        <_type>Number</_type>
        <automatic>true</automatic>
      </ui>
    </properties>
  </field>
  <field deleted="0" format="" guid="G0D5FP000PA9" id="OW1652000SG7" label="_Template_report" length="50" name="Template__" originalProcessID="K585FP000PA9" precision="0" processid="KW1652000SG7" submitable="1" type="STR">
    <properties>
      <db>
        <alias>AOW1652000SG7</alias>
        <noxml>1</noxml>
        <fullname>/job/processfields/Template__</fullname>
        <defaultvalue>Standard</defaultvalue>
        <RecordLastWrite>2022-10-25 17:08:27</RecordLastWrite>
      </db>
      <extrainfo>
        <Type>webaccess.Process.Columns.WithPossibleValues</Type>
        <Label>_Template_report</Label>
        <Alias>AOW1652000SG7</Alias>
        <ProcessFieldVersion vartype="INT">1</ProcessFieldVersion>
      </extrainfo>
      <field>
        <TableName>
        </TableName>
        <DisplayedColumns>
        </DisplayedColumns>
        <DataSourceOrigin>Standalone</DataSourceOrigin>
        <possibleKeys>Standard
Distance
Restaurant
Hotel
Fuel/Gas</possibleKeys>
        <SavedColumn>
        </SavedColumn>
        <possibleValues>_Standard
_Distance
_Restaurant
_Hotel
_Fuel/Gas</possibleValues>
        <ProcessName>
        </ProcessName>
      </field>
      <gdr>
        <DisableAutolearn>1</DisableAutolearn>
      </gdr>
      <help>
        <helpData>{"helpText":"","helpURL":"","helpFormat":"HTML Format","helpIconPosition":"Right"}</helpData>
      </help>
      <ui>
        <_type>String</_type>
        <automatic>true</automatic>
      </ui>
    </properties>
  </field>
  <type id="JLLP13130F1" name="CT">
  </type>
</process>