﻿<?xml version="1.0" encoding="UTF-8" standalone="no"?>
<process accountid="20063076" allowrepairprocess="0" builtin="0" builtinversion="0" carriesapplicationversion="0" creationdatetime="2022-10-25 17:19:18" deleted="0" eskerapplication="" global="0" id="J84652000SG7" keepcustomization="0" keepfieldsonly="0" keepfieldsproperties="0" keepnewcontroloptions="0" migrationversion="4" name="P2P - Demo - Dashboard - KPI__" needvalidation="0" ootofilter="" ootoversion="1" originalProcessID="X2C4FP000PA9" ownerid="cn=admin_p2p@paragon-cc.fr,ou=DEV,ou=TrainingP2P,ou=DEMO_JULIEN,ou=05284299,ou=ESK,s=eoo" ownerpb="OnDemand AddressBook" public="1" pushnotification="0" reuseengine="0" sprintversion="5.261.0" transportname="CustomTable" upgradable="1" userid="0" version="1" visibility="1">
  <properties>
    <gdr>
    </gdr>
    <process>
      <flowtype>processing</flowtype>
      <EnableNegativeNumbersBetweenBrackets>true</EnableNegativeNumbersBetweenBrackets>
      <homepagelabel>P2P - Demo - Dashboard - KPI</homepagelabel>
      <instanciable>1</instanciable>
      <enablerounddecimal>true</enablerounddecimal>
      <OverrideAllowedAttachmentExtensions>*</OverrideAllowedAttachmentExtensions>
      <UseActionNameWithScriptApproval>true</UseActionNameWithScriptApproval>
      <AllowUploadAttachment>0</AllowUploadAttachment>
      <AllowUploadReferenceDocument>0</AllowUploadReferenceDocument>
      <shouldRollbackManualRecordEdits>true</shouldRollbackManualRecordEdits>
      <shouldShowManualEditsWarning>false</shouldShowManualEditsWarning>
      <UseCultureFormat>true</UseCultureFormat>
      <TransportName>CustomTable</TransportName>
      <LayoutVersion>1.0</LayoutVersion>
    </process>
    <ui>
      <layout>{
	"*": {
		"Screen": {
			"type": "FlexibleFormLayout",
			"options": {
				"splitterType": "simple-v",
				"version": 0,
				"backColor": "text-backgroundcolor-default",
				"style": null
			},
			"*": {
				"form-header": {
					"type": "FlexibleFormHeader",
					"options": {
						"hidePanelsMenu": false,
						"version": 0
					},
					"stamp": 2,
					"data": []
				},
				"form-center": {
					"type": "FlexibleFormCenter",
					"options": {
						"version": 0
					},
					"*": {
						"form-content": {
							"type": "FlexibleFormContent",
							"options": {
								"version": 0
							},
							"*": {
								"form-content-center": {
									"type": "FlexibleFormSplitter",
									"options": {
										"version": 1,
										"box": {
											"top": "0%",
											"left": "0%",
											"width": "100%"
										},
										"hidden": false,
										"hideSeparator": true
									},
									"*": {
										"form-content-center-1": {
											"type": "FlexibleFormLine",
											"data": [],
											"options": {
												"version": 0
											},
											"stamp": 9,
											"*": {
												"DataPanel": {
													"type": "PanelData",
													"options": {
														"border": {},
														"version": 0,
														"labelLength": 0,
														"iconURL": "",
														"TitleFontSize": "S",
														"hideActionButtons": false,
														"hideTitleBar": false,
														"hideTitle": false,
														"sameHeightAsSiblings": false,
														"backgroundcolor": "default",
														"labelsAlignment": "right",
														"label": "_Document data"
													},
													"*": {
														"FieldsManager": {
															"type": "FieldsManager",
															"options": {
																"controlsAssociation": {
																	"id__": "Labelid__",
																	"Labelid__": "id__",
																	"Number_of_requistions__": "LabelNumber_of_requistions__",
																	"LabelNumber_of_requistions__": "Number_of_requistions__",
																	"Number_of_orders__": "LabelNumber_of_orders__",
																	"LabelNumber_of_orders__": "Number_of_orders__",
																	"Net_amount__": "LabelNet_amount__",
																	"LabelNet_amount__": "Net_amount__",
																	"Number_of_lines_per_order__": "LabelNumber_of_lines_per_order__",
																	"LabelNumber_of_lines_per_order__": "Number_of_lines_per_order__",
																	"Request_to_order__": "LabelRequest_to_order__",
																	"LabelRequest_to_order__": "Request_to_order__",
																	"Percentage_of_PO_revised__": "LabelPercentage_of_PO_revised__",
																	"LabelPercentage_of_PO_revised__": "Percentage_of_PO_revised__"
																},
																"version": 0
															},
															"*": {
																"Grid": {
																	"type": "GridLayout",
																	"options": {
																		"lines": 7,
																		"columns": 2,
																		"version": 0,
																		"ctrlsPos": {
																			"id__": {
																				"line": 1,
																				"column": 2
																			},
																			"Labelid__": {
																				"line": 1,
																				"column": 1
																			},
																			"Number_of_requistions__": {
																				"line": 2,
																				"column": 2
																			},
																			"LabelNumber_of_requistions__": {
																				"line": 2,
																				"column": 1
																			},
																			"Number_of_orders__": {
																				"line": 3,
																				"column": 2
																			},
																			"LabelNumber_of_orders__": {
																				"line": 3,
																				"column": 1
																			},
																			"Net_amount__": {
																				"line": 4,
																				"column": 2
																			},
																			"LabelNet_amount__": {
																				"line": 4,
																				"column": 1
																			},
																			"Number_of_lines_per_order__": {
																				"line": 5,
																				"column": 2
																			},
																			"LabelNumber_of_lines_per_order__": {
																				"line": 5,
																				"column": 1
																			},
																			"Request_to_order__": {
																				"line": 6,
																				"column": 2
																			},
																			"LabelRequest_to_order__": {
																				"line": 6,
																				"column": 1
																			},
																			"Percentage_of_PO_revised__": {
																				"line": 7,
																				"column": 2
																			},
																			"LabelPercentage_of_PO_revised__": {
																				"line": 7,
																				"column": 1
																			}
																		},
																		"colspans": [
																			[],
																			[],
																			[],
																			[],
																			[],
																			[],
																			[]
																		]
																	},
																	"data": [
																		"fields"
																	],
																	"*": {
																		"Labelid__": {
																			"type": "Label",
																			"data": [
																				"id__"
																			],
																			"options": {
																				"label": "id",
																				"version": 0
																			},
																			"stamp": 14
																		},
																		"id__": {
																			"type": "ShortText",
																			"data": [
																				"id__"
																			],
																			"options": {
																				"textSize": "S",
																				"textAlignment": "left",
																				"textStyle": "default",
																				"textColor": "default",
																				"version": 1,
																				"label": "id",
																				"activable": true,
																				"width": 230
																			},
																			"stamp": 15
																		},
																		"LabelNumber_of_requistions__": {
																			"type": "Label",
																			"data": [
																				"Number_of_requistions__"
																			],
																			"options": {
																				"label": "Number of requistions",
																				"version": 0
																			},
																			"stamp": 16
																		},
																		"Number_of_requistions__": {
																			"type": "Integer",
																			"data": [
																				"Number_of_requistions__"
																			],
																			"options": {
																				"version": 2,
																				"textSize": "S",
																				"textAlignment": "right",
																				"textStyle": "default",
																				"textColor": "default",
																				"integer": true,
																				"label": "Number of requistions",
																				"precision_internal": 0,
																				"precision_current": 0,
																				"activable": true,
																				"width": 230
																			},
																			"stamp": 17
																		},
																		"LabelNumber_of_orders__": {
																			"type": "Label",
																			"data": [
																				"Number_of_orders__"
																			],
																			"options": {
																				"label": "Number of orders",
																				"version": 0
																			},
																			"stamp": 18
																		},
																		"Number_of_orders__": {
																			"type": "Integer",
																			"data": [
																				"Number_of_orders__"
																			],
																			"options": {
																				"version": 2,
																				"textSize": "S",
																				"textAlignment": "right",
																				"textStyle": "default",
																				"textColor": "default",
																				"integer": true,
																				"label": "Number of orders",
																				"precision_internal": 0,
																				"precision_current": 0,
																				"activable": true,
																				"width": 230
																			},
																			"stamp": 19
																		},
																		"LabelNet_amount__": {
																			"type": "Label",
																			"data": [
																				"Net_amount__"
																			],
																			"options": {
																				"label": "Net amount",
																				"version": 0
																			},
																			"stamp": 20
																		},
																		"Net_amount__": {
																			"type": "Integer",
																			"data": [
																				"Net_amount__"
																			],
																			"options": {
																				"version": 2,
																				"textSize": "S",
																				"textAlignment": "right",
																				"textStyle": "default",
																				"textColor": "default",
																				"integer": true,
																				"label": "Net amount",
																				"precision_internal": 0,
																				"precision_current": 0,
																				"activable": true,
																				"width": 230
																			},
																			"stamp": 21
																		},
																		"LabelNumber_of_lines_per_order__": {
																			"type": "Label",
																			"data": [
																				"Number_of_lines_per_order__"
																			],
																			"options": {
																				"label": "Number of lines per order",
																				"version": 0
																			},
																			"stamp": 22
																		},
																		"Number_of_lines_per_order__": {
																			"type": "Decimal",
																			"data": [
																				"Number_of_lines_per_order__"
																			],
																			"options": {
																				"version": 2,
																				"textSize": "S",
																				"textAlignment": "right",
																				"textStyle": "default",
																				"textColor": "default",
																				"integer": false,
																				"label": "Number of lines per order",
																				"precision_internal": 2,
																				"precision_current": 2,
																				"activable": true,
																				"width": 230
																			},
																			"stamp": 23
																		},
																		"LabelRequest_to_order__": {
																			"type": "Label",
																			"data": [
																				"Request_to_order__"
																			],
																			"options": {
																				"label": "Request to order",
																				"version": 0
																			},
																			"stamp": 24
																		},
																		"Request_to_order__": {
																			"type": "Decimal",
																			"data": [
																				"Request_to_order__"
																			],
																			"options": {
																				"version": 2,
																				"textSize": "S",
																				"textAlignment": "right",
																				"textStyle": "default",
																				"textColor": "default",
																				"integer": false,
																				"label": "Request to order",
																				"precision_internal": 2,
																				"precision_current": 2,
																				"activable": true,
																				"width": 230
																			},
																			"stamp": 25
																		},
																		"LabelPercentage_of_PO_revised__": {
																			"type": "Label",
																			"data": [
																				"Percentage_of_PO_revised__"
																			],
																			"options": {
																				"label": "Percentage of PO revised"
																			},
																			"stamp": 28
																		},
																		"Percentage_of_PO_revised__": {
																			"type": "Decimal",
																			"data": [
																				"Percentage_of_PO_revised__"
																			],
																			"options": {
																				"version": 2,
																				"textSize": "S",
																				"textAlignment": "right",
																				"textStyle": "default",
																				"textColor": "default",
																				"integer": false,
																				"label": "Percentage of PO revised",
																				"precision_internal": 2,
																				"precision_current": 2,
																				"activable": true,
																				"width": 230
																			},
																			"stamp": 29
																		}
																	},
																	"stamp": 8
																}
															},
															"stamp": 7,
															"data": []
														}
													},
													"stamp": 6,
													"data": []
												}
											}
										}
									},
									"stamp": 5,
									"data": []
								}
							},
							"stamp": 4,
							"data": []
						}
					},
					"stamp": 3,
					"data": []
				},
				"form-footer": {
					"type": "FlexibleFormFooter",
					"options": {
						"splitterType": "simple-h",
						"version": 0
					},
					"*": {
						"Save": {
							"type": "SubmitButton",
							"options": {
								"label": "_Save",
								"action": "savequit",
								"submit": true,
								"version": 0,
								"shortCut": "S"
							},
							"stamp": 11,
							"data": []
						},
						"Close": {
							"type": "SubmitButton",
							"options": {
								"label": "_Close",
								"action": "cancel",
								"submit": true,
								"version": 0,
								"shortCut": "Q"
							},
							"stamp": 12,
							"data": []
						},
						"Delete": {
							"type": "SubmitButton",
							"options": {
								"label": "_Delete",
								"action": "delete",
								"submit": true,
								"version": 0,
								"disabled": true
							},
							"stamp": 13,
							"data": []
						}
					},
					"stamp": 10,
					"data": []
				}
			},
			"stamp": 1,
			"data": []
		}
	},
	"stamps": 29,
	"data": []
}</layout>
    </ui>
  </properties>
  <field deleted="0" format="" guid="Y2C4FP000PA9" id="K84652000SG7" label="id" length="50" name="id__" originalProcessID="X2C4FP000PA9" precision="0" processid="J84652000SG7" submitable="1" type="STR">
    <properties>
      <db>
        <alias>AK84652000SG7</alias>
        <noxml>1</noxml>
        <fullname>/job/processfields/id__</fullname>
        <defaultvalue>
        </defaultvalue>
        <RecordLastWrite>2022-10-25 17:19:17</RecordLastWrite>
      </db>
      <extrainfo>
        <Label>id</Label>
        <Alias>AK84652000SG7</Alias>
        <ProcessFieldVersion vartype="INT">1</ProcessFieldVersion>
      </extrainfo>
      <gdr>
        <VarType>Area</VarType>
        <DisableAutolearn>1</DisableAutolearn>
      </gdr>
      <ui>
        <_type>String</_type>
        <automatic>true</automatic>
      </ui>
    </properties>
  </field>
  <field deleted="0" format="" guid="C3C4FP000PA9" id="L84652000SG7" label="Net amount" length="0" name="Net_amount__" originalProcessID="X2C4FP000PA9" precision="0" processid="J84652000SG7" submitable="1" type="INT">
    <properties>
      <db>
        <alias>AL84652000SG7</alias>
        <noxml>1</noxml>
        <fullname>/job/processfields/Net_amount__</fullname>
        <defaultvalue>
        </defaultvalue>
        <RecordLastWrite>2022-10-25 17:19:17</RecordLastWrite>
      </db>
      <extrainfo>
        <Label>Net amount</Label>
        <Alias>AL84652000SG7</Alias>
        <ProcessFieldVersion vartype="INT">1</ProcessFieldVersion>
      </extrainfo>
      <gdr>
        <VarType>Area</VarType>
        <DisableAutolearn>1</DisableAutolearn>
      </gdr>
      <ui>
        <_type>Number</_type>
        <automatic>true</automatic>
      </ui>
    </properties>
  </field>
  <field deleted="0" format="" guid="D3C4FP000PA9" id="M84652000SG7" label="Number of lines per order" length="17" name="Number_of_lines_per_order__" originalProcessID="X2C4FP000PA9" precision="2" processid="J84652000SG7" submitable="1" type="DECIMAL">
    <properties>
      <db>
        <alias>AM84652000SG7</alias>
        <noxml>1</noxml>
        <fullname>/job/processfields/Number_of_lines_per_order__</fullname>
        <defaultvalue>
        </defaultvalue>
        <RecordLastWrite>2022-10-25 17:19:17</RecordLastWrite>
      </db>
      <extrainfo>
        <Label>Number of lines per order</Label>
        <Alias>AM84652000SG7</Alias>
        <DecimalPrecision vartype="INT">2</DecimalPrecision>
        <ProcessFieldVersion vartype="INT">1</ProcessFieldVersion>
      </extrainfo>
      <gdr>
        <VarType>Area</VarType>
        <DisableAutolearn>1</DisableAutolearn>
      </gdr>
      <ui>
        <_type>Number</_type>
        <automatic>true</automatic>
      </ui>
    </properties>
  </field>
  <field deleted="0" format="" guid="A3C4FP000PA9" id="N84652000SG7" label="Number of orders" length="0" name="Number_of_orders__" originalProcessID="X2C4FP000PA9" precision="0" processid="J84652000SG7" submitable="1" type="INT">
    <properties>
      <db>
        <alias>AN84652000SG7</alias>
        <noxml>1</noxml>
        <fullname>/job/processfields/Number_of_orders__</fullname>
        <defaultvalue>
        </defaultvalue>
        <RecordLastWrite>2022-10-25 17:19:17</RecordLastWrite>
      </db>
      <extrainfo>
        <Label>Number of orders</Label>
        <Alias>AN84652000SG7</Alias>
        <ProcessFieldVersion vartype="INT">1</ProcessFieldVersion>
      </extrainfo>
      <gdr>
        <VarType>Area</VarType>
        <DisableAutolearn>1</DisableAutolearn>
      </gdr>
      <ui>
        <_type>Number</_type>
        <automatic>true</automatic>
      </ui>
    </properties>
  </field>
  <field deleted="0" format="" guid="Z2C4FP000PA9" id="O84652000SG7" label="Number of requistions" length="0" name="Number_of_requistions__" originalProcessID="X2C4FP000PA9" precision="0" processid="J84652000SG7" submitable="1" type="INT">
    <properties>
      <db>
        <alias>AO84652000SG7</alias>
        <noxml>1</noxml>
        <fullname>/job/processfields/Number_of_requistions__</fullname>
        <defaultvalue>
        </defaultvalue>
        <RecordLastWrite>2022-10-25 17:19:17</RecordLastWrite>
      </db>
      <extrainfo>
        <Label>Number of requistions</Label>
        <Alias>AO84652000SG7</Alias>
        <ProcessFieldVersion vartype="INT">1</ProcessFieldVersion>
      </extrainfo>
      <gdr>
        <VarType>Area</VarType>
        <DisableAutolearn>1</DisableAutolearn>
      </gdr>
      <ui>
        <_type>Number</_type>
        <automatic>true</automatic>
      </ui>
    </properties>
  </field>
  <field deleted="0" format="" guid="G3C4FP000PA9" id="P84652000SG7" label="Percentage of PO revised" length="17" name="Percentage_of_PO_revised__" originalProcessID="X2C4FP000PA9" precision="2" processid="J84652000SG7" submitable="1" type="DECIMAL">
    <properties>
      <db>
        <alias>AP84652000SG7</alias>
        <noxml>1</noxml>
        <fullname>/job/processfields/Percentage_of_PO_revised__</fullname>
        <defaultvalue>
        </defaultvalue>
        <RecordLastWrite>2022-10-25 17:19:17</RecordLastWrite>
      </db>
      <extrainfo>
        <Label>Percentage of PO revised</Label>
        <Alias>AP84652000SG7</Alias>
        <DecimalPrecision vartype="INT">2</DecimalPrecision>
        <ProcessFieldVersion vartype="INT">1</ProcessFieldVersion>
      </extrainfo>
      <gdr>
        <VarType>Area</VarType>
        <DisableAutolearn>1</DisableAutolearn>
      </gdr>
      <ui>
        <_type>Number</_type>
        <automatic>true</automatic>
      </ui>
    </properties>
  </field>
  <field deleted="0" format="" guid="E3C4FP000PA9" id="Q84652000SG7" label="Request to order" length="17" name="Request_to_order__" originalProcessID="X2C4FP000PA9" precision="2" processid="J84652000SG7" submitable="1" type="DECIMAL">
    <properties>
      <db>
        <alias>AQ84652000SG7</alias>
        <noxml>1</noxml>
        <fullname>/job/processfields/Request_to_order__</fullname>
        <defaultvalue>
        </defaultvalue>
        <RecordLastWrite>2022-10-25 17:19:18</RecordLastWrite>
      </db>
      <extrainfo>
        <Label>Request to order</Label>
        <Alias>AQ84652000SG7</Alias>
        <DecimalPrecision vartype="INT">2</DecimalPrecision>
        <ProcessFieldVersion vartype="INT">1</ProcessFieldVersion>
      </extrainfo>
      <gdr>
        <VarType>Area</VarType>
        <DisableAutolearn>1</DisableAutolearn>
      </gdr>
      <ui>
        <_type>Number</_type>
        <automatic>true</automatic>
      </ui>
    </properties>
  </field>
  <type id="JLLP13130F1" name="CT">
  </type>
</process>